timestamp,type,key,latency_ms,version,stale_read,db_type,write_pct
2026-04-03T20:52:46.566164-07:00,read,key-3,67.800,0,false,leader-w1r5,10
2026-04-03T20:52:46.566107-07:00,read,key-5,67.870,2,false,leader-w1r5,10
2026-04-03T20:52:46.566252-07:00,read,key-9,67.726,2,false,leader-w1r5,10
2026-04-03T20:52:46.566348-07:00,read,key-4,67.635,3,false,leader-w1r5,10
2026-04-03T20:52:46.566378-07:00,read,key-4,67.601,3,false,leader-w1r5,10
2026-04-03T20:52:46.566369-07:00,read,key-9,67.651,2,false,leader-w1r5,10
2026-04-03T20:52:46.566346-07:00,read,key-2,67.695,1,false,leader-w1r5,10
2026-04-03T20:52:46.566359-07:00,read,key-9,67.707,2,false,leader-w1r5,10
2026-04-03T20:52:46.566341-07:00,read,key-6,67.735,4,false,leader-w1r5,10
2026-04-03T20:52:46.566269-07:00,read,key-1,67.817,0,false,leader-w1r5,10
2026-04-03T20:52:46.566098-07:00,read,key-9,67.994,2,false,leader-w1r5,10
2026-04-03T20:52:46.566466-07:00,read,key-6,67.631,4,false,leader-w1r5,10
2026-04-03T20:52:46.566168-07:00,read,key-0,67.943,5,false,leader-w1r5,10
2026-04-03T20:52:46.566316-07:00,read,key-2,67.811,1,false,leader-w1r5,10
2026-04-03T20:52:46.566303-07:00,read,key-4,67.835,3,false,leader-w1r5,10
2026-04-03T20:52:46.566346-07:00,read,key-1,67.797,0,false,leader-w1r5,10
2026-04-03T20:52:46.566136-07:00,read,key-7,68.009,3,false,leader-w1r5,10
2026-04-03T20:52:46.566215-07:00,read,key-1,67.939,0,false,leader-w1r5,10
2026-04-03T20:52:46.566279-07:00,read,key-5,67.881,2,false,leader-w1r5,10
2026-04-03T20:52:46.566243-07:00,read,key-8,67.952,2,false,leader-w1r5,10
2026-04-03T20:52:46.633979-07:00,read,key-2,58.965,1,false,leader-w1r5,10
2026-04-03T20:52:46.634068-07:00,read,key-0,59.030,5,false,leader-w1r5,10
2026-04-03T20:52:46.634145-07:00,read,key-0,58.980,5,false,leader-w1r5,10
2026-04-03T20:52:46.633971-07:00,read,key-3,59.164,0,false,leader-w1r5,10
2026-04-03T20:52:46.633985-07:00,read,key-2,59.154,1,false,leader-w1r5,10
2026-04-03T20:52:46.634144-07:00,read,key-0,59.020,5,false,leader-w1r5,10
2026-04-03T20:52:46.634097-07:00,read,key-4,59.069,3,false,leader-w1r5,10
2026-04-03T20:52:46.634021-07:00,read,key-5,59.176,2,false,leader-w1r5,10
2026-04-03T20:52:46.633991-07:00,read,key-8,59.514,2,false,leader-w1r5,10
2026-04-03T20:52:46.634161-07:00,read,key-5,59.405,2,false,leader-w1r5,10
2026-04-03T20:52:46.634087-07:00,read,key-0,59.482,5,false,leader-w1r5,10
2026-04-03T20:52:46.634042-07:00,read,key-7,59.529,3,false,leader-w1r5,10
2026-04-03T20:52:46.634112-07:00,read,key-5,59.553,2,false,leader-w1r5,10
2026-04-03T20:52:46.634157-07:00,read,key-8,59.508,2,false,leader-w1r5,10
2026-04-03T20:52:46.63414-07:00,read,key-4,59.546,3,false,leader-w1r5,10
2026-04-03T20:52:46.634081-07:00,read,key-8,59.609,2,false,leader-w1r5,10
2026-04-03T20:52:46.634129-07:00,read,key-8,59.566,2,false,leader-w1r5,10
2026-04-03T20:52:46.634093-07:00,read,key-3,59.603,0,false,leader-w1r5,10
2026-04-03T20:52:46.634196-07:00,read,key-8,59.512,2,false,leader-w1r5,10
2026-04-03T20:52:46.633981-07:00,read,key-0,59.757,5,false,leader-w1r5,10
2026-04-03T20:52:46.693665-07:00,write,key-6,0.879,5,false,leader-w1r5,10
2026-04-03T20:52:46.693666-07:00,read,key-6,58.138,5,false,leader-w1r5,10
2026-04-03T20:52:46.694548-07:00,read,key-9,57.330,2,false,leader-w1r5,10
2026-04-03T20:52:46.693691-07:00,read,key-5,58.194,2,false,leader-w1r5,10
2026-04-03T20:52:46.693165-07:00,read,key-9,58.731,2,false,leader-w1r5,10
2026-04-03T20:52:46.693168-07:00,read,key-1,58.734,0,false,leader-w1r5,10
2026-04-03T20:52:46.692946-07:00,read,key-2,58.989,1,false,leader-w1r5,10
2026-04-03T20:52:46.693697-07:00,read,key-8,58.261,2,false,leader-w1r5,10
2026-04-03T20:52:46.693686-07:00,read,key-7,58.288,3,false,leader-w1r5,10
2026-04-03T20:52:46.693572-07:00,read,key-9,58.411,2,false,leader-w1r5,10
2026-04-03T20:52:46.69357-07:00,read,key-3,58.422,0,false,leader-w1r5,10
2026-04-03T20:52:46.693742-07:00,read,key-4,58.256,3,false,leader-w1r5,10
2026-04-03T20:52:46.693099-07:00,read,key-7,58.899,3,false,leader-w1r5,10
2026-04-03T20:52:46.693567-07:00,read,key-8,58.457,2,false,leader-w1r5,10
2026-04-03T20:52:46.693135-07:00,read,key-6,58.906,5,false,leader-w1r5,10
2026-04-03T20:52:46.693698-07:00,read,key-7,58.364,3,false,leader-w1r5,10
2026-04-03T20:52:46.693127-07:00,read,key-5,58.977,2,false,leader-w1r5,10
2026-04-03T20:52:46.693709-07:00,read,key-5,58.402,2,false,leader-w1r5,10
2026-04-03T20:52:46.693197-07:00,read,key-9,58.940,2,false,leader-w1r5,10
2026-04-03T20:52:46.69314-07:00,read,key-1,59.008,0,false,leader-w1r5,10
2026-04-03T20:52:46.693507-07:00,read,key-6,59.139,5,false,leader-w1r5,10
2026-04-03T20:52:46.752105-07:00,write,key-9,5.049,3,false,leader-w1r5,10
2026-04-03T20:52:46.752003-07:00,read,key-3,58.657,0,false,leader-w1r5,10
2026-04-03T20:52:46.752026-07:00,read,key-3,58.638,0,false,leader-w1r5,10
2026-04-03T20:52:46.751985-07:00,read,key-2,58.960,1,false,leader-w1r5,10
2026-04-03T20:52:46.752114-07:00,read,key-6,58.960,5,false,leader-w1r5,10
2026-04-03T20:52:46.751899-07:00,read,key-9,59.226,2,true,leader-w1r5,10
2026-04-03T20:52:46.75196-07:00,read,key-9,59.381,3,false,leader-w1r5,10
2026-04-03T20:52:46.751889-07:00,read,key-4,59.515,3,false,leader-w1r5,10
2026-04-03T20:52:46.751903-07:00,read,key-3,59.603,0,false,leader-w1r5,10
2026-04-03T20:52:46.757156-07:00,read,key-0,54.414,5,false,leader-w1r5,10
2026-04-03T20:52:46.752064-07:00,read,key-4,59.552,3,false,leader-w1r5,10
2026-04-03T20:52:46.751993-07:00,read,key-4,59.651,3,false,leader-w1r5,10
2026-04-03T20:52:46.751937-07:00,read,key-1,59.744,0,false,leader-w1r5,10
2026-04-03T20:52:46.752042-07:00,read,key-0,59.643,5,false,leader-w1r5,10
2026-04-03T20:52:46.752646-07:00,read,key-7,59.080,3,false,leader-w1r5,10
2026-04-03T20:52:46.752149-07:00,read,key-3,59.604,0,false,leader-w1r5,10
2026-04-03T20:52:46.751808-07:00,read,key-0,59.968,5,false,leader-w1r5,10
2026-04-03T20:52:46.752139-07:00,read,key-1,59.675,0,false,leader-w1r5,10
2026-04-03T20:52:46.751975-07:00,read,key-9,59.856,2,true,leader-w1r5,10
2026-04-03T20:52:46.752-07:00,read,key-5,59.872,2,false,leader-w1r5,10
2026-04-03T20:52:46.811343-07:00,write,key-3,0.565,1,false,leader-w1r5,10
2026-04-03T20:52:46.75188-07:00,read,key-6,60.061,5,false,leader-w1r5,10
2026-04-03T20:52:46.811686-07:00,write,key-5,1.072,3,false,leader-w1r5,10
2026-04-03T20:52:46.811646-07:00,read,key-1,56.228,0,false,leader-w1r5,10
2026-04-03T20:52:46.811728-07:00,read,key-6,56.191,5,false,leader-w1r5,10
2026-04-03T20:52:46.810666-07:00,read,key-5,57.352,3,false,leader-w1r5,10
2026-04-03T20:52:46.811406-07:00,read,key-4,56.677,3,false,leader-w1r5,10
2026-04-03T20:52:46.810665-07:00,read,key-1,57.447,0,false,leader-w1r5,10
2026-04-03T20:52:46.811076-07:00,read,key-6,57.081,5,false,leader-w1r5,10
2026-04-03T20:52:46.811618-07:00,read,key-6,56.581,5,false,leader-w1r5,10
2026-04-03T20:52:46.811943-07:00,read,key-4,56.287,3,false,leader-w1r5,10
2026-04-03T20:52:46.811825-07:00,read,key-3,56.484,1,false,leader-w1r5,10
2026-04-03T20:52:46.811754-07:00,read,key-8,56.604,2,false,leader-w1r5,10
2026-04-03T20:52:46.811778-07:00,read,key-9,56.636,3,false,leader-w1r5,10
2026-04-03T20:52:46.811127-07:00,read,key-3,57.294,1,false,leader-w1r5,10
2026-04-03T20:52:46.81191-07:00,read,key-1,56.568,0,false,leader-w1r5,10
2026-04-03T20:52:46.811572-07:00,read,key-2,56.912,1,false,leader-w1r5,10
2026-04-03T20:52:46.811832-07:00,read,key-4,56.872,3,false,leader-w1r5,10
2026-04-03T20:52:46.811683-07:00,read,key-7,57.092,3,false,leader-w1r5,10
2026-04-03T20:52:46.810947-07:00,read,key-7,57.903,3,false,leader-w1r5,10
2026-04-03T20:52:46.812759-07:00,read,key-1,56.161,0,false,leader-w1r5,10
2026-04-03T20:52:46.811508-07:00,read,key-2,57.454,1,false,leader-w1r5,10
2026-04-03T20:52:46.811873-07:00,read,key-4,57.155,3,false,leader-w1r5,10
2026-04-03T20:52:46.868422-07:00,write,key-8,2.948,3,false,leader-w1r5,10
2026-04-03T20:52:46.868922-07:00,write,key-3,4.338,2,false,leader-w1r5,10
2026-04-03T20:52:46.867877-07:00,read,key-5,58.146,3,false,leader-w1r5,10
2026-04-03T20:52:46.86831-07:00,read,key-2,58.186,1,false,leader-w1r5,10
2026-04-03T20:52:46.871372-07:00,read,key-8,55.154,3,false,leader-w1r5,10
2026-04-03T20:52:46.868852-07:00,read,key-1,57.757,0,false,leader-w1r5,10
2026-04-03T20:52:46.8682-07:00,read,key-0,58.459,5,false,leader-w1r5,10
2026-04-03T20:52:46.868085-07:00,read,key-5,58.671,3,false,leader-w1r5,10
2026-04-03T20:52:46.868706-07:00,read,key-2,58.091,1,false,leader-w1r5,10
2026-04-03T20:52:46.868113-07:00,read,key-6,58.768,5,false,leader-w1r5,10
2026-04-03T20:52:46.868776-07:00,read,key-6,58.236,5,false,leader-w1r5,10
2026-04-03T20:52:46.868359-07:00,read,key-3,58.685,2,false,leader-w1r5,10
2026-04-03T20:52:46.868415-07:00,read,key-4,58.942,3,false,leader-w1r5,10
2026-04-03T20:52:46.868486-07:00,read,key-4,58.918,3,false,leader-w1r5,10
2026-04-03T20:52:46.868232-07:00,read,key-3,59.197,2,false,leader-w1r5,10
2026-04-03T20:52:46.868479-07:00,read,key-1,58.992,0,false,leader-w1r5,10
2026-04-03T20:52:46.86802-07:00,read,key-5,59.485,3,false,leader-w1r5,10
2026-04-03T20:52:46.867921-07:00,read,key-0,59.601,5,false,leader-w1r5,10
2026-04-03T20:52:46.873262-07:00,read,key-1,54.286,0,false,leader-w1r5,10
2026-04-03T20:52:46.868158-07:00,read,key-7,59.427,3,false,leader-w1r5,10
2026-04-03T20:52:46.869029-07:00,read,key-6,58.569,5,false,leader-w1r5,10
2026-04-03T20:52:46.868963-07:00,read,key-5,58.673,3,false,leader-w1r5,10
2026-04-03T20:52:46.92661-07:00,write,key-7,1.651,4,false,leader-w1r5,10
2026-04-03T20:52:46.926661-07:00,write,key-9,1.694,4,false,leader-w1r5,10
2026-04-03T20:52:46.927359-07:00,write,key-8,2.691,4,false,leader-w1r5,10
2026-04-03T20:52:46.928356-07:00,write,key-5,4.920,4,false,leader-w1r5,10
2026-04-03T20:52:46.927637-07:00,write,key-4,5.771,4,false,leader-w1r5,10
2026-04-03T20:52:46.92603-07:00,read,key-9,53.221,4,false,leader-w1r5,10
2026-04-03T20:52:46.927046-07:00,read,key-0,52.244,5,false,leader-w1r5,10
2026-04-03T20:52:46.926497-07:00,read,key-6,52.923,5,false,leader-w1r5,10
2026-04-03T20:52:46.927507-07:00,read,key-9,51.989,4,false,leader-w1r5,10
2026-04-03T20:52:46.926798-07:00,read,key-0,52.746,5,false,leader-w1r5,10
2026-04-03T20:52:46.927013-07:00,read,key-3,52.540,2,false,leader-w1r5,10
2026-04-03T20:52:46.926757-07:00,read,key-0,52.848,5,false,leader-w1r5,10
2026-04-03T20:52:46.927472-07:00,read,key-6,52.145,5,false,leader-w1r5,10
2026-04-03T20:52:46.927586-07:00,read,key-0,53.668,5,false,leader-w1r5,10
2026-04-03T20:52:46.926529-07:00,read,key-1,54.730,0,false,leader-w1r5,10
2026-04-03T20:52:46.926884-07:00,read,key-6,54.418,5,false,leader-w1r5,10
2026-04-03T20:52:46.92743-07:00,read,key-9,53.913,4,false,leader-w1r5,10
2026-04-03T20:52:46.981261-07:00,write,key-9,2.036,5,false,leader-w1r5,10
2026-04-03T20:52:46.927525-07:00,read,key-7,56.607,4,false,leader-w1r5,10
2026-04-03T20:52:46.927601-07:00,read,key-3,58.744,2,false,leader-w1r5,10
2026-04-03T20:52:46.927405-07:00,read,key-3,58.998,2,false,leader-w1r5,10
2026-04-03T20:52:46.928264-07:00,read,key-2,58.218,1,false,leader-w1r5,10
2026-04-03T20:52:46.930053-07:00,read,key-4,56.483,4,false,leader-w1r5,10
2026-04-03T20:52:46.933278-07:00,read,key-6,53.302,5,false,leader-w1r5,10
2026-04-03T20:52:46.92755-07:00,read,key-2,59.033,1,false,leader-w1r5,10
2026-04-03T20:52:46.933409-07:00,read,key-7,53.796,5,false,leader-w1r5,10
2026-04-03T20:52:46.986581-07:00,write,key-8,0.670,5,false,leader-w1r5,10
2026-04-03T20:52:46.986406-07:00,write,key-7,0.908,5,false,leader-w1r5,10
2026-04-03T20:52:46.987315-07:00,write,key-8,0.411,6,false,leader-w1r5,10
2026-04-03T20:52:46.979607-07:00,read,key-6,55.083,5,false,leader-w1r5,10
2026-04-03T20:52:46.979619-07:00,read,key-8,55.314,6,false,leader-w1r5,10
2026-04-03T20:52:46.979292-07:00,read,key-5,56.004,4,false,leader-w1r5,10
2026-04-03T20:52:46.979555-07:00,read,key-9,56.249,4,true,leader-w1r5,10
2026-04-03T20:52:46.981305-07:00,read,key-7,54.528,5,false,leader-w1r5,10
2026-04-03T20:52:46.979423-07:00,read,key-9,56.491,4,true,leader-w1r5,10
2026-04-03T20:52:46.979547-07:00,read,key-1,56.515,0,false,leader-w1r5,10
2026-04-03T20:52:46.979255-07:00,read,key-8,56.836,6,false,leader-w1r5,10
2026-04-03T20:52:46.981345-07:00,read,key-8,54.793,6,false,leader-w1r5,10
2026-04-03T20:52:46.979498-07:00,read,key-2,56.704,1,false,leader-w1r5,10
2026-04-03T20:52:46.981257-07:00,read,key-6,55.008,5,false,leader-w1r5,10
2026-04-03T20:52:46.984134-07:00,read,key-4,52.216,4,false,leader-w1r5,10
2026-04-03T20:52:46.9833-07:00,read,key-7,53.127,5,false,leader-w1r5,10
2026-04-03T20:52:46.986586-07:00,read,key-2,53.015,1,false,leader-w1r5,10
2026-04-03T20:52:46.987206-07:00,read,key-1,52.564,0,false,leader-w1r5,10
2026-04-03T20:52:46.986485-07:00,read,key-2,53.395,1,false,leader-w1r5,10
2026-04-03T20:52:47.036267-07:00,write,key-8,3.686,7,false,leader-w1r5,10
2026-04-03T20:52:46.986347-07:00,read,key-6,53.693,5,false,leader-w1r5,10
2026-04-03T20:52:46.987727-07:00,read,key-1,52.330,0,false,leader-w1r5,10
2026-04-03T20:52:46.987253-07:00,read,key-7,54.303,5,false,leader-w1r5,10
2026-04-03T20:52:46.986538-07:00,read,key-2,55.423,1,false,leader-w1r5,10
2026-04-03T20:52:47.040041-07:00,write,key-2,2.286,2,false,leader-w1r5,10
2026-04-03T20:52:47.041963-07:00,write,key-3,0.905,3,false,leader-w1r5,10
2026-04-03T20:52:47.035313-07:00,read,key-0,56.930,5,false,leader-w1r5,10
2026-04-03T20:52:47.039881-07:00,read,key-4,52.362,4,false,leader-w1r5,10
2026-04-03T20:52:47.035915-07:00,read,key-6,56.420,5,false,leader-w1r5,10
2026-04-03T20:52:47.040059-07:00,read,key-1,52.285,0,false,leader-w1r5,10
2026-04-03T20:52:47.039955-07:00,read,key-9,52.448,5,false,leader-w1r5,10
2026-04-03T20:52:47.036063-07:00,read,key-4,56.365,4,false,leader-w1r5,10
2026-04-03T20:52:47.036203-07:00,read,key-5,56.308,4,false,leader-w1r5,10
2026-04-03T20:52:47.034936-07:00,read,key-5,57.702,4,false,leader-w1r5,10
2026-04-03T20:52:47.036139-07:00,read,key-1,56.573,0,false,leader-w1r5,10
2026-04-03T20:52:47.036093-07:00,read,key-0,56.629,5,false,leader-w1r5,10
2026-04-03T20:52:47.039604-07:00,read,key-5,53.165,4,false,leader-w1r5,10
2026-04-03T20:52:47.036427-07:00,read,key-8,56.349,7,false,leader-w1r5,10
2026-04-03T20:52:47.035806-07:00,read,key-1,56.991,0,false,leader-w1r5,10
2026-04-03T20:52:47.035835-07:00,read,key-8,56.984,6,true,leader-w1r5,10
2026-04-03T20:52:47.039772-07:00,read,key-1,53.064,0,false,leader-w1r5,10
2026-04-03T20:52:47.036352-07:00,read,key-1,56.520,0,false,leader-w1r5,10
2026-04-03T20:52:47.034701-07:00,read,key-0,58.187,5,false,leader-w1r5,10
2026-04-03T20:52:47.092724-07:00,write,key-9,1.257,6,false,leader-w1r5,10
2026-04-03T20:52:47.09282-07:00,write,key-7,1.242,6,false,leader-w1r5,10
2026-04-03T20:52:47.092771-07:00,write,key-3,1.340,4,false,leader-w1r5,10
2026-04-03T20:52:47.041558-07:00,read,key-2,52.609,2,false,leader-w1r5,10
2026-04-03T20:52:47.042874-07:00,read,key-0,51.368,5,false,leader-w1r5,10
2026-04-03T20:52:47.04233-07:00,read,key-1,53.198,0,false,leader-w1r5,10
2026-04-03T20:52:47.094063-07:00,write,key-3,1.569,5,false,leader-w1r5,10
2026-04-03T20:52:47.092247-07:00,read,key-4,55.404,4,false,leader-w1r5,10
2026-04-03T20:52:47.093984-07:00,read,key-1,53.769,0,false,leader-w1r5,10
2026-04-03T20:52:47.092246-07:00,read,key-6,55.561,5,false,leader-w1r5,10
2026-04-03T20:52:47.092873-07:00,read,key-9,55.010,6,false,leader-w1r5,10
2026-04-03T20:52:47.092337-07:00,read,key-9,55.581,5,true,leader-w1r5,10
2026-04-03T20:52:47.092837-07:00,read,key-1,55.137,0,false,leader-w1r5,10
2026-04-03T20:52:47.092404-07:00,read,key-8,55.601,7,false,leader-w1r5,10
2026-04-03T20:52:47.092346-07:00,read,key-1,55.675,0,false,leader-w1r5,10
2026-04-03T20:52:47.094169-07:00,read,key-2,53.887,2,false,leader-w1r5,10
2026-04-03T20:52:47.09243-07:00,read,key-6,55.642,5,false,leader-w1r5,10
2026-04-03T20:52:47.092713-07:00,read,key-9,55.399,6,false,leader-w1r5,10
2026-04-03T20:52:47.092799-07:00,read,key-6,55.324,5,false,leader-w1r5,10
2026-04-03T20:52:47.092513-07:00,read,key-7,55.669,5,true,leader-w1r5,10
2026-04-03T20:52:47.09264-07:00,read,key-7,60.310,6,false,leader-w1r5,10
2026-04-03T20:52:47.094243-07:00,read,key-3,58.799,5,false,leader-w1r5,10
2026-04-03T20:52:47.092893-07:00,read,key-2,60.379,2,false,leader-w1r5,10
2026-04-03T20:52:47.094113-07:00,read,key-6,59.230,5,false,leader-w1r5,10
2026-04-03T20:52:47.092778-07:00,read,key-4,60.688,4,false,leader-w1r5,10
2026-04-03T20:52:47.095635-07:00,read,key-2,57.858,2,false,leader-w1r5,10
2026-04-03T20:52:47.09553-07:00,read,key-0,57.979,5,false,leader-w1r5,10
2026-04-03T20:52:47.153495-07:00,write,key-1,0.595,1,false,leader-w1r5,10
2026-04-03T20:52:47.154092-07:00,write,key-6,0.373,6,false,leader-w1r5,10
2026-04-03T20:52:47.147976-07:00,read,key-7,60.534,6,false,leader-w1r5,10
2026-04-03T20:52:47.14781-07:00,read,key-5,60.950,4,false,leader-w1r5,10
2026-04-03T20:52:47.148113-07:00,read,key-5,61.455,4,false,leader-w1r5,10
2026-04-03T20:52:47.208763-07:00,write,key-8,1.081,8,false,leader-w1r5,10
2026-04-03T20:52:47.147919-07:00,read,key-9,62.466,6,false,leader-w1r5,10
2026-04-03T20:52:47.153044-07:00,read,key-8,57.418,7,true,leader-w1r5,10
2026-04-03T20:52:47.148022-07:00,read,key-2,62.499,2,false,leader-w1r5,10
2026-04-03T20:52:47.15351-07:00,read,key-0,57.075,5,false,leader-w1r5,10
2026-04-03T20:52:47.148124-07:00,read,key-6,62.529,6,false,leader-w1r5,10
2026-04-03T20:52:47.154466-07:00,read,key-8,56.200,7,true,leader-w1r5,10
2026-04-03T20:52:47.148006-07:00,read,key-1,62.708,1,false,leader-w1r5,10
2026-04-03T20:52:47.153273-07:00,read,key-2,57.477,2,false,leader-w1r5,10
2026-04-03T20:52:47.148057-07:00,read,key-6,62.742,6,false,leader-w1r5,10
2026-04-03T20:52:47.153344-07:00,read,key-4,57.482,4,false,leader-w1r5,10
2026-04-03T20:52:47.153468-07:00,read,key-2,57.380,2,false,leader-w1r5,10
2026-04-03T20:52:47.148074-07:00,read,key-9,62.788,6,false,leader-w1r5,10
2026-04-03T20:52:47.152952-07:00,read,key-3,57.942,5,false,leader-w1r5,10
2026-04-03T20:52:47.147754-07:00,read,key-9,63.151,6,false,leader-w1r5,10
2026-04-03T20:52:47.148182-07:00,read,key-6,62.757,6,false,leader-w1r5,10
2026-04-03T20:52:47.147654-07:00,read,key-0,63.351,5,false,leader-w1r5,10
2026-04-03T20:52:47.147884-07:00,read,key-9,63.122,6,false,leader-w1r5,10
2026-04-03T20:52:47.211008-07:00,write,key-5,2.901,5,false,leader-w1r5,10
2026-04-03T20:52:47.210752-07:00,write,key-6,3.203,7,false,leader-w1r5,10
2026-04-03T20:52:47.210587-07:00,read,key-6,54.938,7,false,leader-w1r5,10
2026-04-03T20:52:47.210464-07:00,read,key-4,55.085,4,false,leader-w1r5,10
2026-04-03T20:52:47.210849-07:00,read,key-1,54.805,1,false,leader-w1r5,10
2026-04-03T20:52:47.20957-07:00,read,key-6,56.086,7,false,leader-w1r5,10
2026-04-03T20:52:47.210941-07:00,read,key-3,54.955,5,false,leader-w1r5,10
2026-04-03T20:52:47.210895-07:00,read,key-2,55.139,2,false,leader-w1r5,10
2026-04-03T20:52:47.210655-07:00,read,key-1,55.475,1,false,leader-w1r5,10
2026-04-03T20:52:47.209847-07:00,read,key-5,56.317,4,true,leader-w1r5,10
2026-04-03T20:52:47.210801-07:00,read,key-6,55.394,7,false,leader-w1r5,10
2026-04-03T20:52:47.210668-07:00,read,key-5,55.571,5,false,leader-w1r5,10
2026-04-03T20:52:47.210907-07:00,read,key-7,55.396,6,false,leader-w1r5,10
2026-04-03T20:52:47.210523-07:00,read,key-2,55.847,2,false,leader-w1r5,10
2026-04-03T20:52:47.210387-07:00,read,key-9,55.987,6,false,leader-w1r5,10
2026-04-03T20:52:47.210863-07:00,read,key-4,55.557,4,false,leader-w1r5,10
2026-04-03T20:52:47.208517-07:00,read,key-2,57.918,2,false,leader-w1r5,10
2026-04-03T20:52:47.210828-07:00,read,key-2,55.651,2,false,leader-w1r5,10
2026-04-03T20:52:47.213957-07:00,read,key-3,52.549,5,false,leader-w1r5,10
2026-04-03T20:52:47.213912-07:00,read,key-1,52.640,1,false,leader-w1r5,10
2026-04-03T20:52:47.211008-07:00,read,key-9,55.607,6,false,leader-w1r5,10
2026-04-03T20:52:47.210716-07:00,read,key-4,55.995,4,false,leader-w1r5,10
2026-04-03T20:52:47.266376-07:00,write,key-3,1.236,6,false,leader-w1r5,10
2026-04-03T20:52:47.266304-07:00,write,key-4,1.384,5,false,leader-w1r5,10
2026-04-03T20:52:47.266422-07:00,read,key-1,55.395,1,false,leader-w1r5,10
2026-04-03T20:52:47.266508-07:00,read,key-2,55.331,2,false,leader-w1r5,10
2026-04-03T20:52:47.266553-07:00,read,key-4,55.398,5,false,leader-w1r5,10
2026-04-03T20:52:47.266241-07:00,read,key-9,55.778,6,false,leader-w1r5,10
2026-04-03T20:52:47.265897-07:00,read,key-5,56.153,5,false,leader-w1r5,10
2026-04-03T20:52:47.265655-07:00,read,key-9,56.396,6,false,leader-w1r5,10
2026-04-03T20:52:47.266036-07:00,read,key-4,56.067,5,false,leader-w1r5,10
2026-04-03T20:52:47.266165-07:00,read,key-4,55.989,5,false,leader-w1r5,10
2026-04-03T20:52:47.266617-07:00,read,key-2,55.600,2,false,leader-w1r5,10
2026-04-03T20:52:47.266712-07:00,read,key-8,55.590,8,false,leader-w1r5,10
2026-04-03T20:52:47.265658-07:00,read,key-1,56.731,1,false,leader-w1r5,10
2026-04-03T20:52:47.266439-07:00,read,key-9,55.972,6,false,leader-w1r5,10
2026-04-03T20:52:47.266371-07:00,read,key-9,56.051,6,false,leader-w1r5,10
2026-04-03T20:52:47.266792-07:00,read,key-0,55.680,5,false,leader-w1r5,10
2026-04-03T20:52:47.266131-07:00,read,key-6,56.367,7,false,leader-w1r5,10
2026-04-03T20:52:47.267615-07:00,read,key-4,54.888,5,false,leader-w1r5,10
2026-04-03T20:52:47.265551-07:00,read,key-2,56.973,2,false,leader-w1r5,10
2026-04-03T20:52:47.265529-07:00,read,key-4,57.043,4,true,leader-w1r5,10
2026-04-03T20:52:47.266196-07:00,read,key-4,56.449,5,false,leader-w1r5,10
2026-04-03T20:52:47.26769-07:00,read,key-9,55.005,6,false,leader-w1r5,10
2026-04-03T20:52:47.321952-07:00,write,key-2,1.206,3,false,leader-w1r5,10
2026-04-03T20:52:47.322104-07:00,write,key-5,1.382,6,false,leader-w1r5,10
2026-04-03T20:52:47.322219-07:00,write,key-7,1.632,7,false,leader-w1r5,10
2026-04-03T20:52:47.322525-07:00,read,key-3,55.519,6,false,leader-w1r5,10
2026-04-03T20:52:47.32184-07:00,read,key-7,56.287,7,false,leader-w1r5,10
2026-04-03T20:52:47.321822-07:00,read,key-9,56.361,6,false,leader-w1r5,10
2026-04-03T20:52:47.32202-07:00,read,key-8,56.224,8,false,leader-w1r5,10
2026-04-03T20:52:47.322474-07:00,read,key-9,55.818,6,false,leader-w1r5,10
2026-04-03T20:52:47.322412-07:00,read,key-2,55.955,3,false,leader-w1r5,10
2026-04-03T20:52:47.322155-07:00,read,key-1,56.243,1,false,leader-w1r5,10
2026-04-03T20:52:47.322573-07:00,read,key-4,55.850,5,false,leader-w1r5,10
2026-04-03T20:52:47.322696-07:00,read,key-9,55.782,6,false,leader-w1r5,10
2026-04-03T20:52:47.322505-07:00,read,key-3,56.017,6,false,leader-w1r5,10
2026-04-03T20:52:47.32239-07:00,read,key-6,56.136,7,false,leader-w1r5,10
2026-04-03T20:52:47.322303-07:00,read,key-2,56.255,3,false,leader-w1r5,10
2026-04-03T20:52:47.323852-07:00,read,key-8,54.718,8,false,leader-w1r5,10
2026-04-03T20:52:47.322424-07:00,read,key-8,56.189,8,false,leader-w1r5,10
2026-04-03T20:52:47.322053-07:00,read,key-5,56.568,6,false,leader-w1r5,10
2026-04-03T20:52:47.323161-07:00,read,key-9,55.496,6,false,leader-w1r5,10
2026-04-03T20:52:47.323487-07:00,read,key-4,55.203,5,false,leader-w1r5,10
2026-04-03T20:52:47.3225-07:00,read,key-2,56.211,3,false,leader-w1r5,10
2026-04-03T20:52:47.322646-07:00,read,key-5,56.090,6,false,leader-w1r5,10
2026-04-03T20:52:47.322051-07:00,read,key-1,56.725,1,false,leader-w1r5,10
2026-04-03T20:52:47.378185-07:00,write,key-8,0.638,9,false,leader-w1r5,10
2026-04-03T20:52:47.378294-07:00,write,key-6,0.580,8,false,leader-w1r5,10
2026-04-03T20:52:47.378527-07:00,write,key-7,0.783,8,false,leader-w1r5,10
2026-04-03T20:52:47.378876-07:00,write,key-7,0.968,9,false,leader-w1r5,10
2026-04-03T20:52:47.378048-07:00,read,key-3,55.296,6,false,leader-w1r5,10
2026-04-03T20:52:47.3784-07:00,read,key-4,55.171,5,false,leader-w1r5,10
2026-04-03T20:52:47.378692-07:00,read,key-3,55.326,6,false,leader-w1r5,10
2026-04-03T20:52:47.378523-07:00,read,key-0,55.570,5,false,leader-w1r5,10
2026-04-03T20:52:47.378824-07:00,read,key-7,55.624,9,false,leader-w1r5,10
2026-04-03T20:52:47.378571-07:00,read,key-1,55.943,1,false,leader-w1r5,10
2026-04-03T20:52:47.378738-07:00,read,key-5,55.843,6,false,leader-w1r5,10
2026-04-03T20:52:47.378622-07:00,read,key-4,56.019,5,false,leader-w1r5,10
2026-04-03T20:52:47.379312-07:00,read,key-8,55.373,9,false,leader-w1r5,10
2026-04-03T20:52:47.379867-07:00,read,key-1,54.907,1,false,leader-w1r5,10
2026-04-03T20:52:47.378712-07:00,read,key-6,56.078,8,false,leader-w1r5,10
2026-04-03T20:52:47.43402-07:00,write,key-0,0.823,6,false,leader-w1r5,10
2026-04-03T20:52:47.378368-07:00,read,key-1,56.510,1,false,leader-w1r5,10
2026-04-03T20:52:47.378658-07:00,read,key-5,56.226,6,false,leader-w1r5,10
2026-04-03T20:52:47.378246-07:00,read,key-6,56.687,8,false,leader-w1r5,10
2026-04-03T20:52:47.378425-07:00,read,key-7,56.521,9,false,leader-w1r5,10
2026-04-03T20:52:47.378778-07:00,read,key-9,56.203,6,false,leader-w1r5,10
2026-04-03T20:52:47.37848-07:00,read,key-2,56.505,3,false,leader-w1r5,10
2026-04-03T20:52:47.378614-07:00,read,key-4,56.420,5,false,leader-w1r5,10
2026-04-03T20:52:47.37813-07:00,read,key-6,56.935,8,false,leader-w1r5,10
2026-04-03T20:52:47.37856-07:00,read,key-5,56.512,6,false,leader-w1r5,10
2026-04-03T20:52:47.434886-07:00,read,key-9,53.119,6,false,leader-w1r5,10
2026-04-03T20:52:47.434879-07:00,read,key-5,53.143,6,false,leader-w1r5,10
2026-04-03T20:52:47.433349-07:00,read,key-9,54.744,6,false,leader-w1r5,10
2026-04-03T20:52:47.434948-07:00,read,key-2,53.185,3,false,leader-w1r5,10
2026-04-03T20:52:47.434451-07:00,read,key-8,53.703,9,false,leader-w1r5,10
2026-04-03T20:52:47.435073-07:00,read,key-0,53.120,6,false,leader-w1r5,10
2026-04-03T20:52:47.434983-07:00,read,key-3,53.222,6,false,leader-w1r5,10
2026-04-03T20:52:47.434934-07:00,read,key-4,53.437,5,false,leader-w1r5,10
2026-04-03T20:52:47.434686-07:00,read,key-4,53.734,5,false,leader-w1r5,10
2026-04-03T20:52:47.434517-07:00,read,key-7,53.948,9,false,leader-w1r5,10
2026-04-03T20:52:47.434986-07:00,read,key-9,53.482,6,false,leader-w1r5,10
2026-04-03T20:52:47.434776-07:00,read,key-6,53.749,8,false,leader-w1r5,10
2026-04-03T20:52:47.434094-07:00,read,key-3,54.433,6,false,leader-w1r5,10
2026-04-03T20:52:47.433573-07:00,read,key-1,55.605,1,false,leader-w1r5,10
2026-04-03T20:52:47.435036-07:00,read,key-0,54.165,6,false,leader-w1r5,10
2026-04-03T20:52:47.434583-07:00,read,key-2,54.670,3,false,leader-w1r5,10
2026-04-03T20:52:47.434845-07:00,read,key-1,54.675,1,false,leader-w1r5,10
2026-04-03T20:52:47.434642-07:00,read,key-6,54.951,8,false,leader-w1r5,10
2026-04-03T20:52:47.434791-07:00,read,key-2,54.808,3,false,leader-w1r5,10
2026-04-03T20:52:47.435066-07:00,read,key-6,56.990,8,false,leader-w1r5,10
2026-04-03T20:52:47.488008-07:00,read,key-2,53.445,3,false,leader-w1r5,10
2026-04-03T20:52:47.488024-07:00,read,key-2,53.453,3,false,leader-w1r5,10
2026-04-03T20:52:47.488134-07:00,read,key-9,53.421,6,false,leader-w1r5,10
2026-04-03T20:52:47.488155-07:00,read,key-8,53.413,9,false,leader-w1r5,10
2026-04-03T20:52:47.488466-07:00,read,key-3,53.181,6,false,leader-w1r5,10
2026-04-03T20:52:47.488096-07:00,read,key-2,53.599,3,false,leader-w1r5,10
2026-04-03T20:52:47.488372-07:00,read,key-6,53.485,8,false,leader-w1r5,10
2026-04-03T20:52:47.489202-07:00,read,key-3,53.689,6,false,leader-w1r5,10
2026-04-03T20:52:47.48847-07:00,read,key-3,54.464,6,false,leader-w1r5,10
2026-04-03T20:52:47.541478-07:00,write,key-9,1.469,7,false,leader-w1r5,10
2026-04-03T20:52:47.488526-07:00,read,key-6,54.463,8,false,leader-w1r5,10
2026-04-03T20:52:47.48918-07:00,read,key-9,53.854,6,true,leader-w1r5,10
2026-04-03T20:52:47.488206-07:00,read,key-4,54.838,5,false,leader-w1r5,10
2026-04-03T20:52:47.489595-07:00,read,key-9,53.513,6,true,leader-w1r5,10
2026-04-03T20:52:47.488194-07:00,read,key-1,54.920,1,false,leader-w1r5,10
2026-04-03T20:52:47.489521-07:00,read,key-8,53.649,9,false,leader-w1r5,10
2026-04-03T20:52:47.488422-07:00,read,key-0,54.753,6,false,leader-w1r5,10
2026-04-03T20:52:47.489254-07:00,read,key-8,53.957,9,false,leader-w1r5,10
2026-04-03T20:52:47.54299-07:00,write,key-9,0.782,8,false,leader-w1r5,10
2026-04-03T20:52:47.489601-07:00,read,key-9,54.249,7,true,leader-w1r5,10
2026-04-03T20:52:47.488528-07:00,read,key-0,55.324,6,false,leader-w1r5,10
2026-04-03T20:52:47.492059-07:00,read,key-0,52.965,6,false,leader-w1r5,10
2026-04-03T20:52:47.542935-07:00,read,key-8,64.182,9,false,leader-w1r5,10
2026-04-03T20:52:47.543035-07:00,read,key-4,64.436,5,false,leader-w1r5,10
2026-04-03T20:52:47.543212-07:00,read,key-3,64.317,6,false,leader-w1r5,10
2026-04-03T20:52:47.543046-07:00,read,key-2,64.597,3,false,leader-w1r5,10
2026-04-03T20:52:47.543176-07:00,read,key-6,64.551,8,false,leader-w1r5,10
2026-04-03T20:52:47.545026-07:00,read,key-2,63.925,3,false,leader-w1r5,10
2026-04-03T20:52:47.541649-07:00,read,key-4,67.477,5,false,leader-w1r5,10
2026-04-03T20:52:47.542893-07:00,read,key-1,66.272,1,false,leader-w1r5,10
2026-04-03T20:52:47.543852-07:00,read,key-2,65.348,3,false,leader-w1r5,10
2026-04-03T20:52:47.543854-07:00,read,key-9,65.872,8,false,leader-w1r5,10
2026-04-03T20:52:47.541458-07:00,read,key-8,68.337,9,false,leader-w1r5,10
2026-04-03T20:52:47.543773-07:00,read,key-6,66.078,8,false,leader-w1r5,10
2026-04-03T20:52:47.542949-07:00,read,key-7,66.957,9,false,leader-w1r5,10
2026-04-03T20:52:47.541556-07:00,read,key-7,68.393,9,false,leader-w1r5,10
2026-04-03T20:52:47.543116-07:00,read,key-0,66.899,6,false,leader-w1r5,10
2026-04-03T20:52:47.543172-07:00,read,key-6,66.892,8,false,leader-w1r5,10
2026-04-03T20:52:47.541696-07:00,read,key-3,68.400,6,false,leader-w1r5,10
2026-04-03T20:52:47.541859-07:00,read,key-1,68.259,1,false,leader-w1r5,10
2026-04-03T20:52:47.54311-07:00,read,key-9,67.034,8,false,leader-w1r5,10
2026-04-03T20:52:47.54157-07:00,read,key-0,68.682,6,false,leader-w1r5,10
2026-04-03T20:52:47.607123-07:00,read,key-0,56.733,6,false,leader-w1r5,10
2026-04-03T20:52:47.610145-07:00,read,key-8,53.925,9,false,leader-w1r5,10
2026-04-03T20:52:47.610065-07:00,read,key-7,54.089,9,false,leader-w1r5,10
2026-04-03T20:52:47.609853-07:00,read,key-6,54.302,8,false,leader-w1r5,10
2026-04-03T20:52:47.610253-07:00,read,key-9,53.916,8,false,leader-w1r5,10
2026-04-03T20:52:47.609128-07:00,read,key-0,55.274,6,false,leader-w1r5,10
2026-04-03T20:52:47.663859-07:00,write,key-4,0.582,6,false,leader-w1r5,10
2026-04-03T20:52:47.609167-07:00,read,key-7,55.279,9,false,leader-w1r5,10
2026-04-03T20:52:47.607644-07:00,read,key-2,56.825,3,false,leader-w1r5,10
2026-04-03T20:52:47.610017-07:00,read,key-9,54.465,8,false,leader-w1r5,10
2026-04-03T20:52:47.608955-07:00,read,key-3,55.621,6,false,leader-w1r5,10
2026-04-03T20:52:47.607473-07:00,read,key-6,57.114,8,false,leader-w1r5,10
2026-04-03T20:52:47.609951-07:00,read,key-7,54.749,9,false,leader-w1r5,10
2026-04-03T20:52:47.607728-07:00,read,key-8,56.975,9,false,leader-w1r5,10
2026-04-03T20:52:47.609796-07:00,read,key-1,54.935,1,false,leader-w1r5,10
2026-04-03T20:52:47.60753-07:00,read,key-4,57.207,5,true,leader-w1r5,10
2026-04-03T20:52:47.664447-07:00,write,key-7,0.745,10,false,leader-w1r5,10
2026-04-03T20:52:47.664701-07:00,write,key-4,0.801,7,false,leader-w1r5,10
2026-04-03T20:52:47.610098-07:00,read,key-3,57.046,6,false,leader-w1r5,10
2026-04-03T20:52:47.609728-07:00,read,key-9,57.443,8,false,leader-w1r5,10
2026-04-03T20:52:47.609907-07:00,read,key-9,57.270,8,false,leader-w1r5,10
2026-04-03T20:52:47.609202-07:00,read,key-9,57.997,8,false,leader-w1r5,10
2026-04-03T20:52:47.610119-07:00,read,key-2,58.568,3,false,leader-w1r5,10
2026-04-03T20:52:47.66417-07:00,read,key-2,58.108,3,false,leader-w1r5,10
2026-04-03T20:52:47.664442-07:00,read,key-8,57.839,9,false,leader-w1r5,10
2026-04-03T20:52:47.665503-07:00,read,key-3,56.810,6,false,leader-w1r5,10
2026-04-03T20:52:47.665194-07:00,read,key-3,57.226,6,false,leader-w1r5,10
2026-04-03T20:52:47.664704-07:00,read,key-6,57.771,8,false,leader-w1r5,10
2026-04-03T20:52:47.664733-07:00,read,key-5,57.773,6,false,leader-w1r5,10
2026-04-03T20:52:47.668688-07:00,read,key-1,53.835,1,false,leader-w1r5,10
2026-04-03T20:52:47.664156-07:00,read,key-8,58.389,9,false,leader-w1r5,10
2026-04-03T20:52:47.664577-07:00,read,key-0,58.019,6,false,leader-w1r5,10
2026-04-03T20:52:47.664071-07:00,read,key-4,58.614,7,false,leader-w1r5,10
2026-04-03T20:52:47.667179-07:00,read,key-4,55.668,7,false,leader-w1r5,10
2026-04-03T20:52:47.664156-07:00,read,key-8,58.707,9,false,leader-w1r5,10
2026-04-03T20:52:47.66447-07:00,read,key-2,58.430,3,false,leader-w1r5,10
2026-04-03T20:52:47.667172-07:00,read,key-9,55.734,8,false,leader-w1r5,10
2026-04-03T20:52:47.664484-07:00,read,key-3,58.457,6,false,leader-w1r5,10
2026-04-03T20:52:47.664739-07:00,read,key-9,58.214,8,false,leader-w1r5,10
2026-04-03T20:52:47.6672-07:00,read,key-3,55.790,6,false,leader-w1r5,10
2026-04-03T20:52:47.667145-07:00,read,key-8,55.851,9,false,leader-w1r5,10
2026-04-03T20:52:47.664404-07:00,read,key-9,58.688,8,false,leader-w1r5,10
2026-04-03T20:52:47.664598-07:00,read,key-1,58.497,1,false,leader-w1r5,10
2026-04-03T20:52:47.722954-07:00,write,key-3,4.975,7,false,leader-w1r5,10
2026-04-03T20:52:47.723093-07:00,read,key-8,53.985,9,false,leader-w1r5,10
2026-04-03T20:52:47.722686-07:00,read,key-9,54.398,8,false,leader-w1r5,10
2026-04-03T20:52:47.722848-07:00,read,key-6,54.241,8,false,leader-w1r5,10
2026-04-03T20:52:47.722864-07:00,read,key-8,54.228,9,false,leader-w1r5,10
2026-04-03T20:52:47.722283-07:00,read,key-3,54.838,7,false,leader-w1r5,10
2026-04-03T20:52:47.722525-07:00,read,key-9,54.603,8,false,leader-w1r5,10
2026-04-03T20:52:47.722546-07:00,read,key-6,54.596,8,false,leader-w1r5,10
2026-04-03T20:52:47.722907-07:00,read,key-5,54.247,6,false,leader-w1r5,10
2026-04-03T20:52:47.722314-07:00,read,key-9,54.844,8,false,leader-w1r5,10
2026-04-03T20:52:47.722597-07:00,read,key-4,54.574,7,false,leader-w1r5,10
2026-04-03T20:52:47.722991-07:00,read,key-0,54.197,6,false,leader-w1r5,10
2026-04-03T20:52:47.722507-07:00,read,key-7,54.698,10,false,leader-w1r5,10
2026-04-03T20:52:47.722282-07:00,read,key-3,54.947,7,false,leader-w1r5,10
2026-04-03T20:52:47.722477-07:00,read,key-9,55.276,8,false,leader-w1r5,10
2026-04-03T20:52:47.72242-07:00,read,key-1,55.334,1,false,leader-w1r5,10
2026-04-03T20:52:47.722998-07:00,read,key-4,54.830,7,false,leader-w1r5,10
2026-04-03T20:52:47.722901-07:00,read,key-2,58.336,3,false,leader-w1r5,10
2026-04-03T20:52:47.722943-07:00,read,key-8,58.599,9,false,leader-w1r5,10
2026-04-03T20:52:47.723096-07:00,read,key-1,58.659,1,false,leader-w1r5,10
2026-04-03T20:52:47.781758-07:00,write,key-4,1.878,8,false,leader-w1r5,10
2026-04-03T20:52:47.727932-07:00,read,key-4,55.815,7,true,leader-w1r5,10
2026-04-03T20:52:47.777081-07:00,read,key-1,55.748,1,false,leader-w1r5,10
2026-04-03T20:52:47.777829-07:00,read,key-0,55.045,6,false,leader-w1r5,10
2026-04-03T20:52:47.77716-07:00,read,key-4,55.784,8,false,leader-w1r5,10
2026-04-03T20:52:47.777189-07:00,read,key-6,55.768,8,false,leader-w1r5,10
2026-04-03T20:52:47.777755-07:00,read,key-1,55.307,1,false,leader-w1r5,10
2026-04-03T20:52:47.777122-07:00,read,key-2,55.997,3,false,leader-w1r5,10
2026-04-03T20:52:47.777754-07:00,read,key-7,56.303,10,false,leader-w1r5,10
2026-04-03T20:52:47.777093-07:00,read,key-1,57.146,1,false,leader-w1r5,10
2026-04-03T20:52:47.777208-07:00,read,key-8,57.216,9,false,leader-w1r5,10
2026-04-03T20:52:47.777173-07:00,read,key-4,57.311,8,false,leader-w1r5,10
2026-04-03T20:52:47.777086-07:00,read,key-9,57.489,8,false,leader-w1r5,10
2026-04-03T20:52:47.777129-07:00,read,key-7,57.518,10,false,leader-w1r5,10
2026-04-03T20:52:47.777094-07:00,read,key-1,57.606,1,false,leader-w1r5,10
2026-04-03T20:52:47.832836-07:00,write,key-1,1.919,2,false,leader-w1r5,10
2026-04-03T20:52:47.777143-07:00,read,key-4,57.657,8,false,leader-w1r5,10
2026-04-03T20:52:47.781543-07:00,read,key-3,53.358,7,false,leader-w1r5,10
2026-04-03T20:52:47.781239-07:00,read,key-3,53.691,7,false,leader-w1r5,10
2026-04-03T20:52:47.777231-07:00,read,key-4,57.722,8,false,leader-w1r5,10
2026-04-03T20:52:47.777155-07:00,read,key-3,57.838,7,false,leader-w1r5,10
2026-04-03T20:52:47.832945-07:00,write,key-5,2.097,7,false,leader-w1r5,10
2026-04-03T20:52:47.834994-07:00,write,key-7,2.525,11,false,leader-w1r5,10
2026-04-03T20:52:47.783749-07:00,read,key-9,54.364,8,false,leader-w1r5,10
2026-04-03T20:52:47.783638-07:00,read,key-6,54.556,8,false,leader-w1r5,10
2026-04-03T20:52:47.834648-07:00,read,key-9,54.937,8,false,leader-w1r5,10
2026-04-03T20:52:47.832959-07:00,read,key-4,56.766,8,false,leader-w1r5,10
2026-04-03T20:52:47.834426-07:00,read,key-0,55.403,6,false,leader-w1r5,10
2026-04-03T20:52:47.834577-07:00,read,key-4,55.279,8,false,leader-w1r5,10
2026-04-03T20:52:47.834485-07:00,read,key-5,55.456,7,false,leader-w1r5,10
2026-04-03T20:52:47.834701-07:00,read,key-9,55.303,8,false,leader-w1r5,10
2026-04-03T20:52:47.834931-07:00,read,key-9,55.082,8,false,leader-w1r5,10
2026-04-03T20:52:47.833064-07:00,read,key-1,57.014,2,false,leader-w1r5,10
2026-04-03T20:52:47.834757-07:00,read,key-1,55.406,2,false,leader-w1r5,10
2026-04-03T20:52:47.838114-07:00,read,key-6,52.075,8,false,leader-w1r5,10
2026-04-03T20:52:47.83312-07:00,read,key-3,57.089,7,false,leader-w1r5,10
2026-04-03T20:52:47.832876-07:00,read,key-4,57.381,8,false,leader-w1r5,10
2026-04-03T20:52:47.837523-07:00,read,key-4,52.751,8,false,leader-w1r5,10
2026-04-03T20:52:47.834801-07:00,read,key-4,55.514,8,false,leader-w1r5,10
2026-04-03T20:52:47.834059-07:00,read,key-1,56.270,2,false,leader-w1r5,10
2026-04-03T20:52:47.834241-07:00,read,key-8,56.100,9,false,leader-w1r5,10
2026-04-03T20:52:47.834954-07:00,read,key-6,55.416,8,false,leader-w1r5,10
2026-04-03T20:52:47.834902-07:00,read,key-5,55.487,7,false,leader-w1r5,10
2026-04-03T20:52:47.835043-07:00,read,key-7,55.506,11,false,leader-w1r5,10
2026-04-03T20:52:47.890015-07:00,write,key-7,1.319,13,false,leader-w1r5,10
2026-04-03T20:52:47.890006-07:00,write,key-7,1.408,12,false,leader-w1r5,10
2026-04-03T20:52:47.890164-07:00,write,key-0,1.271,8,false,leader-w1r5,10
2026-04-03T20:52:47.889859-07:00,write,key-0,1.618,7,false,leader-w1r5,10
2026-04-03T20:52:47.838195-07:00,read,key-8,53.788,9,false,leader-w1r5,10
2026-04-03T20:52:47.890343-07:00,read,key-0,55.661,8,false,leader-w1r5,10
2026-04-03T20:52:47.89055-07:00,read,key-6,55.477,8,false,leader-w1r5,10
2026-04-03T20:52:47.89021-07:00,read,key-3,55.867,7,false,leader-w1r5,10
2026-04-03T20:52:47.890276-07:00,read,key-8,55.832,9,false,leader-w1r5,10
2026-04-03T20:52:47.891415-07:00,read,key-9,54.733,8,false,leader-w1r5,10
2026-04-03T20:52:47.891437-07:00,read,key-6,54.837,8,false,leader-w1r5,10
2026-04-03T20:52:47.890372-07:00,read,key-8,56.009,9,false,leader-w1r5,10
2026-04-03T20:52:47.891985-07:00,read,key-2,54.451,3,false,leader-w1r5,10
2026-04-03T20:52:47.890191-07:00,read,key-3,56.251,7,false,leader-w1r5,10
2026-04-03T20:52:47.88959-07:00,read,key-1,56.905,2,false,leader-w1r5,10
2026-04-03T20:52:47.89008-07:00,read,key-1,56.435,2,false,leader-w1r5,10
2026-04-03T20:52:47.891479-07:00,read,key-8,55.061,9,false,leader-w1r5,10
2026-04-03T20:52:47.891336-07:00,read,key-2,55.234,3,false,leader-w1r5,10
2026-04-03T20:52:47.890331-07:00,read,key-2,56.932,3,false,leader-w1r5,10
2026-04-03T20:52:47.889727-07:00,read,key-7,57.552,13,false,leader-w1r5,10
2026-04-03T20:52:47.889831-07:00,read,key-4,57.519,8,false,leader-w1r5,10
2026-04-03T20:52:47.89026-07:00,read,key-1,57.100,2,false,leader-w1r5,10
2026-04-03T20:52:47.889944-07:00,read,key-2,57.459,3,false,leader-w1r5,10
2026-04-03T20:52:47.890391-07:00,read,key-9,57.042,8,false,leader-w1r5,10
2026-04-03T20:52:47.890316-07:00,read,key-2,57.149,3,false,leader-w1r5,10
2026-04-03T20:52:47.946572-07:00,read,key-8,56.088,9,false,leader-w1r5,10
2026-04-03T20:52:47.946276-07:00,read,key-6,56.408,8,false,leader-w1r5,10
2026-04-03T20:52:47.946542-07:00,read,key-7,56.193,13,false,leader-w1r5,10
2026-04-03T20:52:47.946149-07:00,read,key-0,57.008,8,false,leader-w1r5,10
2026-04-03T20:52:47.946009-07:00,read,key-4,57.172,8,false,leader-w1r5,10
2026-04-03T20:52:47.946444-07:00,read,key-7,56.796,13,false,leader-w1r5,10
2026-04-03T20:52:47.946499-07:00,read,key-1,56.826,2,false,leader-w1r5,10
2026-04-03T20:52:47.946029-07:00,read,key-8,57.364,9,false,leader-w1r5,10
2026-04-03T20:52:47.94611-07:00,read,key-2,57.315,3,false,leader-w1r5,10
2026-04-03T20:52:47.947265-07:00,read,key-2,56.193,3,false,leader-w1r5,10
2026-04-03T20:52:47.946079-07:00,read,key-4,57.608,8,false,leader-w1r5,10
2026-04-03T20:52:47.947353-07:00,read,key-0,56.410,8,false,leader-w1r5,10
2026-04-03T20:52:47.946517-07:00,read,key-0,57.336,8,false,leader-w1r5,10
2026-04-03T20:52:47.946437-07:00,read,key-9,57.670,8,false,leader-w1r5,10
2026-04-03T20:52:47.947405-07:00,read,key-8,56.756,9,false,leader-w1r5,10
2026-04-03T20:52:47.946382-07:00,read,key-0,58.047,8,false,leader-w1r5,10
2026-04-03T20:52:47.94728-07:00,read,key-1,57.235,2,false,leader-w1r5,10
2026-04-03T20:52:47.947362-07:00,read,key-9,57.168,8,false,leader-w1r5,10
2026-04-03T20:52:47.947434-07:00,read,key-7,57.133,13,false,leader-w1r5,10
2026-04-03T20:52:47.947467-07:00,read,key-6,57.342,8,false,leader-w1r5,10
2026-04-03T20:52:48.003242-07:00,write,key-0,1.643,9,false,leader-w1r5,10
2026-04-03T20:52:48.003764-07:00,read,key-4,54.683,8,false,leader-w1r5,10
2026-04-03T20:52:48.002686-07:00,read,key-5,55.816,7,false,leader-w1r5,10
2026-04-03T20:52:48.004811-07:00,read,key-9,54.343,8,false,leader-w1r5,10
2026-04-03T20:52:48.004531-07:00,read,key-2,54.771,3,false,leader-w1r5,10
2026-04-03T20:52:48.004569-07:00,read,key-6,54.855,8,false,leader-w1r5,10
2026-04-03T20:52:48.00443-07:00,read,key-1,55.093,2,false,leader-w1r5,10
2026-04-03T20:52:48.004517-07:00,read,key-5,55.134,7,false,leader-w1r5,10
2026-04-03T20:52:48.003395-07:00,read,key-1,56.414,2,false,leader-w1r5,10
2026-04-03T20:52:48.003688-07:00,read,key-7,56.309,13,false,leader-w1r5,10
2026-04-03T20:52:48.002664-07:00,read,key-4,57.406,8,false,leader-w1r5,10
2026-04-03T20:52:48.004109-07:00,read,key-9,55.968,8,false,leader-w1r5,10
2026-04-03T20:52:48.003325-07:00,read,key-3,56.800,7,false,leader-w1r5,10
2026-04-03T20:52:48.004887-07:00,read,key-0,55.275,9,false,leader-w1r5,10
2026-04-03T20:52:48.003159-07:00,read,key-1,57.026,2,false,leader-w1r5,10
2026-04-03T20:52:48.003184-07:00,read,key-4,57.002,8,false,leader-w1r5,10
2026-04-03T20:52:48.004162-07:00,read,key-0,56.063,9,false,leader-w1r5,10
2026-04-03T20:52:48.002736-07:00,read,key-9,57.580,8,false,leader-w1r5,10
2026-04-03T20:52:48.003426-07:00,read,key-2,56.954,3,false,leader-w1r5,10
2026-04-03T20:52:48.003854-07:00,read,key-4,58.315,8,false,leader-w1r5,10
2026-04-03T20:52:48.003459-07:00,read,key-9,58.781,8,false,leader-w1r5,10
2026-04-03T20:52:48.06-07:00,read,key-4,54.872,8,false,leader-w1r5,10
2026-04-03T20:52:48.059426-07:00,read,key-1,55.468,2,false,leader-w1r5,10
2026-04-03T20:52:48.060226-07:00,read,key-0,54.758,9,false,leader-w1r5,10
2026-04-03T20:52:48.060187-07:00,read,key-0,54.864,9,false,leader-w1r5,10
2026-04-03T20:52:48.060079-07:00,read,key-4,55.019,8,false,leader-w1r5,10
2026-04-03T20:52:48.059525-07:00,read,key-4,55.637,8,false,leader-w1r5,10
2026-04-03T20:52:48.058454-07:00,read,key-8,56.708,9,false,leader-w1r5,10
2026-04-03T20:52:48.059652-07:00,read,key-6,55.561,8,false,leader-w1r5,10
2026-04-03T20:52:48.059155-07:00,read,key-8,56.076,9,false,leader-w1r5,10
2026-04-03T20:52:48.059304-07:00,read,key-4,56.035,8,false,leader-w1r5,10
2026-04-03T20:52:48.058505-07:00,read,key-2,56.878,3,false,leader-w1r5,10
2026-04-03T20:52:48.05981-07:00,read,key-9,55.574,8,false,leader-w1r5,10
2026-04-03T20:52:48.060128-07:00,read,key-4,55.281,8,false,leader-w1r5,10
2026-04-03T20:52:48.060317-07:00,read,key-3,56.202,7,false,leader-w1r5,10
2026-04-03T20:52:48.060381-07:00,read,key-2,56.146,3,false,leader-w1r5,10
2026-04-03T20:52:48.060163-07:00,read,key-6,56.411,8,false,leader-w1r5,10
2026-04-03T20:52:48.060074-07:00,read,key-8,59.414,9,false,leader-w1r5,10
2026-04-03T20:52:48.060187-07:00,read,key-7,59.138,13,false,leader-w1r5,10
2026-04-03T20:52:48.062242-07:00,read,key-3,57.314,7,false,leader-w1r5,10
2026-04-03T20:52:48.062172-07:00,read,key-9,57.496,8,false,leader-w1r5,10
2026-04-03T20:52:48.114897-07:00,read,key-2,59.558,3,false,leader-w1r5,10
2026-04-03T20:52:48.115164-07:00,read,key-7,59.406,13,false,leader-w1r5,10
2026-04-03T20:52:48.115385-07:00,read,key-0,59.262,9,false,leader-w1r5,10
2026-04-03T20:52:48.115099-07:00,read,key-2,59.643,3,false,leader-w1r5,10
2026-04-03T20:52:48.11541-07:00,read,key-0,59.403,9,false,leader-w1r5,10
2026-04-03T20:52:48.115234-07:00,read,key-6,59.677,8,false,leader-w1r5,10
2026-04-03T20:52:48.116529-07:00,read,key-2,58.667,3,false,leader-w1r5,10
2026-04-03T20:52:48.11967-07:00,read,key-6,55.636,8,false,leader-w1r5,10
2026-04-03T20:52:48.115166-07:00,read,key-6,60.218,8,false,leader-w1r5,10
2026-04-03T20:52:48.115052-07:00,read,key-0,60.411,9,false,leader-w1r5,10
2026-04-03T20:52:48.115216-07:00,read,key-2,60.343,3,false,leader-w1r5,10
2026-04-03T20:52:48.115341-07:00,read,key-1,60.315,2,false,leader-w1r5,10
2026-04-03T20:52:48.114875-07:00,read,key-1,60.851,2,false,leader-w1r5,10
2026-04-03T20:52:48.115387-07:00,read,key-2,60.961,3,false,leader-w1r5,10
2026-04-03T20:52:48.119491-07:00,read,key-5,59.531,7,false,leader-w1r5,10
2026-04-03T20:52:48.114986-07:00,read,key-7,64.076,13,false,leader-w1r5,10
2026-04-03T20:52:48.116522-07:00,read,key-3,62.620,7,false,leader-w1r5,10
2026-04-03T20:52:48.119558-07:00,read,key-2,59.644,3,false,leader-w1r5,10
2026-04-03T20:52:48.119504-07:00,read,key-6,59.766,8,false,leader-w1r5,10
2026-04-03T20:52:48.116577-07:00,read,key-5,62.749,7,false,leader-w1r5,10
2026-04-03T20:52:48.175386-07:00,read,key-9,52.969,8,false,leader-w1r5,10
2026-04-03T20:52:48.175465-07:00,read,key-0,52.998,9,false,leader-w1r5,10
2026-04-03T20:52:48.174913-07:00,read,key-6,53.654,8,false,leader-w1r5,10
2026-04-03T20:52:48.174649-07:00,read,key-1,54.525,2,false,leader-w1r5,10
2026-04-03T20:52:48.174462-07:00,read,key-3,55.899,7,false,leader-w1r5,10
2026-04-03T20:52:48.175561-07:00,read,key-9,55.038,8,false,leader-w1r5,10
2026-04-03T20:52:48.175728-07:00,read,key-2,54.957,3,false,leader-w1r5,10
2026-04-03T20:52:48.174574-07:00,read,key-6,56.211,8,false,leader-w1r5,10
2026-04-03T20:52:48.176349-07:00,read,key-7,54.502,13,false,leader-w1r5,10
2026-04-03T20:52:48.175308-07:00,read,key-8,55.589,9,false,leader-w1r5,10
2026-04-03T20:52:48.228569-07:00,write,key-8,2.784,10,false,leader-w1r5,10
2026-04-03T20:52:48.175198-07:00,read,key-3,56.479,7,false,leader-w1r5,10
2026-04-03T20:52:48.179027-07:00,read,key-3,53.014,7,false,leader-w1r5,10
2026-04-03T20:52:48.174743-07:00,read,key-8,58.184,10,false,leader-w1r5,10
2026-04-03T20:52:48.174815-07:00,read,key-6,58.215,8,false,leader-w1r5,10
2026-04-03T20:52:48.175657-07:00,read,key-7,57.436,13,false,leader-w1r5,10
2026-04-03T20:52:48.232931-07:00,write,key-1,1.335,3,false,leader-w1r5,10
2026-04-03T20:52:48.179328-07:00,read,key-2,55.152,3,false,leader-w1r5,10
2026-04-03T20:52:48.179273-07:00,read,key-7,55.574,13,false,leader-w1r5,10
2026-04-03T20:52:48.179203-07:00,read,key-4,55.804,8,false,leader-w1r5,10
2026-04-03T20:52:48.179064-07:00,read,key-2,56.025,3,false,leader-w1r5,10
2026-04-03T20:52:48.179144-07:00,read,key-4,56.001,8,false,leader-w1r5,10
2026-04-03T20:52:48.228465-07:00,read,key-0,56.007,9,false,leader-w1r5,10
2026-04-03T20:52:48.230899-07:00,read,key-6,53.594,8,false,leader-w1r5,10
2026-04-03T20:52:48.229177-07:00,read,key-1,55.371,3,false,leader-w1r5,10
2026-04-03T20:52:48.230688-07:00,read,key-2,53.901,3,false,leader-w1r5,10
2026-04-03T20:52:48.23168-07:00,read,key-5,52.947,7,false,leader-w1r5,10
2026-04-03T20:52:48.230601-07:00,read,key-4,54.078,8,false,leader-w1r5,10
2026-04-03T20:52:48.228359-07:00,read,key-2,56.375,3,false,leader-w1r5,10
2026-04-03T20:52:48.233095-07:00,read,key-4,51.646,8,false,leader-w1r5,10
2026-04-03T20:52:48.230365-07:00,read,key-0,54.430,9,false,leader-w1r5,10
2026-04-03T20:52:48.232043-07:00,read,key-1,52.857,3,false,leader-w1r5,10
2026-04-03T20:52:48.231355-07:00,read,key-0,54.093,9,false,leader-w1r5,10
2026-04-03T20:52:48.230854-07:00,read,key-3,54.643,7,false,leader-w1r5,10
2026-04-03T20:52:48.230787-07:00,read,key-0,54.732,9,false,leader-w1r5,10
2026-04-03T20:52:48.235147-07:00,read,key-5,51.336,7,false,leader-w1r5,10
2026-04-03T20:52:48.233032-07:00,read,key-8,53.967,10,false,leader-w1r5,10
2026-04-03T20:52:48.235091-07:00,read,key-2,51.986,3,false,leader-w1r5,10
2026-04-03T20:52:48.234482-07:00,read,key-3,54.562,7,false,leader-w1r5,10
2026-04-03T20:52:48.235009-07:00,read,key-7,54.036,13,false,leader-w1r5,10
2026-04-03T20:52:48.234886-07:00,read,key-0,54.221,9,false,leader-w1r5,10
2026-04-03T20:52:48.234268-07:00,read,key-6,54.878,8,false,leader-w1r5,10
2026-04-03T20:52:48.284476-07:00,read,key-1,54.063,3,false,leader-w1r5,10
2026-04-03T20:52:48.285498-07:00,read,key-2,53.062,3,false,leader-w1r5,10
2026-04-03T20:52:48.284743-07:00,read,key-0,53.877,9,false,leader-w1r5,10
2026-04-03T20:52:48.287001-07:00,read,key-3,51.654,7,false,leader-w1r5,10
2026-04-03T20:52:48.284629-07:00,read,key-4,54.076,8,false,leader-w1r5,10
2026-04-03T20:52:48.284736-07:00,read,key-4,54.020,8,false,leader-w1r5,10
2026-04-03T20:52:48.28459-07:00,read,key-0,54.204,9,false,leader-w1r5,10
2026-04-03T20:52:48.28468-07:00,read,key-2,54.139,3,false,leader-w1r5,10
2026-04-03T20:52:48.285521-07:00,read,key-4,53.345,8,false,leader-w1r5,10
2026-04-03T20:52:48.284549-07:00,read,key-9,54.331,8,false,leader-w1r5,10
2026-04-03T20:52:48.287079-07:00,read,key-6,51.835,8,false,leader-w1r5,10
2026-04-03T20:52:48.284901-07:00,read,key-1,54.028,3,false,leader-w1r5,10
2026-04-03T20:52:48.284495-07:00,read,key-5,54.473,7,false,leader-w1r5,10
2026-04-03T20:52:48.286485-07:00,read,key-3,52.524,7,false,leader-w1r5,10
2026-04-03T20:52:48.284797-07:00,read,key-3,54.243,7,false,leader-w1r5,10
2026-04-03T20:52:48.28545-07:00,read,key-8,53.884,10,false,leader-w1r5,10
2026-04-03T20:52:48.338798-07:00,write,key-0,1.323,10,false,leader-w1r5,10
2026-04-03T20:52:48.289047-07:00,read,key-1,51.106,3,false,leader-w1r5,10
2026-04-03T20:52:48.289047-07:00,read,key-4,51.179,8,false,leader-w1r5,10
2026-04-03T20:52:48.289148-07:00,read,key-2,51.473,3,false,leader-w1r5,10
2026-04-03T20:52:48.338931-07:00,write,key-8,1.744,11,false,leader-w1r5,10
2026-04-03T20:52:48.289109-07:00,read,key-0,51.822,10,false,leader-w1r5,10
2026-04-03T20:52:48.340676-07:00,write,key-5,0.307,8,false,leader-w1r5,10
2026-04-03T20:52:48.340623-07:00,read,key-2,53.389,3,false,leader-w1r5,10
2026-04-03T20:52:48.338706-07:00,read,key-9,55.383,8,false,leader-w1r5,10
2026-04-03T20:52:48.340932-07:00,read,key-0,53.485,10,false,leader-w1r5,10
2026-04-03T20:52:48.340984-07:00,read,key-1,53.437,3,false,leader-w1r5,10
2026-04-03T20:52:48.338622-07:00,read,key-2,55.869,3,false,leader-w1r5,10
2026-04-03T20:52:48.338881-07:00,read,key-7,55.666,13,false,leader-w1r5,10
2026-04-03T20:52:48.338657-07:00,read,key-4,55.929,8,false,leader-w1r5,10
2026-04-03T20:52:48.339011-07:00,read,key-1,55.738,3,false,leader-w1r5,10
2026-04-03T20:52:48.338542-07:00,read,key-6,56.213,8,false,leader-w1r5,10
2026-04-03T20:52:48.338915-07:00,read,key-5,55.873,8,false,leader-w1r5,10
2026-04-03T20:52:48.338867-07:00,read,key-0,55.949,10,false,leader-w1r5,10
2026-04-03T20:52:48.338822-07:00,read,key-1,55.999,3,false,leader-w1r5,10
2026-04-03T20:52:48.340228-07:00,read,key-6,54.612,8,false,leader-w1r5,10
2026-04-03T20:52:48.338757-07:00,read,key-6,56.202,8,false,leader-w1r5,10
2026-04-03T20:52:48.339335-07:00,read,key-4,55.685,8,false,leader-w1r5,10
2026-04-03T20:52:48.338562-07:00,read,key-0,56.480,10,false,leader-w1r5,10
2026-04-03T20:52:48.33897-07:00,read,key-7,56.138,13,false,leader-w1r5,10
2026-04-03T20:52:48.340124-07:00,read,key-9,55.032,8,false,leader-w1r5,10
2026-04-03T20:52:48.339041-07:00,read,key-8,56.176,11,false,leader-w1r5,10
2026-04-03T20:52:48.340154-07:00,read,key-2,55.100,3,false,leader-w1r5,10
2026-04-03T20:52:48.395044-07:00,write,key-5,4.552,9,false,leader-w1r5,10
2026-04-03T20:52:48.395109-07:00,read,key-5,54.626,9,false,leader-w1r5,10
2026-04-03T20:52:48.394757-07:00,read,key-7,55.007,13,false,leader-w1r5,10
2026-04-03T20:52:48.39475-07:00,read,key-6,55.072,8,false,leader-w1r5,10
2026-04-03T20:52:48.394492-07:00,read,key-7,55.430,13,false,leader-w1r5,10
2026-04-03T20:52:48.394423-07:00,read,key-6,55.506,8,false,leader-w1r5,10
2026-04-03T20:52:48.395157-07:00,read,key-9,54.807,8,false,leader-w1r5,10
2026-04-03T20:52:48.394015-07:00,read,key-0,56.011,10,false,leader-w1r5,10
2026-04-03T20:52:48.395255-07:00,read,key-2,54.773,3,false,leader-w1r5,10
2026-04-03T20:52:48.394419-07:00,read,key-2,55.659,3,false,leader-w1r5,10
2026-04-03T20:52:48.394549-07:00,read,key-7,55.535,13,false,leader-w1r5,10
2026-04-03T20:52:48.394818-07:00,read,key-5,55.306,9,false,leader-w1r5,10
2026-04-03T20:52:48.394841-07:00,read,key-8,55.318,11,false,leader-w1r5,10
2026-04-03T20:52:48.394091-07:00,read,key-9,56.101,8,false,leader-w1r5,10
2026-04-03T20:52:48.394587-07:00,read,key-2,55.843,3,false,leader-w1r5,10
2026-04-03T20:52:48.395218-07:00,read,key-1,55.258,3,false,leader-w1r5,10
2026-04-03T20:52:48.394823-07:00,read,key-1,55.660,3,false,leader-w1r5,10
2026-04-03T20:52:48.395021-07:00,read,key-8,56.268,11,false,leader-w1r5,10
2026-04-03T20:52:48.399599-07:00,read,key-3,51.702,7,false,leader-w1r5,10
2026-04-03T20:52:48.394789-07:00,read,key-1,57.305,3,false,leader-w1r5,10
2026-04-03T20:52:48.394961-07:00,read,key-6,57.311,8,false,leader-w1r5,10
2026-04-03T20:52:48.450193-07:00,read,key-5,54.816,9,false,leader-w1r5,10
2026-04-03T20:52:48.45003-07:00,read,key-6,55.068,8,false,leader-w1r5,10
2026-04-03T20:52:48.45016-07:00,read,key-5,54.975,9,false,leader-w1r5,10
2026-04-03T20:52:48.450125-07:00,read,key-1,55.038,3,false,leader-w1r5,10
2026-04-03T20:52:48.449739-07:00,read,key-6,55.460,8,false,leader-w1r5,10
2026-04-03T20:52:48.450079-07:00,read,key-8,55.153,11,false,leader-w1r5,10
2026-04-03T20:52:48.449824-07:00,read,key-4,55.464,8,false,leader-w1r5,10
2026-04-03T20:52:48.449965-07:00,read,key-8,55.331,11,false,leader-w1r5,10
2026-04-03T20:52:48.452096-07:00,read,key-3,53.297,7,false,leader-w1r5,10
2026-04-03T20:52:48.449923-07:00,read,key-7,55.504,13,false,leader-w1r5,10
2026-04-03T20:52:48.450478-07:00,read,key-7,54.999,13,false,leader-w1r5,10
2026-04-03T20:52:48.449931-07:00,read,key-3,55.602,7,false,leader-w1r5,10
2026-04-03T20:52:48.450484-07:00,read,key-6,55.049,8,false,leader-w1r5,10
2026-04-03T20:52:48.449766-07:00,read,key-3,55.797,7,false,leader-w1r5,10
2026-04-03T20:52:48.450028-07:00,read,key-2,55.579,3,false,leader-w1r5,10
2026-04-03T20:52:48.451303-07:00,read,key-2,54.460,3,false,leader-w1r5,10
2026-04-03T20:52:48.450086-07:00,read,key-3,55.748,7,false,leader-w1r5,10
2026-04-03T20:52:48.451291-07:00,read,key-0,54.594,10,false,leader-w1r5,10
2026-04-03T20:52:48.450432-07:00,read,key-0,55.490,10,false,leader-w1r5,10
2026-04-03T20:52:48.452273-07:00,read,key-7,53.665,13,false,leader-w1r5,10
2026-04-03T20:52:48.505609-07:00,write,key-9,1.185,9,false,leader-w1r5,10
2026-04-03T20:52:48.505887-07:00,write,key-9,3.344,10,false,leader-w1r5,10
2026-04-03T20:52:48.505234-07:00,read,key-1,57.562,3,false,leader-w1r5,10
2026-04-03T20:52:48.505564-07:00,read,key-4,57.303,8,false,leader-w1r5,10
2026-04-03T20:52:48.505013-07:00,read,key-1,57.862,3,false,leader-w1r5,10
2026-04-03T20:52:48.505478-07:00,read,key-2,57.403,3,false,leader-w1r5,10
2026-04-03T20:52:48.5051-07:00,read,key-8,57.806,11,false,leader-w1r5,10
2026-04-03T20:52:48.505765-07:00,read,key-2,57.147,3,false,leader-w1r5,10
2026-04-03T20:52:48.505165-07:00,read,key-2,57.751,3,false,leader-w1r5,10
2026-04-03T20:52:48.505428-07:00,read,key-8,57.508,11,false,leader-w1r5,10
2026-04-03T20:52:48.505137-07:00,read,key-5,57.810,9,false,leader-w1r5,10
2026-04-03T20:52:48.505201-07:00,read,key-7,57.746,13,false,leader-w1r5,10
2026-04-03T20:52:48.505297-07:00,read,key-4,57.659,8,false,leader-w1r5,10
2026-04-03T20:52:48.505535-07:00,read,key-2,57.892,3,false,leader-w1r5,10
2026-04-03T20:52:48.505395-07:00,read,key-4,58.077,8,false,leader-w1r5,10
2026-04-03T20:52:48.505534-07:00,read,key-1,57.943,3,false,leader-w1r5,10
2026-04-03T20:52:48.505289-07:00,read,key-7,58.195,13,false,leader-w1r5,10
2026-04-03T20:52:48.50594-07:00,read,key-3,57.561,7,false,leader-w1r5,10
2026-04-03T20:52:48.506797-07:00,read,key-8,56.711,11,false,leader-w1r5,10
2026-04-03T20:52:48.509233-07:00,read,key-9,54.314,10,false,leader-w1r5,10
2026-04-03T20:52:48.505924-07:00,read,key-4,57.840,8,false,leader-w1r5,10
2026-04-03T20:52:48.505835-07:00,read,key-0,57.931,10,false,leader-w1r5,10
2026-04-03T20:52:48.563479-07:00,read,key-6,53.822,8,false,leader-w1r5,10
2026-04-03T20:52:48.562878-07:00,read,key-2,54.486,3,false,leader-w1r5,10
2026-04-03T20:52:48.562938-07:00,read,key-4,54.444,8,false,leader-w1r5,10
2026-04-03T20:52:48.563765-07:00,read,key-1,53.665,3,false,leader-w1r5,10
2026-04-03T20:52:48.562798-07:00,read,key-2,54.652,3,false,leader-w1r5,10
2026-04-03T20:52:48.563767-07:00,read,key-6,53.691,8,false,leader-w1r5,10
2026-04-03T20:52:48.563473-07:00,read,key-0,54.004,10,false,leader-w1r5,10
2026-04-03T20:52:48.562917-07:00,read,key-5,54.563,9,false,leader-w1r5,10
2026-04-03T20:52:48.562957-07:00,read,key-3,54.525,7,false,leader-w1r5,10
2026-04-03T20:52:48.563428-07:00,read,key-9,54.178,10,false,leader-w1r5,10
2026-04-03T20:52:48.562914-07:00,read,key-9,54.738,10,false,leader-w1r5,10
2026-04-03T20:52:48.563485-07:00,read,key-7,54.192,13,false,leader-w1r5,10
2026-04-03T20:52:48.562882-07:00,read,key-6,54.813,8,false,leader-w1r5,10
2026-04-03T20:52:48.562907-07:00,read,key-0,54.788,10,false,leader-w1r5,10
2026-04-03T20:52:48.562868-07:00,read,key-9,54.829,10,false,leader-w1r5,10
2026-04-03T20:52:48.562949-07:00,read,key-0,54.873,10,false,leader-w1r5,10
2026-04-03T20:52:48.563571-07:00,read,key-2,54.281,3,false,leader-w1r5,10
2026-04-03T20:52:48.563509-07:00,read,key-8,54.346,11,false,leader-w1r5,10
2026-04-03T20:52:48.563502-07:00,read,key-6,54.377,8,false,leader-w1r5,10
2026-04-03T20:52:48.562949-07:00,read,key-4,54.943,8,false,leader-w1r5,10
2026-04-03T20:52:48.617383-07:00,write,key-2,1.393,4,false,leader-w1r5,10
2026-04-03T20:52:48.617823-07:00,write,key-2,1.652,5,false,leader-w1r5,10
2026-04-03T20:52:48.617855-07:00,read,key-4,57.574,8,false,leader-w1r5,10
2026-04-03T20:52:48.617365-07:00,read,key-5,58.163,9,false,leader-w1r5,10
2026-04-03T20:52:48.617678-07:00,read,key-3,57.860,7,false,leader-w1r5,10
2026-04-03T20:52:48.617459-07:00,read,key-3,58.112,7,false,leader-w1r5,10
2026-04-03T20:52:48.617607-07:00,read,key-8,58.017,11,false,leader-w1r5,10
2026-04-03T20:52:48.617452-07:00,read,key-6,58.208,8,false,leader-w1r5,10
2026-04-03T20:52:48.617856-07:00,read,key-2,57.810,5,false,leader-w1r5,10
2026-04-03T20:52:48.617483-07:00,read,key-9,58.187,10,false,leader-w1r5,10
2026-04-03T20:52:48.617479-07:00,read,key-3,58.219,7,false,leader-w1r5,10
2026-04-03T20:52:48.617481-07:00,read,key-4,58.237,8,false,leader-w1r5,10
2026-04-03T20:52:48.617302-07:00,read,key-1,58.553,3,false,leader-w1r5,10
2026-04-03T20:52:48.617653-07:00,read,key-2,58.255,5,false,leader-w1r5,10
2026-04-03T20:52:48.61788-07:00,read,key-5,58.117,9,false,leader-w1r5,10
2026-04-03T20:52:48.617701-07:00,read,key-3,58.316,7,false,leader-w1r5,10
2026-04-03T20:52:48.618778-07:00,read,key-9,57.286,10,false,leader-w1r5,10
2026-04-03T20:52:48.617894-07:00,read,key-9,58.185,10,false,leader-w1r5,10
2026-04-03T20:52:48.6177-07:00,read,key-6,58.388,8,false,leader-w1r5,10
2026-04-03T20:52:48.617432-07:00,read,key-3,58.691,7,false,leader-w1r5,10
2026-04-03T20:52:48.617697-07:00,read,key-7,58.445,13,false,leader-w1r5,10
2026-04-03T20:52:48.619476-07:00,read,key-0,56.912,10,false,leader-w1r5,10
2026-04-03T20:52:48.675663-07:00,write,key-3,2.159,8,false,leader-w1r5,10
2026-04-03T20:52:48.675433-07:00,write,key-7,2.421,14,false,leader-w1r5,10
2026-04-03T20:52:48.677823-07:00,read,key-0,55.530,10,false,leader-w1r5,10
2026-04-03T20:52:48.676388-07:00,read,key-2,56.977,5,false,leader-w1r5,10
2026-04-03T20:52:48.67553-07:00,read,key-6,57.857,8,false,leader-w1r5,10
2026-04-03T20:52:48.67608-07:00,read,key-9,57.361,10,false,leader-w1r5,10
2026-04-03T20:52:48.675667-07:00,read,key-7,57.805,14,false,leader-w1r5,10
2026-04-03T20:52:48.675718-07:00,read,key-5,57.861,9,false,leader-w1r5,10
2026-04-03T20:52:48.676019-07:00,read,key-3,57.577,7,true,leader-w1r5,10
2026-04-03T20:52:48.675998-07:00,read,key-1,57.614,3,false,leader-w1r5,10
2026-04-03T20:52:48.675571-07:00,read,key-1,58.046,3,false,leader-w1r5,10
2026-04-03T20:52:48.675909-07:00,read,key-9,57.729,10,false,leader-w1r5,10
2026-04-03T20:52:48.676064-07:00,read,key-3,57.624,8,false,leader-w1r5,10
2026-04-03T20:52:48.675856-07:00,read,key-2,57.959,5,false,leader-w1r5,10
2026-04-03T20:52:48.675626-07:00,read,key-0,58.194,10,false,leader-w1r5,10
2026-04-03T20:52:48.67554-07:00,read,key-9,58.281,10,false,leader-w1r5,10
2026-04-03T20:52:48.675671-07:00,read,key-7,58.180,14,false,leader-w1r5,10
2026-04-03T20:52:48.675699-07:00,read,key-6,58.154,8,false,leader-w1r5,10
2026-04-03T20:52:48.733823-07:00,write,key-8,0.997,12,false,leader-w1r5,10
2026-04-03T20:52:48.733613-07:00,write,key-7,1.382,15,false,leader-w1r5,10
2026-04-03T20:52:48.676124-07:00,read,key-9,59.288,10,false,leader-w1r5,10
2026-04-03T20:52:48.677856-07:00,read,key-8,57.559,12,false,leader-w1r5,10
2026-04-03T20:52:48.676142-07:00,read,key-2,59.595,5,false,leader-w1r5,10
2026-04-03T20:52:48.67609-07:00,read,key-9,59.682,10,false,leader-w1r5,10
2026-04-03T20:52:48.735738-07:00,read,key-3,54.344,8,false,leader-w1r5,10
2026-04-03T20:52:48.733619-07:00,read,key-8,56.540,12,false,leader-w1r5,10
2026-04-03T20:52:48.734821-07:00,read,key-6,55.496,8,false,leader-w1r5,10
2026-04-03T20:52:48.735414-07:00,read,key-6,54.943,8,false,leader-w1r5,10
2026-04-03T20:52:48.734996-07:00,read,key-9,55.398,10,false,leader-w1r5,10
2026-04-03T20:52:48.733598-07:00,read,key-6,56.817,8,false,leader-w1r5,10
2026-04-03T20:52:48.733816-07:00,read,key-2,56.648,5,false,leader-w1r5,10
2026-04-03T20:52:48.735417-07:00,read,key-8,55.108,12,false,leader-w1r5,10
2026-04-03T20:52:48.735774-07:00,read,key-0,54.823,10,false,leader-w1r5,10
2026-04-03T20:52:48.733389-07:00,read,key-0,57.260,10,false,leader-w1r5,10
2026-04-03T20:52:48.733854-07:00,read,key-0,56.823,10,false,leader-w1r5,10
2026-04-03T20:52:48.733852-07:00,read,key-5,56.920,9,false,leader-w1r5,10
2026-04-03T20:52:48.733822-07:00,read,key-6,57.037,8,false,leader-w1r5,10
2026-04-03T20:52:48.733639-07:00,read,key-4,57.248,8,false,leader-w1r5,10
2026-04-03T20:52:48.733442-07:00,read,key-4,57.464,8,false,leader-w1r5,10
2026-04-03T20:52:48.733581-07:00,read,key-8,57.398,12,false,leader-w1r5,10
2026-04-03T20:52:48.733355-07:00,read,key-8,57.611,12,false,leader-w1r5,10
2026-04-03T20:52:48.733689-07:00,read,key-4,57.378,8,false,leader-w1r5,10
2026-04-03T20:52:48.733474-07:00,read,key-9,57.622,10,false,leader-w1r5,10
2026-04-03T20:52:48.733367-07:00,read,key-8,57.743,12,false,leader-w1r5,10
2026-04-03T20:52:48.790678-07:00,write,key-5,1.951,10,false,leader-w1r5,10
2026-04-03T20:52:48.792634-07:00,write,key-4,0.859,9,false,leader-w1r5,10
2026-04-03T20:52:48.793495-07:00,write,key-7,0.660,16,false,leader-w1r5,10
2026-04-03T20:52:48.790466-07:00,read,key-3,55.748,8,false,leader-w1r5,10
2026-04-03T20:52:48.790529-07:00,read,key-2,55.696,5,false,leader-w1r5,10
2026-04-03T20:52:48.790598-07:00,read,key-3,55.667,8,false,leader-w1r5,10
2026-04-03T20:52:48.790416-07:00,read,key-2,55.902,5,false,leader-w1r5,10
2026-04-03T20:52:48.790651-07:00,read,key-6,55.756,8,false,leader-w1r5,10
2026-04-03T20:52:48.79032-07:00,read,key-6,56.132,8,false,leader-w1r5,10
2026-04-03T20:52:48.790396-07:00,read,key-0,56.101,10,false,leader-w1r5,10
2026-04-03T20:52:48.790161-07:00,read,key-3,56.362,8,false,leader-w1r5,10
2026-04-03T20:52:48.791111-07:00,read,key-1,55.458,3,false,leader-w1r5,10
2026-04-03T20:52:48.79009-07:00,read,key-2,56.490,5,false,leader-w1r5,10
2026-04-03T20:52:48.794158-07:00,read,key-6,52.473,8,false,leader-w1r5,10
2026-04-03T20:52:48.790774-07:00,read,key-6,55.905,8,false,leader-w1r5,10
2026-04-03T20:52:48.79086-07:00,read,key-8,55.828,12,false,leader-w1r5,10
2026-04-03T20:52:48.79098-07:00,read,key-9,55.739,10,false,leader-w1r5,10
2026-04-03T20:52:48.790908-07:00,read,key-5,55.816,10,false,leader-w1r5,10
2026-04-03T20:52:48.790889-07:00,read,key-6,56.628,8,false,leader-w1r5,10
2026-04-03T20:52:48.846583-07:00,write,key-8,1.010,13,false,leader-w1r5,10
2026-04-03T20:52:48.790358-07:00,read,key-3,57.262,8,false,leader-w1r5,10
2026-04-03T20:52:48.791068-07:00,read,key-6,56.575,8,false,leader-w1r5,10
2026-04-03T20:52:48.791097-07:00,read,key-0,56.582,10,false,leader-w1r5,10
2026-04-03T20:52:48.791034-07:00,read,key-8,56.670,12,true,leader-w1r5,10
2026-04-03T20:52:48.84752-07:00,write,key-4,0.774,10,false,leader-w1r5,10
2026-04-03T20:52:48.846454-07:00,read,key-6,56.018,8,false,leader-w1r5,10
2026-04-03T20:52:48.846526-07:00,read,key-0,55.946,10,false,leader-w1r5,10
2026-04-03T20:52:48.847594-07:00,read,key-1,55.014,3,false,leader-w1r5,10
2026-04-03T20:52:48.847645-07:00,read,key-8,54.986,13,false,leader-w1r5,10
2026-04-03T20:52:48.846691-07:00,read,key-7,56.109,16,false,leader-w1r5,10
2026-04-03T20:52:48.846409-07:00,read,key-5,56.391,10,false,leader-w1r5,10
2026-04-03T20:52:48.846633-07:00,read,key-4,56.217,10,false,leader-w1r5,10
2026-04-03T20:52:48.84668-07:00,read,key-2,56.204,5,false,leader-w1r5,10
2026-04-03T20:52:48.84672-07:00,read,key-0,56.192,10,false,leader-w1r5,10
2026-04-03T20:52:48.847623-07:00,read,key-3,55.318,8,false,leader-w1r5,10
2026-04-03T20:52:48.8465-07:00,read,key-1,56.473,3,false,leader-w1r5,10
2026-04-03T20:52:48.84632-07:00,read,key-1,56.699,3,false,leader-w1r5,10
2026-04-03T20:52:48.846726-07:00,read,key-0,56.350,10,false,leader-w1r5,10
2026-04-03T20:52:48.846227-07:00,read,key-7,56.856,16,false,leader-w1r5,10
2026-04-03T20:52:48.848296-07:00,read,key-5,54.926,10,false,leader-w1r5,10
2026-04-03T20:52:48.846571-07:00,read,key-1,56.704,3,false,leader-w1r5,10
2026-04-03T20:52:48.846266-07:00,read,key-9,57.102,10,false,leader-w1r5,10
2026-04-03T20:52:48.846217-07:00,read,key-3,57.155,8,false,leader-w1r5,10
2026-04-03T20:52:48.847705-07:00,read,key-5,55.741,10,false,leader-w1r5,10
2026-04-03T20:52:48.902632-07:00,write,key-1,0.863,4,false,leader-w1r5,10
2026-04-03T20:52:48.903084-07:00,write,key-5,0.853,11,false,leader-w1r5,10
2026-04-03T20:52:48.902801-07:00,write,key-4,1.641,11,false,leader-w1r5,10
2026-04-03T20:52:48.847681-07:00,read,key-2,57.490,5,false,leader-w1r5,10
2026-04-03T20:52:48.904444-07:00,write,key-7,1.602,17,false,leader-w1r5,10
2026-04-03T20:52:48.903447-07:00,read,key-4,55.943,11,false,leader-w1r5,10
2026-04-03T20:52:48.902885-07:00,read,key-7,56.508,17,false,leader-w1r5,10
2026-04-03T20:52:48.902476-07:00,read,key-0,57.027,10,false,leader-w1r5,10
2026-04-03T20:52:48.902802-07:00,read,key-5,56.772,11,false,leader-w1r5,10
2026-04-03T20:52:48.903077-07:00,read,key-5,56.514,11,false,leader-w1r5,10
2026-04-03T20:52:48.902914-07:00,read,key-4,56.740,11,false,leader-w1r5,10
2026-04-03T20:52:48.903374-07:00,read,key-7,56.286,17,false,leader-w1r5,10
2026-04-03T20:52:48.903938-07:00,read,key-7,55.763,17,false,leader-w1r5,10
2026-04-03T20:52:48.903276-07:00,read,key-2,56.442,5,false,leader-w1r5,10
2026-04-03T20:52:48.902942-07:00,read,key-3,56.814,8,false,leader-w1r5,10
2026-04-03T20:52:48.90302-07:00,read,key-3,56.813,8,false,leader-w1r5,10
2026-04-03T20:52:48.902851-07:00,read,key-8,56.995,13,false,leader-w1r5,10
2026-04-03T20:52:48.905173-07:00,read,key-3,54.697,8,false,leader-w1r5,10
2026-04-03T20:52:48.90261-07:00,read,key-0,57.275,10,false,leader-w1r5,10
2026-04-03T20:52:48.902975-07:00,read,key-4,56.945,11,false,leader-w1r5,10
2026-04-03T20:52:48.903496-07:00,read,key-9,56.689,10,false,leader-w1r5,10
2026-04-03T20:52:48.902476-07:00,read,key-8,57.775,13,false,leader-w1r5,10
2026-04-03T20:52:48.906049-07:00,read,key-1,54.217,4,false,leader-w1r5,10
2026-04-03T20:52:48.90337-07:00,read,key-8,56.922,13,false,leader-w1r5,10
2026-04-03T20:52:48.903223-07:00,read,key-9,57.105,10,false,leader-w1r5,10
2026-04-03T20:52:48.959703-07:00,write,key-8,1.354,14,false,leader-w1r5,10
2026-04-03T20:52:48.960253-07:00,read,key-6,57.131,8,false,leader-w1r5,10
2026-04-03T20:52:48.959393-07:00,read,key-8,58.274,14,false,leader-w1r5,10
2026-04-03T20:52:48.959656-07:00,read,key-1,58.066,4,false,leader-w1r5,10
2026-04-03T20:52:48.96033-07:00,read,key-8,57.396,14,false,leader-w1r5,10
2026-04-03T20:52:48.959394-07:00,read,key-1,58.387,4,false,leader-w1r5,10
2026-04-03T20:52:48.959871-07:00,read,key-5,57.961,11,false,leader-w1r5,10
2026-04-03T20:52:48.959834-07:00,read,key-0,58.002,10,false,leader-w1r5,10
2026-04-03T20:52:48.960187-07:00,read,key-2,57.692,5,false,leader-w1r5,10
2026-04-03T20:52:48.960293-07:00,read,key-1,57.599,4,false,leader-w1r5,10
2026-04-03T20:52:48.959921-07:00,read,key-8,58.015,13,true,leader-w1r5,10
2026-04-03T20:52:48.959757-07:00,read,key-3,58.207,8,false,leader-w1r5,10
2026-04-03T20:52:48.959505-07:00,read,key-9,58.479,10,false,leader-w1r5,10
2026-04-03T20:52:48.959575-07:00,read,key-5,58.435,11,false,leader-w1r5,10
2026-04-03T20:52:48.959847-07:00,read,key-8,58.190,14,false,leader-w1r5,10
2026-04-03T20:52:48.959661-07:00,read,key-6,58.421,8,false,leader-w1r5,10
2026-04-03T20:52:48.959593-07:00,read,key-2,58.542,5,false,leader-w1r5,10
2026-04-03T20:52:48.96106-07:00,read,key-0,57.131,10,false,leader-w1r5,10
2026-04-03T20:52:48.959887-07:00,read,key-2,58.351,5,false,leader-w1r5,10
2026-04-03T20:52:48.960268-07:00,read,key-9,58.013,10,false,leader-w1r5,10
2026-04-03T20:52:48.959719-07:00,read,key-2,58.603,5,false,leader-w1r5,10
2026-04-03T20:52:49.017727-07:00,write,key-4,1.162,12,false,leader-w1r5,10
2026-04-03T20:52:49.017893-07:00,write,key-8,1.003,15,false,leader-w1r5,10
2026-04-03T20:52:49.017834-07:00,read,key-8,58.048,15,false,leader-w1r5,10
2026-04-03T20:52:49.018891-07:00,read,key-6,57.021,8,false,leader-w1r5,10
2026-04-03T20:52:49.017671-07:00,read,key-1,58.282,4,false,leader-w1r5,10
2026-04-03T20:52:49.018192-07:00,read,key-9,57.864,10,false,leader-w1r5,10
2026-04-03T20:52:49.017985-07:00,read,key-1,58.219,4,false,leader-w1r5,10
2026-04-03T20:52:49.017388-07:00,read,key-9,58.837,10,false,leader-w1r5,10
2026-04-03T20:52:49.018039-07:00,read,key-5,58.284,11,false,leader-w1r5,10
2026-04-03T20:52:49.018136-07:00,read,key-1,58.291,4,false,leader-w1r5,10
2026-04-03T20:52:49.017782-07:00,read,key-2,58.739,5,false,leader-w1r5,10
2026-04-03T20:52:49.018282-07:00,read,key-8,58.288,15,false,leader-w1r5,10
2026-04-03T20:52:49.018324-07:00,read,key-0,58.309,10,false,leader-w1r5,10
2026-04-03T20:52:49.018898-07:00,read,key-7,57.749,17,false,leader-w1r5,10
2026-04-03T20:52:49.017838-07:00,read,key-5,58.894,11,false,leader-w1r5,10
2026-04-03T20:52:49.018011-07:00,read,key-4,58.800,12,false,leader-w1r5,10
2026-04-03T20:52:49.017966-07:00,read,key-7,58.912,17,false,leader-w1r5,10
2026-04-03T20:52:49.017881-07:00,read,key-1,59.001,4,false,leader-w1r5,10
2026-04-03T20:52:49.018238-07:00,read,key-0,58.668,10,false,leader-w1r5,10
2026-04-03T20:52:49.017937-07:00,read,key-5,59.004,11,false,leader-w1r5,10
2026-04-03T20:52:49.018083-07:00,read,key-8,58.881,15,false,leader-w1r5,10
2026-04-03T20:52:49.017723-07:00,read,key-4,59.265,12,false,leader-w1r5,10
2026-04-03T20:52:49.076428-07:00,write,key-5,3.954,12,false,leader-w1r5,10
2026-04-03T20:52:49.076648-07:00,write,key-1,3.745,5,false,leader-w1r5,10
2026-04-03T20:52:49.076227-07:00,read,key-9,54.568,10,false,leader-w1r5,10
2026-04-03T20:52:49.076572-07:00,read,key-5,54.553,12,false,leader-w1r5,10
2026-04-03T20:52:49.076734-07:00,read,key-5,54.408,12,false,leader-w1r5,10
2026-04-03T20:52:49.076635-07:00,read,key-4,54.601,12,false,leader-w1r5,10
2026-04-03T20:52:49.075915-07:00,read,key-4,55.335,12,false,leader-w1r5,10
2026-04-03T20:52:49.076965-07:00,read,key-9,54.337,10,false,leader-w1r5,10
2026-04-03T20:52:49.076523-07:00,read,key-9,54.835,10,false,leader-w1r5,10
2026-04-03T20:52:49.076942-07:00,read,key-7,54.437,17,false,leader-w1r5,10
2026-04-03T20:52:49.076206-07:00,read,key-3,55.208,8,false,leader-w1r5,10
2026-04-03T20:52:49.076989-07:00,read,key-7,54.440,17,false,leader-w1r5,10
2026-04-03T20:52:49.076324-07:00,read,key-7,55.150,17,false,leader-w1r5,10
2026-04-03T20:52:49.07589-07:00,read,key-6,55.626,8,false,leader-w1r5,10
2026-04-03T20:52:49.130799-07:00,write,key-7,0.725,18,false,leader-w1r5,10
2026-04-03T20:52:49.076058-07:00,read,key-5,55.546,12,false,leader-w1r5,10
2026-04-03T20:52:49.075956-07:00,read,key-7,55.705,17,true,leader-w1r5,10
2026-04-03T20:52:49.131381-07:00,write,key-0,0.666,11,false,leader-w1r5,10
2026-04-03T20:52:49.080385-07:00,read,key-0,51.718,10,true,leader-w1r5,10
2026-04-03T20:52:49.131304-07:00,write,key-7,0.893,19,false,leader-w1r5,10
2026-04-03T20:52:49.13152-07:00,write,key-0,0.965,12,false,leader-w1r5,10
2026-04-03T20:52:49.076879-07:00,read,key-3,59.182,8,false,leader-w1r5,10
2026-04-03T20:52:49.076813-07:00,read,key-8,59.410,15,false,leader-w1r5,10
2026-04-03T20:52:49.076907-07:00,read,key-0,59.349,12,false,leader-w1r5,10
2026-04-03T20:52:49.076883-07:00,read,key-4,59.390,12,false,leader-w1r5,10
2026-04-03T20:52:49.080397-07:00,read,key-5,55.958,12,false,leader-w1r5,10
2026-04-03T20:52:49.131144-07:00,read,key-8,55.039,15,false,leader-w1r5,10
2026-04-03T20:52:49.132105-07:00,read,key-5,54.131,12,false,leader-w1r5,10
2026-04-03T20:52:49.132048-07:00,read,key-0,54.259,12,false,leader-w1r5,10
2026-04-03T20:52:49.131416-07:00,read,key-3,54.946,8,false,leader-w1r5,10
2026-04-03T20:52:49.131606-07:00,read,key-4,54.796,12,false,leader-w1r5,10
2026-04-03T20:52:49.131476-07:00,read,key-3,54.933,8,false,leader-w1r5,10
2026-04-03T20:52:49.131252-07:00,read,key-4,55.203,12,false,leader-w1r5,10
2026-04-03T20:52:49.131239-07:00,read,key-3,55.218,8,false,leader-w1r5,10
2026-04-03T20:52:49.131526-07:00,read,key-7,55.078,19,false,leader-w1r5,10
2026-04-03T20:52:49.13136-07:00,read,key-7,55.264,19,false,leader-w1r5,10
2026-04-03T20:52:49.131663-07:00,read,key-2,54.968,5,false,leader-w1r5,10
2026-04-03T20:52:49.131127-07:00,read,key-5,55.532,12,false,leader-w1r5,10
2026-04-03T20:52:49.132488-07:00,read,key-9,54.197,10,false,leader-w1r5,10
2026-04-03T20:52:49.132199-07:00,read,key-3,54.509,8,false,leader-w1r5,10
2026-04-03T20:52:49.131431-07:00,read,key-5,55.301,12,false,leader-w1r5,10
2026-04-03T20:52:49.136358-07:00,read,key-2,51.368,5,false,leader-w1r5,10
2026-04-03T20:52:49.136225-07:00,read,key-1,51.545,5,false,leader-w1r5,10
2026-04-03T20:52:49.136259-07:00,read,key-1,51.559,5,false,leader-w1r5,10
2026-04-03T20:52:49.136274-07:00,read,key-4,51.560,12,false,leader-w1r5,10
2026-04-03T20:52:49.136065-07:00,read,key-3,51.818,8,false,leader-w1r5,10
2026-04-03T20:52:49.186709-07:00,write,key-5,3.874,13,false,leader-w1r5,10
2026-04-03T20:52:49.187884-07:00,read,key-5,56.355,13,false,leader-w1r5,10
2026-04-03T20:52:49.186411-07:00,read,key-0,58.082,12,false,leader-w1r5,10
2026-04-03T20:52:49.186632-07:00,read,key-2,57.948,5,false,leader-w1r5,10
2026-04-03T20:52:49.186686-07:00,read,key-0,57.990,12,false,leader-w1r5,10
2026-04-03T20:52:49.186308-07:00,read,key-1,58.387,5,false,leader-w1r5,10
2026-04-03T20:52:49.186734-07:00,read,key-1,58.002,5,false,leader-w1r5,10
2026-04-03T20:52:49.190586-07:00,read,key-7,54.347,19,false,leader-w1r5,10
2026-04-03T20:52:49.187836-07:00,read,key-8,57.220,15,false,leader-w1r5,10
2026-04-03T20:52:49.186186-07:00,read,key-2,58.920,5,false,leader-w1r5,10
2026-04-03T20:52:49.186605-07:00,read,key-1,58.625,5,false,leader-w1r5,10
2026-04-03T20:52:49.186458-07:00,read,key-9,58.819,10,false,leader-w1r5,10
2026-04-03T20:52:49.186661-07:00,read,key-9,58.719,10,false,leader-w1r5,10
2026-04-03T20:52:49.186625-07:00,read,key-2,58.758,5,false,leader-w1r5,10
2026-04-03T20:52:49.186404-07:00,read,key-2,59.001,5,false,leader-w1r5,10
2026-04-03T20:52:49.186363-07:00,read,key-0,59.069,12,false,leader-w1r5,10
2026-04-03T20:52:49.187728-07:00,read,key-1,57.719,5,false,leader-w1r5,10
2026-04-03T20:52:49.186238-07:00,read,key-3,59.226,8,false,leader-w1r5,10
2026-04-03T20:52:49.186455-07:00,read,key-8,59.018,15,false,leader-w1r5,10
2026-04-03T20:52:49.187819-07:00,read,key-9,57.674,10,false,leader-w1r5,10
2026-04-03T20:52:49.187772-07:00,read,key-2,57.727,5,false,leader-w1r5,10
2026-04-03T20:52:49.245384-07:00,write,key-0,0.661,13,false,leader-w1r5,10
2026-04-03T20:52:49.245475-07:00,read,key-9,54.642,10,false,leader-w1r5,10
2026-04-03T20:52:49.245107-07:00,read,key-6,55.431,8,false,leader-w1r5,10
2026-04-03T20:52:49.245058-07:00,read,key-2,55.513,5,false,leader-w1r5,10
2026-04-03T20:52:49.244582-07:00,read,key-5,56.024,13,false,leader-w1r5,10
2026-04-03T20:52:49.244242-07:00,read,key-9,56.407,10,false,leader-w1r5,10
2026-04-03T20:52:49.245448-07:00,read,key-7,55.252,19,false,leader-w1r5,10
2026-04-03T20:52:49.244495-07:00,read,key-3,56.257,8,false,leader-w1r5,10
2026-04-03T20:52:49.244677-07:00,read,key-6,56.090,8,false,leader-w1r5,10
2026-04-03T20:52:49.245231-07:00,read,key-0,55.555,13,false,leader-w1r5,10
2026-04-03T20:52:49.245465-07:00,read,key-5,55.364,13,false,leader-w1r5,10
2026-04-03T20:52:49.246047-07:00,read,key-7,54.792,19,false,leader-w1r5,10
2026-04-03T20:52:49.245278-07:00,read,key-8,55.606,15,false,leader-w1r5,10
2026-04-03T20:52:49.244697-07:00,read,key-8,56.283,15,false,leader-w1r5,10
2026-04-03T20:52:49.245382-07:00,read,key-5,55.602,13,false,leader-w1r5,10
2026-04-03T20:52:49.245516-07:00,read,key-2,57.011,5,false,leader-w1r5,10
2026-04-03T20:52:49.245406-07:00,read,key-2,57.255,5,false,leader-w1r5,10
2026-04-03T20:52:49.245434-07:00,read,key-9,57.369,10,false,leader-w1r5,10
2026-04-03T20:52:49.245495-07:00,read,key-1,57.529,5,false,leader-w1r5,10
2026-04-03T20:52:49.244935-07:00,read,key-1,58.213,5,false,leader-w1r5,10
2026-04-03T20:52:49.244737-07:00,read,key-0,58.471,13,false,leader-w1r5,10
2026-04-03T20:52:49.302529-07:00,write,key-5,1.915,14,false,leader-w1r5,10
2026-04-03T20:52:49.300573-07:00,read,key-0,53.560,13,false,leader-w1r5,10
2026-04-03T20:52:49.300831-07:00,read,key-3,53.602,8,false,leader-w1r5,10
2026-04-03T20:52:49.300787-07:00,read,key-7,53.689,19,false,leader-w1r5,10
2026-04-03T20:52:49.300885-07:00,read,key-8,53.695,15,false,leader-w1r5,10
2026-04-03T20:52:49.300702-07:00,read,key-5,53.956,14,false,leader-w1r5,10
2026-04-03T20:52:49.300753-07:00,read,key-1,53.952,5,false,leader-w1r5,10
2026-04-03T20:52:49.300768-07:00,read,key-7,53.984,19,false,leader-w1r5,10
2026-04-03T20:52:49.302804-07:00,read,key-5,52.041,14,false,leader-w1r5,10
2026-04-03T20:52:49.300652-07:00,read,key-2,54.227,5,false,leader-w1r5,10
2026-04-03T20:52:49.300541-07:00,read,key-8,54.351,15,false,leader-w1r5,10
2026-04-03T20:52:49.300607-07:00,read,key-7,54.324,19,false,leader-w1r5,10
2026-04-03T20:52:49.300982-07:00,read,key-3,53.977,8,false,leader-w1r5,10
2026-04-03T20:52:49.300841-07:00,read,key-6,54.135,8,false,leader-w1r5,10
2026-04-03T20:52:49.30012-07:00,read,key-6,54.897,8,false,leader-w1r5,10
2026-04-03T20:52:49.30315-07:00,read,key-5,52.211,14,false,leader-w1r5,10
2026-04-03T20:52:49.30321-07:00,read,key-8,52.202,15,false,leader-w1r5,10
2026-04-03T20:52:49.300985-07:00,read,key-7,54.761,19,false,leader-w1r5,10
2026-04-03T20:52:49.304447-07:00,read,key-2,52.733,5,false,leader-w1r5,10
2026-04-03T20:52:49.302663-07:00,read,key-5,54.593,13,true,leader-w1r5,10
2026-04-03T20:52:49.303026-07:00,read,key-9,54.293,10,false,leader-w1r5,10
2026-04-03T20:52:49.355362-07:00,read,key-0,55.153,13,false,leader-w1r5,10
2026-04-03T20:52:49.354847-07:00,read,key-1,55.729,5,false,leader-w1r5,10
2026-04-03T20:52:49.354753-07:00,read,key-7,55.853,19,false,leader-w1r5,10
2026-04-03T20:52:49.354435-07:00,read,key-4,56.211,12,false,leader-w1r5,10
2026-04-03T20:52:49.354582-07:00,read,key-1,56.370,5,false,leader-w1r5,10
2026-04-03T20:52:49.354707-07:00,read,key-8,56.274,15,false,leader-w1r5,10
2026-04-03T20:52:49.357257-07:00,read,key-8,53.771,15,false,leader-w1r5,10
2026-04-03T20:52:49.355414-07:00,read,key-5,55.619,14,false,leader-w1r5,10
2026-04-03T20:52:49.354136-07:00,read,key-8,56.965,15,false,leader-w1r5,10
2026-04-03T20:52:49.354659-07:00,read,key-4,56.494,12,false,leader-w1r5,10
2026-04-03T20:52:49.354478-07:00,read,key-1,56.704,5,false,leader-w1r5,10
2026-04-03T20:52:49.354893-07:00,read,key-8,56.336,15,false,leader-w1r5,10
2026-04-03T20:52:49.355019-07:00,read,key-9,56.224,10,false,leader-w1r5,10
2026-04-03T20:52:49.35496-07:00,read,key-5,56.296,14,false,leader-w1r5,10
2026-04-03T20:52:49.354932-07:00,read,key-7,56.351,19,false,leader-w1r5,10
2026-04-03T20:52:49.35488-07:00,read,key-9,56.435,10,false,leader-w1r5,10
2026-04-03T20:52:49.35732-07:00,read,key-3,53.998,8,false,leader-w1r5,10
2026-04-03T20:52:49.410577-07:00,write,key-3,0.787,9,false,leader-w1r5,10
2026-04-03T20:52:49.355748-07:00,read,key-8,55.661,15,false,leader-w1r5,10
2026-04-03T20:52:49.411103-07:00,write,key-6,1.036,9,false,leader-w1r5,10
2026-04-03T20:52:49.354978-07:00,read,key-1,57.484,5,false,leader-w1r5,10
2026-04-03T20:52:49.357183-07:00,read,key-3,55.450,9,false,leader-w1r5,10
2026-04-03T20:52:49.412463-07:00,write,key-3,2.276,10,false,leader-w1r5,10
2026-04-03T20:52:49.411411-07:00,read,key-2,57.392,5,false,leader-w1r5,10
2026-04-03T20:52:49.411184-07:00,read,key-1,57.674,5,false,leader-w1r5,10
2026-04-03T20:52:49.411316-07:00,read,key-8,57.630,15,false,leader-w1r5,10
2026-04-03T20:52:49.412634-07:00,read,key-7,56.404,19,false,leader-w1r5,10
2026-04-03T20:52:49.411029-07:00,read,key-3,58.033,10,false,leader-w1r5,10
2026-04-03T20:52:49.411034-07:00,read,key-3,58.081,10,false,leader-w1r5,10
2026-04-03T20:52:49.411257-07:00,read,key-9,57.943,10,false,leader-w1r5,10
2026-04-03T20:52:49.410648-07:00,read,key-5,58.634,14,false,leader-w1r5,10
2026-04-03T20:52:49.411284-07:00,read,key-8,58.057,15,false,leader-w1r5,10
2026-04-03T20:52:49.41214-07:00,read,key-1,57.264,5,false,leader-w1r5,10
2026-04-03T20:52:49.411154-07:00,read,key-3,58.293,10,false,leader-w1r5,10
2026-04-03T20:52:49.410953-07:00,read,key-0,58.531,13,false,leader-w1r5,10
2026-04-03T20:52:49.411231-07:00,read,key-1,58.290,5,false,leader-w1r5,10
2026-04-03T20:52:49.410608-07:00,read,key-2,58.984,5,false,leader-w1r5,10
2026-04-03T20:52:49.41132-07:00,read,key-4,58.341,12,false,leader-w1r5,10
2026-04-03T20:52:49.411245-07:00,read,key-7,58.492,19,false,leader-w1r5,10
2026-04-03T20:52:49.411366-07:00,read,key-0,58.430,13,false,leader-w1r5,10
2026-04-03T20:52:49.410518-07:00,read,key-9,59.284,10,false,leader-w1r5,10
2026-04-03T20:52:49.410982-07:00,read,key-3,58.855,10,false,leader-w1r5,10
2026-04-03T20:52:49.414741-07:00,read,key-0,55.179,13,false,leader-w1r5,10
2026-04-03T20:52:49.469594-07:00,write,key-0,6.486,14,false,leader-w1r5,10
2026-04-03T20:52:49.468859-07:00,read,key-3,53.652,10,false,leader-w1r5,10
2026-04-03T20:52:49.468948-07:00,read,key-8,53.648,15,false,leader-w1r5,10
2026-04-03T20:52:49.46904-07:00,read,key-4,53.563,12,false,leader-w1r5,10
2026-04-03T20:52:49.468808-07:00,read,key-3,53.851,10,false,leader-w1r5,10
2026-04-03T20:52:49.469116-07:00,read,key-6,53.554,9,false,leader-w1r5,10
2026-04-03T20:52:49.469406-07:00,read,key-4,54.962,12,false,leader-w1r5,10
2026-04-03T20:52:49.469282-07:00,read,key-9,55.126,10,false,leader-w1r5,10
2026-04-03T20:52:49.469804-07:00,read,key-8,54.645,15,false,leader-w1r5,10
2026-04-03T20:52:49.52437-07:00,write,key-9,1.049,11,false,leader-w1r5,10
2026-04-03T20:52:49.469662-07:00,read,key-9,55.822,10,true,leader-w1r5,10
2026-04-03T20:52:49.469202-07:00,read,key-2,56.290,5,false,leader-w1r5,10
2026-04-03T20:52:49.469486-07:00,read,key-5,56.068,14,false,leader-w1r5,10
2026-04-03T20:52:49.469448-07:00,read,key-6,56.107,9,false,leader-w1r5,10
2026-04-03T20:52:49.469523-07:00,read,key-9,56.075,10,true,leader-w1r5,10
2026-04-03T20:52:49.469798-07:00,read,key-1,55.822,5,false,leader-w1r5,10
2026-04-03T20:52:49.469064-07:00,read,key-6,56.585,9,false,leader-w1r5,10
2026-04-03T20:52:49.469343-07:00,read,key-3,57.144,10,false,leader-w1r5,10
2026-04-03T20:52:49.469922-07:00,read,key-7,56.650,19,false,leader-w1r5,10
2026-04-03T20:52:49.469838-07:00,read,key-5,56.796,14,false,leader-w1r5,10
2026-04-03T20:52:49.525495-07:00,write,key-8,1.187,16,false,leader-w1r5,10
2026-04-03T20:52:49.476082-07:00,read,key-6,52.040,9,false,leader-w1r5,10
2026-04-03T20:52:49.469739-07:00,read,key-4,58.404,12,false,leader-w1r5,10
2026-04-03T20:52:49.524411-07:00,read,key-0,57.446,14,false,leader-w1r5,10
2026-04-03T20:52:49.5256-07:00,read,key-2,56.552,5,false,leader-w1r5,10
2026-04-03T20:52:49.525557-07:00,read,key-4,97.215,12,false,leader-w1r5,10
2026-04-03T20:52:49.528124-07:00,read,key-0,95.731,14,false,leader-w1r5,10
2026-04-03T20:52:49.525556-07:00,read,key-1,98.322,5,false,leader-w1r5,10
2026-04-03T20:52:49.526489-07:00,read,key-0,97.444,14,false,leader-w1r5,10
2026-04-03T20:52:49.526574-07:00,read,key-8,97.597,16,false,leader-w1r5,10
2026-04-03T20:52:49.522662-07:00,read,key-6,101.594,9,false,leader-w1r5,10
2026-04-03T20:52:49.522605-07:00,read,key-5,101.731,14,false,leader-w1r5,10
2026-04-03T20:52:49.525621-07:00,read,key-6,98.720,9,false,leader-w1r5,10
2026-04-03T20:52:49.526637-07:00,read,key-0,97.764,14,false,leader-w1r5,10
2026-04-03T20:52:49.522515-07:00,read,key-6,101.916,9,false,leader-w1r5,10
2026-04-03T20:52:49.525651-07:00,read,key-8,99.017,16,false,leader-w1r5,10
2026-04-03T20:52:49.522673-07:00,read,key-5,102.035,14,false,leader-w1r5,10
2026-04-03T20:52:49.524451-07:00,read,key-0,100.269,14,false,leader-w1r5,10
2026-04-03T20:52:49.525486-07:00,read,key-7,99.251,19,false,leader-w1r5,10
2026-04-03T20:52:49.528145-07:00,read,key-8,96.805,16,false,leader-w1r5,10
2026-04-03T20:52:49.526684-07:00,read,key-3,98.302,10,false,leader-w1r5,10
2026-04-03T20:52:49.522598-07:00,read,key-0,102.415,14,false,leader-w1r5,10
2026-04-03T20:52:49.525421-07:00,read,key-9,100.539,11,false,leader-w1r5,10
2026-04-03T20:52:49.624401-07:00,write,key-6,33.327,10,false,leader-w1r5,10
2026-04-03T20:52:49.624738-07:00,write,key-7,34.488,20,false,leader-w1r5,10
2026-04-03T20:52:49.657733-07:00,write,key-2,24.809,6,false,leader-w1r5,10
2026-04-03T20:52:49.622775-07:00,read,key-3,72.454,10,false,leader-w1r5,10
2026-04-03T20:52:49.582155-07:00,read,key-8,130.272,16,false,leader-w1r5,10
2026-04-03T20:52:49.581861-07:00,read,key-7,133.058,20,false,leader-w1r5,10
2026-04-03T20:52:49.623857-07:00,read,key-7,93.125,20,false,leader-w1r5,10
2026-04-03T20:52:49.623879-07:00,read,key-9,94.597,11,false,leader-w1r5,10
2026-04-03T20:52:49.624338-07:00,read,key-0,94.955,14,false,leader-w1r5,10
2026-04-03T20:52:49.624669-07:00,read,key-5,108.249,14,false,leader-w1r5,10
2026-04-03T20:52:49.73292-07:00,write,key-5,2.229,15,false,leader-w1r5,10
2026-04-03T20:52:49.624257-07:00,read,key-0,113.665,14,false,leader-w1r5,10
2026-04-03T20:52:49.624342-07:00,read,key-2,132.563,6,false,leader-w1r5,10
2026-04-03T20:52:49.624708-07:00,read,key-3,133.963,10,false,leader-w1r5,10
2026-04-03T20:52:49.625962-07:00,read,key-5,133.133,15,false,leader-w1r5,10
2026-04-03T20:52:49.624172-07:00,read,key-1,142.283,5,false,leader-w1r5,10
2026-04-03T20:52:49.624433-07:00,read,key-8,143.095,16,false,leader-w1r5,10
2026-04-03T20:52:49.623934-07:00,read,key-2,143.882,5,true,leader-w1r5,10
2026-04-03T20:52:49.624721-07:00,read,key-1,143.362,5,false,leader-w1r5,10
2026-04-03T20:52:49.695231-07:00,read,key-1,72.884,5,false,leader-w1r5,10
2026-04-03T20:52:49.624986-07:00,read,key-7,143.293,20,false,leader-w1r5,10
2026-04-03T20:52:49.714934-07:00,read,key-3,54.587,10,false,leader-w1r5,10
2026-04-03T20:52:49.624951-07:00,read,key-5,144.953,14,true,leader-w1r5,10
2026-04-03T20:52:49.659228-07:00,read,key-3,110.721,10,false,leader-w1r5,10
2026-04-03T20:52:49.625014-07:00,read,key-9,144.938,11,false,leader-w1r5,10
2026-04-03T20:52:49.682544-07:00,read,key-1,87.427,5,false,leader-w1r5,10
2026-04-03T20:52:49.719294-07:00,read,key-1,51.017,5,false,leader-w1r5,10
2026-04-03T20:52:49.716984-07:00,read,key-3,53.338,10,false,leader-w1r5,10
2026-04-03T20:52:49.718478-07:00,read,key-6,52.268,10,false,leader-w1r5,10
2026-04-03T20:52:49.735152-07:00,read,key-7,55.226,20,false,leader-w1r5,10
2026-04-03T20:52:49.712429-07:00,read,key-3,77.956,10,false,leader-w1r5,10
2026-04-03T20:52:49.737924-07:00,read,key-9,69.235,11,false,leader-w1r5,10
2026-04-03T20:52:49.756907-07:00,read,key-6,53.262,10,false,leader-w1r5,10
2026-04-03T20:52:49.758673-07:00,read,key-2,53.554,6,false,leader-w1r5,10
2026-04-03T20:52:49.759096-07:00,read,key-5,56.436,15,false,leader-w1r5,10
2026-04-03T20:52:49.766457-07:00,read,key-5,52.217,15,false,leader-w1r5,10
2026-04-03T20:52:49.767529-07:00,read,key-3,51.546,10,false,leader-w1r5,10
2026-04-03T20:52:49.767817-07:00,read,key-2,51.307,6,false,leader-w1r5,10
2026-04-03T20:52:49.768084-07:00,read,key-2,54.550,6,false,leader-w1r5,10
2026-04-03T20:52:49.768116-07:00,read,key-1,54.572,5,false,leader-w1r5,10
2026-04-03T20:52:49.76828-07:00,read,key-9,56.033,11,false,leader-w1r5,10
2026-04-03T20:52:49.770323-07:00,read,key-6,54.032,10,false,leader-w1r5,10
2026-04-03T20:52:49.769976-07:00,read,key-6,54.449,10,false,leader-w1r5,10
2026-04-03T20:52:49.76995-07:00,read,key-5,55.093,15,false,leader-w1r5,10
2026-04-03T20:52:49.769905-07:00,read,key-3,55.171,10,false,leader-w1r5,10
2026-04-03T20:52:49.769952-07:00,read,key-2,55.144,6,false,leader-w1r5,10
2026-04-03T20:52:49.769522-07:00,read,key-9,55.940,11,false,leader-w1r5,10
2026-04-03T20:52:49.770312-07:00,read,key-0,56.838,14,false,leader-w1r5,10
2026-04-03T20:52:49.824355-07:00,write,key-4,2.858,13,false,leader-w1r5,10
2026-04-03T20:52:49.770749-07:00,read,key-0,56.477,14,false,leader-w1r5,10
2026-04-03T20:52:49.790388-07:00,read,key-8,51.990,16,false,leader-w1r5,10
2026-04-03T20:52:49.79038-07:00,read,key-6,62.233,10,false,leader-w1r5,10
2026-04-03T20:52:49.807161-07:00,read,key-8,56.147,16,false,leader-w1r5,10
2026-04-03T20:52:49.810172-07:00,read,key-0,53.152,14,false,leader-w1r5,10
2026-04-03T20:52:49.812228-07:00,read,key-6,55.374,10,false,leader-w1r5,10
2026-04-03T20:52:49.818676-07:00,read,key-6,55.423,10,false,leader-w1r5,10
2026-04-03T20:52:49.819125-07:00,read,key-1,55.004,5,false,leader-w1r5,10
2026-04-03T20:52:49.819077-07:00,read,key-9,55.052,11,false,leader-w1r5,10
2026-04-03T20:52:49.815533-07:00,read,key-7,59.860,20,false,leader-w1r5,10
2026-04-03T20:52:49.822689-07:00,read,key-1,54.823,5,false,leader-w1r5,10
2026-04-03T20:52:49.825077-07:00,read,key-7,52.834,20,false,leader-w1r5,10
2026-04-03T20:52:49.825464-07:00,read,key-8,52.456,16,false,leader-w1r5,10
2026-04-03T20:52:49.824314-07:00,read,key-8,53.716,16,false,leader-w1r5,10
2026-04-03T20:52:49.822635-07:00,read,key-6,55.525,10,false,leader-w1r5,10
2026-04-03T20:52:49.824426-07:00,read,key-4,53.839,13,false,leader-w1r5,10
2026-04-03T20:52:49.825044-07:00,read,key-7,53.240,20,false,leader-w1r5,10
2026-04-03T20:52:49.827152-07:00,read,key-6,51.742,10,false,leader-w1r5,10
2026-04-03T20:52:49.827229-07:00,read,key-3,53.116,10,false,leader-w1r5,10
2026-04-03T20:52:49.880347-07:00,write,key-9,0.561,12,false,leader-w1r5,10
2026-04-03T20:52:49.825097-07:00,read,key-6,56.054,10,false,leader-w1r5,10
2026-04-03T20:52:49.827215-07:00,read,key-8,59.085,16,false,leader-w1r5,10
2026-04-03T20:52:49.886301-07:00,write,key-5,0.366,16,false,leader-w1r5,10
2026-04-03T20:52:49.842381-07:00,read,key-5,52.801,15,true,leader-w1r5,10
2026-04-03T20:52:49.852616-07:00,read,key-2,52.372,6,false,leader-w1r5,10
2026-04-03T20:52:49.863327-07:00,read,key-7,52.769,20,false,leader-w1r5,10
2026-04-03T20:52:49.863311-07:00,read,key-9,54.860,12,false,leader-w1r5,10
2026-04-03T20:52:49.867605-07:00,read,key-0,55.506,14,false,leader-w1r5,10
2026-04-03T20:52:49.874101-07:00,read,key-3,52.110,10,false,leader-w1r5,10
2026-04-03T20:52:49.875396-07:00,read,key-2,51.317,6,false,leader-w1r5,10
2026-04-03T20:52:49.874131-07:00,read,key-4,52.742,13,false,leader-w1r5,10
2026-04-03T20:52:49.877912-07:00,read,key-5,51.710,16,false,leader-w1r5,10
2026-04-03T20:52:49.878267-07:00,read,key-2,51.478,6,false,leader-w1r5,10
2026-04-03T20:52:49.878162-07:00,read,key-5,51.597,16,false,leader-w1r5,10
2026-04-03T20:52:49.877921-07:00,read,key-6,51.896,10,false,leader-w1r5,10
2026-04-03T20:52:49.874131-07:00,read,key-2,55.918,6,false,leader-w1r5,10
2026-04-03T20:52:49.877513-07:00,read,key-3,52.566,10,false,leader-w1r5,10
2026-04-03T20:52:49.878287-07:00,read,key-1,52.365,5,false,leader-w1r5,10
2026-04-03T20:52:49.878896-07:00,read,key-4,53.202,13,false,leader-w1r5,10
2026-04-03T20:52:49.878032-07:00,read,key-6,54.213,10,false,leader-w1r5,10
2026-04-03T20:52:49.880911-07:00,read,key-6,51.872,10,false,leader-w1r5,10
2026-04-03T20:52:49.932784-07:00,write,key-4,2.467,14,false,leader-w1r5,10
2026-04-03T20:52:49.881152-07:00,read,key-1,54.253,5,false,leader-w1r5,10
2026-04-03T20:52:49.886669-07:00,read,key-7,52.417,20,false,leader-w1r5,10
2026-04-03T20:52:49.895184-07:00,read,key-4,50.996,13,true,leader-w1r5,10
2026-04-03T20:52:49.90499-07:00,read,key-0,51.511,14,false,leader-w1r5,10
2026-04-03T20:52:49.918173-07:00,read,key-8,51.196,16,false,leader-w1r5,10
2026-04-03T20:52:49.916099-07:00,read,key-2,55.466,6,false,leader-w1r5,10
2026-04-03T20:52:49.923112-07:00,read,key-9,55.403,12,false,leader-w1r5,10
2026-04-03T20:52:49.969371-07:00,write,key-4,9.643,15,false,leader-w1r5,10
2026-04-03T20:52:49.926212-07:00,read,key-1,52.854,5,false,leader-w1r5,10
2026-04-03T20:52:49.926713-07:00,read,key-6,52.671,10,false,leader-w1r5,10
2026-04-03T20:52:49.929624-07:00,read,key-9,52.957,12,false,leader-w1r5,10
2026-04-03T20:52:49.926874-07:00,read,key-4,55.998,15,false,leader-w1r5,10
2026-04-03T20:52:49.929818-07:00,read,key-7,53.155,20,false,leader-w1r5,10
2026-04-03T20:52:49.92976-07:00,read,key-6,53.255,10,false,leader-w1r5,10
2026-04-03T20:52:49.93005-07:00,read,key-7,53.007,20,false,leader-w1r5,10
2026-04-03T20:52:49.932246-07:00,read,key-4,51.165,15,false,leader-w1r5,10
2026-04-03T20:52:49.93008-07:00,read,key-8,53.363,16,false,leader-w1r5,10
2026-04-03T20:52:49.930655-07:00,read,key-2,52.868,6,false,leader-w1r5,10
2026-04-03T20:52:49.932101-07:00,read,key-4,51.432,15,false,leader-w1r5,10
2026-04-03T20:52:49.929747-07:00,read,key-9,54.697,12,false,leader-w1r5,10
2026-04-03T20:52:49.983535-07:00,write,key-5,1.132,17,false,leader-w1r5,10
2026-04-03T20:52:49.935252-07:00,read,key-9,51.527,12,false,leader-w1r5,10
2026-04-03T20:52:49.935407-07:00,read,key-8,51.581,16,false,leader-w1r5,10
2026-04-03T20:52:49.939088-07:00,read,key-3,52.077,10,false,leader-w1r5,10
2026-04-03T20:52:49.991167-07:00,write,key-3,0.248,11,false,leader-w1r5,10
2026-04-03T20:52:49.946183-07:00,read,key-8,50.941,16,false,leader-w1r5,10
2026-04-03T20:52:49.956503-07:00,read,key-9,52.544,12,false,leader-w1r5,10
2026-04-03T20:52:49.971567-07:00,read,key-9,51.476,12,false,leader-w1r5,10
2026-04-03T20:52:50.023045-07:00,write,key-3,0.346,12,false,leader-w1r5,10
2026-04-03T20:52:49.978517-07:00,read,key-2,51.645,6,false,leader-w1r5,10
2026-04-03T20:52:49.979018-07:00,read,key-5,51.155,17,false,leader-w1r5,10
2026-04-03T20:52:49.979385-07:00,read,key-7,50.864,20,false,leader-w1r5,10
2026-04-03T20:52:50.03025-07:00,write,key-1,0.460,6,false,leader-w1r5,10
2026-04-03T20:52:49.983016-07:00,read,key-3,55.531,12,false,leader-w1r5,10
2026-04-03T20:52:49.979069-07:00,read,key-5,59.501,17,false,leader-w1r5,10
2026-04-03T20:52:49.982975-07:00,read,key-6,55.626,10,false,leader-w1r5,10
2026-04-03T20:52:49.982874-07:00,read,key-3,55.895,12,false,leader-w1r5,10
2026-04-03T20:52:49.983524-07:00,read,key-1,55.337,5,true,leader-w1r5,10
2026-04-03T20:52:49.983058-07:00,read,key-4,55.811,15,false,leader-w1r5,10
2026-04-03T20:52:49.983412-07:00,read,key-6,55.463,10,false,leader-w1r5,10
2026-04-03T20:52:49.983444-07:00,read,key-3,56.966,12,false,leader-w1r5,10
2026-04-03T20:52:49.986989-07:00,read,key-7,53.424,20,false,leader-w1r5,10
2026-04-03T20:52:49.984445-07:00,read,key-2,56.036,6,false,leader-w1r5,10
2026-04-03T20:52:49.982582-07:00,read,key-8,58.565,16,false,leader-w1r5,10
2026-04-03T20:52:49.98678-07:00,read,key-4,54.577,15,false,leader-w1r5,10
2026-04-03T20:52:49.984668-07:00,read,key-3,56.747,12,false,leader-w1r5,10
2026-04-03T20:52:49.991417-07:00,read,key-6,52.525,10,false,leader-w1r5,10
2026-04-03T20:52:49.997125-07:00,read,key-1,52.452,6,false,leader-w1r5,10
2026-04-03T20:52:50.009048-07:00,read,key-3,52.999,12,false,leader-w1r5,10
2026-04-03T20:52:50.023392-07:00,read,key-0,51.316,14,false,leader-w1r5,10
2026-04-03T20:52:50.030163-07:00,read,key-9,52.137,12,false,leader-w1r5,10
2026-04-03T20:52:50.030175-07:00,read,key-0,52.353,14,false,leader-w1r5,10
2026-04-03T20:52:50.030711-07:00,read,key-4,58.444,15,false,leader-w1r5,10
2026-04-03T20:52:50.038769-07:00,read,key-2,52.837,6,false,leader-w1r5,10
2026-04-03T20:52:50.038549-07:00,read,key-2,53.253,6,false,leader-w1r5,10
2026-04-03T20:52:50.03887-07:00,read,key-5,54.146,17,false,leader-w1r5,10
2026-04-03T20:52:50.038571-07:00,read,key-2,54.478,6,false,leader-w1r5,10
2026-04-03T20:52:50.038602-07:00,read,key-7,54.484,20,false,leader-w1r5,10
2026-04-03T20:52:50.038877-07:00,read,key-7,54.246,20,false,leader-w1r5,10
2026-04-03T20:52:50.041149-07:00,read,key-3,52.885,12,false,leader-w1r5,10
2026-04-03T20:52:50.094035-07:00,write,key-9,2.147,13,false,leader-w1r5,10
2026-04-03T20:52:50.043944-07:00,read,key-1,52.171,6,false,leader-w1r5,10
2026-04-03T20:52:50.040483-07:00,read,key-9,57.325,12,true,leader-w1r5,10
2026-04-03T20:52:50.041416-07:00,read,key-4,56.920,15,false,leader-w1r5,10
2026-04-03T20:52:50.040414-07:00,read,key-8,58.075,16,false,leader-w1r5,10
2026-04-03T20:52:50.040411-07:00,read,key-8,59.994,16,false,leader-w1r5,10
2026-04-03T20:52:50.038863-07:00,read,key-7,63.301,20,false,leader-w1r5,10
2026-04-03T20:52:50.049579-07:00,read,key-6,52.595,10,false,leader-w1r5,10
2026-04-03T20:52:50.102175-07:00,write,key-6,1.136,11,false,leader-w1r5,10
2026-04-03T20:52:50.041358-07:00,read,key-3,66.832,12,false,leader-w1r5,10
2026-04-03T20:52:50.06205-07:00,read,key-1,54.115,6,false,leader-w1r5,10
2026-04-03T20:52:50.074711-07:00,read,key-9,52.511,13,false,leader-w1r5,10
2026-04-03T20:52:50.082302-07:00,read,key-8,52.987,16,false,leader-w1r5,10
2026-04-03T20:52:50.082529-07:00,read,key-5,55.603,17,false,leader-w1r5,10
2026-04-03T20:52:50.089157-07:00,read,key-3,54.118,12,false,leader-w1r5,10
2026-04-03T20:52:50.091607-07:00,read,key-4,52.827,15,false,leader-w1r5,10
2026-04-03T20:52:50.091803-07:00,read,key-4,52.753,15,false,leader-w1r5,10
2026-04-03T20:52:50.09305-07:00,read,key-3,51.848,12,false,leader-w1r5,10
2026-04-03T20:52:50.093017-07:00,read,key-5,51.902,17,false,leader-w1r5,10
2026-04-03T20:52:50.093124-07:00,read,key-0,51.860,14,false,leader-w1r5,10
2026-04-03T20:52:50.096268-07:00,read,key-4,51.148,15,false,leader-w1r5,10
2026-04-03T20:52:50.093088-07:00,read,key-5,54.345,17,false,leader-w1r5,10
2026-04-03T20:52:50.097809-07:00,read,key-3,52.403,12,false,leader-w1r5,10
2026-04-03T20:52:50.098337-07:00,read,key-2,51.878,6,false,leader-w1r5,10
2026-04-03T20:52:50.098492-07:00,read,key-7,51.758,20,false,leader-w1r5,10
2026-04-03T20:52:50.096184-07:00,read,key-1,54.905,6,false,leader-w1r5,10
2026-04-03T20:52:50.102166-07:00,read,key-9,50.939,13,false,leader-w1r5,10
2026-04-03T20:52:50.103313-07:00,read,key-6,51.756,11,false,leader-w1r5,10
2026-04-03T20:52:50.100406-07:00,read,key-5,54.752,17,false,leader-w1r5,10
2026-04-03T20:52:50.108191-07:00,read,key-1,52.075,6,false,leader-w1r5,10
2026-04-03T20:52:50.116166-07:00,read,key-6,55.147,11,false,leader-w1r5,10
2026-04-03T20:52:50.127234-07:00,read,key-9,53.973,13,false,leader-w1r5,10
2026-04-03T20:52:50.13529-07:00,read,key-0,51.770,14,false,leader-w1r5,10
2026-04-03T20:52:50.138134-07:00,read,key-1,52.078,6,false,leader-w1r5,10
2026-04-03T20:52:50.143276-07:00,read,key-3,51.836,12,false,leader-w1r5,10
2026-04-03T20:52:50.144985-07:00,read,key-8,51.987,16,false,leader-w1r5,10
2026-04-03T20:52:50.14492-07:00,read,key-3,52.179,12,false,leader-w1r5,10
2026-04-03T20:52:50.144901-07:00,read,key-7,52.358,20,false,leader-w1r5,10
2026-04-03T20:52:50.144436-07:00,read,key-3,52.842,12,false,leader-w1r5,10
2026-04-03T20:52:50.144557-07:00,read,key-8,52.741,16,false,leader-w1r5,10
2026-04-03T20:52:50.147434-07:00,read,key-0,51.856,14,false,leader-w1r5,10
2026-04-03T20:52:50.147418-07:00,read,key-5,51.927,17,false,leader-w1r5,10
2026-04-03T20:52:50.150253-07:00,read,key-8,51.932,16,false,leader-w1r5,10
2026-04-03T20:52:50.150216-07:00,read,key-5,51.977,17,false,leader-w1r5,10
2026-04-03T20:52:50.150214-07:00,read,key-5,52.036,17,false,leader-w1r5,10
2026-04-03T20:52:50.15109-07:00,read,key-7,51.877,20,false,leader-w1r5,10
2026-04-03T20:52:50.153105-07:00,read,key-6,52.005,11,false,leader-w1r5,10
2026-04-03T20:52:50.15507-07:00,read,key-3,52.051,12,false,leader-w1r5,10
2026-04-03T20:52:50.155159-07:00,read,key-3,51.963,12,false,leader-w1r5,10
2026-04-03T20:52:50.207123-07:00,write,key-1,0.979,7,false,leader-w1r5,10
2026-04-03T20:52:50.208104-07:00,write,key-9,0.332,14,false,leader-w1r5,10
2026-04-03T20:52:50.208437-07:00,write,key-0,0.385,15,false,leader-w1r5,10
2026-04-03T20:52:50.160268-07:00,read,key-2,55.875,6,false,leader-w1r5,10
2026-04-03T20:52:50.171315-07:00,read,key-3,53.927,12,false,leader-w1r5,10
2026-04-03T20:52:50.181208-07:00,read,key-7,51.127,20,false,leader-w1r5,10
2026-04-03T20:52:50.187062-07:00,read,key-5,52.021,17,false,leader-w1r5,10
2026-04-03T20:52:50.190214-07:00,read,key-9,53.014,13,true,leader-w1r5,10
2026-04-03T20:52:50.196973-07:00,read,key-9,51.900,14,false,leader-w1r5,10
2026-04-03T20:52:50.197299-07:00,read,key-9,51.793,14,false,leader-w1r5,10
2026-04-03T20:52:50.195115-07:00,read,key-5,54.274,17,false,leader-w1r5,10
2026-04-03T20:52:50.1971-07:00,read,key-6,52.694,11,false,leader-w1r5,10
2026-04-03T20:52:50.197261-07:00,read,key-9,52.572,13,true,leader-w1r5,10
2026-04-03T20:52:50.197279-07:00,read,key-1,52.557,7,false,leader-w1r5,10
2026-04-03T20:52:50.199293-07:00,read,key-3,51.238,12,false,leader-w1r5,10
2026-04-03T20:52:50.199347-07:00,read,key-8,52.778,16,false,leader-w1r5,10
2026-04-03T20:52:50.202187-07:00,read,key-1,51.888,7,false,leader-w1r5,10
2026-04-03T20:52:50.202195-07:00,read,key-9,51.898,14,false,leader-w1r5,10
2026-04-03T20:52:50.202968-07:00,read,key-3,51.145,12,false,leader-w1r5,10
2026-04-03T20:52:50.202251-07:00,read,key-1,51.874,6,true,leader-w1r5,10
2026-04-03T20:52:50.207123-07:00,read,key-5,52.229,17,false,leader-w1r5,10
2026-04-03T20:52:50.205112-07:00,read,key-2,54.250,6,false,leader-w1r5,10
2026-04-03T20:52:50.208823-07:00,read,key-2,52.425,6,false,leader-w1r5,10
2026-04-03T20:52:50.216144-07:00,read,key-1,56.893,7,false,leader-w1r5,10
2026-04-03T20:52:50.225245-07:00,read,key-0,52.744,15,false,leader-w1r5,10
2026-04-03T20:52:50.232338-07:00,read,key-4,51.069,15,false,leader-w1r5,10
2026-04-03T20:52:50.239085-07:00,read,key-3,52.007,12,false,leader-w1r5,10
2026-04-03T20:52:50.243229-07:00,read,key-8,50.923,16,false,leader-w1r5,10
2026-04-03T20:52:50.248875-07:00,read,key-5,51.989,17,false,leader-w1r5,10
2026-04-03T20:52:50.249794-07:00,read,key-3,51.090,12,false,leader-w1r5,10
2026-04-03T20:52:50.249391-07:00,read,key-5,51.501,17,false,leader-w1r5,10
2026-04-03T20:52:50.249092-07:00,read,key-1,51.806,7,false,leader-w1r5,10
2026-04-03T20:52:50.249833-07:00,read,key-2,51.067,6,false,leader-w1r5,10
2026-04-03T20:52:50.300899-07:00,write,key-7,6.395,21,false,leader-w1r5,10
2026-04-03T20:52:50.254094-07:00,read,key-1,53.368,7,false,leader-w1r5,10
2026-04-03T20:52:50.252126-07:00,read,key-5,55.560,17,false,leader-w1r5,10
2026-04-03T20:52:50.254076-07:00,read,key-0,53.648,15,false,leader-w1r5,10
2026-04-03T20:52:50.249837-07:00,read,key-8,57.902,16,false,leader-w1r5,10
2026-04-03T20:52:50.250532-07:00,read,key-6,57.216,11,false,leader-w1r5,10
2026-04-03T20:52:50.254126-07:00,read,key-6,53.650,11,false,leader-w1r5,10
2026-04-03T20:52:50.259364-07:00,read,key-1,53.590,7,false,leader-w1r5,10
2026-04-03T20:52:50.26125-07:00,read,key-2,53.204,6,false,leader-w1r5,10
2026-04-03T20:52:50.254114-07:00,read,key-4,63.121,15,false,leader-w1r5,10
2026-04-03T20:52:50.259356-07:00,read,key-3,59.791,12,false,leader-w1r5,10
2026-04-03T20:52:50.27304-07:00,read,key-2,54.714,6,false,leader-w1r5,10
2026-04-03T20:52:50.277996-07:00,read,key-1,53.494,7,false,leader-w1r5,10
2026-04-03T20:52:50.283408-07:00,read,key-5,52.501,17,false,leader-w1r5,10
2026-04-03T20:52:50.291094-07:00,read,key-1,52.054,7,false,leader-w1r5,10
2026-04-03T20:52:50.294153-07:00,read,key-1,58.659,7,false,leader-w1r5,10
2026-04-03T20:52:50.300866-07:00,read,key-1,52.025,7,false,leader-w1r5,10
2026-04-03T20:52:50.300893-07:00,read,key-2,52.003,6,false,leader-w1r5,10
2026-04-03T20:52:50.300901-07:00,read,key-1,52.002,7,false,leader-w1r5,10
2026-04-03T20:52:50.307687-07:00,read,key-5,52.747,17,false,leader-w1r5,10
2026-04-03T20:52:50.307464-07:00,read,key-1,53.040,7,false,leader-w1r5,10
2026-04-03T20:52:50.307297-07:00,read,key-8,53.241,16,false,leader-w1r5,10
2026-04-03T20:52:50.30774-07:00,read,key-8,52.824,16,false,leader-w1r5,10
2026-04-03T20:52:50.307777-07:00,read,key-3,52.797,12,false,leader-w1r5,10
2026-04-03T20:52:50.307725-07:00,read,key-4,53.072,15,false,leader-w1r5,10
2026-04-03T20:52:50.300887-07:00,read,key-1,60.057,7,false,leader-w1r5,10
2026-04-03T20:52:50.312957-07:00,read,key-8,52.990,16,false,leader-w1r5,10
2026-04-03T20:52:50.314456-07:00,read,key-4,51.616,15,false,leader-w1r5,10
2026-04-03T20:52:50.307749-07:00,read,key-4,59.336,15,false,leader-w1r5,10
2026-04-03T20:52:50.317236-07:00,read,key-6,52.861,11,false,leader-w1r5,10
2026-04-03T20:52:50.327756-07:00,read,key-9,52.205,14,false,leader-w1r5,10
2026-04-03T20:52:50.319149-07:00,read,key-5,61.758,17,false,leader-w1r5,10
2026-04-03T20:52:50.331491-07:00,read,key-7,54.714,21,false,leader-w1r5,10
2026-04-03T20:52:50.335911-07:00,read,key-5,52.410,17,false,leader-w1r5,10
2026-04-03T20:52:50.343151-07:00,read,key-7,57.325,21,false,leader-w1r5,10
2026-04-03T20:52:50.352905-07:00,read,key-0,51.677,15,false,leader-w1r5,10
2026-04-03T20:52:50.352898-07:00,read,key-0,51.804,15,false,leader-w1r5,10
2026-04-03T20:52:50.352815-07:00,read,key-7,51.963,21,false,leader-w1r5,10
2026-04-03T20:52:50.352894-07:00,read,key-5,51.944,17,false,leader-w1r5,10
2026-04-03T20:52:50.360577-07:00,read,key-1,51.984,7,false,leader-w1r5,10
2026-04-03T20:52:50.3608-07:00,read,key-6,51.786,11,false,leader-w1r5,10
2026-04-03T20:52:50.360506-07:00,read,key-4,52.081,15,false,leader-w1r5,10
2026-04-03T20:52:50.360565-07:00,read,key-8,52.036,16,false,leader-w1r5,10
2026-04-03T20:52:50.360539-07:00,read,key-5,52.104,17,false,leader-w1r5,10
2026-04-03T20:52:50.360436-07:00,read,key-7,52.223,21,false,leader-w1r5,10
2026-04-03T20:52:50.366073-07:00,read,key-0,51.464,15,false,leader-w1r5,10
2026-04-03T20:52:50.360946-07:00,read,key-5,56.599,17,false,leader-w1r5,10
2026-04-03T20:52:50.365949-07:00,read,key-8,51.599,16,false,leader-w1r5,10
2026-04-03T20:52:50.367087-07:00,read,key-2,54.077,6,false,leader-w1r5,10
2026-04-03T20:52:50.370099-07:00,read,key-8,52.339,16,false,leader-w1r5,10
2026-04-03T20:52:50.379964-07:00,read,key-0,51.172,15,false,leader-w1r5,10
2026-04-03T20:52:50.431137-07:00,write,key-6,0.374,12,false,leader-w1r5,10
2026-04-03T20:52:50.380908-07:00,read,key-4,52.191,15,false,leader-w1r5,10
2026-04-03T20:52:50.386207-07:00,read,key-6,57.959,11,true,leader-w1r5,10
2026-04-03T20:52:50.388322-07:00,read,key-0,55.867,15,false,leader-w1r5,10
2026-04-03T20:52:50.400479-07:00,read,key-3,52.479,12,false,leader-w1r5,10
2026-04-03T20:52:50.404584-07:00,read,key-0,51.769,15,false,leader-w1r5,10
2026-04-03T20:52:50.404703-07:00,read,key-0,51.757,15,false,leader-w1r5,10
2026-04-03T20:52:50.404781-07:00,read,key-3,56.367,12,false,leader-w1r5,10
2026-04-03T20:52:50.40484-07:00,read,key-6,56.316,12,false,leader-w1r5,10
2026-04-03T20:52:50.412607-07:00,read,key-1,52.660,7,false,leader-w1r5,10
2026-04-03T20:52:50.412564-07:00,read,key-0,52.731,15,false,leader-w1r5,10
2026-04-03T20:52:50.412603-07:00,read,key-7,52.698,21,false,leader-w1r5,10
2026-04-03T20:52:50.412644-07:00,read,key-8,52.684,16,false,leader-w1r5,10
2026-04-03T20:52:50.412589-07:00,read,key-2,52.751,6,false,leader-w1r5,10
2026-04-03T20:52:50.41266-07:00,read,key-1,52.753,7,false,leader-w1r5,10
2026-04-03T20:52:50.417549-07:00,read,key-6,51.988,11,true,leader-w1r5,10
2026-04-03T20:52:50.417547-07:00,read,key-8,53.047,16,false,leader-w1r5,10
2026-04-03T20:52:50.417539-07:00,read,key-9,54.434,14,false,leader-w1r5,10
2026-04-03T20:52:50.465329-07:00,write,key-2,8.665,7,false,leader-w1r5,10
2026-04-03T20:52:50.421166-07:00,read,key-1,53.952,7,false,leader-w1r5,10
2026-04-03T20:52:50.42244-07:00,read,key-2,53.165,6,true,leader-w1r5,10
2026-04-03T20:52:50.471974-07:00,write,key-0,3.749,16,false,leader-w1r5,10
2026-04-03T20:52:50.475725-07:00,write,key-3,1.050,13,false,leader-w1r5,10
2026-04-03T20:52:50.433101-07:00,read,key-3,51.966,12,true,leader-w1r5,10
2026-04-03T20:52:50.431514-07:00,read,key-3,55.515,13,false,leader-w1r5,10
2026-04-03T20:52:50.44417-07:00,read,key-3,51.343,13,false,leader-w1r5,10
2026-04-03T20:52:50.444191-07:00,read,key-5,51.331,17,false,leader-w1r5,10
2026-04-03T20:52:50.495525-07:00,write,key-8,0.562,17,false,leader-w1r5,10
2026-04-03T20:52:50.45296-07:00,read,key-0,57.238,15,true,leader-w1r5,10
2026-04-03T20:52:50.461158-07:00,read,key-1,52.925,7,false,leader-w1r5,10
2026-04-03T20:52:50.46115-07:00,read,key-8,54.839,17,false,leader-w1r5,10
2026-04-03T20:52:50.465414-07:00,read,key-2,51.522,7,false,leader-w1r5,10
2026-04-03T20:52:50.465341-07:00,read,key-2,51.610,7,false,leader-w1r5,10
2026-04-03T20:52:50.456461-07:00,read,key-2,62.776,7,false,leader-w1r5,10
2026-04-03T20:52:50.465269-07:00,read,key-6,54.292,12,false,leader-w1r5,10
2026-04-03T20:52:50.456356-07:00,read,key-0,63.207,16,false,leader-w1r5,10
2026-04-03T20:52:50.469539-07:00,read,key-8,52.720,16,true,leader-w1r5,10
2026-04-03T20:52:50.465298-07:00,read,key-2,57.241,7,false,leader-w1r5,10
2026-04-03T20:52:50.522261-07:00,write,key-9,0.341,15,false,leader-w1r5,10
2026-04-03T20:52:50.470596-07:00,read,key-7,55.351,21,false,leader-w1r5,10
2026-04-03T20:52:50.465303-07:00,read,key-0,60.971,16,false,leader-w1r5,10
2026-04-03T20:52:50.473996-07:00,read,key-2,55.027,7,false,leader-w1r5,10
2026-04-03T20:52:50.476777-07:00,read,key-9,53.006,15,false,leader-w1r5,10
2026-04-03T20:52:50.475606-07:00,read,key-8,54.711,17,false,leader-w1r5,10
2026-04-03T20:52:50.475119-07:00,read,key-6,55.548,12,false,leader-w1r5,10
2026-04-03T20:52:50.530668-07:00,write,key-9,1.593,16,false,leader-w1r5,10
2026-04-03T20:52:50.485072-07:00,read,key-6,55.105,12,false,leader-w1r5,10
2026-04-03T20:52:50.487031-07:00,read,key-8,53.655,17,false,leader-w1r5,10
2026-04-03T20:52:50.495515-07:00,read,key-3,52.489,13,false,leader-w1r5,10
2026-04-03T20:52:50.548005-07:00,write,key-9,2.681,17,false,leader-w1r5,10
2026-04-03T20:52:50.496089-07:00,read,key-6,54.910,12,false,leader-w1r5,10
2026-04-03T20:52:50.510199-07:00,read,key-6,51.844,12,false,leader-w1r5,10
2026-04-03T20:52:50.514084-07:00,read,key-0,52.036,16,false,leader-w1r5,10
2026-04-03T20:52:50.51599-07:00,read,key-6,51.265,12,false,leader-w1r5,10
2026-04-03T20:52:50.516952-07:00,read,key-6,50.975,12,false,leader-w1r5,10
2026-04-03T20:52:50.516938-07:00,read,key-3,51.124,13,false,leader-w1r5,10
2026-04-03T20:52:50.519239-07:00,read,key-6,51.912,12,false,leader-w1r5,10
2026-04-03T20:52:50.522605-07:00,read,key-6,51.390,12,false,leader-w1r5,10
2026-04-03T20:52:50.519564-07:00,read,key-5,55.378,17,false,leader-w1r5,10
2026-04-03T20:52:50.519563-07:00,read,key-8,55.885,17,false,leader-w1r5,10
2026-04-03T20:52:50.526275-07:00,read,key-6,51.799,12,false,leader-w1r5,10
2026-04-03T20:52:50.522541-07:00,read,key-5,55.546,17,false,leader-w1r5,10
2026-04-03T20:52:50.525949-07:00,read,key-8,55.723,17,false,leader-w1r5,10
2026-04-03T20:52:50.529784-07:00,read,key-4,51.899,15,false,leader-w1r5,10
2026-04-03T20:52:50.530318-07:00,read,key-7,54.152,21,false,leader-w1r5,10
2026-04-03T20:52:50.529025-07:00,read,key-8,55.501,17,false,leader-w1r5,10
2026-04-03T20:52:50.532262-07:00,read,key-1,52.292,7,false,leader-w1r5,10
2026-04-03T20:52:50.540179-07:00,read,key-1,52.342,7,false,leader-w1r5,10
2026-04-03T20:52:50.540687-07:00,read,key-6,54.992,12,false,leader-w1r5,10
2026-04-03T20:52:50.550688-07:00,read,key-7,51.650,21,false,leader-w1r5,10
2026-04-03T20:52:50.551001-07:00,read,key-1,51.368,7,false,leader-w1r5,10
2026-04-03T20:52:50.562045-07:00,read,key-3,52.150,13,false,leader-w1r5,10
2026-04-03T20:52:50.567929-07:00,read,key-7,51.273,21,false,leader-w1r5,10
2026-04-03T20:52:50.566123-07:00,read,key-2,53.418,7,false,leader-w1r5,10
2026-04-03T20:52:50.567256-07:00,read,key-4,52.420,15,false,leader-w1r5,10
2026-04-03T20:52:50.568063-07:00,read,key-1,53.212,7,false,leader-w1r5,10
2026-04-03T20:52:50.574943-07:00,read,key-1,51.027,7,false,leader-w1r5,10
2026-04-03T20:52:50.573997-07:00,read,key-9,52.156,17,false,leader-w1r5,10
2026-04-03T20:52:50.571152-07:00,read,key-8,55.442,17,false,leader-w1r5,10
2026-04-03T20:52:50.575482-07:00,read,key-8,51.440,17,false,leader-w1r5,10
2026-04-03T20:52:50.578089-07:00,read,key-5,51.321,17,false,leader-w1r5,10
2026-04-03T20:52:50.578075-07:00,read,key-3,55.178,13,false,leader-w1r5,10
2026-04-03T20:52:50.581685-07:00,read,key-5,51.604,17,false,leader-w1r5,10
2026-04-03T20:52:50.584472-07:00,read,key-3,51.757,13,false,leader-w1r5,10
2026-04-03T20:52:50.584556-07:00,read,key-9,51.744,17,false,leader-w1r5,10
2026-04-03T20:52:50.581674-07:00,read,key-2,54.676,7,false,leader-w1r5,10
2026-04-03T20:52:50.584528-07:00,read,key-0,55.293,16,false,leader-w1r5,10
2026-04-03T20:52:50.592523-07:00,read,key-6,56.514,12,false,leader-w1r5,10
2026-04-03T20:52:50.59568-07:00,read,key-1,56.463,7,false,leader-w1r5,10
2026-04-03T20:52:50.602341-07:00,read,key-3,51.124,13,false,leader-w1r5,10
2026-04-03T20:52:50.60237-07:00,read,key-2,62.973,7,false,leader-w1r5,10
2026-04-03T20:52:50.614196-07:00,read,key-9,56.089,17,false,leader-w1r5,10
2026-04-03T20:52:50.619542-07:00,read,key-5,52.495,17,false,leader-w1r5,10
2026-04-03T20:52:50.619204-07:00,read,key-4,52.862,15,false,leader-w1r5,10
2026-04-03T20:52:50.619677-07:00,read,key-4,53.012,15,false,leader-w1r5,10
2026-04-03T20:52:50.621278-07:00,read,key-4,55.604,15,false,leader-w1r5,10
2026-04-03T20:52:50.625972-07:00,read,key-1,53.004,7,false,leader-w1r5,10
2026-04-03T20:52:50.626595-07:00,read,key-3,54.229,13,false,leader-w1r5,10
2026-04-03T20:52:50.626154-07:00,read,key-7,54.669,21,false,leader-w1r5,10
2026-04-03T20:52:50.629413-07:00,read,key-4,53.062,15,false,leader-w1r5,10
2026-04-03T20:52:50.626924-07:00,read,key-8,55.700,17,false,leader-w1r5,10
2026-04-03T20:52:50.633292-07:00,read,key-7,54.112,21,false,leader-w1r5,10
2026-04-03T20:52:50.633256-07:00,read,key-4,54.768,15,false,leader-w1r5,10
2026-04-03T20:52:50.636301-07:00,read,key-9,53.646,17,false,leader-w1r5,10
2026-04-03T20:52:50.636351-07:00,read,key-0,54.105,16,false,leader-w1r5,10
2026-04-03T20:52:50.639824-07:00,read,key-3,51.432,13,false,leader-w1r5,10
2026-04-03T20:52:50.63623-07:00,read,key-2,55.908,7,false,leader-w1r5,10
2026-04-03T20:52:50.67269-07:00,read,key-9,64.868,17,false,leader-w1r5,10
2026-04-03T20:52:50.665346-07:00,read,key-2,72.216,7,false,leader-w1r5,10
2026-04-03T20:52:50.670288-07:00,read,key-0,67.301,16,false,leader-w1r5,10
2026-04-03T20:52:50.672067-07:00,read,key-3,65.553,13,false,leader-w1r5,10
2026-04-03T20:52:50.649039-07:00,read,key-3,89.229,13,false,leader-w1r5,10
2026-04-03T20:52:50.652146-07:00,read,key-8,86.152,17,false,leader-w1r5,10
2026-04-03T20:52:50.672038-07:00,read,key-7,66.303,21,false,leader-w1r5,10
2026-04-03T20:52:50.676885-07:00,read,key-9,61.463,17,false,leader-w1r5,10
2026-04-03T20:52:50.653466-07:00,read,key-8,84.890,17,false,leader-w1r5,10
2026-04-03T20:52:50.680825-07:00,read,key-8,57.547,17,false,leader-w1r5,10
2026-04-03T20:52:50.682626-07:00,read,key-2,55.799,7,false,leader-w1r5,10
2026-04-03T20:52:50.689949-07:00,read,key-0,60.483,16,false,leader-w1r5,10
2026-04-03T20:52:50.690457-07:00,read,key-0,60.090,16,false,leader-w1r5,10
2026-04-03T20:52:50.692139-07:00,read,key-4,58.480,15,false,leader-w1r5,10
2026-04-03T20:52:50.691257-07:00,read,key-5,59.463,17,false,leader-w1r5,10
2026-04-03T20:52:50.67898-07:00,read,key-2,71.749,7,false,leader-w1r5,10
2026-04-03T20:52:50.682477-07:00,read,key-8,68.344,17,false,leader-w1r5,10
2026-04-03T20:52:50.687409-07:00,read,key-5,63.427,17,false,leader-w1r5,10
2026-04-03T20:52:50.680825-07:00,read,key-6,70.024,12,false,leader-w1r5,10
2026-04-03T20:52:50.688026-07:00,read,key-6,64.128,12,false,leader-w1r5,10
2026-04-03T20:52:50.750838-07:00,write,key-4,1.831,16,false,leader-w1r5,10
2026-04-03T20:52:50.73835-07:00,read,key-6,52.262,12,false,leader-w1r5,10
2026-04-03T20:52:50.738301-07:00,read,key-6,52.316,12,false,leader-w1r5,10
2026-04-03T20:52:50.73827-07:00,read,key-1,52.371,7,false,leader-w1r5,10
2026-04-03T20:52:50.737591-07:00,read,key-0,53.067,16,false,leader-w1r5,10
2026-04-03T20:52:50.737559-07:00,read,key-3,53.105,13,false,leader-w1r5,10
2026-04-03T20:52:50.738425-07:00,read,key-8,61.835,17,false,leader-w1r5,10
2026-04-03T20:52:50.737563-07:00,read,key-8,62.916,17,false,leader-w1r5,10
2026-04-03T20:52:50.738342-07:00,read,key-7,62.162,21,false,leader-w1r5,10
2026-04-03T20:52:50.737621-07:00,read,key-9,65.640,17,false,leader-w1r5,10
2026-04-03T20:52:50.738373-07:00,read,key-6,64.912,12,false,leader-w1r5,10
2026-04-03T20:52:50.750721-07:00,read,key-3,52.591,13,false,leader-w1r5,10
2026-04-03T20:52:50.75073-07:00,read,key-6,52.588,12,false,leader-w1r5,10
2026-04-03T20:52:50.750548-07:00,read,key-9,52.786,17,false,leader-w1r5,10
2026-04-03T20:52:50.750822-07:00,read,key-5,53.823,17,false,leader-w1r5,10
2026-04-03T20:52:50.738359-07:00,read,key-8,66.440,17,false,leader-w1r5,10
2026-04-03T20:52:50.750851-07:00,read,key-9,54.712,17,false,leader-w1r5,10
2026-04-03T20:52:50.752671-07:00,read,key-5,52.933,17,false,leader-w1r5,10
2026-04-03T20:52:50.75062-07:00,read,key-4,55.184,16,false,leader-w1r5,10
2026-04-03T20:52:50.8048-07:00,write,key-6,1.896,13,false,leader-w1r5,10
2026-04-03T20:52:50.750433-07:00,read,key-2,57.170,7,false,leader-w1r5,10
2026-04-03T20:52:50.752157-07:00,read,key-1,55.516,7,false,leader-w1r5,10
2026-04-03T20:52:50.790642-07:00,read,key-8,51.603,17,false,leader-w1r5,10
2026-04-03T20:52:50.790616-07:00,read,key-7,51.634,21,false,leader-w1r5,10
2026-04-03T20:52:50.790619-07:00,read,key-2,52.474,7,false,leader-w1r5,10
2026-04-03T20:52:50.790658-07:00,read,key-4,54.622,16,false,leader-w1r5,10
2026-04-03T20:52:50.790667-07:00,read,key-6,54.677,13,false,leader-w1r5,10
2026-04-03T20:52:50.80048-07:00,read,key-1,52.792,7,false,leader-w1r5,10
2026-04-03T20:52:50.800506-07:00,read,key-3,52.775,13,false,leader-w1r5,10
2026-04-03T20:52:50.800263-07:00,read,key-1,55.903,7,false,leader-w1r5,10
2026-04-03T20:52:50.803287-07:00,read,key-5,52.883,17,false,leader-w1r5,10
2026-04-03T20:52:50.803336-07:00,read,key-5,52.847,17,false,leader-w1r5,10
2026-04-03T20:52:50.803262-07:00,read,key-8,52.945,17,false,leader-w1r5,10
2026-04-03T20:52:50.805806-07:00,read,key-8,51.099,17,false,leader-w1r5,10
2026-04-03T20:52:50.805564-07:00,read,key-1,51.510,7,false,leader-w1r5,10
2026-04-03T20:52:50.803316-07:00,read,key-4,53.992,16,false,leader-w1r5,10
2026-04-03T20:52:50.804646-07:00,read,key-3,52.704,13,false,leader-w1r5,10
2026-04-03T20:52:50.856172-07:00,write,key-9,1.224,18,false,leader-w1r5,10
2026-04-03T20:52:50.857075-07:00,write,key-1,0.915,8,false,leader-w1r5,10
2026-04-03T20:52:50.857352-07:00,write,key-4,0.837,17,false,leader-w1r5,10
2026-04-03T20:52:50.803319-07:00,read,key-2,55.573,7,false,leader-w1r5,10
2026-04-03T20:52:50.807605-07:00,read,key-1,52.032,8,false,leader-w1r5,10
2026-04-03T20:52:50.859638-07:00,write,key-9,0.496,19,false,leader-w1r5,10
2026-04-03T20:52:50.805605-07:00,read,key-3,55.526,13,false,leader-w1r5,10
2026-04-03T20:52:50.806698-07:00,read,key-1,55.390,8,false,leader-w1r5,10
2026-04-03T20:52:50.807674-07:00,read,key-2,54.586,7,false,leader-w1r5,10
2026-04-03T20:52:50.842247-07:00,read,key-4,51.468,17,false,leader-w1r5,10
2026-04-03T20:52:50.842253-07:00,read,key-6,51.473,13,false,leader-w1r5,10
2026-04-03T20:52:50.843094-07:00,read,key-9,51.537,19,false,leader-w1r5,10
2026-04-03T20:52:50.845282-07:00,read,key-0,51.027,16,false,leader-w1r5,10
2026-04-03T20:52:50.845345-07:00,read,key-2,52.827,7,false,leader-w1r5,10
2026-04-03T20:52:50.89631-07:00,write,key-2,2.342,8,false,leader-w1r5,10
2026-04-03T20:52:50.853273-07:00,read,key-9,52.902,19,false,leader-w1r5,10
2026-04-03T20:52:50.853282-07:00,read,key-0,52.909,16,false,leader-w1r5,10
2026-04-03T20:52:50.856167-07:00,read,key-1,53.179,8,false,leader-w1r5,10
2026-04-03T20:52:50.856906-07:00,read,key-3,52.456,13,false,leader-w1r5,10
2026-04-03T20:52:50.856184-07:00,read,key-3,53.210,13,false,leader-w1r5,10
2026-04-03T20:52:50.857991-07:00,read,key-9,51.950,19,false,leader-w1r5,10
2026-04-03T20:52:50.909395-07:00,write,key-2,0.628,9,false,leader-w1r5,10
2026-04-03T20:52:50.85819-07:00,read,key-5,51.842,17,false,leader-w1r5,10
2026-04-03T20:52:50.85731-07:00,read,key-4,52.724,17,false,leader-w1r5,10
2026-04-03T20:52:50.858893-07:00,read,key-0,51.312,16,false,leader-w1r5,10
2026-04-03T20:52:50.857398-07:00,read,key-6,53.895,13,false,leader-w1r5,10
2026-04-03T20:52:50.911294-07:00,write,key-4,0.626,18,false,leader-w1r5,10
2026-04-03T20:52:50.861132-07:00,read,key-0,50.958,16,false,leader-w1r5,10
2026-04-03T20:52:50.862089-07:00,read,key-9,53.135,19,false,leader-w1r5,10
2026-04-03T20:52:50.856208-07:00,read,key-1,59.314,8,false,leader-w1r5,10
2026-04-03T20:52:50.862261-07:00,read,key-4,53.368,17,true,leader-w1r5,10
2026-04-03T20:52:50.860136-07:00,read,key-2,56.193,9,false,leader-w1r5,10
2026-04-03T20:52:50.916331-07:00,write,key-7,0.424,22,false,leader-w1r5,10
2026-04-03T20:52:50.893728-07:00,read,key-4,52.981,18,false,leader-w1r5,10
2026-04-03T20:52:50.894632-07:00,read,key-6,52.090,13,false,leader-w1r5,10
2026-04-03T20:52:50.893717-07:00,read,key-3,54.165,13,false,leader-w1r5,10
2026-04-03T20:52:50.898173-07:00,read,key-8,52.389,17,false,leader-w1r5,10
2026-04-03T20:52:50.898653-07:00,read,key-8,51.928,17,false,leader-w1r5,10
2026-04-03T20:52:50.950564-07:00,write,key-7,0.996,23,false,leader-w1r5,10
2026-04-03T20:52:50.906192-07:00,read,key-2,51.457,8,true,leader-w1r5,10
2026-04-03T20:52:50.906178-07:00,read,key-1,51.859,8,false,leader-w1r5,10
2026-04-03T20:52:50.909348-07:00,read,key-2,52.447,9,false,leader-w1r5,10
2026-04-03T20:52:50.909364-07:00,read,key-6,52.543,13,false,leader-w1r5,10
2026-04-03T20:52:50.910025-07:00,read,key-6,51.898,13,false,leader-w1r5,10
2026-04-03T20:52:50.961909-07:00,write,key-0,0.882,17,false,leader-w1r5,10
2026-04-03T20:52:50.910206-07:00,read,key-4,53.148,18,false,leader-w1r5,10
2026-04-03T20:52:50.909942-07:00,read,key-2,53.491,9,false,leader-w1r5,10
2026-04-03T20:52:50.961924-07:00,write,key-2,2.186,10,false,leader-w1r5,10
2026-04-03T20:52:50.912091-07:00,read,key-2,52.037,9,true,leader-w1r5,10
2026-04-03T20:52:50.910035-07:00,read,key-3,54.980,13,false,leader-w1r5,10
2026-04-03T20:52:50.910033-07:00,read,key-8,55.162,17,false,leader-w1r5,10
2026-04-03T20:52:50.963354-07:00,write,key-8,2.126,18,false,leader-w1r5,10
2026-04-03T20:52:50.911922-07:00,read,key-4,54.222,18,false,leader-w1r5,10
2026-04-03T20:52:50.915225-07:00,read,key-4,51.050,18,false,leader-w1r5,10
2026-04-03T20:52:50.966145-07:00,write,key-8,1.397,19,false,leader-w1r5,10
2026-04-03T20:52:50.915524-07:00,read,key-8,52.174,17,true,leader-w1r5,10
2026-04-03T20:52:50.916756-07:00,read,key-4,51.230,18,false,leader-w1r5,10
2026-04-03T20:52:50.91563-07:00,read,key-4,52.388,18,false,leader-w1r5,10
2026-04-03T20:52:50.968019-07:00,write,key-2,1.130,11,false,leader-w1r5,10
2026-04-03T20:52:50.967987-07:00,write,key-7,1.169,24,false,leader-w1r5,10
2026-04-03T20:52:50.969158-07:00,write,key-9,0.885,20,false,leader-w1r5,10
2026-04-03T20:52:50.946711-07:00,read,key-5,52.468,17,false,leader-w1r5,10
2026-04-03T20:52:50.946723-07:00,read,key-3,53.346,13,false,leader-w1r5,10
2026-04-03T20:52:50.947884-07:00,read,key-1,55.580,8,false,leader-w1r5,10
2026-04-03T20:52:50.951561-07:00,read,key-8,52.558,17,true,leader-w1r5,10
2026-04-03T20:52:50.950583-07:00,read,key-5,57.731,17,false,leader-w1r5,10
2026-04-03T20:52:50.958038-07:00,read,key-5,55.257,17,false,leader-w1r5,10
2026-04-03T20:52:50.957652-07:00,read,key-9,55.656,20,false,leader-w1r5,10
2026-04-03T20:52:50.961797-07:00,read,key-6,52.366,13,false,leader-w1r5,10
2026-04-03T20:52:50.964129-07:00,read,key-9,52.233,20,false,leader-w1r5,10
2026-04-03T20:52:50.964111-07:00,read,key-0,52.443,17,false,leader-w1r5,10
2026-04-03T20:52:50.962793-07:00,read,key-3,54.103,13,false,leader-w1r5,10
2026-04-03T20:52:50.963435-07:00,read,key-1,53.469,8,false,leader-w1r5,10
2026-04-03T20:52:50.965016-07:00,read,key-4,52.671,18,false,leader-w1r5,10
2026-04-03T20:52:50.965481-07:00,read,key-8,53.048,19,false,leader-w1r5,10
2026-04-03T20:52:50.965197-07:00,read,key-8,53.784,19,false,leader-w1r5,10
2026-04-03T20:52:50.967699-07:00,read,key-8,51.628,19,false,leader-w1r5,10
2026-04-03T20:52:50.966277-07:00,read,key-4,54.149,18,false,leader-w1r5,10
2026-04-03T20:52:50.969151-07:00,read,key-8,52.432,19,false,leader-w1r5,10
2026-04-03T20:52:50.967543-07:00,read,key-4,54.144,18,false,leader-w1r5,10
2026-04-03T20:52:50.970044-07:00,read,key-1,53.798,8,false,leader-w1r5,10
2026-04-03T20:52:51.000071-07:00,read,key-9,51.123,20,false,leader-w1r5,10
2026-04-03T20:52:50.999182-07:00,read,key-0,55.957,17,false,leader-w1r5,10
2026-04-03T20:52:51.003466-07:00,read,key-0,51.804,17,false,leader-w1r5,10
2026-04-03T20:52:51.00412-07:00,read,key-7,51.332,24,false,leader-w1r5,10
2026-04-03T20:52:51.055454-07:00,write,key-1,0.492,9,false,leader-w1r5,10
2026-04-03T20:52:51.008315-07:00,read,key-1,51.979,9,false,leader-w1r5,10
2026-04-03T20:52:51.013297-07:00,read,key-2,52.903,11,false,leader-w1r5,10
2026-04-03T20:52:51.01331-07:00,read,key-6,53.677,13,false,leader-w1r5,10
2026-04-03T20:52:51.016897-07:00,read,key-7,51.345,24,false,leader-w1r5,10
2026-04-03T20:52:51.014165-07:00,read,key-3,54.979,13,false,leader-w1r5,10
2026-04-03T20:52:51.018531-07:00,read,key-3,51.503,13,false,leader-w1r5,10
2026-04-03T20:52:51.017688-07:00,read,key-8,52.389,19,false,leader-w1r5,10
2026-04-03T20:52:51.018982-07:00,read,key-0,52.192,17,false,leader-w1r5,10
2026-04-03T20:52:51.019329-07:00,read,key-5,52.325,17,false,leader-w1r5,10
2026-04-03T20:52:51.016906-07:00,read,key-4,55.692,18,false,leader-w1r5,10
2026-04-03T20:52:51.016556-07:00,read,key-7,56.054,24,false,leader-w1r5,10
2026-04-03T20:52:51.016363-07:00,read,key-9,56.288,20,false,leader-w1r5,10
2026-04-03T20:52:51.021688-07:00,read,key-0,54.847,17,false,leader-w1r5,10
2026-04-03T20:52:51.023843-07:00,read,key-1,52.719,9,false,leader-w1r5,10
2026-04-03T20:52:51.020427-07:00,read,key-6,56.162,13,false,leader-w1r5,10
2026-04-03T20:52:51.021584-07:00,read,key-5,55.009,17,false,leader-w1r5,10
2026-04-03T20:52:51.07659-07:00,write,key-3,0.690,14,false,leader-w1r5,10
2026-04-03T20:52:51.051196-07:00,read,key-1,55.001,9,false,leader-w1r5,10
2026-04-03T20:52:51.055141-07:00,read,key-3,51.077,13,true,leader-w1r5,10
2026-04-03T20:52:51.055272-07:00,read,key-4,50.977,18,false,leader-w1r5,10
2026-04-03T20:52:51.055947-07:00,read,key-0,51.068,17,false,leader-w1r5,10
2026-04-03T20:52:51.060296-07:00,read,key-3,50.978,14,false,leader-w1r5,10
2026-04-03T20:52:51.111275-07:00,write,key-2,0.395,12,false,leader-w1r5,10
2026-04-03T20:52:51.066201-07:00,read,key-7,51.190,24,false,leader-w1r5,10
2026-04-03T20:52:51.066989-07:00,read,key-8,52.236,19,false,leader-w1r5,10
2026-04-03T20:52:51.068243-07:00,read,key-8,53.326,19,false,leader-w1r5,10
2026-04-03T20:52:51.070035-07:00,read,key-7,51.556,24,false,leader-w1r5,10
2026-04-03T20:52:51.069145-07:00,read,key-1,52.481,9,false,leader-w1r5,10
2026-04-03T20:52:51.121571-07:00,write,key-2,0.767,13,false,leader-w1r5,10
2026-04-03T20:52:51.071175-07:00,read,key-5,51.656,17,false,leader-w1r5,10
2026-04-03T20:52:51.072611-07:00,read,key-9,51.820,20,false,leader-w1r5,10
2026-04-03T20:52:51.072652-07:00,read,key-4,51.969,18,false,leader-w1r5,10
2026-04-03T20:52:51.071655-07:00,read,key-7,53.334,24,false,leader-w1r5,10
2026-04-03T20:52:51.0726-07:00,read,key-1,52.445,9,false,leader-w1r5,10
2026-04-03T20:52:51.070078-07:00,read,key-3,54.977,14,false,leader-w1r5,10
2026-04-03T20:52:51.076564-07:00,read,key-8,51.518,19,false,leader-w1r5,10
2026-04-03T20:52:51.076594-07:00,read,key-7,51.622,24,false,leader-w1r5,10
2026-04-03T20:52:51.077281-07:00,read,key-4,51.896,18,false,leader-w1r5,10
2026-04-03T20:52:51.076536-07:00,read,key-4,54.634,18,false,leader-w1r5,10
2026-04-03T20:52:51.106251-07:00,read,key-5,53.046,17,false,leader-w1r5,10
2026-04-03T20:52:51.106199-07:00,read,key-7,53.127,24,false,leader-w1r5,10
2026-04-03T20:52:51.106219-07:00,read,key-5,53.248,17,false,leader-w1r5,10
2026-04-03T20:52:51.107016-07:00,read,key-7,52.516,24,false,leader-w1r5,10
2026-04-03T20:52:51.111672-07:00,read,key-4,51.684,18,false,leader-w1r5,10
2026-04-03T20:52:51.163358-07:00,write,key-7,0.502,25,false,leader-w1r5,10
2026-04-03T20:52:51.119236-07:00,read,key-3,51.042,14,false,leader-w1r5,10
2026-04-03T20:52:51.117393-07:00,read,key-5,55.647,17,false,leader-w1r5,10
2026-04-03T20:52:51.173042-07:00,write,key-8,0.373,20,false,leader-w1r5,10
2026-04-03T20:52:51.121627-07:00,read,key-4,52.407,18,false,leader-w1r5,10
2026-04-03T20:52:51.124622-07:00,read,key-3,51.806,14,false,leader-w1r5,10
2026-04-03T20:52:51.125056-07:00,read,key-6,51.458,13,false,leader-w1r5,10
2026-04-03T20:52:51.122339-07:00,read,key-2,54.191,13,false,leader-w1r5,10
2026-04-03T20:52:51.122832-07:00,read,key-2,53.706,13,false,leader-w1r5,10
2026-04-03T20:52:51.124991-07:00,read,key-5,51.787,17,false,leader-w1r5,10
2026-04-03T20:52:51.121592-07:00,read,key-0,55.199,17,false,leader-w1r5,10
2026-04-03T20:52:51.176515-07:00,write,key-4,0.844,19,false,leader-w1r5,10
2026-04-03T20:52:51.124433-07:00,read,key-0,54.022,17,false,leader-w1r5,10
2026-04-03T20:52:51.125046-07:00,read,key-7,53.445,25,false,leader-w1r5,10
2026-04-03T20:52:51.128217-07:00,read,key-7,50.980,25,false,leader-w1r5,10
2026-04-03T20:52:51.179198-07:00,write,key-8,1.266,21,false,leader-w1r5,10
2026-04-03T20:52:51.128087-07:00,read,key-2,53.167,13,false,leader-w1r5,10
2026-04-03T20:52:51.181255-07:00,write,key-6,0.360,14,false,leader-w1r5,10
2026-04-03T20:52:51.131172-07:00,read,key-2,51.935,13,false,leader-w1r5,10
2026-04-03T20:52:51.129179-07:00,read,key-2,54.923,13,false,leader-w1r5,10
2026-04-03T20:52:51.159533-07:00,read,key-0,53.090,17,false,leader-w1r5,10
2026-04-03T20:52:51.159468-07:00,read,key-1,53.172,9,false,leader-w1r5,10
2026-04-03T20:52:51.159298-07:00,read,key-7,53.380,25,false,leader-w1r5,10
2026-04-03T20:52:51.212679-07:00,write,key-6,0.783,15,false,leader-w1r5,10
2026-04-03T20:52:51.159328-07:00,read,key-8,54.858,21,false,leader-w1r5,10
2026-04-03T20:52:51.214188-07:00,write,key-0,0.461,18,false,leader-w1r5,10
2026-04-03T20:52:51.163861-07:00,read,key-3,51.068,14,false,leader-w1r5,10
2026-04-03T20:52:51.170281-07:00,read,key-9,51.239,20,false,leader-w1r5,10
2026-04-03T20:52:51.174035-07:00,read,key-7,51.912,25,false,leader-w1r5,10
2026-04-03T20:52:51.173417-07:00,read,key-9,52.546,20,false,leader-w1r5,10
2026-04-03T20:52:51.17643-07:00,read,key-9,52.571,20,false,leader-w1r5,10
2026-04-03T20:52:51.17678-07:00,read,key-1,52.281,9,false,leader-w1r5,10
2026-04-03T20:52:51.176539-07:00,read,key-3,52.527,14,false,leader-w1r5,10
2026-04-03T20:52:51.176793-07:00,read,key-7,52.273,25,false,leader-w1r5,10
2026-04-03T20:52:51.177361-07:00,read,key-3,51.713,14,false,leader-w1r5,10
2026-04-03T20:52:51.176531-07:00,read,key-9,52.623,20,false,leader-w1r5,10
2026-04-03T20:52:51.178456-07:00,read,key-3,52.613,14,false,leader-w1r5,10
2026-04-03T20:52:51.178493-07:00,read,key-2,52.624,13,false,leader-w1r5,10
2026-04-03T20:52:51.180466-07:00,read,key-1,51.625,9,false,leader-w1r5,10
2026-04-03T20:52:51.183108-07:00,read,key-8,51.375,21,false,leader-w1r5,10
2026-04-03T20:52:51.181616-07:00,read,key-6,55.890,15,false,leader-w1r5,10
2026-04-03T20:52:51.184103-07:00,read,key-3,55.217,14,false,leader-w1r5,10
2026-04-03T20:52:51.21264-07:00,read,key-7,52.569,25,false,leader-w1r5,10
2026-04-03T20:52:51.213464-07:00,read,key-9,53.102,20,false,leader-w1r5,10
2026-04-03T20:52:51.212626-07:00,read,key-4,54.016,19,false,leader-w1r5,10
2026-04-03T20:52:51.214652-07:00,read,key-3,52.029,14,false,leader-w1r5,10
2026-04-03T20:52:51.214931-07:00,read,key-7,51.760,25,false,leader-w1r5,10
2026-04-03T20:52:51.221522-07:00,read,key-1,54.818,9,false,leader-w1r5,10
2026-04-03T20:52:51.225949-07:00,read,key-2,52.303,13,false,leader-w1r5,10
2026-04-03T20:52:51.225964-07:00,read,key-3,52.338,14,false,leader-w1r5,10
2026-04-03T20:52:51.229066-07:00,read,key-3,52.037,14,false,leader-w1r5,10
2026-04-03T20:52:51.229062-07:00,read,key-2,52.425,13,false,leader-w1r5,10
2026-04-03T20:52:51.229075-07:00,read,key-9,52.421,20,false,leader-w1r5,10
2026-04-03T20:52:51.229068-07:00,read,key-3,52.438,14,false,leader-w1r5,10
2026-04-03T20:52:51.229002-07:00,read,key-4,52.817,19,false,leader-w1r5,10
2026-04-03T20:52:51.281104-07:00,write,key-9,0.885,21,false,leader-w1r5,10
2026-04-03T20:52:51.229156-07:00,read,key-1,54.003,9,false,leader-w1r5,10
2026-04-03T20:52:51.231071-07:00,read,key-2,52.228,13,false,leader-w1r5,10
2026-04-03T20:52:51.232093-07:00,read,key-1,51.570,9,false,leader-w1r5,10
2026-04-03T20:52:51.231118-07:00,read,key-0,53.834,18,false,leader-w1r5,10
2026-04-03T20:52:51.284954-07:00,write,key-9,0.640,22,false,leader-w1r5,10
2026-04-03T20:52:51.234484-07:00,read,key-8,51.488,21,false,leader-w1r5,10
2026-04-03T20:52:51.239321-07:00,read,key-6,51.800,15,false,leader-w1r5,10
2026-04-03T20:52:51.237507-07:00,read,key-4,53.638,19,false,leader-w1r5,10
2026-04-03T20:52:51.266683-07:00,read,key-7,52.516,25,false,leader-w1r5,10
2026-04-03T20:52:51.265211-07:00,read,key-6,53.992,15,false,leader-w1r5,10
2026-04-03T20:52:51.266644-07:00,read,key-4,52.587,19,false,leader-w1r5,10
2026-04-03T20:52:51.266569-07:00,read,key-9,52.670,22,false,leader-w1r5,10
2026-04-03T20:52:51.319242-07:00,write,key-6,0.317,16,false,leader-w1r5,10
2026-04-03T20:52:51.266693-07:00,read,key-0,56.806,18,false,leader-w1r5,10
2026-04-03T20:52:51.278303-07:00,read,key-7,52.874,25,false,leader-w1r5,10
2026-04-03T20:52:51.281507-07:00,read,key-7,51.724,25,false,leader-w1r5,10
2026-04-03T20:52:51.276342-07:00,read,key-9,56.926,22,false,leader-w1r5,10
2026-04-03T20:52:51.281497-07:00,read,key-1,51.778,9,false,leader-w1r5,10
2026-04-03T20:52:51.28149-07:00,read,key-4,51.939,19,false,leader-w1r5,10
2026-04-03T20:52:51.278254-07:00,read,key-9,55.191,22,false,leader-w1r5,10
2026-04-03T20:52:51.333431-07:00,write,key-5,1.084,18,false,leader-w1r5,10
2026-04-03T20:52:51.283301-07:00,read,key-7,51.248,25,false,leader-w1r5,10
2026-04-03T20:52:51.281821-07:00,read,key-6,52.740,15,true,leader-w1r5,10
2026-04-03T20:52:51.28316-07:00,read,key-7,51.807,25,false,leader-w1r5,10
2026-04-03T20:52:51.283664-07:00,read,key-5,52.030,18,false,leader-w1r5,10
2026-04-03T20:52:51.28199-07:00,read,key-6,54.311,15,true,leader-w1r5,10
2026-04-03T20:52:51.285596-07:00,read,key-6,51.900,15,true,leader-w1r5,10
2026-04-03T20:52:51.285974-07:00,read,key-3,51.804,14,false,leader-w1r5,10
2026-04-03T20:52:51.291148-07:00,read,key-2,52.271,13,false,leader-w1r5,10
2026-04-03T20:52:51.291122-07:00,read,key-1,52.340,9,false,leader-w1r5,10
2026-04-03T20:52:51.319204-07:00,read,key-7,52.102,25,false,leader-w1r5,10
2026-04-03T20:52:51.319201-07:00,read,key-1,52.167,9,false,leader-w1r5,10
2026-04-03T20:52:51.319232-07:00,read,key-7,52.142,25,false,leader-w1r5,10
2026-04-03T20:52:51.371376-07:00,write,key-1,0.872,10,false,leader-w1r5,10
2026-04-03T20:52:51.323501-07:00,read,key-9,51.765,22,false,leader-w1r5,10
2026-04-03T20:52:51.319561-07:00,read,key-0,55.794,18,false,leader-w1r5,10
2026-04-03T20:52:51.375355-07:00,write,key-1,0.358,11,false,leader-w1r5,10
2026-04-03T20:52:51.333232-07:00,read,key-6,51.876,16,false,leader-w1r5,10
2026-04-03T20:52:51.333446-07:00,read,key-0,51.683,18,false,leader-w1r5,10
2026-04-03T20:52:51.333269-07:00,read,key-5,51.940,17,true,leader-w1r5,10
2026-04-03T20:52:51.334562-07:00,read,key-8,55.187,21,false,leader-w1r5,10
2026-04-03T20:52:51.334549-07:00,read,key-9,55.218,22,false,leader-w1r5,10
2026-04-03T20:52:51.334516-07:00,read,key-9,55.251,22,false,leader-w1r5,10
2026-04-03T20:52:51.334968-07:00,read,key-0,54.831,18,false,leader-w1r5,10
2026-04-03T20:52:51.33118-07:00,read,key-8,58.635,21,false,leader-w1r5,10
2026-04-03T20:52:51.333277-07:00,read,key-0,56.543,18,false,leader-w1r5,10
2026-04-03T20:52:51.337498-07:00,read,key-8,53.314,21,false,leader-w1r5,10
2026-04-03T20:52:51.335696-07:00,read,key-1,55.137,11,false,leader-w1r5,10
2026-04-03T20:52:51.336302-07:00,read,key-2,54.924,13,false,leader-w1r5,10
2026-04-03T20:52:51.337779-07:00,read,key-5,54.399,18,false,leader-w1r5,10
2026-04-03T20:52:51.343466-07:00,read,key-6,50.731,16,false,leader-w1r5,10
2026-04-03T20:52:51.343422-07:00,read,key-7,51.096,25,false,leader-w1r5,10
2026-04-03T20:52:51.372267-07:00,read,key-2,51.541,13,false,leader-w1r5,10
2026-04-03T20:52:51.371308-07:00,read,key-6,52.679,16,false,leader-w1r5,10
2026-04-03T20:52:51.375268-07:00,read,key-2,51.038,13,false,leader-w1r5,10
2026-04-03T20:52:51.375715-07:00,read,key-3,58.783,14,false,leader-w1r5,10
2026-04-03T20:52:51.385112-07:00,read,key-5,51.210,18,false,leader-w1r5,10
2026-04-03T20:52:51.37137-07:00,read,key-5,65.083,18,false,leader-w1r5,10
2026-04-03T20:52:51.385211-07:00,read,key-0,51.243,18,false,leader-w1r5,10
2026-04-03T20:52:51.385132-07:00,read,key-8,54.978,21,false,leader-w1r5,10
2026-04-03T20:52:51.389751-07:00,read,key-2,51.308,13,false,leader-w1r5,10
2026-04-03T20:52:51.389816-07:00,read,key-3,51.258,14,false,leader-w1r5,10
2026-04-03T20:52:51.389769-07:00,read,key-3,51.358,14,false,leader-w1r5,10
2026-04-03T20:52:51.3898-07:00,read,key-0,51.317,18,false,leader-w1r5,10
2026-04-03T20:52:51.390833-07:00,read,key-0,51.524,18,false,leader-w1r5,10
2026-04-03T20:52:51.389769-07:00,read,key-2,52.602,13,false,leader-w1r5,10
2026-04-03T20:52:51.391228-07:00,read,key-1,51.763,11,false,leader-w1r5,10
2026-04-03T20:52:51.390813-07:00,read,key-4,54.599,19,false,leader-w1r5,10
2026-04-03T20:52:51.389821-07:00,read,key-6,55.607,16,false,leader-w1r5,10
2026-04-03T20:52:51.39218-07:00,read,key-7,55.123,25,false,leader-w1r5,10
2026-04-03T20:52:51.394198-07:00,read,key-6,53.120,16,false,leader-w1r5,10
2026-04-03T20:52:51.394521-07:00,read,key-3,55.749,14,false,leader-w1r5,10
2026-04-03T20:52:51.423989-07:00,read,key-7,51.978,25,false,leader-w1r5,10
2026-04-03T20:52:51.426309-07:00,read,key-1,54.029,11,false,leader-w1r5,10
2026-04-03T20:52:51.423812-07:00,read,key-9,56.584,22,false,leader-w1r5,10
2026-04-03T20:52:51.436456-07:00,read,key-8,51.910,21,false,leader-w1r5,10
2026-04-03T20:52:51.436455-07:00,read,key-4,51.951,19,false,leader-w1r5,10
2026-04-03T20:52:51.436326-07:00,read,key-2,53.303,13,false,leader-w1r5,10
2026-04-03T20:52:51.434501-07:00,read,key-6,55.205,16,false,leader-w1r5,10
2026-04-03T20:52:51.440112-07:00,read,key-5,52.199,18,false,leader-w1r5,10
2026-04-03T20:52:51.441131-07:00,read,key-1,51.806,11,false,leader-w1r5,10
2026-04-03T20:52:51.441075-07:00,read,key-7,51.877,25,false,leader-w1r5,10
2026-04-03T20:52:51.441061-07:00,read,key-5,52.160,18,false,leader-w1r5,10
2026-04-03T20:52:51.441128-07:00,read,key-5,52.116,18,false,leader-w1r5,10
2026-04-03T20:52:51.442992-07:00,read,key-4,51.234,19,false,leader-w1r5,10
2026-04-03T20:52:51.493245-07:00,write,key-4,1.016,20,false,leader-w1r5,10
2026-04-03T20:52:51.442359-07:00,read,key-2,52.083,13,false,leader-w1r5,10
2026-04-03T20:52:51.442373-07:00,read,key-9,52.123,22,false,leader-w1r5,10
2026-04-03T20:52:51.445415-07:00,read,key-9,51.613,22,false,leader-w1r5,10
2026-04-03T20:52:51.494443-07:00,write,key-5,2.626,19,false,leader-w1r5,10
2026-04-03T20:52:51.44543-07:00,read,key-1,51.671,11,false,leader-w1r5,10
2026-04-03T20:52:51.447304-07:00,read,key-2,51.584,13,false,leader-w1r5,10
2026-04-03T20:52:51.44732-07:00,read,key-7,54.633,25,false,leader-w1r5,10
2026-04-03T20:52:51.450272-07:00,read,key-4,51.856,20,false,leader-w1r5,10
2026-04-03T20:52:51.498889-07:00,write,key-1,4.042,12,false,leader-w1r5,10
2026-04-03T20:52:51.47597-07:00,read,key-1,51.350,12,false,leader-w1r5,10
2026-04-03T20:52:51.480398-07:00,read,key-3,54.807,14,false,leader-w1r5,10
2026-04-03T20:52:51.535206-07:00,write,key-7,0.363,26,false,leader-w1r5,10
2026-04-03T20:52:51.48034-07:00,read,key-3,55.649,14,false,leader-w1r5,10
2026-04-03T20:52:51.488367-07:00,read,key-7,52.657,26,false,leader-w1r5,10
2026-04-03T20:52:51.489708-07:00,read,key-7,51.840,26,false,leader-w1r5,10
2026-04-03T20:52:51.489648-07:00,read,key-9,51.915,22,false,leader-w1r5,10
2026-04-03T20:52:51.492313-07:00,read,key-2,52.169,13,false,leader-w1r5,10
2026-04-03T20:52:51.488408-07:00,read,key-8,56.129,21,false,leader-w1r5,10
2026-04-03T20:52:51.492939-07:00,read,key-7,51.835,26,false,leader-w1r5,10
2026-04-03T20:52:51.492954-07:00,read,key-9,51.850,22,false,leader-w1r5,10
2026-04-03T20:52:51.494262-07:00,read,key-9,52.884,22,false,leader-w1r5,10
2026-04-03T20:52:51.494497-07:00,read,key-6,52.666,16,false,leader-w1r5,10
2026-04-03T20:52:51.494228-07:00,read,key-5,52.942,18,true,leader-w1r5,10
2026-04-03T20:52:51.493222-07:00,read,key-3,54.704,14,false,leader-w1r5,10
2026-04-03T20:52:51.497103-07:00,read,key-5,51.048,19,false,leader-w1r5,10
2026-04-03T20:52:51.497031-07:00,read,key-2,51.266,13,false,leader-w1r5,10
2026-04-03T20:52:51.497071-07:00,read,key-3,52.161,14,false,leader-w1r5,10
2026-04-03T20:52:51.50213-07:00,read,key-6,52.129,16,false,leader-w1r5,10
2026-04-03T20:52:51.502933-07:00,read,key-4,51.421,20,false,leader-w1r5,10
2026-04-03T20:52:51.501972-07:00,read,key-2,52.452,13,false,leader-w1r5,10
2026-04-03T20:52:51.527322-07:00,read,key-8,51.753,21,false,leader-w1r5,10
2026-04-03T20:52:51.535991-07:00,read,key-1,52.226,12,false,leader-w1r5,10
2026-04-03T20:52:51.535572-07:00,read,key-3,52.715,14,false,leader-w1r5,10
2026-04-03T20:52:51.541027-07:00,read,key-5,51.359,19,false,leader-w1r5,10
2026-04-03T20:52:51.541549-07:00,read,key-7,51.423,26,false,leader-w1r5,10
2026-04-03T20:52:51.541564-07:00,read,key-0,54.748,18,false,leader-w1r5,10
2026-04-03T20:52:51.544484-07:00,read,key-7,51.859,26,false,leader-w1r5,10
2026-04-03T20:52:51.544538-07:00,read,key-6,51.812,16,false,leader-w1r5,10
2026-04-03T20:52:51.544776-07:00,read,key-9,51.724,22,false,leader-w1r5,10
2026-04-03T20:52:51.596314-07:00,write,key-0,3.384,19,false,leader-w1r5,10
2026-04-03T20:52:51.547171-07:00,read,key-0,52.954,18,true,leader-w1r5,10
2026-04-03T20:52:51.547147-07:00,read,key-9,53.023,22,false,leader-w1r5,10
2026-04-03T20:52:51.547165-07:00,read,key-0,53.046,18,true,leader-w1r5,10
2026-04-03T20:52:51.547928-07:00,read,key-8,52.284,21,false,leader-w1r5,10
2026-04-03T20:52:51.548152-07:00,read,key-4,52.068,20,false,leader-w1r5,10
2026-04-03T20:52:51.544805-07:00,read,key-8,55.424,21,false,leader-w1r5,10
2026-04-03T20:52:51.548298-07:00,read,key-2,52.171,13,false,leader-w1r5,10
2026-04-03T20:52:51.600171-07:00,write,key-3,1.112,15,false,leader-w1r5,10
2026-04-03T20:52:51.549234-07:00,read,key-5,53.864,19,false,leader-w1r5,10
2026-04-03T20:52:51.554262-07:00,read,key-2,52.345,13,false,leader-w1r5,10
2026-04-03T20:52:51.554428-07:00,read,key-9,52.193,22,false,leader-w1r5,10
2026-04-03T20:52:51.554355-07:00,read,key-1,52.820,12,false,leader-w1r5,10
2026-04-03T20:52:51.579078-07:00,read,key-0,52.179,19,false,leader-w1r5,10
2026-04-03T20:52:51.588288-07:00,read,key-7,52.434,26,false,leader-w1r5,10
2026-04-03T20:52:51.588219-07:00,read,key-4,56.093,20,false,leader-w1r5,10
2026-04-03T20:52:51.592388-07:00,read,key-3,52.052,15,false,leader-w1r5,10
2026-04-03T20:52:51.596356-07:00,read,key-7,52.383,26,false,leader-w1r5,10
2026-04-03T20:52:51.596501-07:00,read,key-4,52.344,20,false,leader-w1r5,10
2026-04-03T20:52:51.596365-07:00,read,key-3,52.520,15,false,leader-w1r5,10
2026-04-03T20:52:51.592974-07:00,read,key-5,56.032,19,false,leader-w1r5,10
2026-04-03T20:52:51.5997-07:00,read,key-8,52.391,21,false,leader-w1r5,10
2026-04-03T20:52:51.600138-07:00,read,key-6,52.443,16,false,leader-w1r5,10
2026-04-03T20:52:51.60047-07:00,read,key-7,52.688,26,false,leader-w1r5,10
2026-04-03T20:52:51.60023-07:00,read,key-0,53.226,19,false,leader-w1r5,10
2026-04-03T20:52:51.600222-07:00,read,key-6,53.239,16,false,leader-w1r5,10
2026-04-03T20:52:51.600215-07:00,read,key-6,53.272,16,false,leader-w1r5,10
2026-04-03T20:52:51.600211-07:00,read,key-0,53.282,19,false,leader-w1r5,10
2026-04-03T20:52:51.65316-07:00,write,key-3,1.834,16,false,leader-w1r5,10
2026-04-03T20:52:51.603101-07:00,read,key-0,51.919,19,false,leader-w1r5,10
2026-04-03T20:52:51.654997-07:00,write,key-0,0.647,20,false,leader-w1r5,10
2026-04-03T20:52:51.601284-07:00,read,key-2,55.293,13,false,leader-w1r5,10
2026-04-03T20:52:51.607176-07:00,read,key-4,52.983,20,false,leader-w1r5,10
2026-04-03T20:52:51.606624-07:00,read,key-2,59.535,13,false,leader-w1r5,10
2026-04-03T20:52:51.606609-07:00,read,key-3,59.551,16,false,leader-w1r5,10
2026-04-03T20:52:51.631259-07:00,read,key-4,53.006,20,false,leader-w1r5,10
2026-04-03T20:52:51.640727-07:00,read,key-9,52.538,22,false,leader-w1r5,10
2026-04-03T20:52:51.644322-07:00,read,key-8,52.984,21,false,leader-w1r5,10
2026-04-03T20:52:51.644441-07:00,read,key-1,53.884,12,false,leader-w1r5,10
2026-04-03T20:52:51.648846-07:00,read,key-5,52.377,19,false,leader-w1r5,10
2026-04-03T20:52:51.649007-07:00,read,key-6,52.241,16,false,leader-w1r5,10
2026-04-03T20:52:51.648741-07:00,read,key-8,52.521,21,false,leader-w1r5,10
2026-04-03T20:52:51.652093-07:00,read,key-3,51.985,16,false,leader-w1r5,10
2026-04-03T20:52:51.648888-07:00,read,key-7,55.703,26,false,leader-w1r5,10
2026-04-03T20:52:51.653489-07:00,read,key-6,51.840,16,false,leader-w1r5,10
2026-04-03T20:52:51.653494-07:00,read,key-0,51.906,20,false,leader-w1r5,10
2026-04-03T20:52:51.652582-07:00,read,key-2,52.910,13,false,leader-w1r5,10
2026-04-03T20:52:51.653463-07:00,read,key-5,52.052,19,false,leader-w1r5,10
2026-04-03T20:52:51.653457-07:00,read,key-6,52.777,16,false,leader-w1r5,10
2026-04-03T20:52:51.655022-07:00,read,key-0,51.880,20,false,leader-w1r5,10
2026-04-03T20:52:51.656578-07:00,read,key-9,52.525,22,false,leader-w1r5,10
2026-04-03T20:52:51.655646-07:00,read,key-7,53.640,26,false,leader-w1r5,10
2026-04-03T20:52:51.660161-07:00,read,key-3,51.930,16,false,leader-w1r5,10
2026-04-03T20:52:51.666161-07:00,read,key-4,51.189,20,false,leader-w1r5,10
2026-04-03T20:52:51.666161-07:00,read,key-8,51.971,21,false,leader-w1r5,10
2026-04-03T20:52:51.684267-07:00,read,key-0,56.980,20,false,leader-w1r5,10
2026-04-03T20:52:51.693267-07:00,read,key-4,50.888,20,false,leader-w1r5,10
2026-04-03T20:52:51.697308-07:00,read,key-3,52.858,16,false,leader-w1r5,10
2026-04-03T20:52:51.701225-07:00,read,key-1,51.786,12,false,leader-w1r5,10
2026-04-03T20:52:51.698327-07:00,read,key-9,54.760,22,false,leader-w1r5,10
2026-04-03T20:52:51.701263-07:00,read,key-7,51.826,26,false,leader-w1r5,10
2026-04-03T20:52:51.753088-07:00,write,key-0,0.311,21,false,leader-w1r5,10
2026-04-03T20:52:51.753091-07:00,write,key-2,0.800,14,false,leader-w1r5,10
2026-04-03T20:52:51.701249-07:00,read,key-4,52.742,20,false,leader-w1r5,10
2026-04-03T20:52:51.704081-07:00,read,key-3,51.968,16,false,leader-w1r5,10
2026-04-03T20:52:51.704592-07:00,read,key-2,51.975,14,false,leader-w1r5,10
2026-04-03T20:52:51.705401-07:00,read,key-9,51.344,22,false,leader-w1r5,10
2026-04-03T20:52:51.70553-07:00,read,key-2,51.314,14,false,leader-w1r5,10
2026-04-03T20:52:51.70533-07:00,read,key-9,51.903,22,false,leader-w1r5,10
2026-04-03T20:52:51.706236-07:00,read,key-3,51.215,16,false,leader-w1r5,10
2026-04-03T20:52:51.756569-07:00,write,key-3,0.959,17,false,leader-w1r5,10
2026-04-03T20:52:51.705493-07:00,read,key-7,52.074,26,false,leader-w1r5,10
2026-04-03T20:52:51.709288-07:00,read,key-6,52.854,16,false,leader-w1r5,10
2026-04-03T20:52:51.709104-07:00,read,key-3,53.184,17,false,leader-w1r5,10
2026-04-03T20:52:51.706902-07:00,read,key-1,55.386,12,false,leader-w1r5,10
2026-04-03T20:52:51.712093-07:00,read,key-1,51.971,12,false,leader-w1r5,10
2026-04-03T20:52:51.717353-07:00,read,key-8,51.771,21,false,leader-w1r5,10
2026-04-03T20:52:51.718134-07:00,read,key-5,51.004,19,false,leader-w1r5,10
2026-04-03T20:52:51.741249-07:00,read,key-2,51.810,13,true,leader-w1r5,10
2026-04-03T20:52:51.744157-07:00,read,key-7,51.805,26,false,leader-w1r5,10
2026-04-03T20:52:51.75017-07:00,read,key-9,51.017,22,false,leader-w1r5,10
2026-04-03T20:52:51.753012-07:00,read,key-7,51.269,26,false,leader-w1r5,10
2026-04-03T20:52:51.7534-07:00,read,key-5,51.023,19,false,leader-w1r5,10
2026-04-03T20:52:51.753892-07:00,read,key-8,52.279,21,false,leader-w1r5,10
2026-04-03T20:52:51.756845-07:00,read,key-0,52.064,21,false,leader-w1r5,10
2026-04-03T20:52:51.753993-07:00,read,key-8,54.936,21,false,leader-w1r5,10
2026-04-03T20:52:51.756769-07:00,read,key-3,52.161,17,false,leader-w1r5,10
2026-04-03T20:52:51.756051-07:00,read,key-6,52.909,16,false,leader-w1r5,10
