timestamp,type,key,latency_ms,version,stale_read,db_type,write_pct
2026-04-03T20:50:03.535597-07:00,read,key-0,10.001,0,false,leader-w5r1,1
2026-04-03T20:50:03.535531-07:00,read,key-8,10.303,0,false,leader-w5r1,1
2026-04-03T20:50:03.535867-07:00,read,key-2,9.989,0,false,leader-w5r1,1
2026-04-03T20:50:03.535325-07:00,read,key-0,10.650,0,false,leader-w5r1,1
2026-04-03T20:50:03.53574-07:00,read,key-9,10.257,0,false,leader-w5r1,1
2026-04-03T20:50:03.535907-07:00,read,key-6,10.123,0,false,leader-w5r1,1
2026-04-03T20:50:03.535664-07:00,read,key-0,10.425,0,false,leader-w5r1,1
2026-04-03T20:50:03.536009-07:00,read,key-2,10.269,0,false,leader-w5r1,1
2026-04-03T20:50:03.535541-07:00,read,key-9,10.744,0,false,leader-w5r1,1
2026-04-03T20:50:03.535876-07:00,read,key-7,10.419,0,false,leader-w5r1,1
2026-04-03T20:50:03.535564-07:00,read,key-4,10.802,0,false,leader-w5r1,1
2026-04-03T20:50:03.535969-07:00,read,key-1,10.781,0,false,leader-w5r1,1
2026-04-03T20:50:03.53529-07:00,read,key-0,11.489,0,false,leader-w5r1,1
2026-04-03T20:50:03.535786-07:00,read,key-0,11.003,0,false,leader-w5r1,1
2026-04-03T20:50:03.535295-07:00,read,key-8,11.578,0,false,leader-w5r1,1
2026-04-03T20:50:03.535559-07:00,read,key-9,11.381,0,false,leader-w5r1,1
2026-04-03T20:50:03.535279-07:00,read,key-8,11.691,0,false,leader-w5r1,1
2026-04-03T20:50:03.535711-07:00,read,key-4,11.261,0,false,leader-w5r1,1
2026-04-03T20:50:03.536002-07:00,read,key-0,11.008,0,false,leader-w5r1,1
2026-04-03T20:50:03.53528-07:00,read,key-7,11.918,0,false,leader-w5r1,1
2026-04-03T20:50:03.545976-07:00,read,key-8,3.720,0,false,leader-w5r1,1
2026-04-03T20:50:03.546779-07:00,read,key-2,3.163,0,false,leader-w5r1,1
2026-04-03T20:50:03.546751-07:00,read,key-8,3.505,0,false,leader-w5r1,1
2026-04-03T20:50:03.546874-07:00,read,key-6,3.475,0,false,leader-w5r1,1
2026-04-03T20:50:03.546977-07:00,read,key-8,3.372,0,false,leader-w5r1,1
2026-04-03T20:50:03.546292-07:00,read,key-7,4.067,0,false,leader-w5r1,1
2026-04-03T20:50:03.54609-07:00,read,key-5,4.302,0,false,leader-w5r1,1
2026-04-03T20:50:03.54679-07:00,read,key-8,4.015,0,false,leader-w5r1,1
2026-04-03T20:50:03.546971-07:00,read,key-4,3.865,0,false,leader-w5r1,1
2026-04-03T20:50:03.546368-07:00,read,key-4,4.481,0,false,leader-w5r1,1
2026-04-03T20:50:03.546296-07:00,read,key-9,4.574,0,false,leader-w5r1,1
2026-04-03T20:50:03.547199-07:00,read,key-6,3.678,0,false,leader-w5r1,1
2026-04-03T20:50:03.545835-07:00,read,key-4,5.054,0,false,leader-w5r1,1
2026-04-03T20:50:03.545858-07:00,read,key-9,5.088,0,false,leader-w5r1,1
2026-04-03T20:50:03.545599-07:00,read,key-4,5.407,0,false,leader-w5r1,1
2026-04-03T20:50:03.546045-07:00,read,key-1,4.962,0,false,leader-w5r1,1
2026-04-03T20:50:03.546941-07:00,read,key-8,4.072,0,false,leader-w5r1,1
2026-04-03T20:50:03.546003-07:00,read,key-9,5.035,0,false,leader-w5r1,1
2026-04-03T20:50:03.546278-07:00,read,key-2,4.770,0,false,leader-w5r1,1
2026-04-03T20:50:03.547011-07:00,read,key-5,5.094,0,false,leader-w5r1,1
2026-04-03T20:50:03.551039-07:00,read,key-9,2.464,0,false,leader-w5r1,1
2026-04-03T20:50:03.550393-07:00,read,key-8,3.337,0,false,leader-w5r1,1
2026-04-03T20:50:03.550878-07:00,read,key-3,3.285,0,false,leader-w5r1,1
2026-04-03T20:50:03.551009-07:00,read,key-0,3.186,0,false,leader-w5r1,1
2026-04-03T20:50:03.550351-07:00,read,key-0,4.315,0,false,leader-w5r1,1
2026-04-03T20:50:03.550807-07:00,read,key-8,3.897,0,false,leader-w5r1,1
2026-04-03T20:50:03.55085-07:00,read,key-8,3.872,0,false,leader-w5r1,1
2026-04-03T20:50:03.550947-07:00,read,key-7,3.777,0,false,leader-w5r1,1
2026-04-03T20:50:03.55105-07:00,read,key-0,3.675,0,false,leader-w5r1,1
2026-04-03T20:50:03.550871-07:00,read,key-1,3.869,0,false,leader-w5r1,1
2026-04-03T20:50:03.55089-07:00,read,key-0,3.855,0,false,leader-w5r1,1
2026-04-03T20:50:03.550838-07:00,read,key-1,3.934,0,false,leader-w5r1,1
2026-04-03T20:50:03.549698-07:00,read,key-5,5.137,0,false,leader-w5r1,1
2026-04-03T20:50:03.551007-07:00,read,key-5,3.839,0,false,leader-w5r1,1
2026-04-03T20:50:03.550257-07:00,read,key-9,4.601,0,false,leader-w5r1,1
2026-04-03T20:50:03.55035-07:00,read,key-4,4.528,0,false,leader-w5r1,1
2026-04-03T20:50:03.551015-07:00,read,key-4,3.941,0,false,leader-w5r1,1
2026-04-03T20:50:03.550361-07:00,read,key-5,4.606,0,false,leader-w5r1,1
2026-04-03T20:50:03.549943-07:00,read,key-4,5.035,0,false,leader-w5r1,1
2026-04-03T20:50:03.553505-07:00,read,key-8,2.300,0,false,leader-w5r1,1
2026-04-03T20:50:03.553731-07:00,read,key-0,2.084,0,false,leader-w5r1,1
2026-04-03T20:50:03.552107-07:00,read,key-7,3.721,0,false,leader-w5r1,1
2026-04-03T20:50:03.554165-07:00,read,key-9,1.679,0,false,leader-w5r1,1
2026-04-03T20:50:03.554727-07:00,read,key-3,2.870,0,false,leader-w5r1,1
2026-04-03T20:50:03.555845-07:00,read,key-1,1.781,0,false,leader-w5r1,1
2026-04-03T20:50:03.554741-07:00,read,key-2,3.011,0,false,leader-w5r1,1
2026-04-03T20:50:03.554196-07:00,read,key-3,3.599,0,false,leader-w5r1,1
2026-04-03T20:50:03.554666-07:00,read,key-3,3.149,0,false,leader-w5r1,1
2026-04-03T20:50:03.554969-07:00,read,key-5,2.939,0,false,leader-w5r1,1
2026-04-03T20:50:03.554836-07:00,read,key-9,3.103,0,false,leader-w5r1,1
2026-04-03T20:50:03.554773-07:00,read,key-2,3.171,0,false,leader-w5r1,1
2026-04-03T20:50:03.555816-07:00,read,key-3,2.150,0,false,leader-w5r1,1
2026-04-03T20:50:03.554957-07:00,read,key-3,3.343,0,false,leader-w5r1,1
2026-04-03T20:50:03.554706-07:00,read,key-4,3.649,0,false,leader-w5r1,1
2026-04-03T20:50:03.554859-07:00,read,key-7,3.549,0,false,leader-w5r1,1
2026-04-03T20:50:03.554725-07:00,read,key-6,3.721,0,false,leader-w5r1,1
2026-04-03T20:50:03.554724-07:00,read,key-0,3.727,0,false,leader-w5r1,1
2026-04-03T20:50:03.554746-07:00,read,key-2,3.710,0,false,leader-w5r1,1
2026-04-03T20:50:03.554847-07:00,read,key-1,3.612,0,false,leader-w5r1,1
2026-04-03T20:50:03.555829-07:00,read,key-7,2.701,0,false,leader-w5r1,1
2026-04-03T20:50:03.554979-07:00,read,key-5,3.589,0,false,leader-w5r1,1
2026-04-03T20:50:03.554879-07:00,read,key-8,3.714,0,false,leader-w5r1,1
2026-04-03T20:50:03.555806-07:00,read,key-7,2.789,0,false,leader-w5r1,1
2026-04-03T20:50:03.558597-07:00,read,key-6,2.021,0,false,leader-w5r1,1
2026-04-03T20:50:03.557816-07:00,read,key-9,3.669,0,false,leader-w5r1,1
2026-04-03T20:50:03.557627-07:00,read,key-2,3.899,0,false,leader-w5r1,1
2026-04-03T20:50:03.558301-07:00,read,key-6,3.230,0,false,leader-w5r1,1
2026-04-03T20:50:03.557753-07:00,read,key-3,3.816,0,false,leader-w5r1,1
2026-04-03T20:50:03.557598-07:00,read,key-8,4.110,0,false,leader-w5r1,1
2026-04-03T20:50:03.558452-07:00,read,key-6,3.273,0,false,leader-w5r1,1
2026-04-03T20:50:03.558448-07:00,read,key-5,3.284,0,false,leader-w5r1,1
2026-04-03T20:50:03.55857-07:00,read,key-6,3.185,0,false,leader-w5r1,1
2026-04-03T20:50:03.557945-07:00,read,key-6,4.132,0,false,leader-w5r1,1
2026-04-03T20:50:03.557939-07:00,read,key-6,4.165,0,false,leader-w5r1,1
2026-04-03T20:50:03.558594-07:00,read,key-2,3.525,0,false,leader-w5r1,1
2026-04-03T20:50:03.558465-07:00,read,key-8,3.701,0,false,leader-w5r1,1
2026-04-03T20:50:03.55841-07:00,read,key-3,3.773,0,false,leader-w5r1,1
2026-04-03T20:50:03.557967-07:00,read,key-1,4.222,0,false,leader-w5r1,1
2026-04-03T20:50:03.558459-07:00,read,key-0,3.767,0,false,leader-w5r1,1
2026-04-03T20:50:03.558356-07:00,read,key-7,3.916,0,false,leader-w5r1,1
2026-04-03T20:50:03.557909-07:00,read,key-0,4.439,0,false,leader-w5r1,1
2026-04-03T20:50:03.558532-07:00,read,key-4,3.818,0,false,leader-w5r1,1
2026-04-03T20:50:03.557796-07:00,read,key-2,4.565,0,false,leader-w5r1,1
2026-04-03T20:50:03.560618-07:00,read,key-8,3.997,0,false,leader-w5r1,1
2026-04-03T20:50:03.562168-07:00,read,key-9,2.504,0,false,leader-w5r1,1
2026-04-03T20:50:03.56223-07:00,read,key-7,2.445,0,false,leader-w5r1,1
2026-04-03T20:50:03.562349-07:00,read,key-7,2.349,0,false,leader-w5r1,1
2026-04-03T20:50:03.562192-07:00,read,key-9,2.519,0,false,leader-w5r1,1
2026-04-03T20:50:03.562273-07:00,read,key-3,2.448,0,false,leader-w5r1,1
2026-04-03T20:50:03.562184-07:00,read,key-0,2.543,0,false,leader-w5r1,1
2026-04-03T20:50:03.561528-07:00,read,key-6,3.330,0,false,leader-w5r1,1
2026-04-03T20:50:03.561756-07:00,read,key-7,3.118,0,false,leader-w5r1,1
2026-04-03T20:50:03.562121-07:00,read,key-6,2.756,0,false,leader-w5r1,1
2026-04-03T20:50:03.562351-07:00,read,key-3,2.545,0,false,leader-w5r1,1
2026-04-03T20:50:03.562362-07:00,read,key-8,2.544,0,false,leader-w5r1,1
2026-04-03T20:50:03.561734-07:00,read,key-3,3.172,0,false,leader-w5r1,1
2026-04-03T20:50:03.56211-07:00,read,key-3,2.809,0,false,leader-w5r1,1
2026-04-03T20:50:03.561726-07:00,read,key-3,3.195,0,false,leader-w5r1,1
2026-04-03T20:50:03.562077-07:00,read,key-1,2.846,0,false,leader-w5r1,1
2026-04-03T20:50:03.561486-07:00,read,key-9,3.444,0,false,leader-w5r1,1
2026-04-03T20:50:03.561571-07:00,read,key-8,3.361,0,false,leader-w5r1,1
2026-04-03T20:50:03.561709-07:00,read,key-7,3.225,0,false,leader-w5r1,1
2026-04-03T20:50:03.561532-07:00,read,key-5,3.420,0,false,leader-w5r1,1
2026-04-03T20:50:03.564876-07:00,read,key-9,3.083,0,false,leader-w5r1,1
2026-04-03T20:50:03.564897-07:00,read,key-1,3.081,0,false,leader-w5r1,1
2026-04-03T20:50:03.564931-07:00,read,key-2,3.063,0,false,leader-w5r1,1
2026-04-03T20:50:03.564616-07:00,read,key-7,3.389,0,false,leader-w5r1,1
2026-04-03T20:50:03.564934-07:00,read,key-1,3.201,0,false,leader-w5r1,1
2026-04-03T20:50:03.564935-07:00,read,key-4,3.318,0,false,leader-w5r1,1
2026-04-03T20:50:03.564676-07:00,read,key-5,3.695,0,false,leader-w5r1,1
2026-04-03T20:50:03.564675-07:00,read,key-5,3.726,0,false,leader-w5r1,1
2026-04-03T20:50:03.564907-07:00,read,key-0,3.495,0,false,leader-w5r1,1
2026-04-03T20:50:03.564922-07:00,read,key-4,3.503,0,false,leader-w5r1,1
2026-04-03T20:50:03.564728-07:00,read,key-9,3.775,0,false,leader-w5r1,1
2026-04-03T20:50:03.564858-07:00,read,key-7,3.663,0,false,leader-w5r1,1
2026-04-03T20:50:03.564722-07:00,read,key-8,3.826,0,false,leader-w5r1,1
2026-04-03T20:50:03.564953-07:00,read,key-3,3.612,0,false,leader-w5r1,1
2026-04-03T20:50:03.564699-07:00,read,key-7,3.891,0,false,leader-w5r1,1
2026-04-03T20:50:03.564878-07:00,read,key-7,3.719,0,false,leader-w5r1,1
2026-04-03T20:50:03.564922-07:00,read,key-6,3.876,0,false,leader-w5r1,1
2026-04-03T20:50:03.564907-07:00,read,key-9,3.934,0,false,leader-w5r1,1
2026-04-03T20:50:03.564712-07:00,read,key-0,4.132,0,false,leader-w5r1,1
2026-04-03T20:50:03.564924-07:00,read,key-2,3.990,0,false,leader-w5r1,1
2026-04-03T20:50:03.568565-07:00,read,key-5,2.866,0,false,leader-w5r1,1
2026-04-03T20:50:03.568007-07:00,read,key-6,3.471,0,false,leader-w5r1,1
2026-04-03T20:50:03.568372-07:00,read,key-2,3.479,0,false,leader-w5r1,1
2026-04-03T20:50:03.56798-07:00,read,key-3,3.939,0,false,leader-w5r1,1
2026-04-03T20:50:03.568253-07:00,read,key-8,3.694,0,false,leader-w5r1,1
2026-04-03T20:50:03.568425-07:00,read,key-6,3.532,0,false,leader-w5r1,1
2026-04-03T20:50:03.568403-07:00,read,key-8,3.571,0,false,leader-w5r1,1
2026-04-03T20:50:03.568845-07:00,read,key-7,3.142,0,false,leader-w5r1,1
2026-04-03T20:50:03.568549-07:00,read,key-5,3.697,0,false,leader-w5r1,1
2026-04-03T20:50:03.568843-07:00,read,key-2,3.436,0,false,leader-w5r1,1
2026-04-03T20:50:03.568403-07:00,read,key-1,3.892,0,false,leader-w5r1,1
2026-04-03T20:50:03.568505-07:00,read,key-5,3.794,1,false,leader-w5r1,1
2026-04-03T20:50:03.568136-07:00,read,key-5,4.245,0,false,leader-w5r1,1
2026-04-03T20:50:03.568599-07:00,read,key-9,3.783,0,false,leader-w5r1,1
2026-04-03T20:50:03.567996-07:00,read,key-9,4.407,0,false,leader-w5r1,1
2026-04-03T20:50:03.568592-07:00,read,key-1,3.821,0,false,leader-w5r1,1
2026-04-03T20:50:03.568522-07:00,read,key-9,3.898,0,false,leader-w5r1,1
2026-04-03T20:50:03.568915-07:00,read,key-9,3.572,0,false,leader-w5r1,1
2026-04-03T20:50:03.567961-07:00,read,key-3,4.533,0,false,leader-w5r1,1
2026-04-03T20:50:03.571432-07:00,read,key-7,1.750,0,false,leader-w5r1,1
2026-04-03T20:50:03.573183-07:00,read,key-4,1.187,0,false,leader-w5r1,1
2026-04-03T20:50:03.572487-07:00,read,key-0,2.296,0,false,leader-w5r1,1
2026-04-03T20:50:03.571958-07:00,read,key-5,3.046,0,false,leader-w5r1,1
2026-04-03T20:50:03.572382-07:00,read,key-4,2.624,0,false,leader-w5r1,1
2026-04-03T20:50:03.57228-07:00,read,key-8,2.728,0,false,leader-w5r1,1
2026-04-03T20:50:03.571852-07:00,read,key-2,3.216,0,false,leader-w5r1,1
2026-04-03T20:50:03.571948-07:00,read,key-9,3.422,0,false,leader-w5r1,1
2026-04-03T20:50:03.57192-07:00,read,key-4,3.482,0,false,leader-w5r1,1
2026-04-03T20:50:03.572246-07:00,read,key-4,3.159,0,false,leader-w5r1,1
2026-04-03T20:50:03.572406-07:00,read,key-2,3.027,0,false,leader-w5r1,1
2026-04-03T20:50:03.572496-07:00,read,key-6,2.943,0,false,leader-w5r1,1
2026-04-03T20:50:03.571479-07:00,read,key-7,3.975,0,false,leader-w5r1,1
2026-04-03T20:50:03.572422-07:00,read,key-1,3.386,0,false,leader-w5r1,1
2026-04-03T20:50:03.572296-07:00,read,key-7,3.559,0,false,leader-w5r1,1
2026-04-03T20:50:03.572383-07:00,read,key-9,3.473,0,false,leader-w5r1,1
2026-04-03T20:50:03.572414-07:00,read,key-5,3.492,1,false,leader-w5r1,1
2026-04-03T20:50:03.571988-07:00,read,key-0,3.959,0,false,leader-w5r1,1
2026-04-03T20:50:03.5723-07:00,read,key-5,3.682,0,false,leader-w5r1,1
2026-04-03T20:50:03.571975-07:00,read,key-9,4.013,0,false,leader-w5r1,1
2026-04-03T20:50:03.575371-07:00,read,key-5,0.629,1,false,leader-w5r1,1
2026-04-03T20:50:03.575455-07:00,read,key-6,1.320,0,false,leader-w5r1,1
2026-04-03T20:50:03.575834-07:00,read,key-6,1.336,0,false,leader-w5r1,1
2026-04-03T20:50:03.575948-07:00,read,key-8,1.754,0,false,leader-w5r1,1
2026-04-03T20:50:03.576-07:00,read,key-0,1.703,0,false,leader-w5r1,1
2026-04-03T20:50:03.575434-07:00,read,key-0,2.978,0,false,leader-w5r1,1
2026-04-03T20:50:03.574784-07:00,read,key-6,3.654,0,false,leader-w5r1,1
2026-04-03T20:50:03.575857-07:00,read,key-5,2.613,0,false,leader-w5r1,1
2026-04-03T20:50:03.575856-07:00,read,key-0,2.670,0,false,leader-w5r1,1
2026-04-03T20:50:03.575005-07:00,read,key-6,3.545,0,false,leader-w5r1,1
2026-04-03T20:50:03.575406-07:00,read,key-9,3.148,0,false,leader-w5r1,1
2026-04-03T20:50:03.57501-07:00,read,key-2,3.563,0,false,leader-w5r1,1
2026-04-03T20:50:03.575402-07:00,read,key-0,3.199,0,false,leader-w5r1,1
2026-04-03T20:50:03.57599-07:00,read,key-1,2.668,0,false,leader-w5r1,1
2026-04-03T20:50:03.577172-07:00,read,key-8,1.509,0,false,leader-w5r1,1
2026-04-03T20:50:03.57507-07:00,read,key-7,3.615,0,false,leader-w5r1,1
2026-04-03T20:50:03.575441-07:00,read,key-7,3.258,0,false,leader-w5r1,1
2026-04-03T20:50:03.574371-07:00,read,key-6,4.334,0,false,leader-w5r1,1
2026-04-03T20:50:03.575983-07:00,read,key-3,2.726,0,false,leader-w5r1,1
2026-04-03T20:50:03.575007-07:00,read,key-5,3.759,0,false,leader-w5r1,1
2026-04-03T20:50:03.575907-07:00,read,key-5,2.883,0,false,leader-w5r1,1
2026-04-03T20:50:03.577706-07:00,read,key-0,1.193,0,false,leader-w5r1,1
2026-04-03T20:50:03.578659-07:00,read,key-2,1.612,0,false,leader-w5r1,1
2026-04-03T20:50:03.578552-07:00,read,key-7,1.774,0,false,leader-w5r1,1
2026-04-03T20:50:03.578574-07:00,read,key-7,1.755,0,false,leader-w5r1,1
2026-04-03T20:50:03.578527-07:00,read,key-7,1.947,0,false,leader-w5r1,1
2026-04-03T20:50:03.578556-07:00,read,key-8,1.921,0,false,leader-w5r1,1
2026-04-03T20:50:03.578414-07:00,read,key-2,2.066,0,false,leader-w5r1,1
2026-04-03T20:50:03.578682-07:00,read,key-5,1.833,0,false,leader-w5r1,1
2026-04-03T20:50:03.577703-07:00,read,key-2,2.950,0,false,leader-w5r1,1
2026-04-03T20:50:03.578471-07:00,read,key-0,2.204,0,false,leader-w5r1,1
2026-04-03T20:50:03.578602-07:00,read,key-9,2.091,0,false,leader-w5r1,1
2026-04-03T20:50:03.576776-07:00,read,key-9,4.002,0,false,leader-w5r1,1
2026-04-03T20:50:03.578439-07:00,read,key-9,2.677,0,false,leader-w5r1,1
2026-04-03T20:50:03.580695-07:00,read,key-3,1.743,0,false,leader-w5r1,1
2026-04-03T20:50:03.57871-07:00,read,key-2,4.022,0,false,leader-w5r1,1
2026-04-03T20:50:03.58033-07:00,read,key-9,2.417,0,false,leader-w5r1,1
2026-04-03T20:50:03.580272-07:00,read,key-3,2.502,0,false,leader-w5r1,1
2026-04-03T20:50:03.5789-07:00,read,key-5,3.882,0,false,leader-w5r1,1
2026-04-03T20:50:03.580475-07:00,read,key-4,2.551,0,false,leader-w5r1,1
2026-04-03T20:50:03.5787-07:00,read,key-6,4.329,0,false,leader-w5r1,1
2026-04-03T20:50:03.578706-07:00,read,key-6,4.331,0,false,leader-w5r1,1
2026-04-03T20:50:03.58048-07:00,read,key-4,2.574,0,false,leader-w5r1,1
2026-04-03T20:50:03.580516-07:00,read,key-3,2.770,0,false,leader-w5r1,1
2026-04-03T20:50:03.580478-07:00,read,key-7,2.823,0,false,leader-w5r1,1
2026-04-03T20:50:03.580677-07:00,read,key-1,2.639,0,false,leader-w5r1,1
2026-04-03T20:50:03.580326-07:00,read,key-4,2.997,0,false,leader-w5r1,1
2026-04-03T20:50:03.578768-07:00,read,key-9,4.561,0,false,leader-w5r1,1
2026-04-03T20:50:03.580653-07:00,read,key-8,2.680,0,false,leader-w5r1,1
2026-04-03T20:50:03.578686-07:00,read,key-8,4.651,0,false,leader-w5r1,1
2026-04-03T20:50:03.578791-07:00,read,key-8,4.565,0,false,leader-w5r1,1
2026-04-03T20:50:03.581118-07:00,read,key-7,3.198,0,false,leader-w5r1,1
2026-04-03T20:50:03.580779-07:00,read,key-3,3.546,0,false,leader-w5r1,1
2026-04-03T20:50:03.582441-07:00,read,key-7,1.939,0,false,leader-w5r1,1
2026-04-03T20:50:03.583317-07:00,read,key-4,3.114,0,false,leader-w5r1,1
2026-04-03T20:50:03.583026-07:00,read,key-2,3.432,0,false,leader-w5r1,1
2026-04-03T20:50:03.584326-07:00,read,key-4,2.423,0,false,leader-w5r1,1
2026-04-03T20:50:03.582748-07:00,read,key-1,4.038,0,false,leader-w5r1,1
2026-04-03T20:50:03.583357-07:00,read,key-5,3.651,0,false,leader-w5r1,1
2026-04-03T20:50:03.583038-07:00,read,key-1,4.129,0,false,leader-w5r1,1
2026-04-03T20:50:03.583334-07:00,read,key-3,4.922,0,false,leader-w5r1,1
2026-04-03T20:50:03.582784-07:00,read,key-9,5.479,0,false,leader-w5r1,1
2026-04-03T20:50:03.583302-07:00,read,key-0,4.972,0,false,leader-w5r1,1
2026-04-03T20:50:03.583029-07:00,read,key-8,5.361,0,false,leader-w5r1,1
2026-04-03T20:50:03.584316-07:00,read,key-4,4.232,0,false,leader-w5r1,1
2026-04-03T20:50:03.582776-07:00,read,key-8,5.779,0,false,leader-w5r1,1
2026-04-03T20:50:03.584381-07:00,read,key-2,4.180,0,false,leader-w5r1,1
2026-04-03T20:50:03.583331-07:00,read,key-1,5.240,0,false,leader-w5r1,1
2026-04-03T20:50:03.582734-07:00,read,key-8,5.878,0,false,leader-w5r1,1
2026-04-03T20:50:03.583286-07:00,read,key-2,5.397,0,false,leader-w5r1,1
2026-04-03T20:50:03.583324-07:00,read,key-2,5.659,0,false,leader-w5r1,1
2026-04-03T20:50:03.583337-07:00,read,key-6,5.668,0,false,leader-w5r1,1
2026-04-03T20:50:03.587169-07:00,read,key-7,5.883,0,false,leader-w5r1,1
2026-04-03T20:50:03.588572-07:00,read,key-5,4.546,0,false,leader-w5r1,1
2026-04-03T20:50:03.589006-07:00,read,key-8,4.155,0,false,leader-w5r1,1
2026-04-03T20:50:03.58646-07:00,read,key-6,6.716,0,false,leader-w5r1,1
2026-04-03T20:50:03.588258-07:00,read,key-1,5.025,0,false,leader-w5r1,1
2026-04-03T20:50:03.588562-07:00,read,key-9,4.772,0,false,leader-w5r1,1
2026-04-03T20:50:03.588556-07:00,read,key-4,4.955,0,false,leader-w5r1,1
2026-04-03T20:50:03.588264-07:00,read,key-2,5.257,0,false,leader-w5r1,1
2026-04-03T20:50:03.588275-07:00,read,key-3,6.055,0,false,leader-w5r1,1
2026-04-03T20:50:03.58855-07:00,read,key-0,5.815,0,false,leader-w5r1,1
2026-04-03T20:50:03.588392-07:00,read,key-6,6.008,0,false,leader-w5r1,1
2026-04-03T20:50:03.586786-07:00,read,key-6,7.614,0,false,leader-w5r1,1
2026-04-03T20:50:03.58675-07:00,read,key-8,7.656,0,false,leader-w5r1,1
2026-04-03T20:50:03.588614-07:00,read,key-2,5.795,0,false,leader-w5r1,1
2026-04-03T20:50:03.588685-07:00,read,key-9,5.745,0,false,leader-w5r1,1
2026-04-03T20:50:03.588984-07:00,read,key-8,5.447,0,false,leader-w5r1,1
2026-04-03T20:50:03.587009-07:00,read,key-1,7.448,0,false,leader-w5r1,1
2026-04-03T20:50:03.593335-07:00,read,key-2,3.885,0,false,leader-w5r1,1
2026-04-03T20:50:03.593284-07:00,read,key-8,3.951,0,false,leader-w5r1,1
2026-04-03T20:50:03.594459-07:00,read,key-7,2.781,0,false,leader-w5r1,1
2026-04-03T20:50:03.593162-07:00,read,key-6,4.538,0,false,leader-w5r1,1
2026-04-03T20:50:03.594401-07:00,read,key-6,3.324,0,false,leader-w5r1,1
2026-04-03T20:50:03.593512-07:00,read,key-6,4.329,0,false,leader-w5r1,1
2026-04-03T20:50:03.594401-07:00,read,key-3,3.483,0,false,leader-w5r1,1
2026-04-03T20:50:03.594365-07:00,read,key-4,3.529,0,false,leader-w5r1,1
2026-04-03T20:50:03.594331-07:00,read,key-7,3.586,0,false,leader-w5r1,1
2026-04-03T20:50:03.593522-07:00,read,key-1,4.401,0,false,leader-w5r1,1
2026-04-03T20:50:03.594433-07:00,read,key-1,3.575,0,false,leader-w5r1,1
2026-04-03T20:50:03.593054-07:00,read,key-3,4.975,0,false,leader-w5r1,1
2026-04-03T20:50:03.594407-07:00,read,key-8,3.631,0,false,leader-w5r1,1
2026-04-03T20:50:03.594432-07:00,read,key-0,3.611,0,false,leader-w5r1,1
2026-04-03T20:50:03.593176-07:00,read,key-6,4.881,0,false,leader-w5r1,1
2026-04-03T20:50:03.59441-07:00,read,key-6,3.809,0,false,leader-w5r1,1
2026-04-03T20:50:03.597242-07:00,read,key-9,3.167,0,false,leader-w5r1,1
2026-04-03T20:50:03.597925-07:00,read,key-1,2.664,0,false,leader-w5r1,1
2026-04-03T20:50:03.597918-07:00,read,key-5,2.699,1,false,leader-w5r1,1
2026-04-03T20:50:03.597236-07:00,read,key-5,3.389,0,false,leader-w5r1,1
2026-04-03T20:50:03.598009-07:00,read,key-7,2.712,0,false,leader-w5r1,1
2026-04-03T20:50:03.59822-07:00,read,key-0,2.713,0,false,leader-w5r1,1
2026-04-03T20:50:03.59803-07:00,read,key-1,3.064,0,false,leader-w5r1,1
2026-04-03T20:50:03.597725-07:00,read,key-6,3.395,0,false,leader-w5r1,1
2026-04-03T20:50:03.59804-07:00,read,key-3,3.090,0,false,leader-w5r1,1
2026-04-03T20:50:03.597896-07:00,read,key-0,3.479,0,false,leader-w5r1,1
2026-04-03T20:50:03.597221-07:00,read,key-8,4.161,0,false,leader-w5r1,1
2026-04-03T20:50:03.597885-07:00,read,key-0,3.523,0,false,leader-w5r1,1
2026-04-03T20:50:03.597842-07:00,read,key-8,3.577,0,false,leader-w5r1,1
2026-04-03T20:50:03.597702-07:00,read,key-2,3.718,0,false,leader-w5r1,1
2026-04-03T20:50:03.598044-07:00,read,key-3,3.484,0,false,leader-w5r1,1
2026-04-03T20:50:03.600935-07:00,read,key-6,0.700,0,false,leader-w5r1,1
2026-04-03T20:50:03.601636-07:00,read,key-8,1.574,0,false,leader-w5r1,1
2026-04-03T20:50:03.601408-07:00,read,key-3,2.261,0,false,leader-w5r1,1
2026-04-03T20:50:03.601529-07:00,read,key-3,2.169,0,false,leader-w5r1,1
2026-04-03T20:50:03.601384-07:00,read,key-5,2.335,0,false,leader-w5r1,1
2026-04-03T20:50:03.601421-07:00,read,key-1,2.319,0,false,leader-w5r1,1
2026-04-03T20:50:03.600722-07:00,read,key-1,3.028,0,false,leader-w5r1,1
2026-04-03T20:50:03.60142-07:00,read,key-5,2.394,0,false,leader-w5r1,1
2026-04-03T20:50:03.600618-07:00,read,key-1,3.218,0,false,leader-w5r1,1
2026-04-03T20:50:03.601122-07:00,read,key-0,2.717,0,false,leader-w5r1,1
2026-04-03T20:50:03.600627-07:00,read,key-9,3.237,0,false,leader-w5r1,1
2026-04-03T20:50:03.600411-07:00,read,key-6,3.476,0,false,leader-w5r1,1
2026-04-03T20:50:03.601131-07:00,read,key-1,2.756,0,false,leader-w5r1,1
2026-04-03T20:50:03.601095-07:00,read,key-7,2.793,0,false,leader-w5r1,1
2026-04-03T20:50:03.601376-07:00,read,key-0,2.513,0,false,leader-w5r1,1
2026-04-03T20:50:03.60059-07:00,read,key-2,3.300,0,false,leader-w5r1,1
2026-04-03T20:50:03.603912-07:00,read,key-9,2.389,0,false,leader-w5r1,1
2026-04-03T20:50:03.603699-07:00,read,key-3,2.648,0,false,leader-w5r1,1
2026-04-03T20:50:03.603887-07:00,read,key-9,2.488,0,false,leader-w5r1,1
2026-04-03T20:50:03.603896-07:00,read,key-8,2.639,0,false,leader-w5r1,1
2026-04-03T20:50:03.603815-07:00,read,key-6,2.963,0,false,leader-w5r1,1
2026-04-03T20:50:03.60372-07:00,read,key-0,3.073,0,false,leader-w5r1,1
2026-04-03T20:50:03.603671-07:00,read,key-0,3.160,0,false,leader-w5r1,1
2026-04-03T20:50:03.603887-07:00,read,key-8,2.974,0,false,leader-w5r1,1
2026-04-03T20:50:03.603211-07:00,read,key-9,3.660,0,false,leader-w5r1,1
2026-04-03T20:50:03.603866-07:00,read,key-9,3.012,0,false,leader-w5r1,1
2026-04-03T20:50:03.603904-07:00,read,key-2,2.980,0,false,leader-w5r1,1
2026-04-03T20:50:03.60375-07:00,read,key-2,3.317,0,false,leader-w5r1,1
2026-04-03T20:50:03.603741-07:00,read,key-5,3.357,0,false,leader-w5r1,1
2026-04-03T20:50:03.60384-07:00,read,key-5,3.266,1,false,leader-w5r1,1
2026-04-03T20:50:03.603837-07:00,read,key-0,3.298,0,false,leader-w5r1,1
2026-04-03T20:50:03.606377-07:00,read,key-2,1.065,0,false,leader-w5r1,1
2026-04-03T20:50:03.607136-07:00,read,key-5,2.127,1,false,leader-w5r1,1
2026-04-03T20:50:03.606885-07:00,read,key-7,2.393,2,false,leader-w5r1,1
2026-04-03T20:50:03.607443-07:00,read,key-2,1.876,0,false,leader-w5r1,1
2026-04-03T20:50:03.606862-07:00,read,key-2,2.545,0,false,leader-w5r1,1
2026-04-03T20:50:03.607107-07:00,read,key-2,2.426,0,false,leader-w5r1,1
2026-04-03T20:50:03.60678-07:00,read,key-4,2.790,0,false,leader-w5r1,1
2026-04-03T20:50:03.607099-07:00,read,key-7,2.482,0,false,leader-w5r1,1
2026-04-03T20:50:03.606873-07:00,read,key-2,2.726,0,false,leader-w5r1,1
2026-04-03T20:50:03.606302-07:00,read,key-1,3.307,0,false,leader-w5r1,1
2026-04-03T20:50:03.606537-07:00,read,key-1,3.124,0,false,leader-w5r1,1
2026-04-03T20:50:03.606348-07:00,read,key-4,3.708,0,false,leader-w5r1,1
2026-04-03T20:50:03.606831-07:00,read,key-8,3.327,0,false,leader-w5r1,1
2026-04-03T20:50:03.606879-07:00,read,key-3,3.409,0,false,leader-w5r1,1
2026-04-03T20:50:03.606794-07:00,read,key-7,3.545,0,false,leader-w5r1,1
2026-04-03T20:50:03.607068-07:00,read,key-9,3.300,0,false,leader-w5r1,1
2026-04-03T20:50:03.60932-07:00,read,key-7,1.094,2,false,leader-w5r1,1
2026-04-03T20:50:03.609279-07:00,read,key-7,1.217,2,false,leader-w5r1,1
2026-04-03T20:50:03.610159-07:00,read,key-2,0.618,0,false,leader-w5r1,1
2026-04-03T20:50:03.609534-07:00,read,key-5,1.287,1,false,leader-w5r1,1
2026-04-03T20:50:03.610057-07:00,read,key-5,2.235,0,false,leader-w5r1,1
2026-04-03T20:50:03.609264-07:00,read,key-9,3.057,0,false,leader-w5r1,1
2026-04-03T20:50:03.60957-07:00,read,key-6,2.806,0,false,leader-w5r1,1
2026-04-03T20:50:03.610414-07:00,read,key-0,2.011,0,false,leader-w5r1,1
2026-04-03T20:50:03.610822-07:00,read,key-9,1.859,0,false,leader-w5r1,1
2026-04-03T20:50:03.610369-07:00,read,key-8,2.723,0,false,leader-w5r1,1
2026-04-03T20:50:03.610497-07:00,read,key-2,2.640,0,false,leader-w5r1,1
2026-04-03T20:50:03.612426-07:00,read,key-7,0.714,2,false,leader-w5r1,1
2026-04-03T20:50:03.60961-07:00,read,key-0,3.532,0,false,leader-w5r1,1
2026-04-03T20:50:03.61034-07:00,read,key-3,2.840,0,false,leader-w5r1,1
2026-04-03T20:50:03.6096-07:00,read,key-1,3.628,0,false,leader-w5r1,1
2026-04-03T20:50:03.610778-07:00,read,key-5,2.546,0,false,leader-w5r1,1
2026-04-03T20:50:03.609408-07:00,read,key-8,3.923,0,false,leader-w5r1,1
2026-04-03T20:50:03.609583-07:00,read,key-2,3.757,0,false,leader-w5r1,1
2026-04-03T20:50:03.609661-07:00,read,key-4,3.681,0,false,leader-w5r1,1
2026-04-03T20:50:03.610289-07:00,read,key-3,3.068,0,false,leader-w5r1,1
2026-04-03T20:50:03.613181-07:00,read,key-9,0.534,0,false,leader-w5r1,1
2026-04-03T20:50:03.613141-07:00,read,key-0,2.438,0,false,leader-w5r1,1
2026-04-03T20:50:03.613325-07:00,read,key-6,2.255,0,false,leader-w5r1,1
2026-04-03T20:50:03.613332-07:00,read,key-5,2.289,0,false,leader-w5r1,1
2026-04-03T20:50:03.613229-07:00,read,key-6,2.643,0,false,leader-w5r1,1
2026-04-03T20:50:03.613144-07:00,read,key-5,2.776,0,false,leader-w5r1,1
2026-04-03T20:50:03.612682-07:00,read,key-6,3.283,0,false,leader-w5r1,1
2026-04-03T20:50:03.613341-07:00,read,key-4,2.634,0,false,leader-w5r1,1
2026-04-03T20:50:03.613095-07:00,read,key-6,3.003,0,false,leader-w5r1,1
2026-04-03T20:50:03.613138-07:00,read,key-8,3.171,0,false,leader-w5r1,1
2026-04-03T20:50:03.613358-07:00,read,key-1,2.959,0,false,leader-w5r1,1
2026-04-03T20:50:03.613716-07:00,read,key-0,2.705,0,false,leader-w5r1,1
2026-04-03T20:50:03.612293-07:00,read,key-4,4.133,0,false,leader-w5r1,1
2026-04-03T20:50:03.613345-07:00,read,key-9,3.095,0,false,leader-w5r1,1
2026-04-03T20:50:03.612378-07:00,read,key-3,4.067,0,false,leader-w5r1,1
2026-04-03T20:50:03.612322-07:00,read,key-8,4.193,0,false,leader-w5r1,1
2026-04-03T20:50:03.615581-07:00,read,key-3,0.954,1,false,leader-w5r1,1
2026-04-03T20:50:03.615874-07:00,read,key-4,1.153,1,false,leader-w5r1,1
2026-04-03T20:50:03.616428-07:00,read,key-8,3.002,0,false,leader-w5r1,1
2026-04-03T20:50:03.615622-07:00,read,key-5,3.829,0,false,leader-w5r1,1
2026-04-03T20:50:03.616515-07:00,read,key-2,3.115,0,false,leader-w5r1,1
2026-04-03T20:50:03.616446-07:00,read,key-9,3.229,0,false,leader-w5r1,1
2026-04-03T20:50:03.617027-07:00,read,key-2,2.974,0,false,leader-w5r1,1
2026-04-03T20:50:03.616441-07:00,read,key-9,3.620,0,false,leader-w5r1,1
2026-04-03T20:50:03.616099-07:00,read,key-8,3.987,0,false,leader-w5r1,1
2026-04-03T20:50:03.616536-07:00,read,key-4,3.603,0,false,leader-w5r1,1
2026-04-03T20:50:03.616324-07:00,read,key-9,3.842,0,false,leader-w5r1,1
2026-04-03T20:50:03.615976-07:00,read,key-8,4.201,0,false,leader-w5r1,1
2026-04-03T20:50:03.615966-07:00,read,key-5,4.216,0,false,leader-w5r1,1
2026-04-03T20:50:03.61558-07:00,read,key-8,4.615,0,false,leader-w5r1,1
2026-04-03T20:50:03.615921-07:00,read,key-4,4.278,0,false,leader-w5r1,1
2026-04-03T20:50:03.616422-07:00,read,key-9,3.778,0,false,leader-w5r1,1
2026-04-03T20:50:03.616309-07:00,read,key-0,3.902,0,false,leader-w5r1,1
2026-04-03T20:50:03.62014-07:00,read,key-4,0.576,1,false,leader-w5r1,1
2026-04-03T20:50:03.620062-07:00,read,key-5,0.675,1,false,leader-w5r1,1
2026-04-03T20:50:03.620196-07:00,read,key-4,0.811,1,false,leader-w5r1,1
2026-04-03T20:50:03.620202-07:00,read,key-2,0.814,0,false,leader-w5r1,1
2026-04-03T20:50:03.619453-07:00,read,key-9,3.055,0,false,leader-w5r1,1
2026-04-03T20:50:03.620178-07:00,read,key-6,2.360,0,false,leader-w5r1,1
2026-04-03T20:50:03.620213-07:00,read,key-1,2.536,0,false,leader-w5r1,1
2026-04-03T20:50:03.620167-07:00,read,key-2,2.655,0,false,leader-w5r1,1
2026-04-03T20:50:03.619632-07:00,read,key-0,3.248,0,false,leader-w5r1,1
2026-04-03T20:50:03.619676-07:00,read,key-9,3.210,0,false,leader-w5r1,1
2026-04-03T20:50:03.621008-07:00,read,key-6,1.901,0,false,leader-w5r1,1
2026-04-03T20:50:03.620088-07:00,read,key-4,2.836,0,false,leader-w5r1,1
2026-04-03T20:50:03.619431-07:00,read,key-9,3.495,0,false,leader-w5r1,1
2026-04-03T20:50:03.6202-07:00,read,key-6,2.728,0,false,leader-w5r1,1
2026-04-03T20:50:03.620003-07:00,read,key-8,2.927,0,false,leader-w5r1,1
2026-04-03T20:50:03.620739-07:00,read,key-0,2.194,0,false,leader-w5r1,1
2026-04-03T20:50:03.620717-07:00,read,key-9,2.244,0,false,leader-w5r1,1
2026-04-03T20:50:03.621017-07:00,read,key-5,2.070,0,false,leader-w5r1,1
2026-04-03T20:50:03.620184-07:00,read,key-0,2.914,0,false,leader-w5r1,1
2026-04-03T20:50:03.62275-07:00,read,key-2,0.675,0,false,leader-w5r1,1
2026-04-03T20:50:03.62288-07:00,read,key-9,0.698,0,false,leader-w5r1,1
2026-04-03T20:50:03.622928-07:00,read,key-9,2.576,0,false,leader-w5r1,1
2026-04-03T20:50:03.623088-07:00,read,key-1,2.442,0,false,leader-w5r1,1
2026-04-03T20:50:03.622539-07:00,read,key-2,3.009,0,false,leader-w5r1,1
2026-04-03T20:50:03.62293-07:00,read,key-8,2.627,0,false,leader-w5r1,1
2026-04-03T20:50:03.623425-07:00,read,key-1,2.191,0,false,leader-w5r1,1
2026-04-03T20:50:03.623579-07:00,read,key-1,2.041,0,false,leader-w5r1,1
2026-04-03T20:50:03.622962-07:00,read,key-8,2.666,0,false,leader-w5r1,1
2026-04-03T20:50:03.622933-07:00,read,key-5,2.697,1,false,leader-w5r1,1
2026-04-03T20:50:03.622909-07:00,read,key-7,2.794,0,false,leader-w5r1,1
2026-04-03T20:50:03.622823-07:00,read,key-0,2.884,0,false,leader-w5r1,1
2026-04-03T20:50:03.622509-07:00,read,key-2,3.252,0,false,leader-w5r1,1
2026-04-03T20:50:03.623098-07:00,read,key-1,2.747,0,false,leader-w5r1,1
2026-04-03T20:50:03.622887-07:00,read,key-5,3.073,0,false,leader-w5r1,1
2026-04-03T20:50:03.622932-07:00,read,key-3,3.035,0,false,leader-w5r1,1
2026-04-03T20:50:03.622925-07:00,read,key-8,3.051,0,false,leader-w5r1,1
2026-04-03T20:50:03.625505-07:00,read,key-2,0.794,0,false,leader-w5r1,1
2026-04-03T20:50:03.625709-07:00,read,key-0,3.051,0,false,leader-w5r1,1
2026-04-03T20:50:03.625847-07:00,read,key-3,2.925,0,false,leader-w5r1,1
2026-04-03T20:50:03.625704-07:00,read,key-0,3.085,0,false,leader-w5r1,1
2026-04-03T20:50:03.625617-07:00,read,key-9,3.369,0,false,leader-w5r1,1
2026-04-03T20:50:03.625961-07:00,read,key-0,3.032,0,false,leader-w5r1,1
2026-04-03T20:50:03.625632-07:00,read,key-7,3.496,0,false,leader-w5r1,1
2026-04-03T20:50:03.625977-07:00,read,key-2,3.160,0,false,leader-w5r1,1
2026-04-03T20:50:03.625622-07:00,read,key-8,3.619,0,false,leader-w5r1,1
2026-04-03T20:50:03.6263-07:00,read,key-0,2.962,0,false,leader-w5r1,1
2026-04-03T20:50:03.625557-07:00,read,key-5,3.719,1,false,leader-w5r1,1
2026-04-03T20:50:03.625531-07:00,read,key-7,3.777,0,false,leader-w5r1,1
2026-04-03T20:50:03.62563-07:00,read,key-7,3.685,0,false,leader-w5r1,1
2026-04-03T20:50:03.625549-07:00,read,key-6,3.807,0,false,leader-w5r1,1
2026-04-03T20:50:03.625968-07:00,read,key-3,3.425,0,false,leader-w5r1,1
2026-04-03T20:50:03.625762-07:00,read,key-5,3.676,0,false,leader-w5r1,1
2026-04-03T20:50:03.629138-07:00,read,key-5,0.437,1,false,leader-w5r1,1
2026-04-03T20:50:03.629264-07:00,read,key-3,0.663,1,false,leader-w5r1,1
2026-04-03T20:50:03.629358-07:00,read,key-0,0.614,0,false,leader-w5r1,1
2026-04-03T20:50:03.629973-07:00,read,key-8,0.283,0,false,leader-w5r1,1
2026-04-03T20:50:03.630257-07:00,read,key-8,1.474,0,false,leader-w5r1,1
2026-04-03T20:50:03.629242-07:00,read,key-4,2.765,0,false,leader-w5r1,1
2026-04-03T20:50:03.629576-07:00,read,key-6,2.460,0,false,leader-w5r1,1
2026-04-03T20:50:03.629928-07:00,read,key-2,2.124,0,false,leader-w5r1,1
2026-04-03T20:50:03.628987-07:00,read,key-8,3.073,0,false,leader-w5r1,1
2026-04-03T20:50:03.629129-07:00,read,key-5,3.493,0,false,leader-w5r1,1
2026-04-03T20:50:03.629316-07:00,read,key-1,3.384,0,false,leader-w5r1,1
2026-04-03T20:50:03.628772-07:00,read,key-4,3.958,0,false,leader-w5r1,1
2026-04-03T20:50:03.629439-07:00,read,key-7,3.345,0,false,leader-w5r1,1
2026-04-03T20:50:03.629394-07:00,read,key-7,3.450,0,false,leader-w5r1,1
2026-04-03T20:50:03.629278-07:00,read,key-6,3.603,0,false,leader-w5r1,1
2026-04-03T20:50:03.628761-07:00,read,key-6,4.124,0,false,leader-w5r1,1
2026-04-03T20:50:03.628791-07:00,read,key-0,4.102,0,false,leader-w5r1,1
2026-04-03T20:50:03.632008-07:00,read,key-0,0.889,0,false,leader-w5r1,1
2026-04-03T20:50:03.632053-07:00,read,key-7,0.857,2,false,leader-w5r1,1
2026-04-03T20:50:03.628993-07:00,read,key-1,3.923,0,false,leader-w5r1,1
2026-04-03T20:50:03.629308-07:00,read,key-8,3.608,0,false,leader-w5r1,1
2026-04-03T20:50:03.632623-07:00,read,key-0,0.838,0,false,leader-w5r1,1
2026-04-03T20:50:03.632894-07:00,read,key-9,2.066,0,false,leader-w5r1,1
2026-04-03T20:50:03.632846-07:00,read,key-7,2.357,0,false,leader-w5r1,1
2026-04-03T20:50:03.632918-07:00,read,key-4,2.499,0,false,leader-w5r1,1
2026-04-03T20:50:03.632061-07:00,read,key-4,3.356,0,false,leader-w5r1,1
2026-04-03T20:50:03.632037-07:00,read,key-2,3.401,0,false,leader-w5r1,1
2026-04-03T20:50:03.632911-07:00,read,key-4,2.552,1,false,leader-w5r1,1
2026-04-03T20:50:03.632898-07:00,read,key-8,2.583,0,false,leader-w5r1,1
2026-04-03T20:50:03.632785-07:00,read,key-8,2.704,0,false,leader-w5r1,1
2026-04-03T20:50:03.632701-07:00,read,key-1,2.796,0,false,leader-w5r1,1
2026-04-03T20:50:03.632937-07:00,read,key-1,2.578,0,false,leader-w5r1,1
2026-04-03T20:50:03.632731-07:00,read,key-7,2.785,0,false,leader-w5r1,1
2026-04-03T20:50:03.631732-07:00,read,key-4,3.785,0,false,leader-w5r1,1
2026-04-03T20:50:03.632881-07:00,read,key-8,2.663,0,false,leader-w5r1,1
2026-04-03T20:50:03.632886-07:00,read,key-7,2.663,0,false,leader-w5r1,1
2026-04-03T20:50:03.635552-07:00,read,key-8,0.538,0,false,leader-w5r1,1
2026-04-03T20:50:03.635464-07:00,read,key-9,0.722,0,false,leader-w5r1,1
2026-04-03T20:50:03.635204-07:00,read,key-3,1.251,0,false,leader-w5r1,1
2026-04-03T20:50:03.633463-07:00,read,key-3,3.015,0,false,leader-w5r1,1
2026-04-03T20:50:03.634962-07:00,read,key-7,1.537,0,false,leader-w5r1,1
2026-04-03T20:50:03.636499-07:00,read,key-0,1.919,0,false,leader-w5r1,1
2026-04-03T20:50:03.635438-07:00,read,key-8,3.000,0,false,leader-w5r1,1
2026-04-03T20:50:03.635417-07:00,read,key-5,3.050,0,false,leader-w5r1,1
2026-04-03T20:50:03.635482-07:00,read,key-7,2.985,0,false,leader-w5r1,1
2026-04-03T20:50:03.635418-07:00,read,key-8,3.057,0,false,leader-w5r1,1
2026-04-03T20:50:03.636092-07:00,read,key-8,2.389,0,false,leader-w5r1,1
2026-04-03T20:50:03.635518-07:00,read,key-0,2.968,0,false,leader-w5r1,1
2026-04-03T20:50:03.635545-07:00,read,key-3,3.104,0,false,leader-w5r1,1
2026-04-03T20:50:03.636479-07:00,read,key-3,2.220,0,false,leader-w5r1,1
2026-04-03T20:50:03.63549-07:00,read,key-6,3.225,0,false,leader-w5r1,1
2026-04-03T20:50:03.635498-07:00,read,key-3,3.252,0,false,leader-w5r1,1
2026-04-03T20:50:03.635517-07:00,read,key-7,3.246,0,false,leader-w5r1,1
2026-04-03T20:50:03.636456-07:00,read,key-7,2.333,0,false,leader-w5r1,1
2026-04-03T20:50:03.636187-07:00,read,key-8,2.974,0,false,leader-w5r1,1
2026-04-03T20:50:03.635517-07:00,read,key-3,3.661,0,false,leader-w5r1,1
2026-04-03T20:50:03.638482-07:00,read,key-1,3.134,0,false,leader-w5r1,1
2026-04-03T20:50:03.639162-07:00,read,key-3,2.570,0,false,leader-w5r1,1
2026-04-03T20:50:03.638487-07:00,read,key-2,3.417,0,false,leader-w5r1,1
2026-04-03T20:50:03.638476-07:00,read,key-1,3.456,0,false,leader-w5r1,1
2026-04-03T20:50:03.638764-07:00,read,key-0,3.193,0,false,leader-w5r1,1
2026-04-03T20:50:03.638419-07:00,read,key-7,3.557,2,false,leader-w5r1,1
2026-04-03T20:50:03.638791-07:00,read,key-7,3.222,0,false,leader-w5r1,1
2026-04-03T20:50:03.638468-07:00,read,key-9,3.578,0,false,leader-w5r1,1
2026-04-03T20:50:03.638439-07:00,read,key-9,3.620,0,false,leader-w5r1,1
2026-04-03T20:50:03.6387-07:00,read,key-3,3.556,0,false,leader-w5r1,1
2026-04-03T20:50:03.638751-07:00,read,key-7,3.615,0,false,leader-w5r1,1
2026-04-03T20:50:03.639179-07:00,read,key-3,3.195,0,false,leader-w5r1,1
2026-04-03T20:50:03.63865-07:00,read,key-5,3.736,0,false,leader-w5r1,1
2026-04-03T20:50:03.638468-07:00,read,key-6,4.024,0,false,leader-w5r1,1
2026-04-03T20:50:03.641733-07:00,read,key-8,0.961,0,false,leader-w5r1,1
2026-04-03T20:50:03.641617-07:00,read,key-2,2.905,0,false,leader-w5r1,1
2026-04-03T20:50:03.642492-07:00,read,key-7,2.119,0,false,leader-w5r1,1
2026-04-03T20:50:03.64206-07:00,read,key-9,2.622,0,false,leader-w5r1,1
2026-04-03T20:50:03.641933-07:00,read,key-2,2.924,0,false,leader-w5r1,1
2026-04-03T20:50:03.642257-07:00,read,key-6,2.602,0,false,leader-w5r1,1
2026-04-03T20:50:03.642386-07:00,read,key-9,2.647,0,false,leader-w5r1,1
2026-04-03T20:50:03.642367-07:00,read,key-3,2.917,0,false,leader-w5r1,1
2026-04-03T20:50:03.641905-07:00,read,key-0,3.408,0,false,leader-w5r1,1
2026-04-03T20:50:03.642375-07:00,read,key-4,2.972,1,false,leader-w5r1,1
2026-04-03T20:50:03.641977-07:00,read,key-8,3.532,0,false,leader-w5r1,1
2026-04-03T20:50:03.642014-07:00,read,key-8,3.538,0,false,leader-w5r1,1
2026-04-03T20:50:03.642047-07:00,read,key-3,3.567,0,false,leader-w5r1,1
2026-04-03T20:50:03.642696-07:00,read,key-0,3.051,0,false,leader-w5r1,1
2026-04-03T20:50:03.644858-07:00,read,key-9,1.021,0,false,leader-w5r1,1
2026-04-03T20:50:03.645615-07:00,read,key-0,0.639,0,false,leader-w5r1,1
2026-04-03T20:50:03.645286-07:00,read,key-1,2.336,0,false,leader-w5r1,1
2026-04-03T20:50:03.645511-07:00,read,key-4,2.194,0,false,leader-w5r1,1
2026-04-03T20:50:03.646255-07:00,read,key-6,1.457,0,false,leader-w5r1,1
2026-04-03T20:50:03.645879-07:00,read,key-0,1.833,0,false,leader-w5r1,1
2026-04-03T20:50:03.645348-07:00,read,key-4,2.457,0,false,leader-w5r1,1
2026-04-03T20:50:03.645554-07:00,read,key-9,2.329,0,false,leader-w5r1,1
2026-04-03T20:50:03.644611-07:00,read,key-0,3.671,0,false,leader-w5r1,1
2026-04-03T20:50:03.644683-07:00,read,key-2,3.680,0,false,leader-w5r1,1
2026-04-03T20:50:03.645035-07:00,read,key-9,3.331,0,false,leader-w5r1,1
2026-04-03T20:50:03.645314-07:00,read,key-4,3.061,0,false,leader-w5r1,1
2026-04-03T20:50:03.644523-07:00,read,key-7,3.856,0,false,leader-w5r1,1
2026-04-03T20:50:03.645748-07:00,read,key-5,2.642,1,false,leader-w5r1,1
2026-04-03T20:50:03.64486-07:00,read,key-2,3.535,0,false,leader-w5r1,1
2026-04-03T20:50:03.647806-07:00,read,key-4,0.976,1,false,leader-w5r1,1
2026-04-03T20:50:03.647883-07:00,read,key-5,2.584,0,false,leader-w5r1,1
2026-04-03T20:50:03.648392-07:00,read,key-6,2.079,0,false,leader-w5r1,1
2026-04-03T20:50:03.648783-07:00,read,key-3,1.824,0,false,leader-w5r1,1
2026-04-03T20:50:03.647714-07:00,read,key-5,2.898,0,false,leader-w5r1,1
2026-04-03T20:50:03.647623-07:00,read,key-5,3.011,0,false,leader-w5r1,1
2026-04-03T20:50:03.64838-07:00,read,key-0,2.285,0,false,leader-w5r1,1
2026-04-03T20:50:03.648376-07:00,read,key-8,2.598,0,false,leader-w5r1,1
2026-04-03T20:50:03.648367-07:00,read,key-2,2.613,0,false,leader-w5r1,1
2026-04-03T20:50:03.648397-07:00,read,key-5,2.594,0,false,leader-w5r1,1
2026-04-03T20:50:03.647706-07:00,read,key-8,3.293,0,false,leader-w5r1,1
2026-04-03T20:50:03.648365-07:00,read,key-6,2.718,0,false,leader-w5r1,1
2026-04-03T20:50:03.647714-07:00,read,key-5,3.550,0,false,leader-w5r1,1
2026-04-03T20:50:03.648283-07:00,read,key-1,2.992,0,false,leader-w5r1,1
2026-04-03T20:50:03.650666-07:00,read,key-5,0.633,1,false,leader-w5r1,1
2026-04-03T20:50:03.650975-07:00,read,key-6,0.693,0,false,leader-w5r1,1
2026-04-03T20:50:03.650981-07:00,read,key-9,0.693,0,false,leader-w5r1,1
2026-04-03T20:50:03.651676-07:00,read,key-3,2.053,0,false,leader-w5r1,1
2026-04-03T20:50:03.650607-07:00,read,key-0,3.165,0,false,leader-w5r1,1
2026-04-03T20:50:03.651-07:00,read,key-4,2.774,0,false,leader-w5r1,1
2026-04-03T20:50:03.651276-07:00,read,key-1,2.508,0,false,leader-w5r1,1
2026-04-03T20:50:03.650472-07:00,read,key-2,3.340,0,false,leader-w5r1,1
2026-04-03T20:50:03.650469-07:00,read,key-2,3.374,0,false,leader-w5r1,1
2026-04-03T20:50:03.651084-07:00,read,key-8,2.759,0,false,leader-w5r1,1
2026-04-03T20:50:03.651668-07:00,read,key-3,2.184,0,false,leader-w5r1,1
2026-04-03T20:50:03.650635-07:00,read,key-4,3.218,0,false,leader-w5r1,1
2026-04-03T20:50:03.651265-07:00,read,key-0,2.590,0,false,leader-w5r1,1
2026-04-03T20:50:03.6513-07:00,read,key-0,2.564,0,false,leader-w5r1,1
2026-04-03T20:50:03.650612-07:00,read,key-1,3.598,0,false,leader-w5r1,1
2026-04-03T20:50:03.654211-07:00,read,key-2,2.536,0,false,leader-w5r1,1
2026-04-03T20:50:03.653865-07:00,read,key-3,2.885,0,false,leader-w5r1,1
2026-04-03T20:50:03.653814-07:00,read,key-0,2.950,0,false,leader-w5r1,1
2026-04-03T20:50:03.653774-07:00,read,key-0,3.103,0,false,leader-w5r1,1
2026-04-03T20:50:03.653855-07:00,read,key-1,3.044,0,false,leader-w5r1,1
2026-04-03T20:50:03.653775-07:00,read,key-3,3.127,0,false,leader-w5r1,1
2026-04-03T20:50:03.653855-07:00,read,key-1,3.240,0,false,leader-w5r1,1
2026-04-03T20:50:03.653856-07:00,read,key-2,3.252,0,false,leader-w5r1,1
2026-04-03T20:50:03.653844-07:00,read,key-0,3.270,0,false,leader-w5r1,1
2026-04-03T20:50:03.65373-07:00,read,key-4,3.531,0,false,leader-w5r1,1
2026-04-03T20:50:03.653846-07:00,read,key-5,3.484,0,false,leader-w5r1,1
2026-04-03T20:50:03.657331-07:00,read,key-4,2.307,1,false,leader-w5r1,1
2026-04-03T20:50:03.656902-07:00,read,key-9,2.769,0,false,leader-w5r1,1
2026-04-03T20:50:03.6569-07:00,read,key-2,2.795,0,false,leader-w5r1,1
2026-04-03T20:50:03.656749-07:00,read,key-1,2.971,0,false,leader-w5r1,1
2026-04-03T20:50:03.657114-07:00,read,key-2,3.102,0,false,leader-w5r1,1
2026-04-03T20:50:03.656765-07:00,read,key-9,3.484,0,false,leader-w5r1,1
2026-04-03T20:50:03.659696-07:00,read,key-1,0.581,0,false,leader-w5r1,1
2026-04-03T20:50:03.657263-07:00,read,key-5,3.022,0,false,leader-w5r1,1
2026-04-03T20:50:03.657097-07:00,read,key-0,3.198,0,false,leader-w5r1,1
2026-04-03T20:50:03.656878-07:00,read,key-5,3.451,0,false,leader-w5r1,1
2026-04-03T20:50:03.657109-07:00,read,key-6,3.278,0,false,leader-w5r1,1
2026-04-03T20:50:03.656751-07:00,read,key-2,3.638,0,false,leader-w5r1,1
2026-04-03T20:50:03.659673-07:00,read,key-4,2.696,0,false,leader-w5r1,1
2026-04-03T20:50:03.66039-07:00,read,key-1,2.019,0,false,leader-w5r1,1
2026-04-03T20:50:03.660388-07:00,read,key-8,2.084,0,false,leader-w5r1,1
2026-04-03T20:50:03.660217-07:00,read,key-7,2.477,0,false,leader-w5r1,1
2026-04-03T20:50:03.66025-07:00,read,key-0,2.470,0,false,leader-w5r1,1
2026-04-03T20:50:03.660286-07:00,read,key-1,2.444,0,false,leader-w5r1,1
2026-04-03T20:50:03.660277-07:00,read,key-8,2.470,0,false,leader-w5r1,1
2026-04-03T20:50:03.660331-07:00,read,key-0,2.560,0,false,leader-w5r1,1
2026-04-03T20:50:03.65972-07:00,read,key-0,3.248,0,false,leader-w5r1,1
2026-04-03T20:50:03.659639-07:00,read,key-8,3.330,0,false,leader-w5r1,1
2026-04-03T20:50:03.662748-07:00,read,key-6,2.261,0,false,leader-w5r1,1
2026-04-03T20:50:03.662721-07:00,read,key-1,2.369,0,false,leader-w5r1,1
2026-04-03T20:50:03.662695-07:00,read,key-9,2.432,0,false,leader-w5r1,1
2026-04-03T20:50:03.662969-07:00,read,key-6,2.381,0,false,leader-w5r1,1
2026-04-03T20:50:03.66297-07:00,read,key-9,2.392,0,false,leader-w5r1,1
2026-04-03T20:50:03.662409-07:00,read,key-1,3.015,0,false,leader-w5r1,1
2026-04-03T20:50:03.662473-07:00,read,key-3,2.954,0,false,leader-w5r1,1
2026-04-03T20:50:03.662371-07:00,read,key-1,3.085,0,false,leader-w5r1,1
2026-04-03T20:50:03.66273-07:00,read,key-1,2.797,0,false,leader-w5r1,1
2026-04-03T20:50:03.662893-07:00,read,key-4,2.718,0,false,leader-w5r1,1
2026-04-03T20:50:03.665363-07:00,read,key-6,2.214,0,false,leader-w5r1,1
2026-04-03T20:50:03.665427-07:00,read,key-9,2.288,0,false,leader-w5r1,1
2026-04-03T20:50:03.665425-07:00,read,key-8,2.293,0,false,leader-w5r1,1
2026-04-03T20:50:03.665128-07:00,read,key-7,2.724,0,false,leader-w5r1,1
2026-04-03T20:50:03.665529-07:00,read,key-9,2.488,0,false,leader-w5r1,1
2026-04-03T20:50:03.665457-07:00,read,key-4,2.582,0,false,leader-w5r1,1
2026-04-03T20:50:03.66501-07:00,read,key-2,3.064,0,false,leader-w5r1,1
2026-04-03T20:50:03.665091-07:00,read,key-7,3.083,3,false,leader-w5r1,1
2026-04-03T20:50:03.665351-07:00,read,key-4,2.830,0,false,leader-w5r1,1
2026-04-03T20:50:03.665612-07:00,read,key-2,2.570,0,false,leader-w5r1,1
2026-04-03T20:50:03.667719-07:00,read,key-2,0.883,0,false,leader-w5r1,1
2026-04-03T20:50:03.668602-07:00,read,key-5,1.705,1,false,leader-w5r1,1
2026-04-03T20:50:03.668182-07:00,read,key-6,2.136,0,false,leader-w5r1,1
2026-04-03T20:50:03.667717-07:00,read,key-4,2.784,0,false,leader-w5r1,1
2026-04-03T20:50:03.668184-07:00,read,key-8,2.385,0,false,leader-w5r1,1
2026-04-03T20:50:03.667577-07:00,read,key-1,2.996,0,false,leader-w5r1,1
2026-04-03T20:50:03.668058-07:00,read,key-8,2.519,0,false,leader-w5r1,1
2026-04-03T20:50:03.667853-07:00,read,key-1,2.728,0,false,leader-w5r1,1
2026-04-03T20:50:03.668018-07:00,read,key-0,2.809,0,false,leader-w5r1,1
2026-04-03T20:50:03.668175-07:00,read,key-3,2.667,0,false,leader-w5r1,1
2026-04-03T20:50:03.670319-07:00,read,key-4,0.539,2,false,leader-w5r1,1
2026-04-03T20:50:03.668074-07:00,read,key-3,2.897,0,false,leader-w5r1,1
2026-04-03T20:50:03.67057-07:00,read,key-0,2.497,0,false,leader-w5r1,1
2026-04-03T20:50:03.670309-07:00,read,key-9,2.998,0,false,leader-w5r1,1
2026-04-03T20:50:03.670574-07:00,read,key-5,2.747,0,false,leader-w5r1,1
2026-04-03T20:50:03.670843-07:00,read,key-4,2.486,0,false,leader-w5r1,1
2026-04-03T20:50:03.670502-07:00,read,key-3,2.831,0,false,leader-w5r1,1
2026-04-03T20:50:03.670973-07:00,read,key-2,2.623,0,false,leader-w5r1,1
2026-04-03T20:50:03.670858-07:00,read,key-6,2.741,0,false,leader-w5r1,1
2026-04-03T20:50:03.670582-07:00,read,key-1,3.045,0,false,leader-w5r1,1
2026-04-03T20:50:03.670578-07:00,read,key-7,3.051,0,false,leader-w5r1,1
2026-04-03T20:50:03.670828-07:00,read,key-5,2.819,0,false,leader-w5r1,1
2026-04-03T20:50:03.673629-07:00,read,key-4,0.476,2,false,leader-w5r1,1
2026-04-03T20:50:03.6736-07:00,read,key-8,0.513,1,false,leader-w5r1,1
2026-04-03T20:50:03.673597-07:00,read,key-1,2.278,0,false,leader-w5r1,1
2026-04-03T20:50:03.67363-07:00,read,key-9,2.257,0,false,leader-w5r1,1
2026-04-03T20:50:03.674114-07:00,read,key-3,1.867,0,false,leader-w5r1,1
2026-04-03T20:50:03.673336-07:00,read,key-3,2.671,0,false,leader-w5r1,1
2026-04-03T20:50:03.673067-07:00,read,key-8,2.941,0,false,leader-w5r1,1
2026-04-03T20:50:03.67333-07:00,read,key-5,2.762,0,false,leader-w5r1,1
2026-04-03T20:50:03.673648-07:00,read,key-0,2.578,0,false,leader-w5r1,1
2026-04-03T20:50:03.673323-07:00,read,key-2,2.914,0,false,leader-w5r1,1
2026-04-03T20:50:03.673309-07:00,read,key-6,2.941,0,false,leader-w5r1,1
2026-04-03T20:50:03.674105-07:00,read,key-4,2.152,0,false,leader-w5r1,1
2026-04-03T20:50:03.676238-07:00,read,key-3,0.417,3,false,leader-w5r1,1
2026-04-03T20:50:03.675876-07:00,read,key-0,3.234,0,false,leader-w5r1,1
2026-04-03T20:50:03.676251-07:00,read,key-0,2.936,0,false,leader-w5r1,1
2026-04-03T20:50:03.675982-07:00,read,key-3,3.205,0,false,leader-w5r1,1
2026-04-03T20:50:03.676227-07:00,read,key-9,2.982,0,false,leader-w5r1,1
2026-04-03T20:50:03.676258-07:00,read,key-8,2.957,0,false,leader-w5r1,1
2026-04-03T20:50:03.675888-07:00,read,key-2,3.327,0,false,leader-w5r1,1
2026-04-03T20:50:03.67601-07:00,read,key-8,3.210,0,false,leader-w5r1,1
2026-04-03T20:50:03.676656-07:00,read,key-4,2.574,0,false,leader-w5r1,1
2026-04-03T20:50:03.676007-07:00,read,key-6,3.305,0,false,leader-w5r1,1
2026-04-03T20:50:03.676095-07:00,read,key-2,3.227,0,false,leader-w5r1,1
2026-04-03T20:50:03.679231-07:00,read,key-0,0.435,0,false,leader-w5r1,1
2026-04-03T20:50:03.679211-07:00,read,key-8,2.499,0,false,leader-w5r1,1
2026-04-03T20:50:03.679667-07:00,read,key-9,2.208,0,false,leader-w5r1,1
2026-04-03T20:50:03.679187-07:00,read,key-3,2.709,0,false,leader-w5r1,1
2026-04-03T20:50:03.679111-07:00,read,key-0,2.821,0,false,leader-w5r1,1
2026-04-03T20:50:03.679188-07:00,read,key-3,2.877,0,false,leader-w5r1,1
2026-04-03T20:50:03.679217-07:00,read,key-0,2.993,0,false,leader-w5r1,1
2026-04-03T20:50:03.679313-07:00,read,key-5,2.899,1,false,leader-w5r1,1
2026-04-03T20:50:03.679323-07:00,read,key-1,2.921,0,false,leader-w5r1,1
2026-04-03T20:50:03.681711-07:00,read,key-2,0.876,0,false,leader-w5r1,1
2026-04-03T20:50:03.679222-07:00,read,key-8,3.397,0,false,leader-w5r1,1
2026-04-03T20:50:03.679216-07:00,read,key-3,3.412,0,false,leader-w5r1,1
2026-04-03T20:50:03.681876-07:00,read,key-0,0.800,0,false,leader-w5r1,1
2026-04-03T20:50:03.682214-07:00,read,key-8,2.651,0,false,leader-w5r1,1
2026-04-03T20:50:03.682678-07:00,read,key-6,2.195,0,false,leader-w5r1,1
2026-04-03T20:50:03.682589-07:00,read,key-2,2.637,0,false,leader-w5r1,1
2026-04-03T20:50:03.681897-07:00,read,key-4,3.329,0,false,leader-w5r1,1
2026-04-03T20:50:03.681933-07:00,read,key-4,3.327,0,false,leader-w5r1,1
2026-04-03T20:50:03.68221-07:00,read,key-4,3.072,0,false,leader-w5r1,1
2026-04-03T20:50:03.682065-07:00,read,key-1,3.628,0,false,leader-w5r1,1
2026-04-03T20:50:03.682246-07:00,read,key-3,3.704,0,false,leader-w5r1,1
2026-04-03T20:50:03.682629-07:00,read,key-7,3.346,0,false,leader-w5r1,1
2026-04-03T20:50:03.68262-07:00,read,key-3,3.411,0,false,leader-w5r1,1
2026-04-03T20:50:03.685227-07:00,read,key-1,2.431,0,false,leader-w5r1,1
2026-04-03T20:50:03.684866-07:00,read,key-7,2.828,3,false,leader-w5r1,1
2026-04-03T20:50:03.685283-07:00,read,key-5,2.713,0,false,leader-w5r1,1
2026-04-03T20:50:03.685261-07:00,read,key-3,2.808,0,false,leader-w5r1,1
2026-04-03T20:50:03.685976-07:00,read,key-0,2.105,0,false,leader-w5r1,1
2026-04-03T20:50:03.684874-07:00,read,key-9,3.242,0,false,leader-w5r1,1
2026-04-03T20:50:03.686033-07:00,read,key-4,2.101,0,false,leader-w5r1,1
2026-04-03T20:50:03.685694-07:00,read,key-7,2.449,3,false,leader-w5r1,1
2026-04-03T20:50:03.685951-07:00,read,key-8,2.204,1,false,leader-w5r1,1
2026-04-03T20:50:03.685227-07:00,read,key-9,2.981,0,false,leader-w5r1,1
2026-04-03T20:50:03.688081-07:00,read,key-5,0.575,1,false,leader-w5r1,1
2026-04-03T20:50:03.688144-07:00,read,key-7,0.678,3,false,leader-w5r1,1
2026-04-03T20:50:03.688209-07:00,read,key-8,0.724,0,false,leader-w5r1,1
2026-04-03T20:50:03.688116-07:00,read,key-9,2.143,0,false,leader-w5r1,1
2026-04-03T20:50:03.688156-07:00,read,key-6,2.329,0,false,leader-w5r1,1
2026-04-03T20:50:03.687998-07:00,read,key-4,2.517,0,false,leader-w5r1,1
2026-04-03T20:50:03.688135-07:00,read,key-6,2.402,0,false,leader-w5r1,1
2026-04-03T20:50:03.688658-07:00,read,key-5,1.904,0,false,leader-w5r1,1
2026-04-03T20:50:03.687659-07:00,read,key-9,2.958,0,false,leader-w5r1,1
2026-04-03T20:50:03.688824-07:00,read,key-9,1.799,0,false,leader-w5r1,1
2026-04-03T20:50:03.687698-07:00,read,key-8,2.931,0,false,leader-w5r1,1
2026-04-03T20:50:03.688069-07:00,read,key-0,2.566,0,false,leader-w5r1,1
2026-04-03T20:50:03.690486-07:00,read,key-7,0.771,3,false,leader-w5r1,1
2026-04-03T20:50:03.690618-07:00,read,key-7,0.787,3,false,leader-w5r1,1
2026-04-03T20:50:03.688934-07:00,read,key-4,2.565,0,false,leader-w5r1,1
2026-04-03T20:50:03.690636-07:00,read,key-8,2.646,0,false,leader-w5r1,1
2026-04-03T20:50:03.690538-07:00,read,key-9,2.745,0,false,leader-w5r1,1
2026-04-03T20:50:03.690515-07:00,read,key-2,2.821,0,false,leader-w5r1,1
2026-04-03T20:50:03.691259-07:00,read,key-9,2.147,0,false,leader-w5r1,1
2026-04-03T20:50:03.691405-07:00,read,key-6,2.119,0,false,leader-w5r1,1
2026-04-03T20:50:03.69063-07:00,read,key-6,2.897,0,false,leader-w5r1,1
2026-04-03T20:50:03.690624-07:00,read,key-2,2.906,0,false,leader-w5r1,1
2026-04-03T20:50:03.691499-07:00,read,key-5,2.055,0,false,leader-w5r1,1
2026-04-03T20:50:03.69026-07:00,read,key-0,3.295,0,false,leader-w5r1,1
2026-04-03T20:50:03.690563-07:00,read,key-1,3.001,0,false,leader-w5r1,1
2026-04-03T20:50:03.693338-07:00,read,key-4,0.880,2,false,leader-w5r1,1
2026-04-03T20:50:03.693407-07:00,read,key-4,0.814,2,false,leader-w5r1,1
2026-04-03T20:50:03.694222-07:00,read,key-9,0.198,0,false,leader-w5r1,1
2026-04-03T20:50:03.694219-07:00,read,key-8,2.092,0,false,leader-w5r1,1
2026-04-03T20:50:03.693525-07:00,read,key-5,2.800,1,false,leader-w5r1,1
2026-04-03T20:50:03.693556-07:00,read,key-6,2.813,0,false,leader-w5r1,1
2026-04-03T20:50:03.693531-07:00,read,key-7,2.839,1,false,leader-w5r1,1
2026-04-03T20:50:03.693284-07:00,read,key-9,3.099,0,false,leader-w5r1,1
2026-04-03T20:50:03.693284-07:00,read,key-5,3.108,0,false,leader-w5r1,1
2026-04-03T20:50:03.693555-07:00,read,key-6,2.857,0,false,leader-w5r1,1
2026-04-03T20:50:03.693565-07:00,read,key-3,2.852,0,false,leader-w5r1,1
2026-04-03T20:50:03.693528-07:00,read,key-9,2.911,0,false,leader-w5r1,1
2026-04-03T20:50:03.694421-07:00,read,key-2,2.029,0,false,leader-w5r1,1
2026-04-03T20:50:03.69637-07:00,read,key-9,0.592,0,false,leader-w5r1,1
2026-04-03T20:50:03.696371-07:00,read,key-2,0.665,0,false,leader-w5r1,1
2026-04-03T20:50:03.696392-07:00,read,key-7,0.627,1,false,leader-w5r1,1
2026-04-03T20:50:03.696451-07:00,read,key-8,0.992,0,false,leader-w5r1,1
2026-04-03T20:50:03.697444-07:00,read,key-0,1.562,0,false,leader-w5r1,1
2026-04-03T20:50:03.696963-07:00,read,key-8,2.528,0,false,leader-w5r1,1
2026-04-03T20:50:03.696414-07:00,read,key-0,3.188,0,false,leader-w5r1,1
2026-04-03T20:50:03.696419-07:00,read,key-7,3.206,0,false,leader-w5r1,1
2026-04-03T20:50:03.69644-07:00,read,key-0,3.205,0,false,leader-w5r1,1
2026-04-03T20:50:03.696384-07:00,read,key-3,3.388,0,false,leader-w5r1,1
2026-04-03T20:50:03.696312-07:00,read,key-9,3.512,0,false,leader-w5r1,1
2026-04-03T20:50:03.697038-07:00,read,key-0,2.796,0,false,leader-w5r1,1
2026-04-03T20:50:03.699492-07:00,read,key-4,0.375,1,false,leader-w5r1,1
2026-04-03T20:50:03.697038-07:00,read,key-1,2.843,0,false,leader-w5r1,1
2026-04-03T20:50:03.696326-07:00,read,key-3,3.616,0,false,leader-w5r1,1
2026-04-03T20:50:03.699824-07:00,read,key-4,0.610,1,false,leader-w5r1,1
2026-04-03T20:50:03.699868-07:00,read,key-3,0.892,0,false,leader-w5r1,1
2026-04-03T20:50:03.700435-07:00,read,key-1,1.288,0,false,leader-w5r1,1
2026-04-03T20:50:03.699645-07:00,read,key-8,2.576,0,false,leader-w5r1,1
2026-04-03T20:50:03.699943-07:00,read,key-1,2.290,0,false,leader-w5r1,1
2026-04-03T20:50:03.699007-07:00,read,key-4,3.232,2,false,leader-w5r1,1
2026-04-03T20:50:03.699835-07:00,read,key-7,2.412,0,false,leader-w5r1,1
2026-04-03T20:50:03.699774-07:00,read,key-4,2.488,0,false,leader-w5r1,1
2026-04-03T20:50:03.699628-07:00,read,key-4,2.641,0,false,leader-w5r1,1
2026-04-03T20:50:03.699881-07:00,read,key-9,2.405,0,false,leader-w5r1,1
2026-04-03T20:50:03.699603-07:00,read,key-6,2.719,0,false,leader-w5r1,1
2026-04-03T20:50:03.702264-07:00,read,key-5,0.440,1,false,leader-w5r1,1
2026-04-03T20:50:03.702323-07:00,read,key-5,0.445,1,false,leader-w5r1,1
2026-04-03T20:50:03.702769-07:00,read,key-8,0.348,0,false,leader-w5r1,1
2026-04-03T20:50:03.70224-07:00,read,key-4,6.925,0,false,leader-w5r1,1
2026-04-03T20:50:03.702705-07:00,read,key-2,6.469,0,false,leader-w5r1,1
2026-04-03T20:50:03.703118-07:00,read,key-8,6.069,0,false,leader-w5r1,1
2026-04-03T20:50:03.702271-07:00,read,key-8,7.195,0,false,leader-w5r1,1
2026-04-03T20:50:03.701724-07:00,read,key-9,7.748,0,false,leader-w5r1,1
2026-04-03T20:50:03.700762-07:00,read,key-4,8.713,0,false,leader-w5r1,1
2026-04-03T20:50:03.702287-07:00,read,key-2,7.478,0,false,leader-w5r1,1
2026-04-03T20:50:03.702248-07:00,read,key-3,7.524,0,false,leader-w5r1,1
2026-04-03T20:50:03.702222-07:00,read,key-7,7.563,0,false,leader-w5r1,1
2026-04-03T20:50:03.702234-07:00,read,key-9,7.600,0,false,leader-w5r1,1
2026-04-03T20:50:03.709166-07:00,read,key-0,1.241,0,false,leader-w5r1,1
2026-04-03T20:50:03.709175-07:00,read,key-8,1.378,1,false,leader-w5r1,1
2026-04-03T20:50:03.709473-07:00,read,key-0,1.465,0,false,leader-w5r1,1
2026-04-03T20:50:03.710939-07:00,read,key-0,2.585,0,false,leader-w5r1,1
2026-04-03T20:50:03.710408-07:00,read,key-1,3.126,0,false,leader-w5r1,1
2026-04-03T20:50:03.710554-07:00,read,key-2,3.030,0,false,leader-w5r1,1
2026-04-03T20:50:03.709836-07:00,read,key-2,3.771,0,false,leader-w5r1,1
2026-04-03T20:50:03.709766-07:00,read,key-2,3.974,0,false,leader-w5r1,1
2026-04-03T20:50:03.709466-07:00,read,key-3,4.565,0,false,leader-w5r1,1
2026-04-03T20:50:03.709476-07:00,read,key-4,4.978,0,false,leader-w5r1,1
2026-04-03T20:50:03.709188-07:00,read,key-3,5.330,1,false,leader-w5r1,1
2026-04-03T20:50:03.709787-07:00,read,key-9,4.817,0,false,leader-w5r1,1
2026-04-03T20:50:03.709773-07:00,read,key-8,4.913,0,false,leader-w5r1,1
2026-04-03T20:50:03.713525-07:00,read,key-9,1.770,0,false,leader-w5r1,1
2026-04-03T20:50:03.714032-07:00,read,key-2,1.315,0,false,leader-w5r1,1
2026-04-03T20:50:03.715348-07:00,read,key-2,1.816,0,false,leader-w5r1,1
2026-04-03T20:50:03.713536-07:00,read,key-8,3.748,0,false,leader-w5r1,1
2026-04-03T20:50:03.715296-07:00,read,key-1,2.014,0,false,leader-w5r1,1
2026-04-03T20:50:03.714519-07:00,read,key-3,2.797,0,false,leader-w5r1,1
2026-04-03T20:50:03.713585-07:00,read,key-9,3.736,0,false,leader-w5r1,1
2026-04-03T20:50:03.713608-07:00,read,key-6,3.718,0,false,leader-w5r1,1
2026-04-03T20:50:03.714459-07:00,read,key-8,2.896,0,false,leader-w5r1,1
2026-04-03T20:50:03.713741-07:00,read,key-3,3.738,0,false,leader-w5r1,1
2026-04-03T20:50:03.714687-07:00,read,key-3,2.882,0,false,leader-w5r1,1
2026-04-03T20:50:03.714604-07:00,read,key-2,3.002,0,false,leader-w5r1,1
2026-04-03T20:50:03.717322-07:00,read,key-1,0.663,0,false,leader-w5r1,1
2026-04-03T20:50:03.717165-07:00,read,key-3,2.889,0,false,leader-w5r1,1
2026-04-03T20:50:03.717286-07:00,read,key-2,2.778,0,false,leader-w5r1,1
2026-04-03T20:50:03.71757-07:00,read,key-8,2.785,1,false,leader-w5r1,1
2026-04-03T20:50:03.71748-07:00,read,key-6,2.883,0,false,leader-w5r1,1
2026-04-03T20:50:03.717328-07:00,read,key-0,3.050,0,false,leader-w5r1,1
2026-04-03T20:50:03.717318-07:00,read,key-3,3.061,0,false,leader-w5r1,1
2026-04-03T20:50:03.717986-07:00,read,key-7,2.426,0,false,leader-w5r1,1
2026-04-03T20:50:03.717356-07:00,read,key-5,3.065,1,false,leader-w5r1,1
2026-04-03T20:50:03.717607-07:00,read,key-8,2.968,0,false,leader-w5r1,1
2026-04-03T20:50:03.717311-07:00,read,key-8,3.791,0,false,leader-w5r1,1
2026-04-03T20:50:03.720364-07:00,read,key-3,0.761,3,false,leader-w5r1,1
2026-04-03T20:50:03.72038-07:00,read,key-5,0.930,1,false,leader-w5r1,1
2026-04-03T20:50:03.720413-07:00,read,key-5,1.198,1,false,leader-w5r1,1
2026-04-03T20:50:03.721125-07:00,read,key-1,2.076,0,false,leader-w5r1,1
2026-04-03T20:50:03.720356-07:00,read,key-7,2.874,0,false,leader-w5r1,1
2026-04-03T20:50:03.720422-07:00,read,key-0,3.102,0,false,leader-w5r1,1
2026-04-03T20:50:03.720379-07:00,read,key-0,3.216,0,false,leader-w5r1,1
2026-04-03T20:50:03.721311-07:00,read,key-5,2.368,0,false,leader-w5r1,1
2026-04-03T20:50:03.721103-07:00,read,key-6,2.596,0,false,leader-w5r1,1
2026-04-03T20:50:03.720056-07:00,read,key-9,3.644,0,false,leader-w5r1,1
2026-04-03T20:50:03.720576-07:00,read,key-3,3.138,1,false,leader-w5r1,1
2026-04-03T20:50:03.720065-07:00,read,key-8,3.714,0,false,leader-w5r1,1
2026-04-03T20:50:03.721612-07:00,read,key-8,2.168,0,false,leader-w5r1,1
2026-04-03T20:50:03.723203-07:00,read,key-1,1.283,0,false,leader-w5r1,1
2026-04-03T20:50:03.72378-07:00,read,key-7,0.991,3,false,leader-w5r1,1
2026-04-03T20:50:03.72378-07:00,read,key-8,1.001,1,false,leader-w5r1,1
2026-04-03T20:50:03.724487-07:00,read,key-1,0.822,0,false,leader-w5r1,1
2026-04-03T20:50:03.72323-07:00,read,key-4,3.129,0,false,leader-w5r1,1
2026-04-03T20:50:03.72368-07:00,read,key-8,2.695,0,false,leader-w5r1,1
2026-04-03T20:50:03.723595-07:00,read,key-2,2.791,0,false,leader-w5r1,1
2026-04-03T20:50:03.724782-07:00,read,key-2,1.661,0,false,leader-w5r1,1
2026-04-03T20:50:03.7237-07:00,read,key-4,2.788,0,false,leader-w5r1,1
2026-04-03T20:50:03.724772-07:00,read,key-5,1.721,0,false,leader-w5r1,1
2026-04-03T20:50:03.723715-07:00,read,key-0,2.810,0,false,leader-w5r1,1
2026-04-03T20:50:03.723699-07:00,read,key-4,2.833,1,false,leader-w5r1,1
2026-04-03T20:50:03.723526-07:00,read,key-9,3.011,0,false,leader-w5r1,1
2026-04-03T20:50:03.726489-07:00,read,key-2,1.169,0,false,leader-w5r1,1
2026-04-03T20:50:03.726538-07:00,read,key-9,1.194,0,false,leader-w5r1,1
2026-04-03T20:50:03.726533-07:00,read,key-5,1.224,1,false,leader-w5r1,1
2026-04-03T20:50:03.727732-07:00,read,key-2,0.561,0,false,leader-w5r1,1
2026-04-03T20:50:03.726376-07:00,read,key-2,2.226,0,false,leader-w5r1,1
2026-04-03T20:50:03.72531-07:00,read,key-7,3.349,0,false,leader-w5r1,1
2026-04-03T20:50:03.726388-07:00,read,key-2,2.273,0,false,leader-w5r1,1
2026-04-03T20:50:03.72636-07:00,read,key-2,2.307,0,false,leader-w5r1,1
2026-04-03T20:50:03.726526-07:00,read,key-1,2.144,0,false,leader-w5r1,1
2026-04-03T20:50:03.726493-07:00,read,key-4,2.188,0,false,leader-w5r1,1
2026-04-03T20:50:03.726445-07:00,read,key-8,2.278,0,false,leader-w5r1,1
2026-04-03T20:50:03.728671-07:00,read,key-4,0.603,1,false,leader-w5r1,1
2026-04-03T20:50:03.729274-07:00,read,key-6,0.508,0,false,leader-w5r1,1
2026-04-03T20:50:03.728662-07:00,read,key-4,2.019,0,false,leader-w5r1,1
2026-04-03T20:50:03.728603-07:00,read,key-3,2.088,0,false,leader-w5r1,1
2026-04-03T20:50:03.72866-07:00,read,key-5,2.051,0,false,leader-w5r1,1
2026-04-03T20:50:03.728682-07:00,read,key-1,2.029,0,false,leader-w5r1,1
2026-04-03T20:50:03.727758-07:00,read,key-7,2.957,0,false,leader-w5r1,1
2026-04-03T20:50:03.728295-07:00,read,key-1,2.498,0,false,leader-w5r1,1
2026-04-03T20:50:03.728723-07:00,read,key-1,2.076,0,false,leader-w5r1,1
2026-04-03T20:50:03.727659-07:00,read,key-4,3.146,0,false,leader-w5r1,1
2026-04-03T20:50:03.728669-07:00,read,key-4,2.203,0,false,leader-w5r1,1
2026-04-03T20:50:03.730712-07:00,read,key-4,2.132,0,false,leader-w5r1,1
2026-04-03T20:50:03.730712-07:00,read,key-2,2.233,0,false,leader-w5r1,1
2026-04-03T20:50:03.730692-07:00,read,key-7,2.363,0,false,leader-w5r1,1
2026-04-03T20:50:03.729783-07:00,read,key-9,3.331,0,false,leader-w5r1,1
2026-04-03T20:50:03.730794-07:00,read,key-9,2.343,0,false,leader-w5r1,1
2026-04-03T20:50:03.730806-07:00,read,key-8,2.349,2,false,leader-w5r1,1
2026-04-03T20:50:03.730716-07:00,read,key-4,2.460,0,false,leader-w5r1,1
2026-04-03T20:50:03.730682-07:00,read,key-8,2.607,0,false,leader-w5r1,1
2026-04-03T20:50:03.730872-07:00,read,key-7,2.513,0,false,leader-w5r1,1
2026-04-03T20:50:03.733056-07:00,read,key-0,0.965,0,false,leader-w5r1,1
2026-04-03T20:50:03.732845-07:00,read,key-1,2.910,0,false,leader-w5r1,1
2026-04-03T20:50:03.733159-07:00,read,key-4,2.603,0,false,leader-w5r1,1
2026-04-03T20:50:03.733386-07:00,read,key-6,2.454,0,false,leader-w5r1,1
2026-04-03T20:50:03.733137-07:00,read,key-5,2.707,0,false,leader-w5r1,1
2026-04-03T20:50:03.734022-07:00,read,key-4,1.824,0,false,leader-w5r1,1
2026-04-03T20:50:03.73329-07:00,read,key-6,2.577,0,false,leader-w5r1,1
2026-04-03T20:50:03.733115-07:00,read,key-4,2.755,0,false,leader-w5r1,1
2026-04-03T20:50:03.733177-07:00,read,key-3,2.766,0,false,leader-w5r1,1
2026-04-03T20:50:03.732946-07:00,read,key-5,3.002,0,false,leader-w5r1,1
2026-04-03T20:50:03.735842-07:00,read,key-4,2.493,0,false,leader-w5r1,1
2026-04-03T20:50:03.735949-07:00,read,key-9,2.387,0,false,leader-w5r1,1
2026-04-03T20:50:03.735944-07:00,read,key-3,2.418,0,false,leader-w5r1,1
2026-04-03T20:50:03.735847-07:00,read,key-7,2.905,0,false,leader-w5r1,1
2026-04-03T20:50:03.735868-07:00,read,key-7,2.929,0,false,leader-w5r1,1
2026-04-03T20:50:03.735764-07:00,read,key-0,3.072,0,false,leader-w5r1,1
2026-04-03T20:50:03.735756-07:00,read,key-4,3.080,0,false,leader-w5r1,1
2026-04-03T20:50:03.735871-07:00,read,key-7,3.012,0,false,leader-w5r1,1
2026-04-03T20:50:03.738752-07:00,read,key-2,2.288,0,false,leader-w5r1,1
2026-04-03T20:50:03.738837-07:00,read,key-3,2.345,0,false,leader-w5r1,1
2026-04-03T20:50:03.738798-07:00,read,key-2,2.408,0,false,leader-w5r1,1
2026-04-03T20:50:03.738336-07:00,read,key-1,2.939,0,false,leader-w5r1,1
2026-04-03T20:50:03.738363-07:00,read,key-6,2.924,0,false,leader-w5r1,1
2026-04-03T20:50:03.738837-07:00,read,key-6,2.451,0,false,leader-w5r1,1
2026-04-03T20:50:03.738335-07:00,read,key-0,2.978,0,false,leader-w5r1,1
2026-04-03T20:50:03.738884-07:00,read,key-0,2.686,0,false,leader-w5r1,1
2026-04-03T20:50:03.741571-07:00,read,key-8,1.984,0,false,leader-w5r1,1
2026-04-03T20:50:03.741183-07:00,read,key-4,2.679,2,false,leader-w5r1,1
2026-04-03T20:50:03.74129-07:00,read,key-2,2.598,0,false,leader-w5r1,1
2026-04-03T20:50:03.741288-07:00,read,key-3,2.624,0,false,leader-w5r1,1
2026-04-03T20:50:03.741207-07:00,read,key-2,2.741,0,false,leader-w5r1,1
2026-04-03T20:50:03.741276-07:00,read,key-6,2.676,0,false,leader-w5r1,1
2026-04-03T20:50:03.741041-07:00,read,key-8,2.912,0,false,leader-w5r1,1
2026-04-03T20:50:03.741315-07:00,read,key-9,2.718,0,false,leader-w5r1,1
2026-04-03T20:50:03.743912-07:00,read,key-6,0.450,0,false,leader-w5r1,1
2026-04-03T20:50:03.743953-07:00,read,key-0,2.139,0,false,leader-w5r1,1
2026-04-03T20:50:03.744034-07:00,read,key-9,2.111,0,false,leader-w5r1,1
2026-04-03T20:50:03.743889-07:00,read,key-2,2.382,0,false,leader-w5r1,1
2026-04-03T20:50:03.743556-07:00,read,key-3,2.717,0,false,leader-w5r1,1
2026-04-03T20:50:03.743954-07:00,read,key-2,2.593,0,false,leader-w5r1,1
2026-04-03T20:50:03.743949-07:00,read,key-8,2.763,1,false,leader-w5r1,1
2026-04-03T20:50:03.743864-07:00,read,key-5,3.024,1,false,leader-w5r1,1
2026-04-03T20:50:03.746549-07:00,read,key-9,0.603,0,false,leader-w5r1,1
2026-04-03T20:50:03.746274-07:00,read,key-7,0.906,2,false,leader-w5r1,1
2026-04-03T20:50:03.746713-07:00,read,key-2,0.702,0,false,leader-w5r1,1
2026-04-03T20:50:03.747416-07:00,read,key-0,1.561,0,false,leader-w5r1,1
2026-04-03T20:50:03.74718-07:00,read,key-0,1.832,0,false,leader-w5r1,1
2026-04-03T20:50:03.746094-07:00,read,key-7,2.931,3,false,leader-w5r1,1
2026-04-03T20:50:03.747153-07:00,read,key-0,1.883,0,false,leader-w5r1,1
2026-04-03T20:50:03.746147-07:00,read,key-0,2.931,0,false,leader-w5r1,1
2026-04-03T20:50:03.746271-07:00,read,key-7,2.809,3,false,leader-w5r1,1
2026-04-03T20:50:03.746889-07:00,read,key-2,2.205,0,false,leader-w5r1,1
2026-04-03T20:50:03.749014-07:00,read,key-7,0.499,2,false,leader-w5r1,1
2026-04-03T20:50:03.749026-07:00,read,key-9,0.502,0,false,leader-w5r1,1
2026-04-03T20:50:03.749514-07:00,read,key-1,0.250,0,false,leader-w5r1,1
2026-04-03T20:50:03.749529-07:00,read,key-8,2.043,1,false,leader-w5r1,1
2026-04-03T20:50:03.748978-07:00,read,key-0,2.926,0,false,leader-w5r1,1
2026-04-03T20:50:03.749096-07:00,read,key-2,2.830,0,false,leader-w5r1,1
2026-04-03T20:50:03.749082-07:00,read,key-4,2.849,0,false,leader-w5r1,1
2026-04-03T20:50:03.749079-07:00,read,key-0,2.884,0,false,leader-w5r1,1
2026-04-03T20:50:03.749037-07:00,read,key-2,2.927,0,false,leader-w5r1,1
2026-04-03T20:50:03.749765-07:00,read,key-3,2.219,0,false,leader-w5r1,1
2026-04-03T20:50:03.751573-07:00,read,key-2,0.597,0,false,leader-w5r1,1
2026-04-03T20:50:03.751964-07:00,read,key-7,0.560,2,false,leader-w5r1,1
2026-04-03T20:50:03.751906-07:00,read,key-7,0.713,3,false,leader-w5r1,1
2026-04-03T20:50:03.751985-07:00,read,key-3,0.947,2,false,leader-w5r1,1
2026-04-03T20:50:03.752525-07:00,read,key-0,0.409,0,false,leader-w5r1,1
2026-04-03T20:50:03.751965-07:00,read,key-6,2.891,0,false,leader-w5r1,1
2026-04-03T20:50:03.752932-07:00,read,key-4,1.934,0,false,leader-w5r1,1
2026-04-03T20:50:03.751932-07:00,read,key-7,2.949,0,false,leader-w5r1,1
2026-04-03T20:50:03.75262-07:00,read,key-4,2.342,0,false,leader-w5r1,1
2026-04-03T20:50:03.752171-07:00,read,key-4,2.795,0,false,leader-w5r1,1
2026-04-03T20:50:03.751927-07:00,read,key-9,3.041,0,false,leader-w5r1,1
2026-04-03T20:50:03.752935-07:00,read,key-7,2.058,0,false,leader-w5r1,1
2026-04-03T20:50:03.754857-07:00,read,key-3,0.748,3,false,leader-w5r1,1
2026-04-03T20:50:03.754882-07:00,read,key-5,0.788,1,false,leader-w5r1,1
2026-04-03T20:50:03.754967-07:00,read,key-2,0.784,0,false,leader-w5r1,1
2026-04-03T20:50:03.754997-07:00,read,key-1,2.897,0,false,leader-w5r1,1
2026-04-03T20:50:03.754963-07:00,read,key-9,2.939,0,false,leader-w5r1,1
2026-04-03T20:50:03.755752-07:00,read,key-8,2.159,2,false,leader-w5r1,1
2026-04-03T20:50:03.754868-07:00,read,key-0,3.057,0,false,leader-w5r1,1
2026-04-03T20:50:03.755606-07:00,read,key-5,2.337,0,false,leader-w5r1,1
2026-04-03T20:50:03.754969-07:00,read,key-1,2.983,0,false,leader-w5r1,1
2026-04-03T20:50:03.75567-07:00,read,key-0,2.346,0,false,leader-w5r1,1
2026-04-03T20:50:03.757895-07:00,read,key-3,0.646,3,false,leader-w5r1,1
2026-04-03T20:50:03.757903-07:00,read,key-4,0.860,2,false,leader-w5r1,1
2026-04-03T20:50:03.757944-07:00,read,key-6,1.049,0,false,leader-w5r1,1
2026-04-03T20:50:03.757926-07:00,read,key-9,3.371,0,false,leader-w5r1,1
2026-04-03T20:50:03.758994-07:00,read,key-7,2.342,0,false,leader-w5r1,1
2026-04-03T20:50:03.758018-07:00,read,key-7,3.325,0,false,leader-w5r1,1
2026-04-03T20:50:03.758542-07:00,read,key-9,2.805,0,false,leader-w5r1,1
2026-04-03T20:50:03.758763-07:00,read,key-4,2.619,0,false,leader-w5r1,1
2026-04-03T20:50:03.757912-07:00,read,key-7,3.683,0,false,leader-w5r1,1
2026-04-03T20:50:03.757952-07:00,read,key-2,3.645,0,false,leader-w5r1,1
2026-04-03T20:50:03.761383-07:00,read,key-0,0.474,0,false,leader-w5r1,1
2026-04-03T20:50:03.761596-07:00,read,key-5,0.642,1,false,leader-w5r1,1
2026-04-03T20:50:03.761858-07:00,read,key-2,0.735,0,false,leader-w5r1,1
2026-04-03T20:50:03.761348-07:00,read,key-5,2.920,0,false,leader-w5r1,1
2026-04-03T20:50:03.761298-07:00,read,key-4,3.043,0,false,leader-w5r1,1
2026-04-03T20:50:03.761337-07:00,read,key-6,3.007,0,false,leader-w5r1,1
2026-04-03T20:50:03.762239-07:00,read,key-2,2.113,0,false,leader-w5r1,1
2026-04-03T20:50:03.762595-07:00,read,key-0,2.115,0,false,leader-w5r1,1
2026-04-03T20:50:03.761344-07:00,read,key-3,3.453,0,false,leader-w5r1,1
2026-04-03T20:50:03.761598-07:00,read,key-1,3.255,0,false,leader-w5r1,1
2026-04-03T20:50:03.764711-07:00,read,key-5,2.096,0,false,leader-w5r1,1
2026-04-03T20:50:03.764345-07:00,read,key-4,2.487,0,false,leader-w5r1,1
2026-04-03T20:50:03.764269-07:00,read,key-5,2.721,0,false,leader-w5r1,1
2026-04-03T20:50:03.764354-07:00,read,key-8,2.721,0,false,leader-w5r1,1
2026-04-03T20:50:03.764854-07:00,read,key-0,2.376,0,false,leader-w5r1,1
2026-04-03T20:50:03.764342-07:00,read,key-6,2.917,0,false,leader-w5r1,1
2026-04-03T20:50:03.764798-07:00,read,key-1,2.477,0,false,leader-w5r1,1
2026-04-03T20:50:03.767276-07:00,read,key-5,0.363,1,false,leader-w5r1,1
2026-04-03T20:50:03.767231-07:00,read,key-0,2.341,0,false,leader-w5r1,1
2026-04-03T20:50:03.766991-07:00,read,key-7,2.604,0,false,leader-w5r1,1
2026-04-03T20:50:03.767076-07:00,read,key-1,2.532,0,false,leader-w5r1,1
2026-04-03T20:50:03.76726-07:00,read,key-6,2.366,0,false,leader-w5r1,1
2026-04-03T20:50:03.766834-07:00,read,key-9,2.831,0,false,leader-w5r1,1
2026-04-03T20:50:03.76764-07:00,read,key-5,2.063,0,false,leader-w5r1,1
2026-04-03T20:50:03.766808-07:00,read,key-5,3.039,0,false,leader-w5r1,1
2026-04-03T20:50:03.769609-07:00,read,key-4,0.647,2,false,leader-w5r1,1
2026-04-03T20:50:03.769596-07:00,read,key-1,0.755,1,false,leader-w5r1,1
2026-04-03T20:50:03.769572-07:00,read,key-1,0.909,1,false,leader-w5r1,1
2026-04-03T20:50:03.769704-07:00,read,key-7,0.888,3,false,leader-w5r1,1
2026-04-03T20:50:03.770483-07:00,read,key-5,0.337,2,false,leader-w5r1,1
2026-04-03T20:50:03.770593-07:00,read,key-3,0.333,3,false,leader-w5r1,1
2026-04-03T20:50:03.769848-07:00,read,key-1,1.171,0,false,leader-w5r1,1
2026-04-03T20:50:03.770926-07:00,read,key-3,0.276,3,false,leader-w5r1,1
2026-04-03T20:50:03.771203-07:00,read,key-2,1.687,0,false,leader-w5r1,1
2026-04-03T20:50:03.77102-07:00,read,key-7,1.879,0,false,leader-w5r1,1
2026-04-03T20:50:03.769627-07:00,read,key-6,3.329,0,false,leader-w5r1,1
2026-04-03T20:50:03.770821-07:00,read,key-1,2.263,0,false,leader-w5r1,1
2026-04-03T20:50:03.770352-07:00,read,key-0,2.863,0,false,leader-w5r1,1
2026-04-03T20:50:03.770257-07:00,read,key-3,2.988,0,false,leader-w5r1,1
2026-04-03T20:50:03.769666-07:00,read,key-6,3.720,0,false,leader-w5r1,1
2026-04-03T20:50:03.773085-07:00,read,key-9,0.438,0,false,leader-w5r1,1
2026-04-03T20:50:03.773524-07:00,read,key-8,0.414,2,false,leader-w5r1,1
2026-04-03T20:50:03.773216-07:00,read,key-7,0.829,3,false,leader-w5r1,1
2026-04-03T20:50:03.77289-07:00,read,key-6,2.765,0,false,leader-w5r1,1
2026-04-03T20:50:03.773246-07:00,read,key-6,2.475,0,false,leader-w5r1,1
2026-04-03T20:50:03.772957-07:00,read,key-1,2.767,0,false,leader-w5r1,1
2026-04-03T20:50:03.7729-07:00,read,key-5,2.881,0,false,leader-w5r1,1
2026-04-03T20:50:03.773387-07:00,read,key-3,2.394,0,false,leader-w5r1,1
2026-04-03T20:50:03.774046-07:00,read,key-9,1.770,0,false,leader-w5r1,1
2026-04-03T20:50:03.775656-07:00,read,key-9,0.597,0,false,leader-w5r1,1
2026-04-03T20:50:03.775721-07:00,read,key-4,0.592,2,false,leader-w5r1,1
2026-04-03T20:50:03.776315-07:00,read,key-4,0.240,2,false,leader-w5r1,1
2026-04-03T20:50:03.775725-07:00,read,key-6,2.572,0,false,leader-w5r1,1
2026-04-03T20:50:03.775782-07:00,read,key-5,2.516,1,false,leader-w5r1,1
2026-04-03T20:50:03.776555-07:00,read,key-3,1.806,0,false,leader-w5r1,1
2026-04-03T20:50:03.776255-07:00,read,key-8,2.169,1,false,leader-w5r1,1
2026-04-03T20:50:03.775808-07:00,read,key-5,2.666,0,false,leader-w5r1,1
2026-04-03T20:50:03.775817-07:00,read,key-5,2.662,1,false,leader-w5r1,1
2026-04-03T20:50:03.778479-07:00,read,key-8,0.396,1,false,leader-w5r1,1
2026-04-03T20:50:03.778299-07:00,read,key-3,0.594,3,false,leader-w5r1,1
2026-04-03T20:50:03.778475-07:00,read,key-9,0.428,0,false,leader-w5r1,1
2026-04-03T20:50:03.778877-07:00,read,key-0,2.294,0,false,leader-w5r1,1
2026-04-03T20:50:03.778362-07:00,read,key-7,2.839,0,false,leader-w5r1,1
2026-04-03T20:50:03.778894-07:00,read,key-3,2.326,0,false,leader-w5r1,1
2026-04-03T20:50:03.778904-07:00,read,key-3,2.321,0,false,leader-w5r1,1
2026-04-03T20:50:03.778425-07:00,read,key-3,2.812,0,false,leader-w5r1,1
2026-04-03T20:50:03.778299-07:00,read,key-3,2.986,0,false,leader-w5r1,1
2026-04-03T20:50:03.781202-07:00,read,key-3,0.490,3,false,leader-w5r1,1
2026-04-03T20:50:03.781285-07:00,read,key-5,0.663,1,false,leader-w5r1,1
2026-04-03T20:50:03.781949-07:00,read,key-9,0.207,0,false,leader-w5r1,1
2026-04-03T20:50:03.781172-07:00,read,key-9,3.093,0,false,leader-w5r1,1
2026-04-03T20:50:03.781693-07:00,read,key-2,2.585,0,false,leader-w5r1,1
2026-04-03T20:50:03.781226-07:00,read,key-8,3.081,0,false,leader-w5r1,1
2026-04-03T20:50:03.781237-07:00,read,key-2,3.081,0,false,leader-w5r1,1
2026-04-03T20:50:03.781222-07:00,read,key-8,3.099,0,false,leader-w5r1,1
2026-04-03T20:50:03.782157-07:00,read,key-8,2.176,0,false,leader-w5r1,1
2026-04-03T20:50:03.78428-07:00,read,key-4,0.486,2,false,leader-w5r1,1
2026-04-03T20:50:03.784308-07:00,read,key-6,0.726,0,false,leader-w5r1,1
2026-04-03T20:50:03.785035-07:00,read,key-4,0.297,2,false,leader-w5r1,1
2026-04-03T20:50:03.784319-07:00,read,key-9,2.468,0,false,leader-w5r1,1
2026-04-03T20:50:03.785333-07:00,read,key-9,1.515,0,false,leader-w5r1,1
2026-04-03T20:50:03.784322-07:00,read,key-2,2.537,0,false,leader-w5r1,1
2026-04-03T20:50:03.784266-07:00,read,key-0,2.627,0,false,leader-w5r1,1
2026-04-03T20:50:03.784766-07:00,read,key-9,2.747,0,false,leader-w5r1,1
2026-04-03T20:50:03.787515-07:00,read,key-7,0.329,3,false,leader-w5r1,1
2026-04-03T20:50:03.786787-07:00,read,key-1,2.873,0,false,leader-w5r1,1
2026-04-03T20:50:03.787845-07:00,read,key-9,1.824,0,false,leader-w5r1,1
2026-04-03T20:50:03.786893-07:00,read,key-7,2.803,0,false,leader-w5r1,1
2026-04-03T20:50:03.786849-07:00,read,key-8,2.853,0,false,leader-w5r1,1
2026-04-03T20:50:03.786859-07:00,read,key-5,2.855,0,false,leader-w5r1,1
2026-04-03T20:50:03.789662-07:00,read,key-5,0.394,1,false,leader-w5r1,1
2026-04-03T20:50:03.789715-07:00,read,key-2,0.624,0,false,leader-w5r1,1
2026-04-03T20:50:03.789703-07:00,read,key-1,2.815,0,false,leader-w5r1,1
2026-04-03T20:50:03.78967-07:00,read,key-3,2.859,0,false,leader-w5r1,1
2026-04-03T20:50:03.790057-07:00,read,key-0,2.489,0,false,leader-w5r1,1
2026-04-03T20:50:03.789698-07:00,read,key-0,2.865,0,false,leader-w5r1,1
2026-04-03T20:50:03.79034-07:00,read,key-0,2.266,0,false,leader-w5r1,1
2026-04-03T20:50:03.792564-07:00,read,key-5,0.613,1,false,leader-w5r1,1
2026-04-03T20:50:03.792519-07:00,read,key-5,2.240,2,false,leader-w5r1,1
2026-04-03T20:50:03.793179-07:00,read,key-0,1.658,0,false,leader-w5r1,1
2026-04-03T20:50:03.792547-07:00,read,key-4,2.750,0,false,leader-w5r1,1
2026-04-03T20:50:03.79253-07:00,read,key-2,2.769,0,false,leader-w5r1,1
2026-04-03T20:50:03.792607-07:00,read,key-9,2.748,0,false,leader-w5r1,1
2026-04-03T20:50:03.795356-07:00,read,key-0,0.462,0,false,leader-w5r1,1
2026-04-03T20:50:03.7953-07:00,read,key-2,0.549,0,false,leader-w5r1,1
2026-04-03T20:50:03.794838-07:00,read,key-8,2.739,0,false,leader-w5r1,1
2026-04-03T20:50:03.79585-07:00,read,key-4,1.757,2,false,leader-w5r1,1
2026-04-03T20:50:03.795819-07:00,read,key-8,1.800,0,false,leader-w5r1,1
2026-04-03T20:50:03.794759-07:00,read,key-4,3.035,0,false,leader-w5r1,1
2026-04-03T20:50:03.795298-07:00,read,key-3,2.515,0,false,leader-w5r1,1
2026-04-03T20:50:03.797579-07:00,read,key-8,0.699,2,false,leader-w5r1,1
2026-04-03T20:50:03.797795-07:00,read,key-6,2.623,0,false,leader-w5r1,1
2026-04-03T20:50:03.797608-07:00,read,key-9,2.815,0,false,leader-w5r1,1
2026-04-03T20:50:03.798279-07:00,read,key-5,2.153,1,false,leader-w5r1,1
2026-04-03T20:50:03.797814-07:00,read,key-6,2.624,0,false,leader-w5r1,1
2026-04-03T20:50:03.79762-07:00,read,key-0,2.821,0,false,leader-w5r1,1
2026-04-03T20:50:03.800419-07:00,read,key-2,0.381,0,false,leader-w5r1,1
2026-04-03T20:50:03.800433-07:00,read,key-6,2.701,0,false,leader-w5r1,1
2026-04-03T20:50:03.80044-07:00,read,key-9,2.728,0,false,leader-w5r1,1
2026-04-03T20:50:03.800442-07:00,read,key-9,2.797,0,false,leader-w5r1,1
2026-04-03T20:50:03.800801-07:00,read,key-0,2.459,0,false,leader-w5r1,1
2026-04-03T20:50:03.800425-07:00,read,key-2,2.836,0,false,leader-w5r1,1
2026-04-03T20:50:03.803261-07:00,read,key-4,2.971,0,false,leader-w5r1,1
2026-04-03T20:50:03.803169-07:00,read,key-2,3.082,0,false,leader-w5r1,1
2026-04-03T20:50:03.803136-07:00,read,key-0,3.170,0,false,leader-w5r1,1
2026-04-03T20:50:03.803241-07:00,read,key-4,3.078,0,false,leader-w5r1,1
2026-04-03T20:50:03.803261-07:00,read,key-6,3.054,0,false,leader-w5r1,1
2026-04-03T20:50:03.806233-07:00,read,key-2,0.498,0,false,leader-w5r1,1
2026-04-03T20:50:03.806323-07:00,read,key-3,2.525,0,false,leader-w5r1,1
2026-04-03T20:50:03.806252-07:00,read,key-9,2.852,0,false,leader-w5r1,1
2026-04-03T20:50:03.806321-07:00,read,key-7,2.882,0,false,leader-w5r1,1
2026-04-03T20:50:03.806306-07:00,read,key-0,2.901,0,false,leader-w5r1,1
2026-04-03T20:50:03.806732-07:00,read,key-2,2.481,0,false,leader-w5r1,1
2026-04-03T20:50:03.808849-07:00,read,key-3,2.365,0,false,leader-w5r1,1
2026-04-03T20:50:03.809214-07:00,read,key-8,2.038,0,false,leader-w5r1,1
2026-04-03T20:50:03.809105-07:00,read,key-2,2.165,0,false,leader-w5r1,1
2026-04-03T20:50:03.809203-07:00,read,key-0,2.084,0,false,leader-w5r1,1
2026-04-03T20:50:03.809209-07:00,read,key-7,2.221,0,false,leader-w5r1,1
2026-04-03T20:50:03.811288-07:00,read,key-6,2.423,0,false,leader-w5r1,1
2026-04-03T20:50:03.81127-07:00,read,key-5,2.460,0,false,leader-w5r1,1
2026-04-03T20:50:03.811215-07:00,read,key-3,2.529,3,false,leader-w5r1,1
2026-04-03T20:50:03.811254-07:00,read,key-5,2.497,1,false,leader-w5r1,1
2026-04-03T20:50:03.811431-07:00,read,key-1,2.357,0,false,leader-w5r1,1
2026-04-03T20:50:03.813732-07:00,read,key-3,0.322,3,false,leader-w5r1,1
2026-04-03T20:50:03.814056-07:00,read,key-4,0.204,2,false,leader-w5r1,1
2026-04-03T20:50:03.814261-07:00,read,key-9,0.185,0,false,leader-w5r1,1
2026-04-03T20:50:03.814447-07:00,read,key-6,0.249,0,false,leader-w5r1,1
2026-04-03T20:50:03.814697-07:00,read,key-5,0.254,1,false,leader-w5r1,1
2026-04-03T20:50:03.814952-07:00,read,key-4,0.169,2,false,leader-w5r1,1
2026-04-03T20:50:03.815122-07:00,read,key-0,1.276,0,false,leader-w5r1,1
2026-04-03T20:50:03.813745-07:00,read,key-0,2.832,0,false,leader-w5r1,1
2026-04-03T20:50:03.813712-07:00,read,key-4,2.938,0,false,leader-w5r1,1
2026-04-03T20:50:03.813751-07:00,read,key-2,2.985,0,false,leader-w5r1,1
2026-04-03T20:50:03.816398-07:00,read,key-9,0.354,0,false,leader-w5r1,1
2026-04-03T20:50:03.813789-07:00,read,key-5,2.974,0,false,leader-w5r1,1
2026-04-03T20:50:03.816651-07:00,read,key-7,2.596,0,false,leader-w5r1,1
2026-04-03T20:50:03.816738-07:00,read,key-2,2.547,0,false,leader-w5r1,1
2026-04-03T20:50:03.816763-07:00,read,key-4,2.547,2,false,leader-w5r1,1
2026-04-03T20:50:03.816578-07:00,read,key-9,2.854,0,false,leader-w5r1,1
2026-04-03T20:50:03.816754-07:00,read,key-6,2.689,0,false,leader-w5r1,1
2026-04-03T20:50:03.819312-07:00,read,key-7,0.311,3,false,leader-w5r1,1
2026-04-03T20:50:03.819432-07:00,read,key-2,0.536,0,false,leader-w5r1,1
2026-04-03T20:50:03.819285-07:00,read,key-0,2.784,0,false,leader-w5r1,1
2026-04-03T20:50:03.819443-07:00,read,key-1,2.628,0,false,leader-w5r1,1
2026-04-03T20:50:03.819624-07:00,read,key-2,2.504,0,false,leader-w5r1,1
2026-04-03T20:50:03.819969-07:00,read,key-3,2.266,0,false,leader-w5r1,1
2026-04-03T20:50:03.819248-07:00,read,key-9,3.146,0,false,leader-w5r1,1
2026-04-03T20:50:03.822072-07:00,read,key-1,0.456,0,false,leader-w5r1,1
2026-04-03T20:50:03.822236-07:00,read,key-4,2.278,0,false,leader-w5r1,1
2026-04-03T20:50:03.822071-07:00,read,key-6,2.477,0,false,leader-w5r1,1
2026-04-03T20:50:03.82213-07:00,read,key-0,2.429,0,false,leader-w5r1,1
2026-04-03T20:50:03.822395-07:00,read,key-1,2.165,0,false,leader-w5r1,1
2026-04-03T20:50:03.822529-07:00,read,key-7,2.052,0,false,leader-w5r1,1
2026-04-03T20:50:03.82456-07:00,read,key-9,2.727,0,false,leader-w5r1,1
2026-04-03T20:50:03.824515-07:00,read,key-1,2.772,0,false,leader-w5r1,1
2026-04-03T20:50:03.824582-07:00,read,key-8,2.726,0,false,leader-w5r1,1
2026-04-03T20:50:03.824549-07:00,read,key-6,2.830,0,false,leader-w5r1,1
2026-04-03T20:50:03.82738-07:00,read,key-9,2.988,1,false,leader-w5r1,1
2026-04-03T20:50:03.827308-07:00,read,key-8,3.077,0,false,leader-w5r1,1
2026-04-03T20:50:03.827288-07:00,read,key-4,3.099,2,false,leader-w5r1,1
2026-04-03T20:50:03.827288-07:00,read,key-8,3.101,1,false,leader-w5r1,1
2026-04-03T20:50:03.830369-07:00,read,key-8,0.311,2,false,leader-w5r1,1
2026-04-03T20:50:03.830389-07:00,read,key-7,0.529,4,false,leader-w5r1,1
2026-04-03T20:50:03.83039-07:00,read,key-3,0.738,3,false,leader-w5r1,1
2026-04-03T20:50:03.831128-07:00,read,key-8,0.208,2,false,leader-w5r1,1
2026-04-03T20:50:03.830918-07:00,read,key-8,2.920,0,false,leader-w5r1,1
2026-04-03T20:50:03.831338-07:00,read,key-6,2.591,0,false,leader-w5r1,1
2026-04-03T20:50:03.830386-07:00,read,key-9,3.607,0,false,leader-w5r1,1
2026-04-03T20:50:03.830681-07:00,read,key-3,3.550,0,false,leader-w5r1,1
2026-04-03T20:50:03.833994-07:00,read,key-5,0.343,1,false,leader-w5r1,1
2026-04-03T20:50:03.834339-07:00,read,key-9,0.241,1,false,leader-w5r1,1
2026-04-03T20:50:03.83458-07:00,read,key-6,0.189,0,false,leader-w5r1,1
2026-04-03T20:50:03.83477-07:00,read,key-9,0.235,1,false,leader-w5r1,1
2026-04-03T20:50:03.834232-07:00,read,key-2,1.843,0,false,leader-w5r1,1
2026-04-03T20:50:03.835006-07:00,read,key-7,1.219,0,false,leader-w5r1,1
2026-04-03T20:50:03.833839-07:00,read,key-9,2.386,0,false,leader-w5r1,1
2026-04-03T20:50:03.833929-07:00,read,key-4,2.345,0,false,leader-w5r1,1
2026-04-03T20:50:03.836076-07:00,read,key-6,0.351,0,false,leader-w5r1,1
2026-04-03T20:50:03.836226-07:00,read,key-3,2.307,0,false,leader-w5r1,1
2026-04-03T20:50:03.836428-07:00,read,key-6,2.331,0,false,leader-w5r1,1
2026-04-03T20:50:03.836276-07:00,read,key-4,2.525,2,false,leader-w5r1,1
2026-04-03T20:50:03.836226-07:00,read,key-0,2.589,0,false,leader-w5r1,1
2026-04-03T20:50:03.83876-07:00,read,key-0,0.289,0,false,leader-w5r1,1
2026-04-03T20:50:03.83905-07:00,read,key-6,1.590,0,false,leader-w5r1,1
2026-04-03T20:50:03.838534-07:00,read,key-3,2.405,0,false,leader-w5r1,1
2026-04-03T20:50:03.838802-07:00,read,key-1,2.179,0,false,leader-w5r1,1
2026-04-03T20:50:03.838815-07:00,read,key-0,2.221,0,false,leader-w5r1,1
2026-04-03T20:50:03.840641-07:00,read,key-1,0.467,1,false,leader-w5r1,1
2026-04-03T20:50:03.84094-07:00,read,key-0,0.399,0,false,leader-w5r1,1
2026-04-03T20:50:03.840982-07:00,read,key-2,0.478,0,false,leader-w5r1,1
2026-04-03T20:50:03.841109-07:00,read,key-4,2.496,0,false,leader-w5r1,1
2026-04-03T20:50:03.841461-07:00,read,key-7,2.169,3,false,leader-w5r1,1
2026-04-03T20:50:03.841037-07:00,read,key-1,2.775,0,false,leader-w5r1,1
2026-04-03T20:50:03.84134-07:00,read,key-9,2.487,0,false,leader-w5r1,1
2026-04-03T20:50:03.84363-07:00,read,key-5,0.401,1,false,leader-w5r1,1
2026-04-03T20:50:03.844033-07:00,read,key-7,0.285,3,false,leader-w5r1,1
2026-04-03T20:50:03.843827-07:00,read,key-6,2.106,0,false,leader-w5r1,1
2026-04-03T20:50:03.843606-07:00,read,key-0,2.500,0,false,leader-w5r1,1
2026-04-03T20:50:03.844319-07:00,read,key-3,1.800,0,false,leader-w5r1,1
2026-04-03T20:50:03.843813-07:00,read,key-4,2.506,2,false,leader-w5r1,1
2026-04-03T20:50:03.84612-07:00,read,key-1,0.294,1,false,leader-w5r1,1
2026-04-03T20:50:03.846322-07:00,read,key-2,0.342,0,false,leader-w5r1,1
2026-04-03T20:50:03.846666-07:00,read,key-8,1.626,0,false,leader-w5r1,1
2026-04-03T20:50:03.846415-07:00,read,key-0,1.911,0,false,leader-w5r1,1
2026-04-03T20:50:03.846108-07:00,read,key-0,2.298,0,false,leader-w5r1,1
2026-04-03T20:50:03.845935-07:00,read,key-4,2.528,0,false,leader-w5r1,1
2026-04-03T20:50:03.848464-07:00,read,key-5,2.177,0,false,leader-w5r1,1
2026-04-03T20:50:03.848407-07:00,read,key-6,2.253,1,false,leader-w5r1,1
2026-04-03T20:50:03.848293-07:00,read,key-1,2.451,1,false,leader-w5r1,1
2026-04-03T20:50:03.848327-07:00,read,key-0,2.420,0,false,leader-w5r1,1
2026-04-03T20:50:03.850661-07:00,read,key-2,0.338,0,false,leader-w5r1,1
2026-04-03T20:50:03.850746-07:00,read,key-9,0.275,1,false,leader-w5r1,1
2026-04-03T20:50:03.851021-07:00,read,key-0,0.221,0,false,leader-w5r1,1
2026-04-03T20:50:03.851-07:00,read,key-6,0.310,1,false,leader-w5r1,1
2026-04-03T20:50:03.851312-07:00,read,key-6,0.216,1,false,leader-w5r1,1
2026-04-03T20:50:03.850643-07:00,read,key-0,2.339,0,false,leader-w5r1,1
2026-04-03T20:50:03.850748-07:00,read,key-9,2.292,0,false,leader-w5r1,1
2026-04-03T20:50:03.851243-07:00,read,key-6,1.801,0,false,leader-w5r1,1
2026-04-03T20:50:03.851529-07:00,read,key-4,1.523,0,false,leader-w5r1,1
2026-04-03T20:50:03.853046-07:00,read,key-8,0.433,2,false,leader-w5r1,1
2026-04-03T20:50:03.853053-07:00,read,key-5,0.448,2,false,leader-w5r1,1
2026-04-03T20:50:03.853502-07:00,read,key-2,0.250,0,false,leader-w5r1,1
2026-04-03T20:50:03.853753-07:00,read,key-2,0.205,0,false,leader-w5r1,1
2026-04-03T20:50:03.85348-07:00,read,key-8,2.046,0,false,leader-w5r1,1
2026-04-03T20:50:03.852983-07:00,read,key-7,2.552,0,false,leader-w5r1,1
2026-04-03T20:50:03.853959-07:00,read,key-6,1.667,0,false,leader-w5r1,1
2026-04-03T20:50:03.853041-07:00,read,key-7,2.723,0,false,leader-w5r1,1
2026-04-03T20:50:03.855765-07:00,read,key-1,3.696,1,false,leader-w5r1,1
2026-04-03T20:50:03.855536-07:00,read,key-4,3.960,0,false,leader-w5r1,1
2026-04-03T20:50:03.855626-07:00,read,key-0,4.071,0,false,leader-w5r1,1
2026-04-03T20:50:03.855527-07:00,read,key-4,4.171,0,false,leader-w5r1,1
2026-04-03T20:50:03.859699-07:00,read,key-3,2.763,0,false,leader-w5r1,1
2026-04-03T20:50:03.859699-07:00,read,key-1,2.779,1,false,leader-w5r1,1
2026-04-03T20:50:03.859496-07:00,read,key-0,2.985,0,false,leader-w5r1,1
2026-04-03T20:50:03.859463-07:00,read,key-1,3.033,0,false,leader-w5r1,1
2026-04-03T20:50:03.862497-07:00,read,key-1,0.317,1,false,leader-w5r1,1
2026-04-03T20:50:03.862463-07:00,read,key-1,0.372,1,false,leader-w5r1,1
2026-04-03T20:50:03.862815-07:00,read,key-6,0.277,0,false,leader-w5r1,1
2026-04-03T20:50:03.863093-07:00,read,key-6,0.232,1,false,leader-w5r1,1
2026-04-03T20:50:03.862836-07:00,read,key-9,2.146,0,false,leader-w5r1,1
2026-04-03T20:50:03.862479-07:00,read,key-0,2.510,0,false,leader-w5r1,1
2026-04-03T20:50:03.862482-07:00,read,key-2,2.525,0,false,leader-w5r1,1
2026-04-03T20:50:03.863326-07:00,read,key-0,1.697,0,false,leader-w5r1,1
2026-04-03T20:50:03.86499-07:00,read,key-3,0.388,3,false,leader-w5r1,1
2026-04-03T20:50:03.865379-07:00,read,key-5,0.240,2,false,leader-w5r1,1
2026-04-03T20:50:03.86562-07:00,read,key-1,0.175,1,false,leader-w5r1,1
2026-04-03T20:50:03.865796-07:00,read,key-1,0.188,1,false,leader-w5r1,1
2026-04-03T20:50:03.865023-07:00,read,key-3,2.346,0,false,leader-w5r1,1
2026-04-03T20:50:03.864983-07:00,read,key-7,2.407,0,false,leader-w5r1,1
2026-04-03T20:50:03.865008-07:00,read,key-2,2.386,0,false,leader-w5r1,1
2026-04-03T20:50:03.865984-07:00,read,key-6,1.441,0,false,leader-w5r1,1
2026-04-03T20:50:03.86737-07:00,read,key-9,0.338,0,false,leader-w5r1,1
2026-04-03T20:50:03.867708-07:00,read,key-3,1.991,3,false,leader-w5r1,1
2026-04-03T20:50:03.867426-07:00,read,key-8,2.300,2,false,leader-w5r1,1
2026-04-03T20:50:03.867391-07:00,read,key-4,2.348,0,false,leader-w5r1,1
2026-04-03T20:50:03.867395-07:00,read,key-3,2.428,0,false,leader-w5r1,1
2026-04-03T20:50:03.869824-07:00,read,key-1,2.640,0,false,leader-w5r1,1
2026-04-03T20:50:03.8697-07:00,read,key-6,2.786,0,false,leader-w5r1,1
2026-04-03T20:50:03.869727-07:00,read,key-8,2.765,0,false,leader-w5r1,1
2026-04-03T20:50:03.86974-07:00,read,key-8,2.766,0,false,leader-w5r1,1
2026-04-03T20:50:03.872465-07:00,read,key-9,0.490,1,false,leader-w5r1,1
2026-04-03T20:50:03.872507-07:00,read,key-0,0.678,0,false,leader-w5r1,1
2026-04-03T20:50:03.872956-07:00,read,key-0,2.373,0,false,leader-w5r1,1
2026-04-03T20:50:03.873186-07:00,read,key-0,2.156,0,false,leader-w5r1,1
2026-04-03T20:50:03.872493-07:00,read,key-0,2.879,0,false,leader-w5r1,1
2026-04-03T20:50:03.872488-07:00,read,key-3,2.924,0,false,leader-w5r1,1
2026-04-03T20:50:03.875344-07:00,read,key-0,0.437,0,false,leader-w5r1,1
2026-04-03T20:50:03.875374-07:00,read,key-7,0.429,3,false,leader-w5r1,1
2026-04-03T20:50:03.875781-07:00,read,key-7,0.301,4,false,leader-w5r1,1
2026-04-03T20:50:03.875413-07:00,read,key-5,2.376,1,false,leader-w5r1,1
2026-04-03T20:50:03.875804-07:00,read,key-5,1.992,1,false,leader-w5r1,1
2026-04-03T20:50:03.87533-07:00,read,key-1,2.472,0,false,leader-w5r1,1
2026-04-03T20:50:03.876083-07:00,read,key-7,2.026,0,false,leader-w5r1,1
2026-04-03T20:50:03.877797-07:00,read,key-3,0.332,3,false,leader-w5r1,1
2026-04-03T20:50:03.877791-07:00,read,key-9,0.591,1,false,leader-w5r1,1
2026-04-03T20:50:03.878383-07:00,read,key-0,0.206,0,false,leader-w5r1,1
2026-04-03T20:50:03.87859-07:00,read,key-3,0.201,3,false,leader-w5r1,1
2026-04-03T20:50:03.878792-07:00,read,key-3,0.229,3,false,leader-w5r1,1
2026-04-03T20:50:03.878129-07:00,read,key-5,1.960,0,false,leader-w5r1,1
2026-04-03T20:50:03.877802-07:00,read,key-8,2.380,0,false,leader-w5r1,1
2026-04-03T20:50:03.87811-07:00,read,key-6,2.112,0,false,leader-w5r1,1
2026-04-03T20:50:03.880089-07:00,read,key-4,0.407,2,false,leader-w5r1,1
2026-04-03T20:50:03.880223-07:00,read,key-3,2.276,0,false,leader-w5r1,1
2026-04-03T20:50:03.880497-07:00,read,key-0,2.211,0,false,leader-w5r1,1
2026-04-03T20:50:03.880183-07:00,read,key-7,2.545,0,false,leader-w5r1,1
2026-04-03T20:50:03.882732-07:00,read,key-8,0.245,2,false,leader-w5r1,1
2026-04-03T20:50:03.882709-07:00,read,key-6,0.313,0,false,leader-w5r1,1
2026-04-03T20:50:03.882978-07:00,read,key-9,2.439,0,false,leader-w5r1,1
2026-04-03T20:50:03.883023-07:00,read,key-1,2.414,0,false,leader-w5r1,1
2026-04-03T20:50:03.8825-07:00,read,key-9,2.946,0,false,leader-w5r1,1
2026-04-03T20:50:03.885447-07:00,read,key-4,2.192,0,false,leader-w5r1,1
2026-04-03T20:50:03.885445-07:00,read,key-5,2.491,1,false,leader-w5r1,1
2026-04-03T20:50:03.885418-07:00,read,key-7,2.521,0,false,leader-w5r1,1
2026-04-03T20:50:03.887641-07:00,read,key-3,0.454,3,false,leader-w5r1,1
2026-04-03T20:50:03.887937-07:00,read,key-9,0.280,0,false,leader-w5r1,1
2026-04-03T20:50:03.888095-07:00,read,key-6,2.165,0,false,leader-w5r1,1
2026-04-03T20:50:03.887941-07:00,read,key-9,2.426,0,false,leader-w5r1,1
2026-04-03T20:50:03.888218-07:00,read,key-1,2.177,1,false,leader-w5r1,1
2026-04-03T20:50:03.890262-07:00,read,key-5,2.175,0,false,leader-w5r1,1
2026-04-03T20:50:03.890396-07:00,read,key-7,2.094,0,false,leader-w5r1,1
2026-04-03T20:50:03.890368-07:00,read,key-1,2.194,0,false,leader-w5r1,1
2026-04-03T20:50:03.89244-07:00,read,key-7,0.458,4,false,leader-w5r1,1
2026-04-03T20:50:03.892491-07:00,read,key-9,0.626,0,false,leader-w5r1,1
2026-04-03T20:50:03.892899-07:00,read,key-6,0.244,0,false,leader-w5r1,1
2026-04-03T20:50:03.893144-07:00,read,key-9,0.243,1,false,leader-w5r1,1
2026-04-03T20:50:03.893118-07:00,read,key-6,1.699,1,false,leader-w5r1,1
2026-04-03T20:50:03.892563-07:00,read,key-5,2.279,0,false,leader-w5r1,1
2026-04-03T20:50:03.893388-07:00,read,key-9,1.556,0,false,leader-w5r1,1
2026-04-03T20:50:03.894945-07:00,read,key-3,2.233,0,false,leader-w5r1,1
2026-04-03T20:50:03.894843-07:00,read,key-0,2.384,0,false,leader-w5r1,1
2026-04-03T20:50:03.894818-07:00,read,key-9,2.420,0,false,leader-w5r1,1
2026-04-03T20:50:03.897239-07:00,read,key-8,0.298,2,false,leader-w5r1,1
2026-04-03T20:50:03.897539-07:00,read,key-9,2.046,0,false,leader-w5r1,1
2026-04-03T20:50:03.897179-07:00,read,key-9,2.515,0,false,leader-w5r1,1
2026-04-03T20:50:03.897229-07:00,read,key-3,2.629,0,false,leader-w5r1,1
2026-04-03T20:50:03.899695-07:00,read,key-4,0.336,2,false,leader-w5r1,1
2026-04-03T20:50:03.899586-07:00,read,key-9,2.567,0,false,leader-w5r1,1
2026-04-03T20:50:03.899858-07:00,read,key-8,2.349,0,false,leader-w5r1,1
2026-04-03T20:50:03.900032-07:00,read,key-9,2.272,0,false,leader-w5r1,1
2026-04-03T20:50:03.902154-07:00,read,key-3,0.388,3,false,leader-w5r1,1
2026-04-03T20:50:03.902208-07:00,read,key-8,0.347,2,false,leader-w5r1,1
2026-04-03T20:50:03.902544-07:00,read,key-3,2.565,1,false,leader-w5r1,1
2026-04-03T20:50:03.902305-07:00,read,key-8,2.833,0,false,leader-w5r1,1
2026-04-03T20:50:03.902557-07:00,read,key-1,2.616,0,false,leader-w5r1,1
2026-04-03T20:50:03.90511-07:00,read,key-9,0.275,0,false,leader-w5r1,1
2026-04-03T20:50:03.905386-07:00,read,key-3,0.240,3,false,leader-w5r1,1
2026-04-03T20:50:03.905138-07:00,read,key-8,2.200,0,false,leader-w5r1,1
2026-04-03T20:50:03.905628-07:00,read,key-5,1.753,1,false,leader-w5r1,1
2026-04-03T20:50:03.905173-07:00,read,key-5,2.249,1,false,leader-w5r1,1
2026-04-03T20:50:03.907339-07:00,read,key-3,0.351,3,false,leader-w5r1,1
2026-04-03T20:50:03.907382-07:00,read,key-0,0.313,0,false,leader-w5r1,1
2026-04-03T20:50:03.907423-07:00,read,key-4,2.300,2,false,leader-w5r1,1
2026-04-03T20:50:03.907697-07:00,read,key-0,2.189,0,false,leader-w5r1,1
2026-04-03T20:50:03.907692-07:00,read,key-8,2.236,0,false,leader-w5r1,1
2026-04-03T20:50:03.909887-07:00,read,key-2,0.310,1,false,leader-w5r1,1
2026-04-03T20:50:03.909928-07:00,read,key-2,0.512,1,false,leader-w5r1,1
2026-04-03T20:50:03.910441-07:00,read,key-5,0.258,2,false,leader-w5r1,1
2026-04-03T20:50:03.910198-07:00,read,key-4,1.898,0,false,leader-w5r1,1
2026-04-03T20:50:03.9107-07:00,read,key-6,1.405,0,false,leader-w5r1,1
2026-04-03T20:50:03.909724-07:00,read,key-0,2.384,0,false,leader-w5r1,1
2026-04-03T20:50:03.912109-07:00,read,key-8,0.365,0,false,leader-w5r1,1
2026-04-03T20:50:03.912097-07:00,read,key-3,0.398,3,false,leader-w5r1,1
2026-04-03T20:50:03.912496-07:00,read,key-6,0.274,0,false,leader-w5r1,1
2026-04-03T20:50:03.912475-07:00,read,key-0,0.306,0,false,leader-w5r1,1
2026-04-03T20:50:03.912771-07:00,read,key-4,1.587,0,false,leader-w5r1,1
2026-04-03T20:50:03.912105-07:00,read,key-5,2.271,0,false,leader-w5r1,1
2026-04-03T20:50:03.912782-07:00,read,key-4,1.644,0,false,leader-w5r1,1
2026-04-03T20:50:03.914378-07:00,read,key-1,0.363,1,false,leader-w5r1,1
2026-04-03T20:50:03.914742-07:00,read,key-5,2.010,0,false,leader-w5r1,1
2026-04-03T20:50:03.914427-07:00,read,key-7,2.328,0,false,leader-w5r1,1
2026-04-03T20:50:03.91436-07:00,read,key-0,2.396,0,false,leader-w5r1,1
2026-04-03T20:50:03.916756-07:00,read,key-7,0.337,4,false,leader-w5r1,1
2026-04-03T20:50:03.916753-07:00,read,key-1,0.358,1,false,leader-w5r1,1
2026-04-03T20:50:03.917094-07:00,read,key-6,0.274,1,false,leader-w5r1,1
2026-04-03T20:50:03.917368-07:00,read,key-6,0.208,1,false,leader-w5r1,1
2026-04-03T20:50:03.917578-07:00,read,key-2,1.526,0,false,leader-w5r1,1
2026-04-03T20:50:03.917112-07:00,read,key-1,1.992,0,false,leader-w5r1,1
2026-04-03T20:50:03.916757-07:00,read,key-2,2.351,0,false,leader-w5r1,1
2026-04-03T20:50:03.91911-07:00,read,key-1,0.338,1,false,leader-w5r1,1
2026-04-03T20:50:03.919105-07:00,read,key-8,2.296,0,false,leader-w5r1,1
2026-04-03T20:50:03.919448-07:00,read,key-6,2.010,0,false,leader-w5r1,1
2026-04-03T20:50:03.919106-07:00,read,key-5,2.458,1,false,leader-w5r1,1
2026-04-03T20:50:03.921459-07:00,read,key-1,0.312,1,false,leader-w5r1,1
2026-04-03T20:50:03.921402-07:00,read,key-1,0.378,0,false,leader-w5r1,1
2026-04-03T20:50:03.921565-07:00,read,key-3,0.472,3,false,leader-w5r1,1
2026-04-03T20:50:03.921781-07:00,read,key-4,0.280,2,false,leader-w5r1,1
2026-04-03T20:50:03.922062-07:00,read,key-8,0.225,2,false,leader-w5r1,1
2026-04-03T20:50:03.921771-07:00,read,key-3,1.909,1,false,leader-w5r1,1
2026-04-03T20:50:03.922288-07:00,read,key-9,1.571,0,false,leader-w5r1,1
2026-04-03T20:50:03.922038-07:00,read,key-0,1.837,0,false,leader-w5r1,1
2026-04-03T20:50:03.923681-07:00,read,key-5,0.348,2,false,leader-w5r1,1
2026-04-03T20:50:03.92386-07:00,read,key-8,0.320,0,false,leader-w5r1,1
2026-04-03T20:50:03.924181-07:00,read,key-1,0.236,0,false,leader-w5r1,1
2026-04-03T20:50:03.924418-07:00,read,key-9,1.841,0,false,leader-w5r1,1
2026-04-03T20:50:03.92403-07:00,read,key-8,2.237,0,false,leader-w5r1,1
2026-04-03T20:50:03.923877-07:00,read,key-0,2.410,0,false,leader-w5r1,1
2026-04-03T20:50:03.926268-07:00,read,key-2,0.364,1,false,leader-w5r1,1
2026-04-03T20:50:03.926287-07:00,read,key-8,2.119,0,false,leader-w5r1,1
2026-04-03T20:50:03.926632-07:00,read,key-3,2.015,1,false,leader-w5r1,1
2026-04-03T20:50:03.926259-07:00,read,key-0,2.391,0,false,leader-w5r1,1
2026-04-03T20:50:03.928408-07:00,read,key-3,0.330,3,false,leader-w5r1,1
2026-04-03T20:50:03.928649-07:00,read,key-3,0.378,1,false,leader-w5r1,1
2026-04-03T20:50:03.928652-07:00,read,key-2,0.628,0,false,leader-w5r1,1
2026-04-03T20:50:03.929028-07:00,read,key-4,0.275,2,false,leader-w5r1,1
2026-04-03T20:50:03.92928-07:00,read,key-3,0.275,3,false,leader-w5r1,1
2026-04-03T20:50:03.929557-07:00,read,key-4,0.198,2,false,leader-w5r1,1
2026-04-03T20:50:03.929756-07:00,read,key-0,0.228,0,false,leader-w5r1,1
2026-04-03T20:50:03.929305-07:00,read,key-0,1.561,0,false,leader-w5r1,1
2026-04-03T20:50:03.928739-07:00,read,key-3,2.332,1,false,leader-w5r1,1
2026-04-03T20:50:03.929985-07:00,read,key-2,1.117,0,false,leader-w5r1,1
2026-04-03T20:50:03.930867-07:00,read,key-5,0.342,2,false,leader-w5r1,1
2026-04-03T20:50:03.931071-07:00,read,key-6,0.261,0,false,leader-w5r1,1
2026-04-03T20:50:03.93121-07:00,read,key-0,0.441,0,false,leader-w5r1,1
2026-04-03T20:50:03.931103-07:00,read,key-9,2.254,0,false,leader-w5r1,1
2026-04-03T20:50:03.931652-07:00,read,key-5,1.740,0,false,leader-w5r1,1
2026-04-03T20:50:03.933393-07:00,read,key-8,0.258,2,false,leader-w5r1,1
2026-04-03T20:50:03.933358-07:00,read,key-4,2.333,0,false,leader-w5r1,1
2026-04-03T20:50:03.933652-07:00,read,key-5,2.083,2,false,leader-w5r1,1
2026-04-03T20:50:03.935692-07:00,read,key-8,0.327,2,false,leader-w5r1,1
2026-04-03T20:50:03.935737-07:00,read,key-6,2.290,0,false,leader-w5r1,1
2026-04-03T20:50:03.93602-07:00,read,key-0,2.079,0,false,leader-w5r1,1
2026-04-03T20:50:03.9381-07:00,read,key-3,0.324,1,false,leader-w5r1,1
2026-04-03T20:50:03.938426-07:00,read,key-7,0.180,2,false,leader-w5r1,1
2026-04-03T20:50:03.938606-07:00,read,key-3,1.612,0,false,leader-w5r1,1
2026-04-03T20:50:03.938028-07:00,read,key-2,2.189,0,false,leader-w5r1,1
2026-04-03T20:50:03.94022-07:00,read,key-0,0.274,0,false,leader-w5r1,1
2026-04-03T20:50:03.940495-07:00,read,key-0,0.237,0,false,leader-w5r1,1
2026-04-03T20:50:03.940732-07:00,read,key-6,0.335,1,false,leader-w5r1,1
2026-04-03T20:50:03.941069-07:00,read,key-4,1.304,0,false,leader-w5r1,1
2026-04-03T20:50:03.940219-07:00,read,key-6,2.183,0,false,leader-w5r1,1
2026-04-03T20:50:03.942374-07:00,read,key-6,0.297,1,false,leader-w5r1,1
2026-04-03T20:50:03.942672-07:00,read,key-1,0.265,1,false,leader-w5r1,1
2026-04-03T20:50:03.942939-07:00,read,key-8,0.221,2,false,leader-w5r1,1
2026-04-03T20:50:03.943161-07:00,read,key-1,0.184,1,false,leader-w5r1,1
2026-04-03T20:50:03.942403-07:00,read,key-9,2.358,0,false,leader-w5r1,1
2026-04-03T20:50:03.943347-07:00,read,key-3,1.493,3,false,leader-w5r1,1
2026-04-03T20:50:03.944762-07:00,read,key-2,0.289,1,false,leader-w5r1,1
2026-04-03T20:50:03.945052-07:00,read,key-0,0.301,0,false,leader-w5r1,1
2026-04-03T20:50:03.945354-07:00,read,key-6,0.284,1,false,leader-w5r1,1
2026-04-03T20:50:03.945638-07:00,read,key-3,0.159,3,false,leader-w5r1,1
2026-04-03T20:50:03.94484-07:00,read,key-7,2.276,0,false,leader-w5r1,1
2026-04-03T20:50:03.945798-07:00,read,key-7,1.335,2,false,leader-w5r1,1
2026-04-03T20:50:03.947135-07:00,read,key-3,0.336,4,false,leader-w5r1,1
2026-04-03T20:50:03.947471-07:00,read,key-7,0.244,2,false,leader-w5r1,1
2026-04-03T20:50:03.94773-07:00,read,key-1,2.099,0,false,leader-w5r1,1
2026-04-03T20:50:03.949831-07:00,read,key-1,0.246,1,false,leader-w5r1,1
2026-04-03T20:50:03.950078-07:00,read,key-1,2.102,0,false,leader-w5r1,1
2026-04-03T20:50:03.952181-07:00,read,key-8,2.154,0,false,leader-w5r1,1
2026-04-03T20:50:03.954336-07:00,read,key-7,0.217,4,false,leader-w5r1,1
2026-04-03T20:50:03.954554-07:00,read,key-0,0.223,0,false,leader-w5r1,1
2026-04-03T20:50:03.954779-07:00,read,key-8,0.263,2,false,leader-w5r1,1
2026-04-03T20:50:03.955043-07:00,read,key-3,0.236,3,false,leader-w5r1,1
2026-04-03T20:50:03.955279-07:00,read,key-6,0.222,1,false,leader-w5r1,1
2026-04-03T20:50:03.955503-07:00,read,key-2,2.297,0,false,leader-w5r1,1
2026-04-03T20:50:03.957801-07:00,read,key-1,2.023,1,false,leader-w5r1,1
2026-04-03T20:50:03.959825-07:00,read,key-3,2.355,0,false,leader-w5r1,1
2026-04-03T20:50:03.96218-07:00,read,key-2,0.210,0,false,leader-w5r1,1
2026-04-03T20:50:03.962391-07:00,read,key-3,2.340,0,false,leader-w5r1,1
2026-04-03T20:50:03.964732-07:00,read,key-4,2.347,0,false,leader-w5r1,1
2026-04-03T20:50:03.96708-07:00,read,key-6,2.293,0,false,leader-w5r1,1
2026-04-03T20:50:03.969373-07:00,read,key-3,2.362,0,false,leader-w5r1,1
2026-04-03T20:50:03.971736-07:00,read,key-9,2.398,0,false,leader-w5r1,1
2026-04-03T20:50:03.974135-07:00,read,key-1,2.462,0,false,leader-w5r1,1
2026-04-03T20:50:03.976598-07:00,read,key-7,0.267,4,false,leader-w5r1,1
2026-04-03T20:50:03.976867-07:00,read,key-5,0.201,2,false,leader-w5r1,1
2026-04-03T20:50:03.977068-07:00,read,key-7,0.189,4,false,leader-w5r1,1
2026-04-03T20:50:03.977259-07:00,read,key-0,0.244,0,false,leader-w5r1,1
2026-04-03T20:50:03.977504-07:00,read,key-9,2.453,0,false,leader-w5r1,1
2026-04-03T20:50:03.979958-07:00,read,key-4,2.846,2,false,leader-w5r1,1
2026-04-03T20:50:03.982804-07:00,read,key-2,0.247,0,false,leader-w5r1,1
2026-04-03T20:50:03.983052-07:00,read,key-1,2.477,0,false,leader-w5r1,1
2026-04-03T20:50:03.985529-07:00,read,key-2,2.310,0,false,leader-w5r1,1
2026-04-03T20:50:03.987841-07:00,read,key-2,2.581,0,false,leader-w5r1,1
2026-04-03T20:50:03.990423-07:00,read,key-6,2.344,1,false,leader-w5r1,1
2026-04-03T20:50:03.992768-07:00,read,key-1,0.214,1,false,leader-w5r1,1
2026-04-03T20:50:03.992984-07:00,read,key-0,0.216,0,false,leader-w5r1,1
2026-04-03T20:50:03.993201-07:00,read,key-6,0.165,1,false,leader-w5r1,1
2026-04-03T20:50:03.993366-07:00,read,key-4,2.514,2,false,leader-w5r1,1
2026-04-03T20:50:03.995881-07:00,read,key-0,2.270,0,false,leader-w5r1,1
2026-04-03T20:50:03.998152-07:00,read,key-0,2.379,0,false,leader-w5r1,1
2026-04-03T20:50:04.000532-07:00,read,key-4,2.495,0,false,leader-w5r1,1
2026-04-03T20:50:04.003028-07:00,read,key-6,0.231,1,false,leader-w5r1,1
2026-04-03T20:50:04.00326-07:00,read,key-2,2.327,1,false,leader-w5r1,1
2026-04-03T20:50:04.005589-07:00,read,key-5,0.198,2,false,leader-w5r1,1
2026-04-03T20:50:04.005788-07:00,read,key-4,0.221,2,false,leader-w5r1,1
2026-04-03T20:50:04.006009-07:00,read,key-3,0.222,3,false,leader-w5r1,1
2026-04-03T20:50:04.006232-07:00,read,key-0,0.192,0,false,leader-w5r1,1
2026-04-03T20:50:04.006425-07:00,read,key-5,2.165,0,false,leader-w5r1,1
2026-04-03T20:50:04.008591-07:00,read,key-7,0.224,3,false,leader-w5r1,1
2026-04-03T20:50:04.008816-07:00,read,key-0,0.226,0,false,leader-w5r1,1
2026-04-03T20:50:04.009042-07:00,read,key-8,2.362,2,false,leader-w5r1,1
2026-04-03T20:50:04.011405-07:00,read,key-5,0.209,2,false,leader-w5r1,1
2026-04-03T20:50:04.011615-07:00,read,key-1,0.173,1,false,leader-w5r1,1
2026-04-03T20:50:04.011789-07:00,read,key-3,0.249,3,false,leader-w5r1,1
2026-04-03T20:50:04.012039-07:00,read,key-8,2.721,0,false,leader-w5r1,1
2026-04-03T20:50:04.014761-07:00,read,key-5,2.535,0,false,leader-w5r1,1
2026-04-03T20:50:04.017297-07:00,read,key-0,2.066,0,false,leader-w5r1,1
2026-04-03T20:50:04.019365-07:00,read,key-9,2.202,1,false,leader-w5r1,1
2026-04-03T20:50:04.021568-07:00,read,key-9,0.236,0,false,leader-w5r1,1
2026-04-03T20:50:04.021806-07:00,read,key-2,0.323,1,false,leader-w5r1,1
2026-04-03T20:50:04.02213-07:00,read,key-4,2.340,0,false,leader-w5r1,1
2026-04-03T20:50:04.024471-07:00,read,key-3,0.283,3,false,leader-w5r1,1
2026-04-03T20:50:04.024755-07:00,read,key-8,2.223,0,false,leader-w5r1,1
2026-04-03T20:50:04.026979-07:00,read,key-9,3.525,0,false,leader-w5r1,1
2026-04-03T20:50:04.030506-07:00,read,key-0,2.555,0,false,leader-w5r1,1
2026-04-03T20:50:04.033062-07:00,read,key-0,2.382,0,false,leader-w5r1,1
2026-04-03T20:50:04.035445-07:00,read,key-9,0.297,1,false,leader-w5r1,1
2026-04-03T20:50:04.035743-07:00,read,key-8,2.328,0,false,leader-w5r1,1
2026-04-03T20:50:04.038072-07:00,read,key-5,3.997,0,false,leader-w5r1,1
2026-04-03T20:50:04.04207-07:00,read,key-4,0.342,2,false,leader-w5r1,1
2026-04-03T20:50:04.042413-07:00,read,key-1,0.269,1,false,leader-w5r1,1
2026-04-03T20:50:04.042683-07:00,read,key-4,5.025,0,false,leader-w5r1,1
2026-04-03T20:50:04.047709-07:00,read,key-5,5.389,0,false,leader-w5r1,1
2026-04-03T20:50:04.0531-07:00,read,key-9,0.575,1,false,leader-w5r1,1
2026-04-03T20:50:04.053676-07:00,read,key-9,3.336,0,false,leader-w5r1,1
2026-04-03T20:50:04.057013-07:00,read,key-3,3.215,0,false,leader-w5r1,1
2026-04-03T20:50:04.06023-07:00,read,key-3,2.750,0,false,leader-w5r1,1
2026-04-03T20:50:04.062982-07:00,read,key-8,2.546,2,false,leader-w5r1,1
2026-04-03T20:50:04.06553-07:00,read,key-9,2.452,0,false,leader-w5r1,1
2026-04-03T20:50:04.067983-07:00,read,key-7,0.332,4,false,leader-w5r1,1
2026-04-03T20:50:04.068334-07:00,read,key-4,2.481,0,false,leader-w5r1,1
2026-04-03T20:50:04.070817-07:00,read,key-8,0.317,2,false,leader-w5r1,1
2026-04-03T20:50:04.071135-07:00,read,key-1,0.222,1,false,leader-w5r1,1
2026-04-03T20:50:04.071358-07:00,read,key-9,0.214,0,false,leader-w5r1,1
2026-04-03T20:50:04.071573-07:00,read,key-1,0.320,1,false,leader-w5r1,1
2026-04-03T20:50:04.071894-07:00,read,key-6,0.314,1,false,leader-w5r1,1
2026-04-03T20:50:04.072209-07:00,read,key-8,0.257,2,false,leader-w5r1,1
2026-04-03T20:50:04.072467-07:00,read,key-3,2.408,0,false,leader-w5r1,1
2026-04-03T20:50:04.074877-07:00,read,key-6,2.902,0,false,leader-w5r1,1
2026-04-03T20:50:04.07778-07:00,read,key-7,2.634,3,false,leader-w5r1,1
2026-04-03T20:50:04.080415-07:00,read,key-4,0.254,2,false,leader-w5r1,1
2026-04-03T20:50:04.08067-07:00,read,key-0,2.415,0,false,leader-w5r1,1
2026-04-03T20:50:04.083087-07:00,read,key-6,0.229,1,false,leader-w5r1,1
2026-04-03T20:50:04.083317-07:00,read,key-2,0.213,1,false,leader-w5r1,1
2026-04-03T20:50:04.083532-07:00,read,key-6,2.607,0,false,leader-w5r1,1
2026-04-03T20:50:04.08614-07:00,read,key-0,0.256,0,false,leader-w5r1,1
2026-04-03T20:50:04.086398-07:00,read,key-0,0.237,0,false,leader-w5r1,1
2026-04-03T20:50:04.086636-07:00,read,key-2,2.687,0,false,leader-w5r1,1
2026-04-03T20:50:04.089324-07:00,read,key-4,2.237,0,false,leader-w5r1,1
2026-04-03T20:50:03.568798-07:00,write,key-5,809.949,1,false,leader-w5r1,1
2026-04-03T20:50:04.378765-07:00,read,key-2,1.535,1,false,leader-w5r1,1
2026-04-03T20:50:04.380306-07:00,read,key-6,6.922,0,false,leader-w5r1,1
2026-04-03T20:50:03.583056-07:00,write,key-7,808.050,1,false,leader-w5r1,1
2026-04-03T20:50:04.38723-07:00,read,key-3,4.905,3,false,leader-w5r1,1
2026-04-03T20:50:04.391118-07:00,read,key-2,3.665,1,false,leader-w5r1,1
2026-04-03T20:50:04.392138-07:00,read,key-5,2.722,2,false,leader-w5r1,1
2026-04-03T20:50:04.394785-07:00,read,key-8,0.344,2,false,leader-w5r1,1
2026-04-03T20:50:04.394862-07:00,read,key-1,0.289,1,false,leader-w5r1,1
2026-04-03T20:50:04.395152-07:00,read,key-7,0.291,4,false,leader-w5r1,1
2026-04-03T20:50:04.39513-07:00,read,key-1,0.334,1,false,leader-w5r1,1
2026-04-03T20:50:03.586432-07:00,write,key-4,809.045,1,false,leader-w5r1,1
2026-04-03T20:50:04.395445-07:00,read,key-6,0.374,1,false,leader-w5r1,1
2026-04-03T20:50:04.395489-07:00,read,key-4,0.401,3,false,leader-w5r1,1
2026-04-03T20:50:04.395466-07:00,read,key-7,0.439,4,false,leader-w5r1,1
2026-04-03T20:50:04.39582-07:00,read,key-4,0.314,3,false,leader-w5r1,1
2026-04-03T20:50:04.395891-07:00,read,key-9,0.460,0,false,leader-w5r1,1
2026-04-03T20:50:04.396136-07:00,read,key-7,0.416,4,false,leader-w5r1,1
2026-04-03T20:50:04.396553-07:00,read,key-2,0.392,1,false,leader-w5r1,1
2026-04-03T20:50:04.396353-07:00,read,key-2,0.625,1,false,leader-w5r1,1
2026-04-03T20:50:04.39698-07:00,read,key-3,0.388,3,false,leader-w5r1,1
2026-04-03T20:50:04.397369-07:00,read,key-6,0.382,1,false,leader-w5r1,1
2026-04-03T20:50:04.397753-07:00,read,key-5,0.417,3,false,leader-w5r1,1
2026-04-03T20:50:04.398172-07:00,read,key-4,0.259,3,false,leader-w5r1,1
2026-04-03T20:50:04.398432-07:00,read,key-7,0.222,4,false,leader-w5r1,1
2026-04-03T20:50:04.396946-07:00,read,key-0,3.082,0,false,leader-w5r1,1
2026-04-03T20:50:04.400028-07:00,read,key-6,0.288,1,false,leader-w5r1,1
2026-04-03T20:50:03.593119-07:00,write,key-7,808.005,2,false,leader-w5r1,1
2026-04-03T20:50:04.400318-07:00,read,key-4,1.114,3,false,leader-w5r1,1
2026-04-03T20:50:04.401136-07:00,read,key-4,0.398,3,false,leader-w5r1,1
2026-04-03T20:50:04.401433-07:00,read,key-3,0.263,3,false,leader-w5r1,1
2026-04-03T20:50:04.401536-07:00,read,key-5,0.338,3,false,leader-w5r1,1
2026-04-03T20:50:04.401874-07:00,read,key-8,0.263,2,false,leader-w5r1,1
2026-04-03T20:50:04.401697-07:00,read,key-8,0.951,1,false,leader-w5r1,1
2026-04-03T20:50:03.598059-07:00,write,key-3,804.611,1,false,leader-w5r1,1
2026-04-03T20:50:04.402138-07:00,read,key-0,0.883,0,false,leader-w5r1,1
2026-04-03T20:50:04.402681-07:00,read,key-8,0.352,2,false,leader-w5r1,1
2026-04-03T20:50:04.402649-07:00,read,key-4,0.439,3,false,leader-w5r1,1
2026-04-03T20:50:04.403034-07:00,read,key-8,0.290,2,false,leader-w5r1,1
2026-04-03T20:50:04.403022-07:00,read,key-4,0.363,3,false,leader-w5r1,1
2026-04-03T20:50:04.403325-07:00,read,key-5,0.200,3,false,leader-w5r1,1
2026-04-03T20:50:04.403386-07:00,read,key-6,0.228,1,false,leader-w5r1,1
2026-04-03T20:50:04.403527-07:00,read,key-8,0.425,2,false,leader-w5r1,1
2026-04-03T20:50:04.403952-07:00,read,key-4,0.518,2,false,leader-w5r1,1
2026-04-03T20:50:04.403615-07:00,read,key-4,0.865,2,false,leader-w5r1,1
2026-04-03T20:50:04.403089-07:00,read,key-3,1.421,3,false,leader-w5r1,1
2026-04-03T20:50:04.404471-07:00,read,key-3,0.307,4,false,leader-w5r1,1
2026-04-03T20:50:04.404511-07:00,read,key-5,0.287,3,false,leader-w5r1,1
2026-04-03T20:50:04.404481-07:00,read,key-4,0.318,2,false,leader-w5r1,1
2026-04-03T20:50:04.404779-07:00,read,key-6,0.262,1,false,leader-w5r1,1
2026-04-03T20:50:04.4048-07:00,read,key-0,0.319,1,false,leader-w5r1,1
2026-04-03T20:50:04.40512-07:00,read,key-3,0.270,4,false,leader-w5r1,1
2026-04-03T20:50:04.404798-07:00,read,key-0,0.603,0,false,leader-w5r1,1
2026-04-03T20:50:04.405043-07:00,read,key-1,0.371,1,false,leader-w5r1,1
2026-04-03T20:50:04.405402-07:00,read,key-9,0.481,1,false,leader-w5r1,1
2026-04-03T20:50:04.405391-07:00,read,key-4,0.509,2,false,leader-w5r1,1
2026-04-03T20:50:04.405415-07:00,read,key-6,0.582,1,false,leader-w5r1,1
2026-04-03T20:50:04.405901-07:00,read,key-5,0.287,3,false,leader-w5r1,1
2026-04-03T20:50:04.405998-07:00,read,key-9,0.397,1,false,leader-w5r1,1
2026-04-03T20:50:04.406188-07:00,read,key-2,0.270,1,false,leader-w5r1,1
2026-04-03T20:50:04.40646-07:00,read,key-2,0.197,1,false,leader-w5r1,1
2026-04-03T20:50:04.406396-07:00,read,key-3,0.312,3,false,leader-w5r1,1
2026-04-03T20:50:04.406658-07:00,read,key-3,0.272,4,false,leader-w5r1,1
2026-04-03T20:50:04.406931-07:00,read,key-7,0.220,4,false,leader-w5r1,1
2026-04-03T20:50:04.407152-07:00,read,key-3,0.367,3,false,leader-w5r1,1
2026-04-03T20:50:04.405883-07:00,read,key-9,1.636,0,false,leader-w5r1,1
2026-04-03T20:50:04.406709-07:00,read,key-2,0.816,0,false,leader-w5r1,1
2026-04-03T20:50:04.40752-07:00,read,key-0,0.426,0,false,leader-w5r1,1
2026-04-03T20:50:04.407527-07:00,read,key-8,0.433,2,false,leader-w5r1,1
2026-04-03T20:50:04.407521-07:00,read,key-5,0.503,1,false,leader-w5r1,1
2026-04-03T20:50:04.408025-07:00,read,key-7,0.250,4,false,leader-w5r1,1
2026-04-03T20:50:04.407946-07:00,read,key-0,0.407,1,false,leader-w5r1,1
2026-04-03T20:50:04.408275-07:00,read,key-7,0.240,4,false,leader-w5r1,1
2026-04-03T20:50:04.408517-07:00,read,key-3,0.226,4,false,leader-w5r1,1
2026-04-03T20:50:04.408744-07:00,read,key-1,0.264,1,false,leader-w5r1,1
2026-04-03T20:50:04.409009-07:00,read,key-8,0.176,3,false,leader-w5r1,1
2026-04-03T20:50:04.409186-07:00,read,key-7,0.212,4,false,leader-w5r1,1
2026-04-03T20:50:04.409399-07:00,read,key-0,0.186,0,false,leader-w5r1,1
2026-04-03T20:50:04.409586-07:00,read,key-1,0.466,0,false,leader-w5r1,1
2026-04-03T20:50:04.407961-07:00,read,key-9,2.625,1,false,leader-w5r1,1
2026-04-03T20:50:04.408354-07:00,read,key-6,2.248,1,false,leader-w5r1,1
2026-04-03T20:50:04.410587-07:00,read,key-7,0.264,4,false,leader-w5r1,1
2026-04-03T20:50:04.410055-07:00,read,key-9,0.857,1,false,leader-w5r1,1
2026-04-03T20:50:04.410603-07:00,read,key-7,1.755,4,false,leader-w5r1,1
2026-04-03T20:50:04.410913-07:00,read,key-5,1.554,1,false,leader-w5r1,1
2026-04-03T20:50:04.410851-07:00,read,key-3,1.711,3,false,leader-w5r1,1
2026-04-03T20:50:04.412359-07:00,read,key-6,0.345,1,false,leader-w5r1,1
2026-04-03T20:50:04.412468-07:00,read,key-7,0.275,4,false,leader-w5r1,1
2026-04-03T20:50:04.412564-07:00,read,key-0,0.270,1,false,leader-w5r1,1
2026-04-03T20:50:04.412705-07:00,read,key-6,0.350,1,false,leader-w5r1,1
2026-04-03T20:50:04.412744-07:00,read,key-7,0.414,3,false,leader-w5r1,1
2026-04-03T20:50:04.413057-07:00,read,key-2,0.305,1,false,leader-w5r1,1
2026-04-03T20:50:04.412835-07:00,read,key-0,0.567,0,false,leader-w5r1,1
2026-04-03T20:50:04.413158-07:00,read,key-4,0.321,2,false,leader-w5r1,1
2026-04-03T20:50:04.413403-07:00,read,key-6,0.294,1,false,leader-w5r1,1
2026-04-03T20:50:04.41348-07:00,read,key-9,0.570,1,false,leader-w5r1,1
2026-04-03T20:50:04.413697-07:00,read,key-6,0.362,1,false,leader-w5r1,1
2026-04-03T20:50:04.414051-07:00,read,key-1,0.199,1,false,leader-w5r1,1
2026-04-03T20:50:04.414251-07:00,read,key-8,0.196,1,false,leader-w5r1,1
2026-04-03T20:50:04.413363-07:00,read,key-6,1.953,1,false,leader-w5r1,1
2026-04-03T20:50:04.414448-07:00,read,key-9,0.891,1,false,leader-w5r1,1
2026-04-03T20:50:04.414061-07:00,read,key-3,1.322,3,false,leader-w5r1,1
2026-04-03T20:50:04.415318-07:00,read,key-9,0.401,1,false,leader-w5r1,1
2026-04-03T20:50:04.415383-07:00,read,key-0,0.336,1,false,leader-w5r1,1
2026-04-03T20:50:04.415339-07:00,read,key-3,0.410,3,false,leader-w5r1,1
2026-04-03T20:50:04.415721-07:00,read,key-8,0.330,2,false,leader-w5r1,1
2026-04-03T20:50:04.41575-07:00,read,key-9,0.314,0,false,leader-w5r1,1
2026-04-03T20:50:04.41572-07:00,read,key-1,0.353,1,false,leader-w5r1,1
2026-04-03T20:50:04.416065-07:00,read,key-3,0.354,4,false,leader-w5r1,1
2026-04-03T20:50:04.416052-07:00,read,key-6,0.379,1,false,leader-w5r1,1
2026-04-03T20:50:04.416433-07:00,read,key-6,0.272,0,false,leader-w5r1,1
2026-04-03T20:50:04.416421-07:00,read,key-1,0.582,1,false,leader-w5r1,1
2026-04-03T20:50:04.416706-07:00,read,key-4,0.331,3,false,leader-w5r1,1
2026-04-03T20:50:04.417004-07:00,read,key-3,0.238,4,false,leader-w5r1,1
2026-04-03T20:50:04.417037-07:00,read,key-3,0.231,4,false,leader-w5r1,1
2026-04-03T20:50:04.417242-07:00,read,key-8,0.234,2,false,leader-w5r1,1
2026-04-03T20:50:04.417269-07:00,read,key-3,0.212,4,false,leader-w5r1,1
2026-04-03T20:50:04.417482-07:00,read,key-7,0.281,4,false,leader-w5r1,1
2026-04-03T20:50:04.417477-07:00,read,key-5,0.286,2,false,leader-w5r1,1
2026-04-03T20:50:04.417763-07:00,read,key-2,0.284,1,false,leader-w5r1,1
2026-04-03T20:50:04.417764-07:00,read,key-0,0.298,0,false,leader-w5r1,1
2026-04-03T20:50:04.418048-07:00,read,key-6,0.284,2,false,leader-w5r1,1
2026-04-03T20:50:04.418062-07:00,read,key-1,0.325,1,false,leader-w5r1,1
2026-04-03T20:50:04.418388-07:00,read,key-6,2.458,0,false,leader-w5r1,1
2026-04-03T20:50:04.418332-07:00,read,key-4,2.518,2,false,leader-w5r1,1
2026-04-03T20:50:04.420848-07:00,read,key-0,0.298,0,false,leader-w5r1,1
2026-04-03T20:50:04.420852-07:00,read,key-0,0.309,0,false,leader-w5r1,1
2026-04-03T20:50:04.421147-07:00,read,key-3,0.344,3,false,leader-w5r1,1
2026-04-03T20:50:04.421492-07:00,read,key-5,0.239,2,false,leader-w5r1,1
2026-04-03T20:50:04.421733-07:00,read,key-3,2.225,4,false,leader-w5r1,1
2026-04-03T20:50:04.423958-07:00,read,key-9,3.321,1,false,leader-w5r1,1
2026-04-03T20:50:04.42728-07:00,read,key-3,0.220,4,false,leader-w5r1,1
2026-04-03T20:50:04.427501-07:00,read,key-5,0.213,3,false,leader-w5r1,1
2026-04-03T20:50:04.427716-07:00,read,key-4,0.179,3,false,leader-w5r1,1
2026-04-03T20:50:04.427895-07:00,read,key-1,0.205,1,false,leader-w5r1,1
2026-04-03T20:50:04.428101-07:00,read,key-3,0.160,4,false,leader-w5r1,1
2026-04-03T20:50:04.428262-07:00,read,key-5,0.201,3,false,leader-w5r1,1
2026-04-03T20:50:04.428463-07:00,read,key-7,0.174,4,false,leader-w5r1,1
2026-04-03T20:50:04.428638-07:00,read,key-5,0.174,2,false,leader-w5r1,1
2026-04-03T20:50:04.428813-07:00,read,key-4,0.239,2,false,leader-w5r1,1
2026-04-03T20:50:04.429053-07:00,read,key-9,0.172,1,false,leader-w5r1,1
2026-04-03T20:50:04.429226-07:00,read,key-7,0.217,4,false,leader-w5r1,1
2026-04-03T20:50:04.429444-07:00,read,key-3,0.186,3,false,leader-w5r1,1
2026-04-03T20:50:04.429631-07:00,read,key-4,0.147,2,false,leader-w5r1,1
2026-04-03T20:50:04.429779-07:00,read,key-2,0.201,1,false,leader-w5r1,1
2026-04-03T20:50:04.429981-07:00,read,key-1,0.182,1,false,leader-w5r1,1
2026-04-03T20:50:04.430163-07:00,read,key-4,0.164,3,false,leader-w5r1,1
2026-04-03T20:50:04.430328-07:00,read,key-9,0.274,0,false,leader-w5r1,1
2026-04-03T20:50:04.430603-07:00,read,key-1,0.225,1,false,leader-w5r1,1
2026-04-03T20:50:04.430829-07:00,read,key-2,0.264,1,false,leader-w5r1,1
2026-04-03T20:50:04.431094-07:00,read,key-8,0.172,2,false,leader-w5r1,1
2026-04-03T20:50:04.431267-07:00,read,key-6,0.221,2,false,leader-w5r1,1
2026-04-03T20:50:04.431489-07:00,read,key-1,0.169,1,false,leader-w5r1,1
2026-04-03T20:50:04.43166-07:00,read,key-6,2.524,0,false,leader-w5r1,1
2026-04-03T20:50:04.434184-07:00,read,key-2,0.233,1,false,leader-w5r1,1
2026-04-03T20:50:04.434418-07:00,read,key-4,0.243,3,false,leader-w5r1,1
2026-04-03T20:50:04.434662-07:00,read,key-2,2.543,0,false,leader-w5r1,1
2026-04-03T20:50:04.437206-07:00,read,key-0,0.206,0,false,leader-w5r1,1
2026-04-03T20:50:04.437413-07:00,read,key-6,2.545,1,false,leader-w5r1,1
2026-04-03T20:50:04.439959-07:00,read,key-1,0.199,1,false,leader-w5r1,1
2026-04-03T20:50:04.440159-07:00,read,key-5,2.426,1,false,leader-w5r1,1
2026-04-03T20:50:04.442586-07:00,read,key-7,0.261,4,false,leader-w5r1,1
2026-04-03T20:50:04.442848-07:00,read,key-0,0.216,0,false,leader-w5r1,1
2026-04-03T20:50:04.443065-07:00,read,key-0,0.275,0,false,leader-w5r1,1
2026-04-03T20:50:03.638715-07:00,write,key-3,806.454,2,false,leader-w5r1,1
2026-04-03T20:50:04.445181-07:00,read,key-5,0.236,3,false,leader-w5r1,1
2026-04-03T20:50:04.445418-07:00,read,key-4,0.242,2,false,leader-w5r1,1
2026-04-03T20:50:04.443341-07:00,read,key-5,2.568,3,false,leader-w5r1,1
2026-04-03T20:50:04.445661-07:00,read,key-4,0.279,4,false,leader-w5r1,1
2026-04-03T20:50:04.445941-07:00,read,key-0,0.236,0,false,leader-w5r1,1
2026-04-03T20:50:04.445909-07:00,read,key-0,0.290,0,false,leader-w5r1,1
2026-04-03T20:50:04.446201-07:00,read,key-9,0.323,1,false,leader-w5r1,1
2026-04-03T20:50:04.446526-07:00,read,key-3,0.202,4,false,leader-w5r1,1
2026-04-03T20:50:04.446728-07:00,read,key-8,0.226,3,false,leader-w5r1,1
2026-04-03T20:50:04.446955-07:00,read,key-3,0.238,4,false,leader-w5r1,1
2026-04-03T20:50:04.447194-07:00,read,key-4,0.202,2,false,leader-w5r1,1
2026-04-03T20:50:04.447397-07:00,read,key-5,0.913,3,false,leader-w5r1,1
2026-04-03T20:50:04.446178-07:00,read,key-1,2.194,1,false,leader-w5r1,1
2026-04-03T20:50:04.448311-07:00,read,key-0,0.246,0,false,leader-w5r1,1
2026-04-03T20:50:04.448373-07:00,read,key-0,0.226,0,false,leader-w5r1,1
2026-04-03T20:50:03.641957-07:00,write,key-8,806.992,1,false,leader-w5r1,1
2026-04-03T20:50:04.448559-07:00,read,key-4,0.426,2,false,leader-w5r1,1
2026-04-03T20:50:04.448961-07:00,read,key-6,2.265,1,false,leader-w5r1,1
2026-04-03T20:50:04.448987-07:00,read,key-4,2.339,3,false,leader-w5r1,1
2026-04-03T20:50:04.451227-07:00,read,key-5,0.228,3,false,leader-w5r1,1
2026-04-03T20:50:04.451327-07:00,read,key-2,0.248,1,false,leader-w5r1,1
2026-04-03T20:50:04.451456-07:00,read,key-5,0.253,3,false,leader-w5r1,1
2026-04-03T20:50:04.451578-07:00,read,key-5,0.295,3,false,leader-w5r1,1
2026-04-03T20:50:04.45171-07:00,read,key-9,0.290,1,false,leader-w5r1,1
2026-04-03T20:50:04.451874-07:00,read,key-5,0.293,3,false,leader-w5r1,1
2026-04-03T20:50:04.452001-07:00,read,key-0,0.334,0,false,leader-w5r1,1
2026-04-03T20:50:04.452168-07:00,read,key-5,0.337,3,false,leader-w5r1,1
2026-04-03T20:50:04.452505-07:00,read,key-3,0.243,4,false,leader-w5r1,1
2026-04-03T20:50:04.452749-07:00,read,key-6,0.251,1,false,leader-w5r1,1
2026-04-03T20:50:04.453002-07:00,read,key-4,1.554,3,false,leader-w5r1,1
2026-04-03T20:50:04.452336-07:00,read,key-9,2.263,1,false,leader-w5r1,1
2026-04-03T20:50:04.454557-07:00,read,key-7,0.229,4,false,leader-w5r1,1
2026-04-03T20:50:04.4546-07:00,read,key-8,0.297,2,false,leader-w5r1,1
2026-04-03T20:50:04.454787-07:00,read,key-2,0.251,1,false,leader-w5r1,1
2026-04-03T20:50:04.454898-07:00,read,key-6,0.294,1,false,leader-w5r1,1
2026-04-03T20:50:04.455039-07:00,read,key-8,0.306,2,false,leader-w5r1,1
2026-04-03T20:50:04.455193-07:00,read,key-0,2.314,0,false,leader-w5r1,1
2026-04-03T20:50:04.455346-07:00,read,key-7,2.191,3,false,leader-w5r1,1
2026-04-03T20:50:04.457508-07:00,read,key-8,0.274,2,false,leader-w5r1,1
2026-04-03T20:50:04.457538-07:00,read,key-8,0.275,2,false,leader-w5r1,1
2026-04-03T20:50:03.650992-07:00,write,key-3,806.988,3,false,leader-w5r1,1
2026-04-03T20:50:03.653785-07:00,write,key-7,804.224,3,false,leader-w5r1,1
2026-04-03T20:50:04.457783-07:00,read,key-2,0.400,0,false,leader-w5r1,1
2026-04-03T20:50:04.457815-07:00,read,key-3,0.441,4,false,leader-w5r1,1
2026-04-03T20:50:04.457991-07:00,read,key-2,0.392,1,false,leader-w5r1,1
2026-04-03T20:50:04.45802-07:00,read,key-7,0.374,4,false,leader-w5r1,1
2026-04-03T20:50:04.458184-07:00,read,key-1,0.345,1,false,leader-w5r1,1
2026-04-03T20:50:04.458257-07:00,read,key-7,0.363,4,false,leader-w5r1,1
2026-04-03T20:50:04.458397-07:00,read,key-0,0.353,0,false,leader-w5r1,1
2026-04-03T20:50:04.458384-07:00,read,key-1,0.385,1,false,leader-w5r1,1
2026-04-03T20:50:04.458531-07:00,read,key-6,0.360,1,false,leader-w5r1,1
2026-04-03T20:50:04.458621-07:00,read,key-4,0.317,3,false,leader-w5r1,1
2026-04-03T20:50:04.45877-07:00,read,key-6,0.402,2,false,leader-w5r1,1
2026-04-03T20:50:04.458892-07:00,read,key-3,0.303,4,false,leader-w5r1,1
2026-04-03T20:50:04.458939-07:00,read,key-9,0.330,1,false,leader-w5r1,1
2026-04-03T20:50:04.458751-07:00,read,key-4,0.608,3,false,leader-w5r1,1
2026-04-03T20:50:04.459173-07:00,read,key-9,0.308,1,false,leader-w5r1,1
2026-04-03T20:50:04.459196-07:00,read,key-1,0.342,1,false,leader-w5r1,1
2026-04-03T20:50:04.459482-07:00,read,key-7,0.301,5,false,leader-w5r1,1
2026-04-03T20:50:04.45927-07:00,read,key-5,0.519,3,false,leader-w5r1,1
2026-04-03T20:50:04.459539-07:00,read,key-1,0.311,1,false,leader-w5r1,1
2026-04-03T20:50:04.45985-07:00,read,key-9,0.259,1,false,leader-w5r1,1
2026-04-03T20:50:04.459786-07:00,read,key-2,0.375,1,false,leader-w5r1,1
2026-04-03T20:50:04.459789-07:00,read,key-9,0.657,1,false,leader-w5r1,1
2026-04-03T20:50:04.46011-07:00,read,key-6,0.432,1,false,leader-w5r1,1
2026-04-03T20:50:04.460162-07:00,read,key-2,0.667,1,false,leader-w5r1,1
2026-04-03T20:50:04.46083-07:00,read,key-6,0.740,1,false,leader-w5r1,1
2026-04-03T20:50:04.460544-07:00,read,key-6,2.276,0,false,leader-w5r1,1
2026-04-03T20:50:04.461571-07:00,read,key-0,1.297,0,false,leader-w5r1,1
2026-04-03T20:50:04.460448-07:00,read,key-4,2.484,2,false,leader-w5r1,1
2026-04-03T20:50:04.462821-07:00,read,key-4,0.314,3,false,leader-w5r1,1
2026-04-03T20:50:04.462869-07:00,read,key-2,0.317,1,false,leader-w5r1,1
2026-04-03T20:50:04.462934-07:00,read,key-4,0.370,3,false,leader-w5r1,1
2026-04-03T20:50:04.463137-07:00,read,key-5,0.278,3,false,leader-w5r1,1
2026-04-03T20:50:04.463306-07:00,read,key-5,0.333,3,false,leader-w5r1,1
2026-04-03T20:50:04.463187-07:00,read,key-2,0.463,1,false,leader-w5r1,1
2026-04-03T20:50:04.463417-07:00,read,key-8,0.322,2,false,leader-w5r1,1
2026-04-03T20:50:04.46364-07:00,read,key-6,0.269,1,false,leader-w5r1,1
2026-04-03T20:50:04.46374-07:00,read,key-9,0.285,1,false,leader-w5r1,1
2026-04-03T20:50:04.463651-07:00,read,key-0,0.515,0,false,leader-w5r1,1
2026-04-03T20:50:04.46391-07:00,read,key-0,0.345,0,false,leader-w5r1,1
2026-04-03T20:50:04.464167-07:00,read,key-0,0.431,0,false,leader-w5r1,1
2026-04-03T20:50:04.464256-07:00,read,key-3,0.343,4,false,leader-w5r1,1
2026-04-03T20:50:04.4646-07:00,read,key-7,0.237,4,false,leader-w5r1,1
2026-04-03T20:50:04.464838-07:00,read,key-1,0.270,1,false,leader-w5r1,1
2026-04-03T20:50:04.464599-07:00,read,key-3,1.110,3,false,leader-w5r1,1
2026-04-03T20:50:04.464026-07:00,read,key-1,1.745,1,false,leader-w5r1,1
2026-04-03T20:50:04.465772-07:00,read,key-0,0.200,0,false,leader-w5r1,1
2026-04-03T20:50:04.46511-07:00,read,key-7,0.885,4,false,leader-w5r1,1
2026-04-03T20:50:04.46571-07:00,read,key-8,0.480,2,false,leader-w5r1,1
2026-04-03T20:50:04.465973-07:00,read,key-9,0.455,1,false,leader-w5r1,1
2026-04-03T20:50:04.466192-07:00,read,key-2,0.327,1,false,leader-w5r1,1
2026-04-03T20:50:04.465995-07:00,read,key-2,0.731,1,false,leader-w5r1,1
2026-04-03T20:50:04.46652-07:00,read,key-8,0.237,2,false,leader-w5r1,1
2026-04-03T20:50:04.466429-07:00,read,key-6,0.369,0,false,leader-w5r1,1
2026-04-03T20:50:03.660295-07:00,write,key-4,806.778,2,false,leader-w5r1,1
2026-04-03T20:50:04.466728-07:00,read,key-6,0.522,1,false,leader-w5r1,1
2026-04-03T20:50:04.466758-07:00,read,key-2,0.509,1,false,leader-w5r1,1
2026-04-03T20:50:04.467251-07:00,read,key-6,0.399,1,false,leader-w5r1,1
2026-04-03T20:50:04.467268-07:00,read,key-5,0.393,3,false,leader-w5r1,1
2026-04-03T20:50:04.466799-07:00,read,key-7,0.936,4,false,leader-w5r1,1
2026-04-03T20:50:04.467084-07:00,read,key-2,0.670,1,false,leader-w5r1,1
2026-04-03T20:50:04.467755-07:00,read,key-2,0.337,1,false,leader-w5r1,1
2026-04-03T20:50:04.467662-07:00,read,key-4,0.446,3,false,leader-w5r1,1
2026-04-03T20:50:04.467651-07:00,read,key-7,0.487,5,false,leader-w5r1,1
2026-04-03T20:50:04.467736-07:00,read,key-3,0.405,3,false,leader-w5r1,1
2026-04-03T20:50:04.468139-07:00,read,key-9,0.266,1,false,leader-w5r1,1
2026-04-03T20:50:04.468109-07:00,read,key-5,0.324,3,false,leader-w5r1,1
2026-04-03T20:50:04.468094-07:00,read,key-3,0.342,3,false,leader-w5r1,1
2026-04-03T20:50:04.468434-07:00,read,key-9,0.424,1,false,leader-w5r1,1
2026-04-03T20:50:04.468141-07:00,read,key-9,0.722,1,false,leader-w5r1,1
2026-04-03T20:50:04.468865-07:00,read,key-7,0.758,3,false,leader-w5r1,1
2026-04-03T20:50:04.468407-07:00,read,key-7,1.287,4,false,leader-w5r1,1
2026-04-03T20:50:04.468438-07:00,read,key-9,1.293,1,false,leader-w5r1,1
2026-04-03T20:50:04.469624-07:00,read,key-1,0.459,1,false,leader-w5r1,1
2026-04-03T20:50:04.469731-07:00,read,key-4,0.363,2,false,leader-w5r1,1
2026-04-03T20:50:04.469694-07:00,read,key-9,0.412,1,false,leader-w5r1,1
2026-04-03T20:50:04.470085-07:00,read,key-3,0.311,3,false,leader-w5r1,1
2026-04-03T20:50:04.470096-07:00,read,key-2,0.385,1,false,leader-w5r1,1
2026-04-03T20:50:04.470108-07:00,read,key-1,0.375,1,false,leader-w5r1,1
2026-04-03T20:50:04.470397-07:00,read,key-2,0.263,0,false,leader-w5r1,1
2026-04-03T20:50:04.470482-07:00,read,key-9,0.345,1,false,leader-w5r1,1
2026-04-03T20:50:04.470485-07:00,read,key-8,0.342,2,false,leader-w5r1,1
2026-04-03T20:50:04.470661-07:00,read,key-1,0.383,2,false,leader-w5r1,1
2026-04-03T20:50:04.470828-07:00,read,key-0,0.365,0,false,leader-w5r1,1
2026-04-03T20:50:04.470828-07:00,read,key-3,0.375,4,false,leader-w5r1,1
2026-04-03T20:50:04.471045-07:00,read,key-9,0.258,1,false,leader-w5r1,1
2026-04-03T20:50:04.471304-07:00,read,key-8,0.260,3,false,leader-w5r1,1
2026-04-03T20:50:04.471565-07:00,read,key-6,0.238,3,false,leader-w5r1,1
2026-04-03T20:50:04.471804-07:00,read,key-5,0.287,3,false,leader-w5r1,1
2026-04-03T20:50:04.472093-07:00,read,key-9,0.241,1,false,leader-w5r1,1
2026-04-03T20:50:04.472335-07:00,read,key-4,0.287,3,false,leader-w5r1,1
2026-04-03T20:50:04.472624-07:00,read,key-8,0.229,2,false,leader-w5r1,1
2026-04-03T20:50:04.472854-07:00,read,key-4,0.284,3,false,leader-w5r1,1
2026-04-03T20:50:04.473139-07:00,read,key-0,0.310,0,false,leader-w5r1,1
2026-04-03T20:50:04.471204-07:00,read,key-9,2.551,0,false,leader-w5r1,1
2026-04-03T20:50:04.471194-07:00,read,key-4,2.583,2,false,leader-w5r1,1
2026-04-03T20:50:04.473451-07:00,read,key-4,0.650,2,false,leader-w5r1,1
2026-04-03T20:50:04.473778-07:00,read,key-9,0.361,1,false,leader-w5r1,1
2026-04-03T20:50:04.473757-07:00,read,key-0,0.385,0,false,leader-w5r1,1
2026-04-03T20:50:04.474102-07:00,read,key-8,0.225,2,false,leader-w5r1,1
2026-04-03T20:50:04.474143-07:00,read,key-7,0.231,4,false,leader-w5r1,1
2026-04-03T20:50:04.474141-07:00,read,key-2,0.280,1,false,leader-w5r1,1
2026-04-03T20:50:04.474327-07:00,read,key-2,0.235,0,false,leader-w5r1,1
2026-04-03T20:50:04.474375-07:00,read,key-3,0.288,4,false,leader-w5r1,1
2026-04-03T20:50:04.474563-07:00,read,key-2,0.226,1,false,leader-w5r1,1
2026-04-03T20:50:04.474664-07:00,read,key-5,0.277,3,false,leader-w5r1,1
2026-04-03T20:50:04.474942-07:00,read,key-5,0.297,3,false,leader-w5r1,1
2026-04-03T20:50:04.474421-07:00,read,key-4,1.425,3,false,leader-w5r1,1
2026-04-03T20:50:04.474789-07:00,read,key-3,1.075,4,false,leader-w5r1,1
2026-04-03T20:50:04.475239-07:00,read,key-4,0.941,3,false,leader-w5r1,1
2026-04-03T20:50:04.475847-07:00,read,key-3,0.351,4,false,leader-w5r1,1
2026-04-03T20:50:04.475868-07:00,read,key-7,0.362,4,false,leader-w5r1,1
2026-04-03T20:50:04.476182-07:00,read,key-5,0.267,3,false,leader-w5r1,1
2026-04-03T20:50:04.476233-07:00,read,key-1,0.267,1,false,leader-w5r1,1
2026-04-03T20:50:04.476199-07:00,read,key-0,0.304,0,false,leader-w5r1,1
2026-04-03T20:50:04.47645-07:00,read,key-4,0.347,3,false,leader-w5r1,1
2026-04-03T20:50:04.476506-07:00,read,key-0,0.314,1,false,leader-w5r1,1
2026-04-03T20:50:04.47682-07:00,read,key-8,0.330,2,false,leader-w5r1,1
2026-04-03T20:50:04.476798-07:00,read,key-2,0.824,0,false,leader-w5r1,1
2026-04-03T20:50:04.4765-07:00,read,key-0,1.234,0,false,leader-w5r1,1
2026-04-03T20:50:04.477735-07:00,read,key-0,0.339,0,false,leader-w5r1,1
2026-04-03T20:50:04.477623-07:00,read,key-6,0.604,1,false,leader-w5r1,1
2026-04-03T20:50:04.478075-07:00,read,key-1,0.262,1,false,leader-w5r1,1
2026-04-03T20:50:04.478227-07:00,read,key-2,0.216,1,false,leader-w5r1,1
2026-04-03T20:50:04.478338-07:00,read,key-2,0.240,1,false,leader-w5r1,1
2026-04-03T20:50:04.478444-07:00,read,key-0,0.233,0,false,leader-w5r1,1
2026-04-03T20:50:04.478579-07:00,read,key-6,0.269,1,false,leader-w5r1,1
2026-04-03T20:50:04.478678-07:00,read,key-5,0.314,3,false,leader-w5r1,1
2026-04-03T20:50:04.478848-07:00,read,key-3,0.341,4,false,leader-w5r1,1
2026-04-03T20:50:04.478993-07:00,read,key-1,0.328,1,false,leader-w5r1,1
2026-04-03T20:50:04.47919-07:00,read,key-9,0.398,1,false,leader-w5r1,1
2026-04-03T20:50:04.479321-07:00,read,key-4,0.362,3,false,leader-w5r1,1
2026-04-03T20:50:04.477151-07:00,read,key-9,2.538,0,false,leader-w5r1,1
2026-04-03T20:50:04.47969-07:00,read,key-8,0.269,2,false,leader-w5r1,1
2026-04-03T20:50:04.479589-07:00,read,key-6,0.450,1,false,leader-w5r1,1
2026-04-03T20:50:04.48004-07:00,read,key-5,0.248,3,false,leader-w5r1,1
2026-04-03T20:50:04.479684-07:00,read,key-6,0.657,1,false,leader-w5r1,1
2026-04-03T20:50:04.47996-07:00,read,key-2,0.644,1,false,leader-w5r1,1
2026-04-03T20:50:04.480289-07:00,read,key-7,0.343,5,false,leader-w5r1,1
2026-04-03T20:50:04.480342-07:00,read,key-8,0.511,2,false,leader-w5r1,1
2026-04-03T20:50:04.480605-07:00,read,key-5,0.356,3,false,leader-w5r1,1
2026-04-03T20:50:04.480853-07:00,read,key-1,0.296,1,false,leader-w5r1,1
2026-04-03T20:50:04.480962-07:00,read,key-6,0.243,1,false,leader-w5r1,1
2026-04-03T20:50:04.481151-07:00,read,key-7,0.300,4,false,leader-w5r1,1
2026-04-03T20:50:04.481206-07:00,read,key-3,0.380,4,false,leader-w5r1,1
2026-04-03T20:50:04.481453-07:00,read,key-3,0.325,4,false,leader-w5r1,1
2026-04-03T20:50:04.481588-07:00,read,key-1,0.428,2,false,leader-w5r1,1
2026-04-03T20:50:04.481778-07:00,read,key-9,0.415,1,false,leader-w5r1,1
2026-04-03T20:50:04.480633-07:00,read,key-2,1.587,0,false,leader-w5r1,1
2026-04-03T20:50:04.482017-07:00,read,key-0,0.247,1,false,leader-w5r1,1
2026-04-03T20:50:04.482195-07:00,read,key-2,0.338,1,false,leader-w5r1,1
2026-04-03T20:50:04.482265-07:00,read,key-9,0.470,1,false,leader-w5r1,1
2026-04-03T20:50:04.482736-07:00,read,key-7,0.251,4,false,leader-w5r1,1
2026-04-03T20:50:04.482988-07:00,read,key-7,0.249,4,false,leader-w5r1,1
2026-04-03T20:50:04.483238-07:00,read,key-1,0.252,1,false,leader-w5r1,1
2026-04-03T20:50:04.48349-07:00,read,key-1,1.276,1,false,leader-w5r1,1
2026-04-03T20:50:04.482221-07:00,read,key-6,2.613,1,false,leader-w5r1,1
2026-04-03T20:50:04.482534-07:00,read,key-0,2.355,0,false,leader-w5r1,1
2026-04-03T20:50:04.484835-07:00,read,key-8,0.507,2,false,leader-w5r1,1
2026-04-03T20:50:04.484767-07:00,read,key-9,0.588,1,false,leader-w5r1,1
2026-04-03T20:50:04.484889-07:00,read,key-7,0.501,4,false,leader-w5r1,1
2026-04-03T20:50:04.485342-07:00,read,key-2,0.348,1,false,leader-w5r1,1
2026-04-03T20:50:04.485356-07:00,read,key-6,0.336,1,false,leader-w5r1,1
2026-04-03T20:50:04.485391-07:00,read,key-7,0.665,4,false,leader-w5r1,1
2026-04-03T20:50:04.485693-07:00,read,key-6,0.369,1,false,leader-w5r1,1
2026-04-03T20:50:04.485691-07:00,read,key-7,0.440,4,false,leader-w5r1,1
2026-04-03T20:50:04.486064-07:00,read,key-5,0.274,3,false,leader-w5r1,1
2026-04-03T20:50:04.486057-07:00,read,key-9,0.318,1,false,leader-w5r1,1
2026-04-03T20:50:04.486339-07:00,read,key-4,0.346,3,false,leader-w5r1,1
2026-04-03T20:50:04.486377-07:00,read,key-1,0.310,1,false,leader-w5r1,1
2026-04-03T20:50:04.486133-07:00,read,key-2,0.565,1,false,leader-w5r1,1
2026-04-03T20:50:04.486688-07:00,read,key-0,0.234,0,false,leader-w5r1,1
2026-04-03T20:50:04.486686-07:00,read,key-9,0.278,1,false,leader-w5r1,1
2026-04-03T20:50:04.486923-07:00,read,key-6,0.351,1,false,leader-w5r1,1
2026-04-03T20:50:04.486698-07:00,read,key-1,0.608,1,false,leader-w5r1,1
2026-04-03T20:50:04.487308-07:00,read,key-9,0.336,1,false,leader-w5r1,1
2026-04-03T20:50:04.486966-07:00,read,key-3,0.866,4,false,leader-w5r1,1
2026-04-03T20:50:04.487275-07:00,read,key-1,0.590,1,false,leader-w5r1,1
2026-04-03T20:50:04.487645-07:00,read,key-5,0.438,2,false,leader-w5r1,1
2026-04-03T20:50:04.487833-07:00,read,key-6,0.512,1,false,leader-w5r1,1
2026-04-03T20:50:04.487866-07:00,read,key-2,0.481,1,false,leader-w5r1,1
2026-04-03T20:50:04.488083-07:00,read,key-6,0.307,1,false,leader-w5r1,1
2026-04-03T20:50:04.488348-07:00,read,key-1,0.318,1,false,leader-w5r1,1
2026-04-03T20:50:04.488392-07:00,read,key-5,0.285,3,false,leader-w5r1,1
2026-04-03T20:50:04.488347-07:00,read,key-8,0.346,2,false,leader-w5r1,1
2026-04-03T20:50:04.488694-07:00,read,key-7,0.263,5,false,leader-w5r1,1
2026-04-03T20:50:04.488677-07:00,read,key-8,0.349,2,false,leader-w5r1,1
2026-04-03T20:50:04.488668-07:00,read,key-9,0.382,1,false,leader-w5r1,1
2026-04-03T20:50:04.488957-07:00,read,key-5,0.337,3,false,leader-w5r1,1
2026-04-03T20:50:04.489051-07:00,read,key-9,0.260,1,false,leader-w5r1,1
2026-04-03T20:50:04.489027-07:00,read,key-1,0.285,1,false,leader-w5r1,1
2026-04-03T20:50:04.489313-07:00,read,key-2,0.262,1,false,leader-w5r1,1
2026-04-03T20:50:04.489312-07:00,read,key-3,0.286,3,false,leader-w5r1,1
2026-04-03T20:50:04.489295-07:00,read,key-1,0.336,2,false,leader-w5r1,1
2026-04-03T20:50:04.489633-07:00,read,key-8,0.223,3,false,leader-w5r1,1
2026-04-03T20:50:04.489576-07:00,read,key-6,0.281,1,false,leader-w5r1,1
2026-04-03T20:50:04.489599-07:00,read,key-2,0.351,1,false,leader-w5r1,1
2026-04-03T20:50:04.489857-07:00,read,key-8,0.334,3,false,leader-w5r1,1
2026-04-03T20:50:04.489858-07:00,read,key-8,0.353,3,false,leader-w5r1,1
2026-04-03T20:50:04.490212-07:00,read,key-2,0.271,1,false,leader-w5r1,1
2026-04-03T20:50:04.489951-07:00,read,key-6,0.532,3,false,leader-w5r1,1
2026-04-03T20:50:04.490192-07:00,read,key-3,0.295,4,false,leader-w5r1,1
2026-04-03T20:50:04.490484-07:00,read,key-4,0.292,2,false,leader-w5r1,1
2026-04-03T20:50:04.490488-07:00,read,key-9,0.310,1,false,leader-w5r1,1
2026-04-03T20:50:04.490484-07:00,read,key-2,0.364,0,false,leader-w5r1,1
2026-04-03T20:50:04.490777-07:00,read,key-9,0.308,1,false,leader-w5r1,1
2026-04-03T20:50:04.490799-07:00,read,key-9,0.400,1,false,leader-w5r1,1
2026-04-03T20:50:04.490848-07:00,read,key-2,0.373,0,false,leader-w5r1,1
2026-04-03T20:50:04.4912-07:00,read,key-6,0.301,1,false,leader-w5r1,1
2026-04-03T20:50:04.491223-07:00,read,key-7,0.293,5,false,leader-w5r1,1
2026-04-03T20:50:04.491517-07:00,read,key-3,0.262,4,false,leader-w5r1,1
2026-04-03T20:50:04.491502-07:00,read,key-1,0.290,1,false,leader-w5r1,1
2026-04-03T20:50:04.491794-07:00,read,key-1,0.390,1,false,leader-w5r1,1
2026-04-03T20:50:04.491086-07:00,read,key-3,1.181,3,false,leader-w5r1,1
2026-04-03T20:50:04.492185-07:00,read,key-5,0.262,3,false,leader-w5r1,1
2026-04-03T20:50:04.49178-07:00,read,key-4,0.785,2,false,leader-w5r1,1
2026-04-03T20:50:04.492448-07:00,read,key-6,0.263,1,false,leader-w5r1,1
2026-04-03T20:50:04.492269-07:00,read,key-9,0.658,0,false,leader-w5r1,1
2026-04-03T20:50:04.492566-07:00,read,key-4,0.387,4,false,leader-w5r1,1
2026-04-03T20:50:04.492712-07:00,read,key-8,0.244,2,false,leader-w5r1,1
2026-04-03T20:50:04.492954-07:00,read,key-5,0.254,3,false,leader-w5r1,1
2026-04-03T20:50:04.493209-07:00,read,key-6,0.277,3,false,leader-w5r1,1
2026-04-03T20:50:04.493487-07:00,read,key-3,0.356,4,false,leader-w5r1,1
2026-04-03T20:50:04.492928-07:00,read,key-6,1.181,1,false,leader-w5r1,1
2026-04-03T20:50:04.493844-07:00,read,key-9,0.445,1,false,leader-w5r1,1
2026-04-03T20:50:04.494111-07:00,read,key-2,0.315,1,false,leader-w5r1,1
2026-04-03T20:50:04.492957-07:00,read,key-4,1.484,2,false,leader-w5r1,1
2026-04-03T20:50:04.494442-07:00,read,key-0,0.345,0,false,leader-w5r1,1
2026-04-03T20:50:04.49429-07:00,read,key-3,0.513,4,false,leader-w5r1,1
2026-04-03T20:50:04.494427-07:00,read,key-7,0.383,4,false,leader-w5r1,1
2026-04-03T20:50:04.494812-07:00,read,key-0,0.295,0,false,leader-w5r1,1
2026-04-03T20:50:04.494806-07:00,read,key-1,0.496,1,false,leader-w5r1,1
2026-04-03T20:50:04.494788-07:00,read,key-8,0.536,2,false,leader-w5r1,1
2026-04-03T20:50:04.495108-07:00,read,key-3,0.393,4,false,leader-w5r1,1
2026-04-03T20:50:04.495325-07:00,read,key-1,0.263,1,false,leader-w5r1,1
2026-04-03T20:50:04.495303-07:00,read,key-0,0.313,0,false,leader-w5r1,1
2026-04-03T20:50:04.495502-07:00,read,key-3,0.273,3,false,leader-w5r1,1
2026-04-03T20:50:04.495617-07:00,read,key-3,0.268,4,false,leader-w5r1,1
2026-04-03T20:50:04.495776-07:00,read,key-5,0.431,3,false,leader-w5r1,1
2026-04-03T20:50:04.495589-07:00,read,key-8,0.652,2,false,leader-w5r1,1
2026-04-03T20:50:04.496208-07:00,read,key-4,0.288,2,false,leader-w5r1,1
2026-04-03T20:50:04.495887-07:00,read,key-6,0.652,1,false,leader-w5r1,1
2026-04-03T20:50:04.496242-07:00,read,key-9,0.513,0,false,leader-w5r1,1
2026-04-03T20:50:04.49654-07:00,read,key-0,0.367,0,false,leader-w5r1,1
2026-04-03T20:50:04.496497-07:00,read,key-6,0.496,1,false,leader-w5r1,1
2026-04-03T20:50:04.496909-07:00,read,key-1,0.334,1,false,leader-w5r1,1
2026-04-03T20:50:04.496757-07:00,read,key-7,0.556,4,false,leader-w5r1,1
2026-04-03T20:50:04.496994-07:00,read,key-0,0.373,1,false,leader-w5r1,1
2026-04-03T20:50:04.497244-07:00,read,key-8,0.427,3,false,leader-w5r1,1
2026-04-03T20:50:04.497314-07:00,read,key-2,0.494,1,false,leader-w5r1,1
2026-04-03T20:50:04.497369-07:00,read,key-3,0.462,4,false,leader-w5r1,1
2026-04-03T20:50:04.497673-07:00,read,key-3,0.481,4,false,leader-w5r1,1
2026-04-03T20:50:04.497832-07:00,read,key-3,0.381,4,false,leader-w5r1,1
2026-04-03T20:50:04.497808-07:00,read,key-7,0.723,4,false,leader-w5r1,1
2026-04-03T20:50:04.498214-07:00,read,key-5,0.333,3,false,leader-w5r1,1
2026-04-03T20:50:04.498155-07:00,read,key-3,0.414,4,false,leader-w5r1,1
2026-04-03T20:50:04.498549-07:00,read,key-3,0.293,3,false,leader-w5r1,1
2026-04-03T20:50:04.49857-07:00,read,key-6,0.278,3,false,leader-w5r1,1
2026-04-03T20:50:04.498533-07:00,read,key-2,0.329,1,false,leader-w5r1,1
2026-04-03T20:50:04.498849-07:00,read,key-8,0.296,2,false,leader-w5r1,1
2026-04-03T20:50:04.498842-07:00,read,key-6,0.308,1,false,leader-w5r1,1
2026-04-03T20:50:03.7308-07:00,write,key-8,803.557,2,false,leader-w5r1,1
2026-04-03T20:50:03.735846-07:00,write,key-1,804.416,1,false,leader-w5r1,1
2026-04-03T20:50:03.744363-07:00,write,key-5,804.808,2,false,leader-w5r1,1
2026-04-03T20:50:03.773939-07:00,write,key-6,803.658,1,false,leader-w5r1,1
2026-04-03T20:50:03.784334-07:00,write,key-7,808.204,4,false,leader-w5r1,1
2026-04-03T20:50:03.824559-07:00,write,key-9,807.210,1,false,leader-w5r1,1
2026-04-03T20:50:03.879022-07:00,write,key-2,803.346,1,false,leader-w5r1,1
2026-04-03T20:50:03.931334-07:00,write,key-5,804.977,3,false,leader-w5r1,1
2026-04-03T20:50:03.947117-07:00,write,key-3,805.391,4,false,leader-w5r1,1
2026-04-03T20:50:04.091562-07:00,write,key-4,807.969,3,false,leader-w5r1,1
2026-04-03T20:50:04.398654-07:00,write,key-0,810.250,1,false,leader-w5r1,1
2026-04-03T20:50:04.395906-07:00,write,key-8,812.998,3,false,leader-w5r1,1
2026-04-03T20:50:04.416074-07:00,write,key-6,818.526,2,false,leader-w5r1,1
2026-04-03T20:50:04.421162-07:00,write,key-4,813.483,4,false,leader-w5r1,1
2026-04-03T20:50:04.4486-07:00,write,key-7,808.342,5,false,leader-w5r1,1
2026-04-03T20:50:04.45936-07:00,write,key-1,803.870,2,false,leader-w5r1,1
2026-04-03T20:50:04.46886-07:00,write,key-6,807.824,3,false,leader-w5r1,1
