timestamp,type,key,latency_ms,version,stale_read,db_type,write_pct
2026-04-03T20:57:06.844637-07:00,read,key-0,21.103,120,false,leaderless,90
2026-04-03T20:57:06.844561-07:00,read,key-3,21.247,110,false,leaderless,90
2026-04-03T20:57:06.844347-07:00,write,key-7,829.523,132,false,leaderless,90
2026-04-03T20:57:06.84471-07:00,write,key-6,829.295,121,false,leaderless,90
2026-04-03T20:57:06.844759-07:00,write,key-2,829.264,127,false,leaderless,90
2026-04-03T20:57:06.844384-07:00,write,key-1,829.709,135,false,leaderless,90
2026-04-03T20:57:06.844717-07:00,write,key-5,829.392,147,false,leaderless,90
2026-04-03T20:57:06.865746-07:00,write,key-5,808.396,148,false,leaderless,90
2026-04-03T20:57:06.8448-07:00,write,key-0,829.345,121,false,leaderless,90
2026-04-03T20:57:06.84469-07:00,write,key-6,829.494,120,false,leaderless,90
2026-04-03T20:57:06.844599-07:00,write,key-1,829.650,136,false,leaderless,90
2026-04-03T20:57:06.844435-07:00,write,key-3,829.833,110,false,leaderless,90
2026-04-03T20:57:06.844633-07:00,write,key-2,829.673,128,false,leaderless,90
2026-04-03T20:57:06.844387-07:00,write,key-1,829.923,138,false,leaderless,90
2026-04-03T20:57:06.84453-07:00,write,key-3,829.786,108,false,leaderless,90
2026-04-03T20:57:06.844776-07:00,write,key-1,829.567,137,false,leaderless,90
2026-04-03T20:57:06.844947-07:00,write,key-4,829.404,136,false,leaderless,90
2026-04-03T20:57:06.844595-07:00,write,key-9,829.761,125,false,leaderless,90
2026-04-03T20:57:06.844559-07:00,write,key-3,829.825,107,false,leaderless,90
2026-04-03T20:57:06.844661-07:00,write,key-7,829.701,133,false,leaderless,90
2026-04-03T20:57:06.844732-07:00,write,key-3,829.633,109,false,leaderless,90
2026-04-03T20:57:06.865811-07:00,write,key-3,811.864,111,false,leaderless,90
2026-04-03T20:57:07.674152-07:00,read,key-0,5.842,121,false,leaderless,90
2026-04-03T20:57:07.673918-07:00,read,key-9,6.336,125,false,leaderless,90
2026-04-03T20:57:07.680259-07:00,read,key-8,3.025,112,false,leaderless,90
2026-04-03T20:57:07.674027-07:00,write,key-8,814.537,112,false,leaderless,90
2026-04-03T20:57:07.674392-07:00,write,key-7,814.400,134,false,leaderless,90
2026-04-03T20:57:07.674247-07:00,write,key-0,814.749,123,false,leaderless,90
2026-04-03T20:57:07.674005-07:00,write,key-9,815.012,126,false,leaderless,90
2026-04-03T20:57:07.674403-07:00,write,key-5,814.698,149,false,leaderless,90
2026-04-03T20:57:07.679999-07:00,write,key-5,809.181,150,false,leaderless,90
2026-04-03T20:57:07.67414-07:00,write,key-1,815.049,139,false,leaderless,90
2026-04-03T20:57:07.674383-07:00,write,key-3,814.891,112,false,leaderless,90
2026-04-03T20:57:07.67431-07:00,write,key-9,814.965,128,false,leaderless,90
2026-04-03T20:57:07.674184-07:00,write,key-9,815.226,127,false,leaderless,90
2026-04-03T20:57:07.677674-07:00,write,key-0,811.738,124,false,leaderless,90
2026-04-03T20:57:07.674374-07:00,write,key-2,816.584,132,false,leaderless,90
2026-04-03T20:57:07.674267-07:00,write,key-8,816.693,111,false,leaderless,90
2026-04-03T20:57:07.674315-07:00,write,key-4,816.741,137,false,leaderless,90
2026-04-03T20:57:07.67435-07:00,write,key-2,816.712,131,false,leaderless,90
2026-04-03T20:57:07.674093-07:00,write,key-2,817.069,129,false,leaderless,90
2026-04-03T20:57:07.674304-07:00,write,key-2,816.881,130,false,leaderless,90
2026-04-03T20:57:07.674109-07:00,write,key-0,817.137,122,false,leaderless,90
2026-04-03T20:57:07.674342-07:00,write,key-6,816.920,122,false,leaderless,90
2026-04-03T20:57:07.683287-07:00,write,key-4,808.050,138,false,leaderless,90
2026-04-03T20:57:08.488996-07:00,read,key-5,4.002,150,false,leaderless,90
2026-04-03T20:57:08.490958-07:00,write,key-1,816.005,143,false,leaderless,90
2026-04-03T20:57:08.491337-07:00,write,key-6,815.805,123,false,leaderless,90
2026-04-03T20:57:08.493004-07:00,write,key-6,814.236,124,false,leaderless,90
2026-04-03T20:57:08.489189-07:00,write,key-9,818.156,129,false,leaderless,90
2026-04-03T20:57:08.488792-07:00,write,key-0,818.572,125,false,leaderless,90
2026-04-03T20:57:08.489273-07:00,write,key-1,818.163,141,false,leaderless,90
2026-04-03T20:57:08.491246-07:00,write,key-0,816.233,126,false,leaderless,90
2026-04-03T20:57:08.491185-07:00,write,key-0,817.170,127,false,leaderless,90
2026-04-03T20:57:08.489018-07:00,write,key-1,819.412,140,false,leaderless,90
2026-04-03T20:57:08.491081-07:00,write,key-5,817.407,151,false,leaderless,90
2026-04-03T20:57:08.4891-07:00,write,key-4,819.455,140,false,leaderless,90
2026-04-03T20:57:08.489179-07:00,write,key-4,819.432,139,false,leaderless,90
2026-04-03T20:57:08.491261-07:00,write,key-2,817.424,134,false,leaderless,90
2026-04-03T20:57:08.489274-07:00,write,key-2,819.464,133,false,leaderless,90
2026-04-03T20:57:08.491056-07:00,write,key-7,817.736,135,false,leaderless,90
2026-04-03T20:57:08.489412-07:00,write,key-1,819.397,142,false,leaderless,90
2026-04-03T20:57:08.489409-07:00,write,key-3,819.444,113,false,leaderless,90
2026-04-03T20:57:08.49096-07:00,write,key-1,817.900,144,false,leaderless,90
2026-04-03T20:57:08.491161-07:00,write,key-3,817.733,114,false,leaderless,90
2026-04-03T20:57:08.488575-07:00,write,key-9,820.337,130,false,leaderless,90
2026-04-03T20:57:09.307436-07:00,read,key-0,2.995,127,false,leaderless,90
2026-04-03T20:57:09.307345-07:00,read,key-4,3.096,140,false,leaderless,90
2026-04-03T20:57:09.307478-07:00,read,key-3,3.495,114,false,leaderless,90
2026-04-03T20:57:09.308684-07:00,write,key-2,819.106,135,false,leaderless,90
2026-04-03T20:57:09.308488-07:00,write,key-9,819.527,133,false,leaderless,90
2026-04-03T20:57:09.306971-07:00,write,key-9,821.147,131,false,leaderless,90
2026-04-03T20:57:09.307141-07:00,write,key-3,821.157,115,false,leaderless,90
2026-04-03T20:57:09.30886-07:00,write,key-5,819.539,154,false,leaderless,90
2026-04-03T20:57:09.308355-07:00,write,key-4,820.130,143,false,leaderless,90
2026-04-03T20:57:09.308611-07:00,write,key-7,819.976,136,false,leaderless,90
2026-04-03T20:57:09.307364-07:00,write,key-9,821.310,132,false,leaderless,90
2026-04-03T20:57:09.308792-07:00,write,key-4,819.997,142,false,leaderless,90
2026-04-03T20:57:09.308853-07:00,write,key-0,820.007,128,false,leaderless,90
2026-04-03T20:57:09.310446-07:00,write,key-7,818.548,137,false,leaderless,90
2026-04-03T20:57:09.308554-07:00,write,key-3,820.620,116,false,leaderless,90
2026-04-03T20:57:09.308911-07:00,write,key-5,820.339,153,false,leaderless,90
2026-04-03T20:57:09.308738-07:00,write,key-4,820.585,141,false,leaderless,90
2026-04-03T20:57:09.308809-07:00,write,key-1,820.605,145,false,leaderless,90
2026-04-03T20:57:09.30843-07:00,write,key-5,821.063,152,false,leaderless,90
2026-04-03T20:57:09.310977-07:00,write,key-5,818.639,156,false,leaderless,90
2026-04-03T20:57:09.310434-07:00,write,key-2,819.252,136,false,leaderless,90
2026-04-03T20:57:09.308893-07:00,write,key-5,821.141,155,false,leaderless,90
2026-04-03T20:57:09.30724-07:00,write,key-8,822.903,113,false,leaderless,90
2026-04-03T20:57:10.128298-07:00,read,key-8,3.915,113,false,leaderless,90
2026-04-03T20:57:10.128994-07:00,read,key-9,3.290,133,false,leaderless,90
2026-04-03T20:57:10.128016-07:00,write,key-2,816.534,137,false,leaderless,90
2026-04-03T20:57:10.128485-07:00,write,key-4,816.071,144,false,leaderless,90
2026-04-03T20:57:10.944553-07:00,read,key-3,0.662,118,false,leaderless,90
2026-04-03T20:57:10.128674-07:00,write,key-7,818.716,140,false,leaderless,90
2026-04-03T20:57:10.132286-07:00,write,key-6,815.138,125,false,leaderless,90
2026-04-03T20:57:10.132218-07:00,write,key-8,815.279,116,false,leaderless,90
2026-04-03T20:57:10.129685-07:00,write,key-1,818.146,147,false,leaderless,90
2026-04-03T20:57:10.129249-07:00,write,key-7,818.612,138,false,leaderless,90
2026-04-03T20:57:10.128587-07:00,write,key-3,819.303,118,false,leaderless,90
2026-04-03T20:57:10.130143-07:00,write,key-0,817.884,129,false,leaderless,90
2026-04-03T20:57:10.129322-07:00,write,key-0,818.747,130,false,leaderless,90
2026-04-03T20:57:10.129174-07:00,write,key-7,822.467,142,false,leaderless,90
2026-04-03T20:57:10.128399-07:00,write,key-7,823.347,141,false,leaderless,90
2026-04-03T20:57:10.129492-07:00,write,key-1,822.289,146,false,leaderless,90
2026-04-03T20:57:10.129414-07:00,write,key-3,822.396,117,false,leaderless,90
2026-04-03T20:57:10.127799-07:00,write,key-8,824.067,115,false,leaderless,90
2026-04-03T20:57:10.128117-07:00,write,key-2,823.785,138,false,leaderless,90
2026-04-03T20:57:10.128873-07:00,write,key-5,823.042,158,false,leaderless,90
2026-04-03T20:57:10.129615-07:00,write,key-8,822.340,114,false,leaderless,90
2026-04-03T20:57:10.128788-07:00,write,key-5,823.168,157,false,leaderless,90
2026-04-03T20:57:10.130034-07:00,write,key-7,821.973,139,false,leaderless,90
2026-04-03T20:57:10.95178-07:00,read,key-1,0.480,147,false,leaderless,90
2026-04-03T20:57:10.944556-07:00,write,key-4,822.242,145,false,leaderless,90
2026-04-03T20:57:10.952265-07:00,write,key-3,814.592,122,false,leaderless,90
2026-04-03T20:57:10.945218-07:00,write,key-0,821.712,131,false,leaderless,90
2026-04-03T20:57:10.947423-07:00,write,key-9,819.576,134,false,leaderless,90
2026-04-03T20:57:10.951809-07:00,write,key-1,815.232,149,false,leaderless,90
2026-04-03T20:57:10.951902-07:00,write,key-3,815.259,121,false,leaderless,90
2026-04-03T20:57:10.947497-07:00,write,key-4,819.679,146,false,leaderless,90
2026-04-03T20:57:10.951641-07:00,write,key-9,815.544,136,false,leaderless,90
2026-04-03T20:57:10.94786-07:00,write,key-4,819.352,147,false,leaderless,90
2026-04-03T20:57:10.94739-07:00,write,key-0,819.864,132,false,leaderless,90
2026-04-03T20:57:10.951865-07:00,write,key-8,815.438,117,false,leaderless,90
2026-04-03T20:57:10.951956-07:00,write,key-3,815.350,120,false,leaderless,90
2026-04-03T20:57:10.951954-07:00,write,key-6,816.055,127,false,leaderless,90
2026-04-03T20:57:10.947889-07:00,write,key-9,820.192,135,false,leaderless,90
2026-04-03T20:57:10.948027-07:00,write,key-6,820.059,126,false,leaderless,90
2026-04-03T20:57:10.948068-07:00,write,key-1,820.050,148,false,leaderless,90
2026-04-03T20:57:10.947831-07:00,write,key-2,820.291,139,false,leaderless,90
2026-04-03T20:57:10.952006-07:00,write,key-3,816.131,119,false,leaderless,90
2026-04-03T20:57:10.951745-07:00,write,key-7,816.402,143,false,leaderless,90
2026-04-03T20:57:10.951914-07:00,write,key-8,816.250,118,false,leaderless,90
2026-04-03T20:57:11.767176-07:00,read,key-4,2.046,147,false,leaderless,90
2026-04-03T20:57:11.768121-07:00,read,key-3,1.148,122,false,leaderless,90
2026-04-03T20:57:11.767161-07:00,write,key-8,818.929,120,false,leaderless,90
2026-04-03T20:57:11.769271-07:00,write,key-6,817.046,131,false,leaderless,90
2026-04-03T20:57:11.768085-07:00,write,key-8,818.338,122,false,leaderless,90
2026-04-03T20:57:11.768147-07:00,write,key-4,818.344,148,false,leaderless,90
2026-04-03T20:57:11.76704-07:00,write,key-6,819.859,130,false,leaderless,90
2026-04-03T20:57:11.768137-07:00,write,key-6,818.918,128,false,leaderless,90
2026-04-03T20:57:11.766929-07:00,write,key-3,820.271,123,false,leaderless,90
2026-04-03T20:57:11.766998-07:00,write,key-5,820.319,160,false,leaderless,90
2026-04-03T20:57:11.768164-07:00,write,key-9,819.244,137,false,leaderless,90
2026-04-03T20:57:11.768117-07:00,write,key-8,819.387,121,false,leaderless,90
2026-04-03T20:57:11.767305-07:00,write,key-1,820.291,150,false,leaderless,90
2026-04-03T20:57:11.769224-07:00,write,key-2,818.473,143,false,leaderless,90
2026-04-03T20:57:11.766802-07:00,write,key-2,820.991,141,false,leaderless,90
2026-04-03T20:57:11.767185-07:00,write,key-6,820.625,129,false,leaderless,90
2026-04-03T20:57:11.767303-07:00,write,key-0,820.527,133,false,leaderless,90
2026-04-03T20:57:11.767253-07:00,write,key-2,820.600,142,false,leaderless,90
2026-04-03T20:57:11.767211-07:00,write,key-1,820.652,151,false,leaderless,90
2026-04-03T20:57:11.768008-07:00,write,key-2,819.878,140,false,leaderless,90
2026-04-03T20:57:11.766856-07:00,write,key-5,821.060,159,false,leaderless,90
2026-04-03T20:57:11.76808-07:00,write,key-8,819.856,119,false,leaderless,90
2026-04-03T20:57:12.587696-07:00,read,key-9,1.929,137,false,leaderless,90
2026-04-03T20:57:12.587408-07:00,write,key-9,815.603,141,false,leaderless,90
2026-04-03T20:57:12.586423-07:00,write,key-9,817.018,140,false,leaderless,90
2026-04-03T20:57:12.587853-07:00,write,key-4,815.705,151,false,leaderless,90
2026-04-03T20:57:12.587915-07:00,write,key-3,815.764,125,false,leaderless,90
2026-04-03T20:57:12.587054-07:00,write,key-0,816.704,134,false,leaderless,90
2026-04-03T20:57:12.586899-07:00,write,key-9,818.545,139,false,leaderless,90
2026-04-03T20:57:12.586491-07:00,write,key-9,819.090,138,false,leaderless,90
2026-04-03T20:57:12.589631-07:00,write,key-1,815.982,152,false,leaderless,90
2026-04-03T20:57:12.587317-07:00,write,key-0,819.076,135,false,leaderless,90
2026-04-03T20:57:12.587863-07:00,write,key-5,818.611,163,false,leaderless,90
2026-04-03T20:57:12.587596-07:00,write,key-5,819.008,162,false,leaderless,90
2026-04-03T20:57:12.587935-07:00,write,key-2,818.692,145,false,leaderless,90
2026-04-03T20:57:12.587201-07:00,write,key-5,819.491,161,false,leaderless,90
2026-04-03T20:57:12.587503-07:00,write,key-6,819.193,132,false,leaderless,90
2026-04-03T20:57:12.586101-07:00,write,key-3,820.616,124,false,leaderless,90
2026-04-03T20:57:12.587809-07:00,write,key-6,818.930,133,false,leaderless,90
2026-04-03T20:57:12.586318-07:00,write,key-4,820.463,149,false,leaderless,90
2026-04-03T20:57:12.587793-07:00,write,key-2,819.009,144,false,leaderless,90
2026-04-03T20:57:12.587828-07:00,write,key-0,819.004,136,false,leaderless,90
2026-04-03T20:57:12.587885-07:00,write,key-4,818.949,150,false,leaderless,90
2026-04-03T20:57:13.403463-07:00,write,key-6,819.251,134,false,leaderless,90
2026-04-03T20:57:13.40674-07:00,write,key-8,815.990,124,false,leaderless,90
2026-04-03T20:57:13.406697-07:00,write,key-2,816.139,147,false,leaderless,90
2026-04-03T20:57:13.403022-07:00,write,key-4,819.919,152,false,leaderless,90
2026-04-03T20:57:13.406472-07:00,write,key-9,816.567,145,false,leaderless,90
2026-04-03T20:57:13.406834-07:00,write,key-7,816.269,144,false,leaderless,90
2026-04-03T20:57:13.403558-07:00,write,key-9,819.577,142,false,leaderless,90
2026-04-03T20:57:13.405445-07:00,write,key-0,817.727,137,false,leaderless,90
2026-04-03T20:57:13.406833-07:00,write,key-6,816.383,135,false,leaderless,90
2026-04-03T20:57:13.40558-07:00,write,key-4,817.670,154,false,leaderless,90
2026-04-03T20:57:13.406718-07:00,write,key-9,816.575,143,false,leaderless,90
2026-04-03T20:57:13.406605-07:00,write,key-5,816.714,164,false,leaderless,90
2026-04-03T20:57:13.406781-07:00,write,key-1,816.585,154,false,leaderless,90
2026-04-03T20:57:13.406627-07:00,write,key-7,816.768,145,false,leaderless,90
2026-04-03T20:57:13.406394-07:00,write,key-4,817.070,153,false,leaderless,90
2026-04-03T20:57:13.406693-07:00,write,key-1,816.783,153,false,leaderless,90
2026-04-03T20:57:13.403679-07:00,write,key-8,819.833,123,false,leaderless,90
2026-04-03T20:57:13.405612-07:00,write,key-3,817.924,126,false,leaderless,90
2026-04-03T20:57:13.403757-07:00,write,key-2,819.810,146,false,leaderless,90
2026-04-03T20:57:13.406802-07:00,write,key-9,816.853,144,false,leaderless,90
2026-04-03T20:57:14.223319-07:00,write,key-5,815.737,167,false,leaderless,90
2026-04-03T20:57:14.223476-07:00,write,key-4,815.920,156,false,leaderless,90
2026-04-03T20:57:14.223171-07:00,write,key-1,816.335,156,false,leaderless,90
2026-04-03T20:57:14.223292-07:00,write,key-3,816.261,127,false,leaderless,90
2026-04-03T20:57:14.222941-07:00,write,key-0,816.666,138,false,leaderless,90
2026-04-03T20:57:14.223536-07:00,write,key-4,816.133,155,false,leaderless,90
2026-04-03T20:57:14.223654-07:00,write,key-8,816.045,127,false,leaderless,90
2026-04-03T20:57:14.22351-07:00,write,key-9,816.314,146,false,leaderless,90
2026-04-03T20:57:14.223215-07:00,write,key-4,817.845,157,false,leaderless,90
2026-04-03T20:57:14.223249-07:00,write,key-4,817.908,158,false,leaderless,90
2026-04-03T20:57:14.222723-07:00,write,key-0,818.500,139,false,leaderless,90
2026-04-03T20:57:14.222836-07:00,write,key-1,818.425,155,false,leaderless,90
2026-04-03T20:57:14.223366-07:00,write,key-8,817.923,126,false,leaderless,90
2026-04-03T20:57:14.223566-07:00,write,key-7,817.812,146,false,leaderless,90
2026-04-03T20:57:14.223463-07:00,write,key-5,817.921,168,false,leaderless,90
2026-04-03T20:57:14.223135-07:00,write,key-5,818.319,165,false,leaderless,90
2026-04-03T20:57:14.223395-07:00,write,key-6,818.087,137,false,leaderless,90
2026-04-03T20:57:14.223039-07:00,write,key-5,818.485,166,false,leaderless,90
2026-04-03T20:57:14.223103-07:00,write,key-6,818.447,136,false,leaderless,90
2026-04-03T20:57:14.222731-07:00,write,key-8,818.871,125,false,leaderless,90
2026-04-03T20:57:15.039699-07:00,read,key-2,2.871,147,false,leaderless,90
2026-04-03T20:57:15.041549-07:00,read,key-3,1.081,127,false,leaderless,90
2026-04-03T20:57:15.041223-07:00,read,key-1,1.993,157,false,leaderless,90
2026-04-03T20:57:15.039068-07:00,read,key-2,4.357,147,false,leaderless,90
2026-04-03T20:57:15.043439-07:00,write,key-7,819.133,148,false,leaderless,90
2026-04-03T20:57:15.041288-07:00,write,key-1,821.301,157,false,leaderless,90
2026-04-03T20:57:15.041481-07:00,write,key-9,821.125,147,false,leaderless,90
2026-04-03T20:57:15.041157-07:00,write,key-1,821.506,158,false,leaderless,90
2026-04-03T20:57:15.039669-07:00,write,key-9,823.032,151,false,leaderless,90
2026-04-03T20:57:15.041061-07:00,write,key-1,821.779,159,false,leaderless,90
2026-04-03T20:57:15.041523-07:00,write,key-0,821.330,140,false,leaderless,90
2026-04-03T20:57:15.039608-07:00,write,key-8,823.297,129,false,leaderless,90
2026-04-03T20:57:15.041378-07:00,write,key-6,821.546,138,false,leaderless,90
2026-04-03T20:57:15.04126-07:00,write,key-9,821.714,149,false,leaderless,90
2026-04-03T20:57:15.039553-07:00,write,key-6,823.427,139,false,leaderless,90
2026-04-03T20:57:15.041454-07:00,write,key-5,821.561,169,false,leaderless,90
2026-04-03T20:57:15.043218-07:00,write,key-9,819.824,152,false,leaderless,90
2026-04-03T20:57:15.042623-07:00,write,key-0,820.425,141,false,leaderless,90
2026-04-03T20:57:15.039397-07:00,write,key-1,823.674,160,false,leaderless,90
2026-04-03T20:57:15.039824-07:00,write,key-7,823.259,147,false,leaderless,90
2026-04-03T20:57:15.039507-07:00,write,key-9,823.592,150,false,leaderless,90
2026-04-03T20:57:15.041601-07:00,write,key-8,821.522,128,false,leaderless,90
2026-04-03T20:57:15.041384-07:00,write,key-9,821.761,148,false,leaderless,90
2026-04-03T20:57:15.042632-07:00,write,key-5,820.534,170,false,leaderless,90
2026-04-03T20:57:15.862589-07:00,read,key-6,1.203,139,false,leaderless,90
2026-04-03T20:57:15.863047-07:00,read,key-8,0.754,129,false,leaderless,90
2026-04-03T20:57:15.863082-07:00,read,key-9,4.156,152,false,leaderless,90
2026-04-03T20:57:15.862606-07:00,write,key-3,823.667,128,false,leaderless,90
2026-04-03T20:57:15.862924-07:00,write,key-0,823.426,142,false,leaderless,90
2026-04-03T20:57:15.86298-07:00,write,key-3,823.573,131,false,leaderless,90
2026-04-03T20:57:15.862853-07:00,write,key-7,823.717,150,false,leaderless,90
2026-04-03T20:57:15.863802-07:00,write,key-9,822.832,153,false,leaderless,90
2026-04-03T20:57:15.862839-07:00,write,key-3,823.838,130,false,leaderless,90
2026-04-03T20:57:15.862973-07:00,write,key-4,823.753,159,false,leaderless,90
2026-04-03T20:57:15.863122-07:00,write,key-9,823.659,154,false,leaderless,90
2026-04-03T20:57:15.863042-07:00,write,key-7,823.766,151,false,leaderless,90
2026-04-03T20:57:15.863144-07:00,write,key-5,823.719,172,false,leaderless,90
2026-04-03T20:57:15.862662-07:00,write,key-7,824.226,149,false,leaderless,90
2026-04-03T20:57:15.86724-07:00,write,key-4,819.698,161,false,leaderless,90
2026-04-03T20:57:15.863795-07:00,write,key-2,823.168,148,false,leaderless,90
2026-04-03T20:57:15.863165-07:00,write,key-4,823.850,160,false,leaderless,90
2026-04-03T20:57:15.862903-07:00,write,key-5,824.138,171,false,leaderless,90
2026-04-03T20:57:15.862575-07:00,write,key-3,824.512,132,false,leaderless,90
2026-04-03T20:57:15.86307-07:00,write,key-8,824.104,131,false,leaderless,90
2026-04-03T20:57:15.863098-07:00,write,key-8,824.131,130,false,leaderless,90
2026-04-03T20:57:15.863015-07:00,write,key-1,824.221,161,false,leaderless,90
2026-04-03T20:57:15.8627-07:00,write,key-3,824.580,129,false,leaderless,90
2026-04-03T20:57:16.687086-07:00,write,key-3,820.337,135,false,leaderless,90
2026-04-03T20:57:16.686938-07:00,write,key-2,820.575,150,false,leaderless,90
2026-04-03T20:57:16.68635-07:00,write,key-7,821.074,152,false,leaderless,90
2026-04-03T20:57:16.687014-07:00,write,key-8,820.618,132,false,leaderless,90
2026-04-03T20:57:16.687041-07:00,write,key-7,820.694,155,false,leaderless,90
2026-04-03T20:57:16.68657-07:00,write,key-1,821.232,163,false,leaderless,90
2026-04-03T20:57:16.687228-07:00,write,key-5,820.659,173,false,leaderless,90
2026-04-03T20:57:16.686807-07:00,write,key-6,821.179,141,false,leaderless,90
2026-04-03T20:57:16.68728-07:00,write,key-4,820.804,163,false,leaderless,90
2026-04-03T20:57:16.686552-07:00,write,key-1,821.602,164,false,leaderless,90
2026-04-03T20:57:16.686282-07:00,write,key-3,821.935,133,false,leaderless,90
2026-04-03T20:57:16.686863-07:00,write,key-7,821.438,153,false,leaderless,90
2026-04-03T20:57:16.687235-07:00,write,key-8,821.085,133,false,leaderless,90
2026-04-03T20:57:16.686726-07:00,write,key-4,821.689,162,false,leaderless,90
2026-04-03T20:57:16.686887-07:00,write,key-7,821.623,154,false,leaderless,90
2026-04-03T20:57:16.68678-07:00,write,key-7,821.744,156,false,leaderless,90
2026-04-03T20:57:16.687174-07:00,write,key-3,821.417,134,false,leaderless,90
2026-04-03T20:57:16.686634-07:00,write,key-2,823.204,149,false,leaderless,90
2026-04-03T20:57:16.686963-07:00,write,key-6,823.157,140,false,leaderless,90
2026-04-03T20:57:16.686677-07:00,write,key-1,823.563,162,false,leaderless,90
2026-04-03T20:57:17.507886-07:00,read,key-0,3.903,142,false,leaderless,90
2026-04-03T20:57:17.510119-07:00,read,key-4,1.700,163,false,leaderless,90
2026-04-03T20:57:17.509839-07:00,read,key-6,2.619,141,false,leaderless,90
2026-04-03T20:57:17.50859-07:00,write,key-0,823.295,145,false,leaderless,90
2026-04-03T20:57:17.507735-07:00,write,key-7,824.420,157,false,leaderless,90
2026-04-03T20:57:17.507513-07:00,write,key-9,824.733,156,false,leaderless,90
2026-04-03T20:57:17.508509-07:00,write,key-5,823.933,174,false,leaderless,90
2026-04-03T20:57:17.5083-07:00,write,key-6,824.231,142,false,leaderless,90
2026-04-03T20:57:17.508154-07:00,write,key-3,824.460,136,false,leaderless,90
2026-04-03T20:57:17.507579-07:00,write,key-3,825.137,137,false,leaderless,90
2026-04-03T20:57:17.511796-07:00,write,key-5,821.058,177,false,leaderless,90
2026-04-03T20:57:17.510239-07:00,write,key-1,822.709,165,false,leaderless,90
2026-04-03T20:57:17.511822-07:00,write,key-5,821.215,176,false,leaderless,90
2026-04-03T20:57:17.507803-07:00,write,key-4,825.291,164,false,leaderless,90
2026-04-03T20:57:17.508415-07:00,write,key-9,824.752,155,false,leaderless,90
2026-04-03T20:57:17.508217-07:00,write,key-6,824.987,143,false,leaderless,90
2026-04-03T20:57:17.50832-07:00,write,key-8,824.932,134,false,leaderless,90
2026-04-03T20:57:17.507986-07:00,write,key-3,825.314,138,false,leaderless,90
2026-04-03T20:57:17.508524-07:00,write,key-0,824.803,143,false,leaderless,90
2026-04-03T20:57:17.507433-07:00,write,key-2,825.943,151,false,leaderless,90
2026-04-03T20:57:17.507632-07:00,write,key-0,825.773,144,false,leaderless,90
2026-04-03T20:57:17.51246-07:00,write,key-1,820.994,166,false,leaderless,90
2026-04-03T20:57:17.508083-07:00,write,key-5,825.393,175,false,leaderless,90
2026-04-03T20:57:18.333454-07:00,read,key-4,2.159,164,false,leaderless,90
2026-04-03T20:57:18.332245-07:00,read,key-8,3.364,134,false,leaderless,90
2026-04-03T20:57:18.332613-07:00,read,key-2,3.032,151,false,leaderless,90
2026-04-03T20:57:18.333376-07:00,write,key-1,819.822,167,false,leaderless,90
2026-04-03T20:57:18.333203-07:00,write,key-8,820.195,137,false,leaderless,90
2026-04-03T20:57:18.333476-07:00,write,key-7,819.974,159,false,leaderless,90
2026-04-03T20:57:18.332156-07:00,write,key-4,821.356,166,false,leaderless,90
2026-04-03T20:57:18.333036-07:00,write,key-7,820.504,158,false,leaderless,90
2026-04-03T20:57:18.332854-07:00,write,key-9,820.745,158,false,leaderless,90
2026-04-03T20:57:18.332948-07:00,write,key-5,820.677,178,false,leaderless,90
2026-04-03T20:57:18.332531-07:00,write,key-0,821.162,146,false,leaderless,90
2026-04-03T20:57:18.335617-07:00,write,key-3,818.127,139,false,leaderless,90
2026-04-03T20:57:18.333167-07:00,write,key-7,820.606,160,false,leaderless,90
2026-04-03T20:57:18.335617-07:00,write,key-6,818.199,145,false,leaderless,90
2026-04-03T20:57:18.33325-07:00,write,key-0,820.597,147,false,leaderless,90
2026-04-03T20:57:18.331896-07:00,write,key-2,821.988,152,false,leaderless,90
2026-04-03T20:57:18.333326-07:00,write,key-9,820.585,157,false,leaderless,90
2026-04-03T20:57:18.332716-07:00,write,key-4,821.279,165,false,leaderless,90
2026-04-03T20:57:18.333404-07:00,write,key-8,820.659,135,false,leaderless,90
2026-04-03T20:57:18.3333-07:00,write,key-8,820.831,136,false,leaderless,90
2026-04-03T20:57:18.333094-07:00,write,key-1,821.066,168,false,leaderless,90
2026-04-03T20:57:18.332443-07:00,write,key-6,821.723,144,false,leaderless,90
2026-04-03T20:57:18.335648-07:00,write,key-8,818.560,138,false,leaderless,90
2026-04-03T20:57:19.153894-07:00,read,key-7,3.729,160,false,leaderless,90
2026-04-03T20:57:19.153846-07:00,write,key-3,822.307,142,false,leaderless,90
2026-04-03T20:57:19.15413-07:00,write,key-8,822.141,140,false,leaderless,90
2026-04-03T20:57:19.153399-07:00,write,key-3,822.995,140,false,leaderless,90
2026-04-03T20:57:19.153692-07:00,write,key-1,822.772,169,false,leaderless,90
2026-04-03T20:57:19.154207-07:00,write,key-1,822.318,170,false,leaderless,90
2026-04-03T20:57:19.153815-07:00,write,key-4,822.802,168,false,leaderless,90
2026-04-03T20:57:19.157629-07:00,write,key-0,819.046,149,false,leaderless,90
2026-04-03T20:57:19.153673-07:00,write,key-8,823.102,139,false,leaderless,90
2026-04-03T20:57:19.153207-07:00,write,key-6,823.632,146,false,leaderless,90
2026-04-03T20:57:19.154159-07:00,write,key-0,822.743,148,false,leaderless,90
2026-04-03T20:57:19.15391-07:00,write,key-2,823.052,154,false,leaderless,90
2026-04-03T20:57:19.153772-07:00,write,key-5,823.280,179,false,leaderless,90
2026-04-03T20:57:19.153994-07:00,write,key-4,823.112,167,false,leaderless,90
2026-04-03T20:57:19.153598-07:00,write,key-6,823.574,147,false,leaderless,90
2026-04-03T20:57:19.153511-07:00,write,key-3,823.718,141,false,leaderless,90
2026-04-03T20:57:19.153743-07:00,write,key-9,823.628,159,false,leaderless,90
2026-04-03T20:57:19.15345-07:00,write,key-7,823.983,161,false,leaderless,90
2026-04-03T20:57:19.15354-07:00,write,key-2,824.964,153,false,leaderless,90
2026-04-03T20:57:19.154165-07:00,write,key-1,825.719,171,false,leaderless,90
2026-04-03T20:57:19.154062-07:00,write,key-8,826.925,141,false,leaderless,90
2026-04-03T20:57:19.980987-07:00,read,key-8,0.444,141,false,leaderless,90
2026-04-03T20:57:19.977432-07:00,write,key-3,811.363,144,false,leaderless,90
2026-04-03T20:57:19.978504-07:00,write,key-0,810.369,152,false,leaderless,90
2026-04-03T20:57:19.976902-07:00,write,key-7,811.893,162,false,leaderless,90
2026-04-03T20:57:19.977228-07:00,write,key-0,811.766,150,false,leaderless,90
2026-04-03T20:57:19.976464-07:00,write,key-7,820.177,163,false,leaderless,90
2026-04-03T20:57:19.977371-07:00,write,key-4,819.297,169,false,leaderless,90
2026-04-03T20:57:19.981434-07:00,write,key-3,815.323,145,false,leaderless,90
2026-04-03T20:57:19.976961-07:00,write,key-0,819.796,151,false,leaderless,90
2026-04-03T20:57:19.976156-07:00,write,key-4,820.650,170,false,leaderless,90
2026-04-03T20:57:19.977171-07:00,write,key-5,819.809,180,false,leaderless,90
2026-04-03T20:57:19.976524-07:00,write,key-9,820.581,161,false,leaderless,90
2026-04-03T20:57:19.976774-07:00,write,key-9,820.356,160,false,leaderless,90
2026-04-03T20:57:19.976674-07:00,write,key-3,820.458,143,false,leaderless,90
2026-04-03T20:57:19.979885-07:00,write,key-4,817.284,171,false,leaderless,90
2026-04-03T20:57:19.976839-07:00,write,key-8,820.352,142,false,leaderless,90
2026-04-03T20:57:19.977105-07:00,write,key-2,820.093,155,false,leaderless,90
2026-04-03T20:57:19.976616-07:00,write,key-6,820.599,148,false,leaderless,90
2026-04-03T20:57:19.976271-07:00,write,key-6,820.945,149,false,leaderless,90
2026-04-03T20:57:19.976393-07:00,write,key-9,820.829,162,false,leaderless,90
2026-04-03T20:57:19.977051-07:00,write,key-5,820.140,181,false,leaderless,90
2026-04-03T20:57:20.796756-07:00,read,key-2,1.827,155,false,leaderless,90
2026-04-03T20:57:20.797104-07:00,read,key-6,2.053,149,false,leaderless,90
2026-04-03T20:57:20.79725-07:00,read,key-4,1.895,171,false,leaderless,90
2026-04-03T20:57:20.799183-07:00,read,key-2,0.549,155,false,leaderless,90
2026-04-03T20:57:20.796642-07:00,write,key-5,817.167,182,false,leaderless,90
2026-04-03T20:57:20.799735-07:00,write,key-7,814.179,165,false,leaderless,90
2026-04-03T20:57:20.788874-07:00,write,key-2,825.156,156,false,leaderless,90
2026-04-03T20:57:20.796756-07:00,write,key-4,817.279,172,false,leaderless,90
2026-04-03T20:57:20.797168-07:00,write,key-2,816.940,157,false,leaderless,90
2026-04-03T20:57:20.798586-07:00,write,key-8,815.613,145,false,leaderless,90
2026-04-03T20:57:20.796805-07:00,write,key-1,817.658,172,false,leaderless,90
2026-04-03T20:57:20.797218-07:00,write,key-1,817.351,174,false,leaderless,90
2026-04-03T20:57:20.788994-07:00,write,key-8,825.646,143,false,leaderless,90
2026-04-03T20:57:20.797223-07:00,write,key-9,817.481,165,false,leaderless,90
2026-04-03T20:57:20.797199-07:00,write,key-0,817.594,153,false,leaderless,90
2026-04-03T20:57:20.797132-07:00,write,key-7,817.730,164,false,leaderless,90
2026-04-03T20:57:20.797214-07:00,write,key-9,817.713,164,false,leaderless,90
2026-04-03T20:57:20.788953-07:00,write,key-5,826.018,183,false,leaderless,90
2026-04-03T20:57:20.797194-07:00,write,key-3,817.799,146,false,leaderless,90
2026-04-03T20:57:20.796981-07:00,write,key-4,818.063,173,false,leaderless,90
2026-04-03T20:57:20.796669-07:00,write,key-8,818.425,144,false,leaderless,90
2026-04-03T20:57:20.788802-07:00,write,key-9,826.321,163,false,leaderless,90
2026-04-03T20:57:20.797129-07:00,write,key-1,817.999,173,false,leaderless,90
2026-04-03T20:57:20.799161-07:00,write,key-0,816.021,154,false,leaderless,90
2026-04-03T20:57:21.614107-07:00,read,key-3,1.688,146,false,leaderless,90
2026-04-03T20:57:21.614792-07:00,write,key-4,822.402,175,false,leaderless,90
2026-04-03T20:57:21.614703-07:00,write,key-4,822.644,174,false,leaderless,90
2026-04-03T20:57:21.614861-07:00,write,key-5,822.591,184,false,leaderless,90
2026-04-03T20:57:21.614029-07:00,write,key-7,823.512,167,false,leaderless,90
2026-04-03T20:57:21.614462-07:00,write,key-5,823.101,186,false,leaderless,90
2026-04-03T20:57:21.61513-07:00,write,key-2,822.602,159,false,leaderless,90
2026-04-03T20:57:21.614035-07:00,write,key-2,823.823,158,false,leaderless,90
2026-04-03T20:57:21.614993-07:00,write,key-7,822.973,168,false,leaderless,90
2026-04-03T20:57:21.615123-07:00,write,key-0,822.962,156,false,leaderless,90
2026-04-03T20:57:21.615042-07:00,write,key-5,823.829,188,false,leaderless,90
2026-04-03T20:57:21.614198-07:00,write,key-6,824.767,150,false,leaderless,90
2026-04-03T20:57:21.613821-07:00,write,key-7,825.231,166,false,leaderless,90
2026-04-03T20:57:21.614925-07:00,write,key-5,824.209,187,false,leaderless,90
2026-04-03T20:57:21.615799-07:00,write,key-1,823.439,176,false,leaderless,90
2026-04-03T20:57:21.615093-07:00,write,key-3,824.226,148,false,leaderless,90
2026-04-03T20:57:21.613914-07:00,write,key-0,825.467,155,false,leaderless,90
2026-04-03T20:57:21.614971-07:00,write,key-1,824.450,175,false,leaderless,90
2026-04-03T20:57:21.615181-07:00,write,key-6,825.147,151,false,leaderless,90
2026-04-03T20:57:21.614568-07:00,write,key-3,825.857,147,false,leaderless,90
2026-04-03T20:57:21.614639-07:00,write,key-5,825.894,185,false,leaderless,90
2026-04-03T20:57:22.437857-07:00,read,key-2,3.230,159,false,leaderless,90
2026-04-03T20:57:22.441093-07:00,write,key-3,812.957,152,false,leaderless,90
2026-04-03T20:57:22.437205-07:00,write,key-2,818.074,160,false,leaderless,90
2026-04-03T20:57:22.439319-07:00,write,key-8,816.037,146,false,leaderless,90
2026-04-03T20:57:22.437732-07:00,write,key-5,817.916,189,false,leaderless,90
2026-04-03T20:57:22.439133-07:00,write,key-3,817.100,149,false,leaderless,90
2026-04-03T20:57:22.438084-07:00,write,key-1,818.227,177,false,leaderless,90
2026-04-03T20:57:22.439421-07:00,write,key-3,816.965,150,false,leaderless,90
2026-04-03T20:57:22.439238-07:00,write,key-5,817.237,191,false,leaderless,90
2026-04-03T20:57:22.438965-07:00,write,key-2,819.789,161,false,leaderless,90
2026-04-03T20:57:22.437541-07:00,write,key-9,821.289,166,false,leaderless,90
2026-04-03T20:57:22.438872-07:00,write,key-4,819.993,176,false,leaderless,90
2026-04-03T20:57:22.43938-07:00,write,key-0,819.566,157,false,leaderless,90
2026-04-03T20:57:22.439051-07:00,write,key-1,819.921,179,false,leaderless,90
2026-04-03T20:57:22.437347-07:00,write,key-6,821.677,152,false,leaderless,90
2026-04-03T20:57:22.437966-07:00,write,key-5,821.111,192,false,leaderless,90
2026-04-03T20:57:22.437563-07:00,write,key-5,821.558,190,false,leaderless,90
2026-04-03T20:57:22.440429-07:00,write,key-4,818.726,177,false,leaderless,90
2026-04-03T20:57:22.437452-07:00,write,key-1,821.757,178,false,leaderless,90
2026-04-03T20:57:22.440533-07:00,write,key-0,818.695,158,false,leaderless,90
2026-04-03T20:57:22.440329-07:00,write,key-3,818.960,151,false,leaderless,90
2026-04-03T20:57:23.256474-07:00,read,key-8,3.186,146,false,leaderless,90
2026-04-03T20:57:23.25883-07:00,read,key-7,1.021,168,false,leaderless,90
2026-04-03T20:57:23.258945-07:00,read,key-5,1.065,192,false,leaderless,90
2026-04-03T20:57:23.259227-07:00,read,key-2,1.054,161,false,leaderless,90
2026-04-03T20:57:23.260283-07:00,write,key-6,820.667,160,false,leaderless,90
2026-04-03T20:57:23.258756-07:00,write,key-8,822.381,148,false,leaderless,90
2026-04-03T20:57:23.256233-07:00,write,key-7,824.987,169,false,leaderless,90
2026-04-03T20:57:23.259076-07:00,write,key-5,822.224,194,false,leaderless,90
2026-04-03T20:57:23.259288-07:00,write,key-6,822.115,158,false,leaderless,90
2026-04-03T20:57:23.256384-07:00,write,key-5,825.098,193,false,leaderless,90
2026-04-03T20:57:23.25528-07:00,write,key-6,826.313,153,false,leaderless,90
2026-04-03T20:57:23.256311-07:00,write,key-7,825.394,170,false,leaderless,90
2026-04-03T20:57:23.258865-07:00,write,key-2,823.345,162,false,leaderless,90
2026-04-03T20:57:23.259155-07:00,write,key-6,823.199,154,false,leaderless,90
2026-04-03T20:57:23.259121-07:00,write,key-6,823.314,157,false,leaderless,90
2026-04-03T20:57:23.255647-07:00,write,key-4,826.865,178,false,leaderless,90
2026-04-03T20:57:23.258972-07:00,write,key-8,823.617,149,false,leaderless,90
2026-04-03T20:57:23.254059-07:00,write,key-8,828.607,147,false,leaderless,90
2026-04-03T20:57:23.259023-07:00,write,key-6,823.715,155,false,leaderless,90
2026-04-03T20:57:24.0813-07:00,read,key-1,1.522,179,false,leaderless,90
2026-04-03T20:57:24.081402-07:00,read,key-8,1.486,150,false,leaderless,90
2026-04-03T20:57:23.259854-07:00,write,key-3,823.114,153,false,leaderless,90
2026-04-03T20:57:23.259208-07:00,write,key-6,823.837,156,false,leaderless,90
2026-04-03T20:57:23.259665-07:00,write,key-6,823.459,159,false,leaderless,90
2026-04-03T20:57:23.260013-07:00,write,key-9,823.185,168,false,leaderless,90
2026-04-03T20:57:23.255356-07:00,write,key-9,828.176,167,false,leaderless,90
2026-04-03T20:57:24.08221-07:00,read,key-2,1.509,162,false,leaderless,90
2026-04-03T20:57:24.082827-07:00,read,key-1,1.524,179,false,leaderless,90
2026-04-03T20:57:24.083197-07:00,read,key-5,2.448,196,false,leaderless,90
2026-04-03T20:57:24.084352-07:00,write,key-5,814.589,197,false,leaderless,90
2026-04-03T20:57:24.081136-07:00,write,key-0,818.011,159,false,leaderless,90
2026-04-03T20:57:24.082588-07:00,write,key-5,816.684,195,false,leaderless,90
2026-04-03T20:57:24.081482-07:00,write,key-7,817.835,171,false,leaderless,90
2026-04-03T20:57:24.080957-07:00,write,key-8,818.390,150,false,leaderless,90
2026-04-03T20:57:24.085648-07:00,write,key-6,813.766,162,false,leaderless,90
2026-04-03T20:57:24.082353-07:00,write,key-7,817.094,172,false,leaderless,90
2026-04-03T20:57:24.081704-07:00,write,key-4,817.802,179,false,leaderless,90
2026-04-03T20:57:24.082968-07:00,write,key-1,816.583,181,false,leaderless,90
2026-04-03T20:57:24.083722-07:00,write,key-6,815.880,161,false,leaderless,90
2026-04-03T20:57:24.082512-07:00,write,key-5,817.155,196,false,leaderless,90
2026-04-03T20:57:24.082665-07:00,write,key-7,817.112,173,false,leaderless,90
2026-04-03T20:57:24.082737-07:00,write,key-3,817.230,155,false,leaderless,90
2026-04-03T20:57:24.083532-07:00,write,key-4,816.524,181,false,leaderless,90
2026-04-03T20:57:24.08122-07:00,write,key-0,818.919,160,false,leaderless,90
2026-04-03T20:57:24.081592-07:00,write,key-4,819.892,180,false,leaderless,90
2026-04-03T20:57:24.08289-07:00,write,key-1,818.651,180,false,leaderless,90
2026-04-03T20:57:24.083045-07:00,write,key-8,818.546,152,false,leaderless,90
2026-04-03T20:57:24.082434-07:00,write,key-3,819.504,154,false,leaderless,90
2026-04-03T20:57:24.083123-07:00,write,key-8,818.921,151,false,leaderless,90
2026-04-03T20:57:24.899601-07:00,read,key-4,4.085,181,false,leaderless,90
2026-04-03T20:57:24.898952-07:00,read,key-4,4.855,181,false,leaderless,90
2026-04-03T20:57:24.901938-07:00,read,key-5,1.930,197,false,leaderless,90
2026-04-03T20:57:24.902043-07:00,read,key-6,1.865,162,false,leaderless,90
2026-04-03T20:57:24.899446-07:00,read,key-8,4.510,152,false,leaderless,90
2026-04-03T20:57:24.901484-07:00,write,key-1,815.562,182,false,leaderless,90
2026-04-03T20:57:24.899667-07:00,write,key-9,817.678,169,false,leaderless,90
2026-04-03T20:57:24.903691-07:00,write,key-0,813.769,164,false,leaderless,90
2026-04-03T20:57:24.899506-07:00,write,key-0,818.082,163,false,leaderless,90
2026-04-03T20:57:24.903812-07:00,write,key-4,813.869,184,false,leaderless,90
2026-04-03T20:57:24.899348-07:00,write,key-5,818.656,198,false,leaderless,90
2026-04-03T20:57:24.89955-07:00,write,key-2,818.494,164,false,leaderless,90
2026-04-03T20:57:24.90391-07:00,write,key-0,814.197,165,false,leaderless,90
2026-04-03T20:57:24.899968-07:00,write,key-0,818.163,161,false,leaderless,90
2026-04-03T20:57:24.903872-07:00,write,key-1,814.293,184,false,leaderless,90
2026-04-03T20:57:24.900055-07:00,write,key-0,818.153,162,false,leaderless,90
2026-04-03T20:57:24.899778-07:00,write,key-4,818.484,182,false,leaderless,90
2026-04-03T20:57:24.90154-07:00,write,key-7,816.763,174,false,leaderless,90
2026-04-03T20:57:24.899148-07:00,write,key-9,819.183,171,false,leaderless,90
2026-04-03T20:57:24.899271-07:00,write,key-4,819.083,183,false,leaderless,90
2026-04-03T20:57:24.899413-07:00,write,key-9,818.984,170,false,leaderless,90
2026-04-03T20:57:24.903958-07:00,write,key-6,814.494,163,false,leaderless,90
2026-04-03T20:57:24.90159-07:00,write,key-2,816.898,163,false,leaderless,90
2026-04-03T20:57:24.900138-07:00,write,key-8,818.404,153,false,leaderless,90
2026-04-03T20:57:24.899317-07:00,write,key-1,819.296,183,false,leaderless,90
2026-04-03T20:57:25.717681-07:00,read,key-5,2.370,198,false,leaderless,90
2026-04-03T20:57:25.718488-07:00,read,key-1,1.781,184,false,leaderless,90
2026-04-03T20:57:25.718043-07:00,read,key-9,2.254,171,false,leaderless,90
2026-04-03T20:57:25.718106-07:00,write,key-6,822.673,167,false,leaderless,90
2026-04-03T20:57:25.720271-07:00,write,key-6,820.545,169,false,leaderless,90
2026-04-03T20:57:25.717587-07:00,write,key-6,823.382,164,false,leaderless,90
2026-04-03T20:57:25.71833-07:00,write,key-3,822.679,156,false,leaderless,90
2026-04-03T20:57:25.720302-07:00,write,key-1,820.829,186,false,leaderless,90
2026-04-03T20:57:25.717054-07:00,write,key-6,824.082,165,false,leaderless,90
2026-04-03T20:57:25.717459-07:00,write,key-0,823.738,166,false,leaderless,90
2026-04-03T20:57:25.718207-07:00,write,key-4,823.083,185,false,leaderless,90
2026-04-03T20:57:25.718302-07:00,write,key-5,823.092,200,false,leaderless,90
2026-04-03T20:57:25.718131-07:00,write,key-7,823.323,175,false,leaderless,90
2026-04-03T20:57:25.717346-07:00,write,key-5,824.160,199,false,leaderless,90
2026-04-03T20:57:25.718541-07:00,write,key-5,822.999,201,false,leaderless,90
2026-04-03T20:57:25.718164-07:00,write,key-4,823.433,186,false,leaderless,90
2026-04-03T20:57:25.720057-07:00,write,key-3,821.571,158,false,leaderless,90
2026-04-03T20:57:25.718261-07:00,write,key-7,823.435,176,false,leaderless,90
2026-04-03T20:57:25.718452-07:00,write,key-3,823.265,157,false,leaderless,90
2026-04-03T20:57:25.718396-07:00,write,key-1,823.362,185,false,leaderless,90
2026-04-03T20:57:25.718004-07:00,write,key-6,823.814,166,false,leaderless,90
2026-04-03T20:57:25.718354-07:00,write,key-9,823.473,172,false,leaderless,90
2026-04-03T20:57:25.718612-07:00,write,key-6,823.262,168,false,leaderless,90
2026-04-03T20:57:26.541758-07:00,read,key-4,3.872,186,false,leaderless,90
2026-04-03T20:57:26.541872-07:00,read,key-6,6.196,170,false,leaderless,90
2026-04-03T20:57:26.541597-07:00,write,key-4,817.817,187,false,leaderless,90
2026-04-03T20:57:26.541453-07:00,write,key-8,818.230,154,false,leaderless,90
2026-04-03T20:57:26.541507-07:00,write,key-9,818.267,174,false,leaderless,90
2026-04-03T20:57:26.541197-07:00,write,key-7,818.747,177,false,leaderless,90
2026-04-03T20:57:26.541817-07:00,write,key-8,818.218,157,false,leaderless,90
2026-04-03T20:57:26.540816-07:00,write,key-3,819.311,159,false,leaderless,90
2026-04-03T20:57:26.540789-07:00,write,key-0,819.413,167,false,leaderless,90
2026-04-03T20:57:26.541393-07:00,write,key-4,818.934,190,false,leaderless,90
2026-04-03T20:57:26.541136-07:00,write,key-2,819.253,165,false,leaderless,90
2026-04-03T20:57:26.545638-07:00,write,key-7,814.815,178,false,leaderless,90
2026-04-03T20:57:26.541627-07:00,write,key-4,818.866,188,false,leaderless,90
2026-04-03T20:57:26.541696-07:00,write,key-8,818.843,155,false,leaderless,90
2026-04-03T20:57:26.54113-07:00,write,key-8,819.485,156,false,leaderless,90
2026-04-03T20:57:26.540969-07:00,write,key-9,819.694,173,false,leaderless,90
2026-04-03T20:57:26.548071-07:00,write,key-0,812.619,168,false,leaderless,90
2026-04-03T20:57:26.54129-07:00,write,key-5,819.446,202,false,leaderless,90
2026-04-03T20:57:26.54101-07:00,write,key-1,819.759,188,false,leaderless,90
2026-04-03T20:57:26.541827-07:00,write,key-6,818.977,170,false,leaderless,90
2026-04-03T20:57:26.541717-07:00,write,key-1,819.118,187,false,leaderless,90
2026-04-03T20:57:27.36069-07:00,read,key-8,1.299,157,false,leaderless,90
2026-04-03T20:57:26.54154-07:00,write,key-4,820.882,189,false,leaderless,90
2026-04-03T20:57:27.360615-07:00,write,key-9,820.862,175,false,leaderless,90
2026-04-03T20:57:27.360326-07:00,write,key-6,822.048,172,false,leaderless,90
2026-04-03T20:57:27.359684-07:00,write,key-2,822.779,166,false,leaderless,90
2026-04-03T20:57:27.360493-07:00,write,key-0,822.053,172,false,leaderless,90
2026-04-03T20:57:27.359943-07:00,write,key-6,822.662,171,false,leaderless,90
2026-04-03T20:57:27.359775-07:00,write,key-2,822.893,167,false,leaderless,90
2026-04-03T20:57:27.360452-07:00,write,key-0,822.270,171,false,leaderless,90
2026-04-03T20:57:27.360035-07:00,write,key-1,822.757,189,false,leaderless,90
2026-04-03T20:57:27.360834-07:00,write,key-5,822.028,203,false,leaderless,90
2026-04-03T20:57:27.360768-07:00,write,key-8,822.164,158,false,leaderless,90
2026-04-03T20:57:27.361994-07:00,write,key-1,820.990,191,false,leaderless,90
2026-04-03T20:57:27.360127-07:00,write,key-7,822.932,179,false,leaderless,90
2026-04-03T20:57:27.360538-07:00,write,key-0,822.579,169,false,leaderless,90
2026-04-03T20:57:27.359423-07:00,write,key-0,823.740,170,false,leaderless,90
2026-04-03T20:57:27.360202-07:00,write,key-1,823.016,190,false,leaderless,90
2026-04-03T20:57:27.362422-07:00,write,key-3,822.565,162,false,leaderless,90
2026-04-03T20:57:27.360803-07:00,write,key-3,824.268,160,false,leaderless,90
2026-04-03T20:57:27.360736-07:00,write,key-0,825.419,173,false,leaderless,90
2026-04-03T20:57:27.360388-07:00,write,key-6,825.849,173,false,leaderless,90
2026-04-03T20:57:27.360662-07:00,write,key-3,825.639,161,false,leaderless,90
2026-04-03T20:57:28.182791-07:00,read,key-6,3.592,173,false,leaderless,90
2026-04-03T20:57:28.182605-07:00,write,key-6,816.208,174,false,leaderless,90
2026-04-03T20:57:28.182462-07:00,write,key-7,816.399,180,false,leaderless,90
2026-04-03T20:57:28.183163-07:00,write,key-1,815.782,193,false,leaderless,90
2026-04-03T20:57:28.182721-07:00,write,key-1,816.746,192,false,leaderless,90
2026-04-03T20:57:28.18507-07:00,write,key-6,814.679,176,false,leaderless,90
2026-04-03T20:57:28.184987-07:00,write,key-0,814.858,174,false,leaderless,90
2026-04-03T20:57:28.183058-07:00,write,key-2,816.844,170,false,leaderless,90
2026-04-03T20:57:28.186156-07:00,write,key-1,813.804,195,false,leaderless,90
2026-04-03T20:57:28.182373-07:00,write,key-8,817.644,159,false,leaderless,90
2026-04-03T20:57:28.18286-07:00,write,key-7,817.214,182,false,leaderless,90
2026-04-03T20:57:28.182932-07:00,write,key-3,817.196,163,false,leaderless,90
2026-04-03T20:57:28.186386-07:00,write,key-6,813.808,177,false,leaderless,90
2026-04-03T20:57:28.186236-07:00,write,key-3,814.012,164,false,leaderless,90
2026-04-03T20:57:28.183117-07:00,write,key-7,817.186,181,false,leaderless,90
2026-04-03T20:57:28.182983-07:00,write,key-6,817.376,175,false,leaderless,90
2026-04-03T20:57:28.182545-07:00,write,key-2,817.845,169,false,leaderless,90
2026-04-03T20:57:28.183217-07:00,write,key-5,817.201,204,false,leaderless,90
2026-04-03T20:57:28.18148-07:00,write,key-2,818.966,168,false,leaderless,90
2026-04-03T20:57:28.182666-07:00,write,key-9,817.814,176,false,leaderless,90
2026-04-03T20:57:28.1863-07:00,write,key-1,814.284,194,false,leaderless,90
2026-04-03T20:57:28.999901-07:00,read,key-3,0.881,164,false,leaderless,90
2026-04-03T20:57:28.998862-07:00,read,key-0,1.922,174,false,leaderless,90
2026-04-03T20:57:29.000388-07:00,read,key-7,1.031,182,false,leaderless,90
2026-04-03T20:57:29.000786-07:00,read,key-7,0.726,182,false,leaderless,90
2026-04-03T20:57:29.000479-07:00,read,key-0,1.071,174,false,leaderless,90
2026-04-03T20:57:29.001422-07:00,read,key-8,0.563,162,false,leaderless,90
2026-04-03T20:57:28.998817-07:00,write,key-3,820.597,165,false,leaderless,90
2026-04-03T20:57:29.000248-07:00,write,key-4,819.355,196,false,leaderless,90
2026-04-03T20:57:28.998944-07:00,write,key-7,820.807,184,false,leaderless,90
2026-04-03T20:57:28.999749-07:00,write,key-8,820.170,160,false,leaderless,90
2026-04-03T20:57:28.999959-07:00,write,key-4,820.036,191,false,leaderless,90
2026-04-03T20:57:29.001986-07:00,write,key-5,818.078,205,false,leaderless,90
2026-04-03T20:57:29.000445-07:00,write,key-1,819.713,196,false,leaderless,90
2026-04-03T20:57:29.000302-07:00,write,key-4,819.927,194,false,leaderless,90
2026-04-03T20:57:29.000417-07:00,write,key-3,819.886,166,false,leaderless,90
2026-04-03T20:57:29.000194-07:00,write,key-8,820.179,161,false,leaderless,90
2026-04-03T20:57:29.000583-07:00,write,key-6,819.863,178,false,leaderless,90
2026-04-03T20:57:28.999844-07:00,write,key-4,820.666,192,false,leaderless,90
2026-04-03T20:57:29.001513-07:00,write,key-3,819.066,167,false,leaderless,90
2026-04-03T20:57:28.999466-07:00,write,key-4,821.177,193,false,leaderless,90
2026-04-03T20:57:29.000784-07:00,write,key-8,820.158,162,false,leaderless,90
2026-04-03T20:57:29.000127-07:00,write,key-9,820.894,177,false,leaderless,90
2026-04-03T20:57:29.000017-07:00,write,key-7,821.078,183,false,leaderless,90
2026-04-03T20:57:29.000074-07:00,write,key-4,821.051,195,false,leaderless,90
2026-04-03T20:57:29.000359-07:00,write,key-1,820.815,197,false,leaderless,90
2026-04-03T20:57:29.001552-07:00,write,key-7,819.637,185,false,leaderless,90
2026-04-03T20:57:29.820157-07:00,read,key-9,1.296,177,false,leaderless,90
2026-04-03T20:57:29.820642-07:00,read,key-2,1.479,170,false,leaderless,90
2026-04-03T20:57:29.819751-07:00,write,key-5,821.232,206,false,leaderless,90
2026-04-03T20:57:29.820446-07:00,write,key-6,820.767,179,false,leaderless,90
2026-04-03T20:57:29.819918-07:00,write,key-4,821.307,197,false,leaderless,90
2026-04-03T20:57:29.820229-07:00,write,key-8,821.086,163,false,leaderless,90
2026-04-03T20:57:29.821123-07:00,write,key-3,820.233,168,false,leaderless,90
2026-04-03T20:57:29.820578-07:00,write,key-0,820.820,175,false,leaderless,90
2026-04-03T20:57:29.819421-07:00,write,key-9,822.124,179,false,leaderless,90
2026-04-03T20:57:29.821021-07:00,write,key-8,820.572,164,false,leaderless,90
2026-04-03T20:57:29.820064-07:00,write,key-1,821.563,199,false,leaderless,90
2026-04-03T20:57:29.819994-07:00,write,key-4,821.674,198,false,leaderless,90
2026-04-03T20:57:29.819604-07:00,write,key-1,822.099,198,false,leaderless,90
2026-04-03T20:57:29.820371-07:00,write,key-4,821.375,199,false,leaderless,90
2026-04-03T20:57:29.821189-07:00,write,key-5,820.581,207,false,leaderless,90
2026-04-03T20:57:29.820942-07:00,write,key-9,820.875,178,false,leaderless,90
2026-04-03T20:57:29.822124-07:00,write,key-6,819.758,180,false,leaderless,90
2026-04-03T20:57:29.821094-07:00,write,key-4,820.843,200,false,leaderless,90
2026-04-03T20:57:29.821457-07:00,write,key-4,820.486,201,false,leaderless,90
2026-04-03T20:57:29.820302-07:00,write,key-7,821.678,186,false,leaderless,90
2026-04-03T20:57:29.82051-07:00,write,key-2,821.495,171,false,leaderless,90
2026-04-03T20:57:29.821173-07:00,write,key-0,820.834,176,false,leaderless,90
2026-04-03T20:57:30.641432-07:00,read,key-4,3.558,201,false,leaderless,90
2026-04-03T20:57:30.641666-07:00,read,key-1,3.330,199,false,leaderless,90
2026-04-03T20:57:30.642004-07:00,read,key-5,3.119,207,false,leaderless,90
2026-04-03T20:57:30.644998-07:00,read,key-4,0.726,201,false,leaderless,90
2026-04-03T20:57:30.645727-07:00,read,key-9,0.814,179,false,leaderless,90
2026-04-03T20:57:30.645126-07:00,read,key-4,2.955,203,false,leaderless,90
2026-04-03T20:57:30.642006-07:00,write,key-3,819.265,170,false,leaderless,90
2026-04-03T20:57:30.641746-07:00,write,key-1,819.787,200,false,leaderless,90
2026-04-03T20:57:30.641702-07:00,write,key-1,819.950,201,false,leaderless,90
2026-04-03T20:57:30.641489-07:00,write,key-2,820.275,174,false,leaderless,90
2026-04-03T20:57:30.648084-07:00,write,key-3,813.763,171,false,leaderless,90
2026-04-03T20:57:30.641881-07:00,write,key-2,820.067,172,false,leaderless,90
2026-04-03T20:57:30.641979-07:00,write,key-7,820.049,187,false,leaderless,90
2026-04-03T20:57:30.640995-07:00,write,key-3,821.117,169,false,leaderless,90
2026-04-03T20:57:30.641769-07:00,write,key-5,820.416,208,false,leaderless,90
2026-04-03T20:57:30.641314-07:00,write,key-1,820.972,202,false,leaderless,90
2026-04-03T20:57:30.641942-07:00,write,key-8,820.418,165,false,leaderless,90
2026-04-03T20:57:30.641213-07:00,write,key-5,821.217,209,false,leaderless,90
2026-04-03T20:57:30.641626-07:00,write,key-4,820.870,203,false,leaderless,90
2026-04-03T20:57:30.645-07:00,write,key-1,817.571,203,false,leaderless,90
2026-04-03T20:57:30.641592-07:00,write,key-5,821.046,210,false,leaderless,90
2026-04-03T20:57:30.641544-07:00,write,key-2,821.195,173,false,leaderless,90
2026-04-03T20:57:30.641936-07:00,write,key-9,820.871,180,false,leaderless,90
2026-04-03T20:57:30.646543-07:00,write,key-1,816.649,204,false,leaderless,90
2026-04-03T20:57:30.641227-07:00,write,key-4,822.031,202,false,leaderless,90
2026-04-03T20:57:30.641816-07:00,write,key-0,821.516,177,false,leaderless,90
2026-04-03T20:57:31.462496-07:00,read,key-3,3.525,171,false,leaderless,90
2026-04-03T20:57:31.461283-07:00,write,key-0,815.028,179,false,leaderless,90
2026-04-03T20:57:31.461652-07:00,write,key-1,814.794,206,false,leaderless,90
2026-04-03T20:57:31.462429-07:00,write,key-4,814.094,206,false,leaderless,90
2026-04-03T20:57:31.463191-07:00,write,key-4,813.395,204,false,leaderless,90
2026-04-03T20:57:31.462738-07:00,write,key-6,813.909,181,false,leaderless,90
2026-04-03T20:57:31.462111-07:00,write,key-5,814.634,213,false,leaderless,90
2026-04-03T20:57:31.46236-07:00,write,key-5,814.444,211,false,leaderless,90
2026-04-03T20:57:31.463258-07:00,write,key-7,813.623,188,false,leaderless,90
2026-04-03T20:57:31.463331-07:00,write,key-1,813.610,205,false,leaderless,90
2026-04-03T20:57:31.461949-07:00,write,key-7,815.122,189,false,leaderless,90
2026-04-03T20:57:31.462028-07:00,write,key-8,815.101,167,false,leaderless,90
2026-04-03T20:57:31.462571-07:00,write,key-4,814.618,205,false,leaderless,90
2026-04-03T20:57:31.462184-07:00,write,key-8,815.058,166,false,leaderless,90
2026-04-03T20:57:31.466027-07:00,write,key-3,813.397,172,false,leaderless,90
2026-04-03T20:57:31.462806-07:00,write,key-5,816.705,212,false,leaderless,90
2026-04-03T20:57:31.461533-07:00,write,key-0,818.068,178,false,leaderless,90
2026-04-03T20:57:31.461763-07:00,write,key-2,817.905,176,false,leaderless,90
2026-04-03T20:57:31.461847-07:00,write,key-2,819.083,175,false,leaderless,90
2026-04-03T20:57:31.462285-07:00,write,key-4,818.719,208,false,leaderless,90
2026-04-03T20:57:32.279509-07:00,read,key-9,2.647,180,false,leaderless,90
2026-04-03T20:57:32.276647-07:00,read,key-7,5.610,189,false,leaderless,90
2026-04-03T20:57:32.276804-07:00,read,key-0,5.849,179,false,leaderless,90
2026-04-03T20:57:31.462637-07:00,write,key-4,820.821,207,false,leaderless,90
2026-04-03T20:57:32.279667-07:00,read,key-2,3.886,176,false,leaderless,90
2026-04-03T20:57:32.283462-07:00,write,key-4,815.437,212,false,leaderless,90
2026-04-03T20:57:32.277242-07:00,write,key-6,822.037,183,false,leaderless,90
2026-04-03T20:57:32.276446-07:00,write,key-1,822.891,208,false,leaderless,90
2026-04-03T20:57:32.282159-07:00,write,key-3,817.235,175,false,leaderless,90
2026-04-03T20:57:32.277129-07:00,write,key-7,822.313,192,false,leaderless,90
2026-04-03T20:57:32.280929-07:00,write,key-1,818.575,207,false,leaderless,90
2026-04-03T20:57:32.281003-07:00,write,key-3,818.534,173,false,leaderless,90
2026-04-03T20:57:32.276744-07:00,write,key-3,822.869,174,false,leaderless,90
2026-04-03T20:57:32.279425-07:00,write,key-7,820.237,190,false,leaderless,90
2026-04-03T20:57:32.276939-07:00,write,key-6,822.787,182,false,leaderless,90
2026-04-03T20:57:32.283555-07:00,write,key-4,816.215,211,false,leaderless,90
2026-04-03T20:57:32.2796-07:00,write,key-5,820.216,214,false,leaderless,90
2026-04-03T20:57:32.276318-07:00,write,key-6,823.540,184,false,leaderless,90
2026-04-03T20:57:32.27688-07:00,write,key-8,823.033,168,false,leaderless,90
2026-04-03T20:57:32.28226-07:00,write,key-4,817.701,210,false,leaderless,90
2026-04-03T20:57:32.276523-07:00,write,key-7,823.481,191,false,leaderless,90
2026-04-03T20:57:32.277071-07:00,write,key-2,822.980,177,false,leaderless,90
2026-04-03T20:57:32.282655-07:00,write,key-5,817.440,215,false,leaderless,90
2026-04-03T20:57:32.277188-07:00,write,key-2,822.951,178,false,leaderless,90
2026-04-03T20:57:32.276586-07:00,write,key-4,823.596,209,false,leaderless,90
2026-04-03T20:57:33.099536-07:00,read,key-9,2.355,180,false,leaderless,90
2026-04-03T20:57:33.100003-07:00,write,key-1,816.194,209,false,leaderless,90
2026-04-03T20:57:33.100138-07:00,write,key-2,818.923,180,false,leaderless,90
2026-04-03T20:57:33.099278-07:00,write,key-0,821.118,182,false,leaderless,90
2026-04-03T20:57:33.098901-07:00,write,key-1,821.576,213,false,leaderless,90
2026-04-03T20:57:33.100049-07:00,write,key-1,820.485,210,false,leaderless,90
2026-04-03T20:57:33.099336-07:00,write,key-0,821.260,181,false,leaderless,90
2026-04-03T20:57:33.099613-07:00,write,key-9,821.036,182,false,leaderless,90
2026-04-03T20:57:33.100094-07:00,write,key-4,820.818,214,false,leaderless,90
2026-04-03T20:57:33.099856-07:00,write,key-9,821.110,181,false,leaderless,90
2026-04-03T20:57:33.100181-07:00,write,key-2,820.839,179,false,leaderless,90
2026-04-03T20:57:33.099661-07:00,write,key-1,821.415,211,false,leaderless,90
2026-04-03T20:57:33.101894-07:00,write,key-9,819.236,184,false,leaderless,90
2026-04-03T20:57:33.099769-07:00,write,key-0,822.742,183,false,leaderless,90
2026-04-03T20:57:33.099816-07:00,write,key-4,822.707,213,false,leaderless,90
2026-04-03T20:57:33.099725-07:00,write,key-9,822.839,183,false,leaderless,90
2026-04-03T20:57:33.099913-07:00,write,key-0,822.680,180,false,leaderless,90
2026-04-03T20:57:33.099504-07:00,write,key-1,823.111,212,false,leaderless,90
2026-04-03T20:57:33.099441-07:00,write,key-3,823.193,176,false,leaderless,90
2026-04-03T20:57:33.099394-07:00,write,key-6,823.291,185,false,leaderless,90
2026-04-03T20:57:33.09996-07:00,write,key-7,822.769,193,false,leaderless,90
2026-04-03T20:57:33.921075-07:00,read,key-4,2.413,214,false,leaderless,90
2026-04-03T20:57:33.9162-07:00,write,key-6,828.668,187,false,leaderless,90
2026-04-03T20:57:33.920912-07:00,write,key-9,825.045,186,false,leaderless,90
2026-04-03T20:57:33.922684-07:00,write,key-7,823.377,198,false,leaderless,90
2026-04-03T20:57:33.922511-07:00,write,key-6,823.628,189,false,leaderless,90
2026-04-03T20:57:33.920595-07:00,write,key-7,825.620,194,false,leaderless,90
2026-04-03T20:57:33.922633-07:00,write,key-9,823.671,187,false,leaderless,90
2026-04-03T20:57:33.922613-07:00,write,key-6,823.753,188,false,leaderless,90
2026-04-03T20:57:33.920965-07:00,write,key-9,825.453,185,false,leaderless,90
2026-04-03T20:57:33.920398-07:00,write,key-0,826.047,184,false,leaderless,90
2026-04-03T20:57:33.920534-07:00,write,key-2,825.946,181,false,leaderless,90
2026-04-03T20:57:33.921129-07:00,write,key-3,825.423,178,false,leaderless,90
2026-04-03T20:57:33.922563-07:00,write,key-2,824.037,182,false,leaderless,90
2026-04-03T20:57:33.920649-07:00,write,key-3,826.114,177,false,leaderless,90
2026-04-03T20:57:33.922592-07:00,write,key-7,824.225,196,false,leaderless,90
2026-04-03T20:57:33.921019-07:00,write,key-6,825.846,186,false,leaderless,90
2026-04-03T20:57:33.922727-07:00,write,key-1,824.178,214,false,leaderless,90
2026-04-03T20:57:33.923491-07:00,write,key-9,823.495,188,false,leaderless,90
2026-04-03T20:57:33.920476-07:00,write,key-0,826.547,185,false,leaderless,90
2026-04-03T20:57:33.922521-07:00,write,key-7,824.550,197,false,leaderless,90
2026-04-03T20:57:33.919063-07:00,write,key-7,828.048,195,false,leaderless,90
2026-04-03T20:57:34.747022-07:00,write,key-7,819.891,201,false,leaderless,90
2026-04-03T20:57:34.746365-07:00,write,key-7,820.682,199,false,leaderless,90
2026-04-03T20:57:34.746214-07:00,write,key-9,820.904,189,false,leaderless,90
2026-04-03T20:57:34.746816-07:00,write,key-7,820.331,200,false,leaderless,90
2026-04-03T20:57:34.746985-07:00,write,key-6,820.208,191,false,leaderless,90
2026-04-03T20:57:34.746444-07:00,write,key-3,820.777,180,false,leaderless,90
2026-04-03T20:57:34.746417-07:00,write,key-4,820.861,215,false,leaderless,90
2026-04-03T20:57:34.746761-07:00,write,key-6,820.581,193,false,leaderless,90
2026-04-03T20:57:34.744878-07:00,write,key-5,822.563,216,false,leaderless,90
2026-04-03T20:57:34.746905-07:00,write,key-0,820.632,187,false,leaderless,90
2026-04-03T20:57:34.746552-07:00,write,key-6,820.989,192,false,leaderless,90
2026-04-03T20:57:34.747071-07:00,write,key-1,820.531,215,false,leaderless,90
2026-04-03T20:57:34.746865-07:00,write,key-8,820.743,170,false,leaderless,90
2026-04-03T20:57:34.7466-07:00,write,key-0,821.070,188,false,leaderless,90
2026-04-03T20:57:34.746061-07:00,write,key-2,821.613,183,false,leaderless,90
2026-04-03T20:57:34.74648-07:00,write,key-8,821.260,171,false,leaderless,90
2026-04-03T20:57:34.746302-07:00,write,key-8,821.480,169,false,leaderless,90
2026-04-03T20:57:34.746138-07:00,write,key-0,821.671,186,false,leaderless,90
2026-04-03T20:57:34.74711-07:00,write,key-6,820.735,190,false,leaderless,90
2026-04-03T20:57:34.745959-07:00,write,key-3,821.913,179,false,leaderless,90
2026-04-03T20:57:35.567871-07:00,read,key-9,0.988,189,false,leaderless,90
2026-04-03T20:57:35.567221-07:00,write,key-4,821.712,217,false,leaderless,90
2026-04-03T20:57:35.567601-07:00,write,key-2,821.554,185,false,leaderless,90
2026-04-03T20:57:35.56744-07:00,write,key-5,821.826,219,false,leaderless,90
2026-04-03T20:57:35.567118-07:00,write,key-0,822.184,189,false,leaderless,90
2026-04-03T20:57:35.567146-07:00,write,key-0,822.268,190,false,leaderless,90
2026-04-03T20:57:35.567845-07:00,write,key-5,821.709,220,false,leaderless,90
2026-04-03T20:57:35.567607-07:00,write,key-6,822.017,194,false,leaderless,90
2026-04-03T20:57:35.567193-07:00,write,key-4,822.506,216,false,leaderless,90
2026-04-03T20:57:35.566925-07:00,write,key-5,822.838,217,false,leaderless,90
2026-04-03T20:57:35.567047-07:00,write,key-8,822.781,172,false,leaderless,90
2026-04-03T20:57:35.567781-07:00,write,key-2,822.115,184,false,leaderless,90
2026-04-03T20:57:35.56754-07:00,write,key-4,822.410,218,false,leaderless,90
2026-04-03T20:57:35.567808-07:00,write,key-9,822.200,190,false,leaderless,90
2026-04-03T20:57:35.567535-07:00,write,key-2,822.504,186,false,leaderless,90
2026-04-03T20:57:35.567669-07:00,write,key-8,822.397,173,false,leaderless,90
2026-04-03T20:57:35.567278-07:00,write,key-5,822.800,218,false,leaderless,90
2026-04-03T20:57:35.568863-07:00,write,key-0,821.275,191,false,leaderless,90
2026-04-03T20:57:35.567739-07:00,write,key-4,822.452,219,false,leaderless,90
2026-04-03T20:57:35.567342-07:00,write,key-4,822.877,220,false,leaderless,90
2026-04-03T20:57:36.389266-07:00,read,key-2,1.068,186,false,leaderless,90
2026-04-03T20:57:35.567673-07:00,write,key-7,822.718,202,false,leaderless,90
2026-04-03T20:57:36.389624-07:00,write,key-0,812.666,192,false,leaderless,90
2026-04-03T20:57:36.389553-07:00,write,key-6,812.882,198,false,leaderless,90
2026-04-03T20:57:36.390218-07:00,write,key-0,812.346,194,false,leaderless,90
2026-04-03T20:57:36.389949-07:00,write,key-5,812.721,221,false,leaderless,90
2026-04-03T20:57:36.389413-07:00,write,key-6,813.343,197,false,leaderless,90
2026-04-03T20:57:36.390339-07:00,write,key-9,812.507,191,false,leaderless,90
2026-04-03T20:57:36.390039-07:00,write,key-6,813.321,200,false,leaderless,90
2026-04-03T20:57:36.388941-07:00,write,key-6,814.476,196,false,leaderless,90
2026-04-03T20:57:36.389762-07:00,write,key-1,813.735,218,false,leaderless,90
2026-04-03T20:57:36.390137-07:00,write,key-3,813.382,181,false,leaderless,90
2026-04-03T20:57:36.390077-07:00,write,key-5,813.693,223,false,leaderless,90
2026-04-03T20:57:36.39039-07:00,write,key-0,813.607,195,false,leaderless,90
2026-04-03T20:57:36.389301-07:00,write,key-1,814.843,216,false,leaderless,90
2026-04-03T20:57:36.389827-07:00,write,key-5,814.377,222,false,leaderless,90
2026-04-03T20:57:36.39019-07:00,write,key-1,814.067,219,false,leaderless,90
2026-04-03T20:57:36.390006-07:00,write,key-6,814.310,199,false,leaderless,90
2026-04-03T20:57:36.389155-07:00,write,key-6,815.219,195,false,leaderless,90
2026-04-03T20:57:36.389895-07:00,write,key-5,814.539,224,false,leaderless,90
2026-04-03T20:57:36.390065-07:00,write,key-0,814.423,193,false,leaderless,90
2026-04-03T20:57:36.389699-07:00,write,key-1,814.843,217,false,leaderless,90
2026-04-03T20:57:37.203997-07:00,read,key-2,2.432,188,false,leaderless,90
2026-04-03T20:57:37.204316-07:00,read,key-9,2.117,191,false,leaderless,90
2026-04-03T20:57:37.203416-07:00,read,key-9,3.074,191,false,leaderless,90
2026-04-03T20:57:37.206435-07:00,read,key-0,0.940,195,false,leaderless,90
2026-04-03T20:57:37.202435-07:00,write,key-4,817.979,224,false,leaderless,90
2026-04-03T20:57:37.204541-07:00,write,key-7,815.926,203,false,leaderless,90
2026-04-03T20:57:37.203496-07:00,write,key-3,817.073,183,false,leaderless,90
2026-04-03T20:57:37.202846-07:00,write,key-8,817.782,174,false,leaderless,90
2026-04-03T20:57:37.204204-07:00,write,key-2,816.476,187,false,leaderless,90
2026-04-03T20:57:37.204144-07:00,write,key-4,816.563,221,false,leaderless,90
2026-04-03T20:57:37.202563-07:00,write,key-4,818.183,222,false,leaderless,90
2026-04-03T20:57:38.020679-07:00,read,key-5,0.765,225,false,leaderless,90
2026-04-03T20:57:37.206431-07:00,write,key-6,815.023,204,false,leaderless,90
2026-04-03T20:57:37.203519-07:00,write,key-5,818.179,225,false,leaderless,90
2026-04-03T20:57:37.202669-07:00,write,key-6,819.043,202,false,leaderless,90
2026-04-03T20:57:37.204257-07:00,write,key-1,817.513,220,false,leaderless,90
2026-04-03T20:57:37.202293-07:00,write,key-6,819.492,203,false,leaderless,90
2026-04-03T20:57:37.202755-07:00,write,key-4,819.093,223,false,leaderless,90
2026-04-03T20:57:37.204487-07:00,write,key-9,817.390,192,false,leaderless,90
2026-04-03T20:57:37.203769-07:00,write,key-3,818.149,182,false,leaderless,90
2026-04-03T20:57:37.207377-07:00,write,key-6,814.578,205,false,leaderless,90
2026-04-03T20:57:37.206492-07:00,write,key-1,815.499,221,false,leaderless,90
2026-04-03T20:57:37.204434-07:00,write,key-6,817.596,201,false,leaderless,90
2026-04-03T20:57:37.203359-07:00,write,key-8,818.706,175,false,leaderless,90
2026-04-03T20:57:37.204374-07:00,write,key-2,817.729,188,false,leaderless,90
2026-04-03T20:57:38.02203-07:00,write,key-4,813.614,230,false,leaderless,90
2026-04-03T20:57:38.021453-07:00,write,key-9,814.298,193,false,leaderless,90
2026-04-03T20:57:38.022065-07:00,write,key-0,813.745,198,false,leaderless,90
2026-04-03T20:57:38.02042-07:00,write,key-2,815.451,189,false,leaderless,90
2026-04-03T20:57:38.020627-07:00,write,key-4,815.299,226,false,leaderless,90
2026-04-03T20:57:38.021697-07:00,write,key-2,814.283,191,false,leaderless,90
2026-04-03T20:57:38.021918-07:00,write,key-9,814.115,194,false,leaderless,90
2026-04-03T20:57:38.021848-07:00,write,key-3,814.240,185,false,leaderless,90
2026-04-03T20:57:38.021769-07:00,write,key-5,814.373,226,false,leaderless,90
2026-04-03T20:57:38.020706-07:00,write,key-0,815.489,197,false,leaderless,90
2026-04-03T20:57:38.020746-07:00,write,key-4,815.501,225,false,leaderless,90
2026-04-03T20:57:38.021712-07:00,write,key-4,814.588,227,false,leaderless,90
2026-04-03T20:57:38.02199-07:00,write,key-4,814.324,229,false,leaderless,90
2026-04-03T20:57:38.022102-07:00,write,key-7,814.249,204,false,leaderless,90
2026-04-03T20:57:38.020467-07:00,write,key-3,815.911,184,false,leaderless,90
2026-04-03T20:57:38.021877-07:00,write,key-1,814.525,222,false,leaderless,90
2026-04-03T20:57:38.020569-07:00,write,key-0,815.862,196,false,leaderless,90
2026-04-03T20:57:38.021785-07:00,write,key-2,814.673,190,false,leaderless,90
2026-04-03T20:57:38.021954-07:00,write,key-3,814.530,186,false,leaderless,90
2026-04-03T20:57:38.021448-07:00,write,key-4,815.058,228,false,leaderless,90
2026-04-03T20:57:38.836401-07:00,read,key-1,1.440,222,false,leaderless,90
2026-04-03T20:57:38.836246-07:00,write,key-5,817.134,227,false,leaderless,90
2026-04-03T20:57:38.836299-07:00,write,key-2,817.835,193,false,leaderless,90
2026-04-03T20:57:38.837845-07:00,write,key-8,817.933,177,false,leaderless,90
2026-04-03T20:57:38.836505-07:00,write,key-1,819.363,224,false,leaderless,90
2026-04-03T20:57:38.835925-07:00,write,key-1,820.013,223,false,leaderless,90
2026-04-03T20:57:38.835646-07:00,write,key-8,820.571,176,false,leaderless,90
2026-04-03T20:57:38.836313-07:00,write,key-6,819.960,208,false,leaderless,90
2026-04-03T20:57:38.835751-07:00,write,key-1,820.579,225,false,leaderless,90
2026-04-03T20:57:38.836483-07:00,write,key-3,819.903,187,false,leaderless,90
2026-04-03T20:57:38.836457-07:00,write,key-7,819.986,205,false,leaderless,90
2026-04-03T20:57:38.836377-07:00,write,key-4,821.278,232,false,leaderless,90
2026-04-03T20:57:38.836141-07:00,write,key-7,821.531,206,false,leaderless,90
2026-04-03T20:57:38.83643-07:00,write,key-2,821.275,192,false,leaderless,90
2026-04-03T20:57:38.83635-07:00,write,key-6,821.383,206,false,leaderless,90
2026-04-03T20:57:38.836195-07:00,write,key-4,821.568,233,false,leaderless,90
2026-04-03T20:57:38.836032-07:00,write,key-6,821.762,207,false,leaderless,90
2026-04-03T20:57:38.83587-07:00,write,key-0,821.947,199,false,leaderless,90
2026-04-03T20:57:38.836087-07:00,write,key-9,821.771,195,false,leaderless,90
2026-04-03T20:57:38.835809-07:00,write,key-9,822.081,196,false,leaderless,90
2026-04-03T20:57:38.835979-07:00,write,key-4,821.919,231,false,leaderless,90
2026-04-03T20:57:39.657897-07:00,read,key-7,1.078,206,false,leaderless,90
2026-04-03T20:57:39.655868-07:00,write,key-6,818.107,209,false,leaderless,90
2026-04-03T20:57:39.656442-07:00,write,key-3,817.994,188,false,leaderless,90
2026-04-03T20:57:39.655938-07:00,write,key-1,818.606,226,false,leaderless,90
2026-04-03T20:57:39.657655-07:00,write,key-5,816.970,232,false,leaderless,90
2026-04-03T20:57:39.656273-07:00,write,key-6,818.443,210,false,leaderless,90
2026-04-03T20:57:39.657704-07:00,write,key-0,817.029,202,false,leaderless,90
2026-04-03T20:57:39.657793-07:00,write,key-7,817.018,208,false,leaderless,90
2026-04-03T20:57:39.656329-07:00,write,key-5,818.489,230,false,leaderless,90
2026-04-03T20:57:39.657672-07:00,write,key-4,817.216,234,false,leaderless,90
2026-04-03T20:57:39.657762-07:00,write,key-0,817.140,204,false,leaderless,90
2026-04-03T20:57:39.657816-07:00,write,key-6,817.168,211,false,leaderless,90
2026-04-03T20:57:39.656217-07:00,write,key-8,818.834,178,false,leaderless,90
2026-04-03T20:57:39.657889-07:00,write,key-0,817.178,203,false,leaderless,90
2026-04-03T20:57:39.655779-07:00,write,key-5,819.430,229,false,leaderless,90
2026-04-03T20:57:39.656386-07:00,write,key-5,819.022,228,false,leaderless,90
2026-04-03T20:57:39.657733-07:00,write,key-5,817.677,231,false,leaderless,90
2026-04-03T20:57:39.653383-07:00,write,key-7,822.043,207,false,leaderless,90
2026-04-03T20:57:39.657857-07:00,write,key-0,817.599,201,false,leaderless,90
2026-04-03T20:57:39.658979-07:00,write,key-1,816.485,227,false,leaderless,90
2026-04-03T20:57:39.654135-07:00,write,key-0,821.510,200,false,leaderless,90
2026-04-03T20:57:40.475462-07:00,write,key-8,818.139,180,false,leaderless,90
2026-04-03T20:57:40.474817-07:00,write,key-7,818.999,209,false,leaderless,90
2026-04-03T20:57:40.474436-07:00,write,key-9,819.483,197,false,leaderless,90
2026-04-03T20:57:40.474624-07:00,write,key-4,819.380,235,false,leaderless,90
2026-04-03T20:57:40.475066-07:00,write,key-1,819.128,228,false,leaderless,90
2026-04-03T20:57:40.474902-07:00,write,key-3,819.370,190,false,leaderless,90
2026-04-03T20:57:40.475051-07:00,write,key-7,819.297,210,false,leaderless,90
2026-04-03T20:57:40.475408-07:00,write,key-3,819.014,192,false,leaderless,90
2026-04-03T20:57:40.475208-07:00,write,key-2,819.297,195,false,leaderless,90
2026-04-03T20:57:40.475408-07:00,write,key-9,819.181,199,false,leaderless,90
2026-04-03T20:57:40.474733-07:00,write,key-4,819.932,236,false,leaderless,90
2026-04-03T20:57:40.475455-07:00,write,key-8,819.345,179,false,leaderless,90
2026-04-03T20:57:40.475425-07:00,write,key-4,819.720,237,false,leaderless,90
2026-04-03T20:57:40.47481-07:00,write,key-6,820.416,212,false,leaderless,90
2026-04-03T20:57:40.474544-07:00,write,key-6,820.749,213,false,leaderless,90
2026-04-03T20:57:40.474716-07:00,write,key-2,820.641,194,false,leaderless,90
2026-04-03T20:57:40.474888-07:00,write,key-9,820.594,198,false,leaderless,90
2026-04-03T20:57:40.473994-07:00,write,key-0,821.553,205,false,leaderless,90
2026-04-03T20:57:40.475645-07:00,write,key-3,819.965,191,false,leaderless,90
2026-04-03T20:57:41.294664-07:00,read,key-6,1.047,213,false,leaderless,90
2026-04-03T20:57:41.294505-07:00,read,key-4,1.267,237,false,leaderless,90
2026-04-03T20:57:40.474983-07:00,write,key-3,820.862,189,false,leaderless,90
2026-04-03T20:57:41.294799-07:00,read,key-4,2.994,237,false,leaderless,90
2026-04-03T20:57:41.294587-07:00,write,key-0,809.831,206,false,leaderless,90
2026-04-03T20:57:41.295546-07:00,write,key-1,809.037,229,false,leaderless,90
2026-04-03T20:57:41.295292-07:00,write,key-0,809.385,207,false,leaderless,90
2026-04-03T20:57:41.293816-07:00,write,key-8,810.966,181,false,leaderless,90
2026-04-03T20:57:41.295775-07:00,write,key-5,809.098,233,false,leaderless,90
2026-04-03T20:57:41.293921-07:00,write,key-2,811.060,196,false,leaderless,90
2026-04-03T20:57:41.295717-07:00,write,key-9,809.369,201,false,leaderless,90
2026-04-03T20:57:41.294193-07:00,write,key-7,810.973,211,false,leaderless,90
2026-04-03T20:57:41.295144-07:00,write,key-3,810.969,194,false,leaderless,90
2026-04-03T20:57:41.29548-07:00,write,key-8,810.743,184,false,leaderless,90
2026-04-03T20:57:41.295225-07:00,write,key-6,811.064,214,false,leaderless,90
2026-04-03T20:57:41.293609-07:00,write,key-4,812.764,238,false,leaderless,90
2026-04-03T20:57:41.294003-07:00,write,key-8,813.730,182,false,leaderless,90
2026-04-03T20:57:41.294272-07:00,write,key-3,813.500,193,false,leaderless,90
2026-04-03T20:57:41.294348-07:00,write,key-2,813.481,197,false,leaderless,90
2026-04-03T20:57:41.295357-07:00,write,key-9,812.504,200,false,leaderless,90
2026-04-03T20:57:41.29561-07:00,write,key-7,812.277,212,false,leaderless,90
2026-04-03T20:57:41.294422-07:00,write,key-8,813.505,183,false,leaderless,90
2026-04-03T20:57:42.107926-07:00,read,key-2,0.622,197,false,leaderless,90
2026-04-03T20:57:41.297796-07:00,write,key-8,812.490,185,false,leaderless,90
2026-04-03T20:57:41.295844-07:00,write,key-7,814.788,213,false,leaderless,90
2026-04-03T20:57:42.106223-07:00,write,key-4,823.460,239,false,leaderless,90
2026-04-03T20:57:42.106372-07:00,write,key-8,823.397,187,false,leaderless,90
2026-04-03T20:57:42.110632-07:00,write,key-1,819.051,232,false,leaderless,90
2026-04-03T20:57:42.107733-07:00,write,key-5,822.089,234,false,leaderless,90
2026-04-03T20:57:42.110285-07:00,write,key-9,819.579,204,false,leaderless,90
2026-04-03T20:57:42.104422-07:00,write,key-7,825.477,215,false,leaderless,90
2026-04-03T20:57:42.107771-07:00,write,key-2,822.156,199,false,leaderless,90
2026-04-03T20:57:42.108553-07:00,write,key-1,821.405,231,false,leaderless,90
2026-04-03T20:57:42.104677-07:00,write,key-3,825.339,195,false,leaderless,90
2026-04-03T20:57:42.104981-07:00,write,key-9,825.111,203,false,leaderless,90
2026-04-03T20:57:42.107828-07:00,write,key-7,822.490,216,false,leaderless,90
2026-04-03T20:57:42.104874-07:00,write,key-9,825.501,202,false,leaderless,90
2026-04-03T20:57:42.105166-07:00,write,key-7,825.261,214,false,leaderless,90
2026-04-03T20:57:42.105085-07:00,write,key-6,825.394,215,false,leaderless,90
2026-04-03T20:57:42.106288-07:00,write,key-6,824.225,216,false,leaderless,90
2026-04-03T20:57:42.106113-07:00,write,key-1,824.413,230,false,leaderless,90
2026-04-03T20:57:42.104782-07:00,write,key-2,825.831,198,false,leaderless,90
2026-04-03T20:57:42.104582-07:00,write,key-8,826.099,186,false,leaderless,90
2026-04-03T20:57:42.107861-07:00,write,key-8,822.908,188,false,leaderless,90
2026-04-03T20:57:42.107886-07:00,write,key-2,822.953,200,false,leaderless,90
2026-04-03T20:57:42.930092-07:00,read,key-7,2.267,216,false,leaderless,90
2026-04-03T20:57:42.930612-07:00,read,key-3,1.931,195,false,leaderless,90
2026-04-03T20:57:42.930015-07:00,write,key-7,817.436,217,false,leaderless,90
2026-04-03T20:57:42.932365-07:00,write,key-8,815.425,191,false,leaderless,90
2026-04-03T20:57:42.930374-07:00,write,key-8,817.492,189,false,leaderless,90
2026-04-03T20:57:42.930768-07:00,write,key-0,817.206,209,false,leaderless,90
2026-04-03T20:57:42.929957-07:00,write,key-9,818.120,205,false,leaderless,90
2026-04-03T20:57:42.929803-07:00,write,key-1,818.395,234,false,leaderless,90
2026-04-03T20:57:42.929822-07:00,write,key-7,818.467,218,false,leaderless,90
2026-04-03T20:57:42.930557-07:00,write,key-3,817.827,196,false,leaderless,90
2026-04-03T20:57:42.930839-07:00,write,key-1,817.673,235,false,leaderless,90
2026-04-03T20:57:42.929927-07:00,write,key-5,818.658,235,false,leaderless,90
2026-04-03T20:57:42.929898-07:00,write,key-1,818.770,233,false,leaderless,90
2026-04-03T20:57:42.929768-07:00,write,key-9,818.971,207,false,leaderless,90
2026-04-03T20:57:42.932545-07:00,write,key-4,816.263,240,false,leaderless,90
2026-04-03T20:57:42.930478-07:00,write,key-9,818.399,208,false,leaderless,90
2026-04-03T20:57:42.930681-07:00,write,key-0,818.210,210,false,leaderless,90
2026-04-03T20:57:42.930426-07:00,write,key-6,818.535,217,false,leaderless,90
2026-04-03T20:57:42.929686-07:00,write,key-9,819.302,206,false,leaderless,90
2026-04-03T20:57:42.929864-07:00,write,key-8,820.269,190,false,leaderless,90
2026-04-03T20:57:42.930318-07:00,write,key-0,819.863,208,false,leaderless,90
2026-04-03T20:57:42.930513-07:00,write,key-5,819.750,236,false,leaderless,90
2026-04-03T20:57:43.750133-07:00,write,key-4,812.930,244,false,leaderless,90
2026-04-03T20:57:43.747866-07:00,write,key-1,815.437,237,false,leaderless,90
2026-04-03T20:57:43.748383-07:00,write,key-6,815.118,220,false,leaderless,90
2026-04-03T20:57:43.747975-07:00,write,key-3,815.634,197,false,leaderless,90
2026-04-03T20:57:43.750263-07:00,write,key-7,813.452,220,false,leaderless,90
2026-04-03T20:57:43.748197-07:00,write,key-8,815.588,192,false,leaderless,90
2026-04-03T20:57:43.748987-07:00,write,key-4,814.911,243,false,leaderless,90
2026-04-03T20:57:43.748078-07:00,write,key-8,815.902,193,false,leaderless,90
2026-04-03T20:57:43.74896-07:00,write,key-4,815.093,242,false,leaderless,90
2026-04-03T20:57:43.74889-07:00,write,key-8,815.451,194,false,leaderless,90
2026-04-03T20:57:43.747791-07:00,write,key-7,816.598,219,false,leaderless,90
2026-04-03T20:57:43.748288-07:00,write,key-0,816.158,211,false,leaderless,90
2026-04-03T20:57:43.748738-07:00,write,key-1,815.750,238,false,leaderless,90
2026-04-03T20:57:43.748877-07:00,write,key-6,815.982,219,false,leaderless,90
2026-04-03T20:57:43.75018-07:00,write,key-0,814.773,213,false,leaderless,90
2026-04-03T20:57:43.747457-07:00,write,key-1,817.595,236,false,leaderless,90
2026-04-03T20:57:43.748511-07:00,write,key-4,816.598,241,false,leaderless,90
2026-04-03T20:57:43.748584-07:00,write,key-6,816.574,218,false,leaderless,90
2026-04-03T20:57:43.748667-07:00,write,key-0,816.797,212,false,leaderless,90
2026-04-03T20:57:43.748807-07:00,write,key-8,816.732,195,false,leaderless,90
2026-04-03T20:57:44.563608-07:00,read,key-4,4.812,244,false,leaderless,90
2026-04-03T20:57:44.564341-07:00,read,key-4,4.130,244,false,leaderless,90
2026-04-03T20:57:44.564053-07:00,read,key-8,4.424,195,false,leaderless,90
2026-04-03T20:57:44.565157-07:00,read,key-3,4.591,197,false,leaderless,90
2026-04-03T20:57:44.563502-07:00,write,key-5,823.727,239,false,leaderless,90
2026-04-03T20:57:44.563897-07:00,write,key-9,823.483,209,false,leaderless,90
2026-04-03T20:57:44.564952-07:00,write,key-1,822.576,239,false,leaderless,90
2026-04-03T20:57:44.563302-07:00,write,key-0,824.316,214,false,leaderless,90
2026-04-03T20:57:44.565464-07:00,write,key-5,822.240,240,false,leaderless,90
2026-04-03T20:57:44.568433-07:00,write,key-0,819.359,217,false,leaderless,90
2026-04-03T20:57:44.565538-07:00,write,key-2,822.341,201,false,leaderless,90
2026-04-03T20:57:44.563074-07:00,write,key-9,824.982,210,false,leaderless,90
2026-04-03T20:57:44.569753-07:00,write,key-4,818.521,246,false,leaderless,90
2026-04-03T20:57:44.563714-07:00,write,key-5,824.589,237,false,leaderless,90
2026-04-03T20:57:44.564488-07:00,write,key-5,823.850,238,false,leaderless,90
2026-04-03T20:57:44.563979-07:00,write,key-0,824.759,215,false,leaderless,90
2026-04-03T20:57:44.568479-07:00,write,key-9,821.652,213,false,leaderless,90
2026-04-03T20:57:44.563784-07:00,write,key-8,826.463,196,false,leaderless,90
2026-04-03T20:57:44.568475-07:00,write,key-2,821.876,202,false,leaderless,90
2026-04-03T20:57:44.565052-07:00,write,key-9,825.372,212,false,leaderless,90
2026-04-03T20:57:44.564447-07:00,write,key-0,826.480,216,false,leaderless,90
2026-04-03T20:57:44.564404-07:00,write,key-9,826.606,211,false,leaderless,90
2026-04-03T20:57:44.564857-07:00,write,key-7,826.204,221,false,leaderless,90
2026-04-03T20:57:44.565108-07:00,write,key-4,826.039,245,false,leaderless,90
2026-04-03T20:57:45.388055-07:00,read,key-5,6.174,240,false,leaderless,90
2026-04-03T20:57:45.390247-07:00,write,key-7,822.393,222,false,leaderless,90
2026-04-03T20:57:45.390423-07:00,write,key-3,822.242,199,false,leaderless,90
2026-04-03T20:57:45.39106-07:00,write,key-6,821.676,223,false,leaderless,90
2026-04-03T20:57:45.39035-07:00,write,key-9,822.418,215,false,leaderless,90
2026-04-03T20:57:45.387233-07:00,write,key-7,825.578,224,false,leaderless,90
2026-04-03T20:57:45.390132-07:00,write,key-9,822.699,214,false,leaderless,90
2026-04-03T20:57:45.387954-07:00,write,key-4,824.910,250,false,leaderless,90
2026-04-03T20:57:45.394238-07:00,write,key-8,818.639,198,false,leaderless,90
2026-04-03T20:57:45.391009-07:00,write,key-8,821.911,197,false,leaderless,90
2026-04-03T20:57:45.387618-07:00,write,key-3,825.319,198,false,leaderless,90
2026-04-03T20:57:45.390926-07:00,write,key-3,822.038,200,false,leaderless,90
2026-04-03T20:57:45.388273-07:00,write,key-4,824.718,249,false,leaderless,90
2026-04-03T20:57:45.387791-07:00,write,key-4,825.220,251,false,leaderless,90
2026-04-03T20:57:45.388302-07:00,write,key-7,824.738,223,false,leaderless,90
2026-04-03T20:57:45.387528-07:00,write,key-6,825.528,222,false,leaderless,90
2026-04-03T20:57:45.388738-07:00,write,key-4,824.071,247,false,leaderless,90
2026-04-03T20:57:45.388337-07:00,write,key-4,824.787,248,false,leaderless,90
2026-04-03T20:57:45.391147-07:00,write,key-9,821.982,216,false,leaderless,90
2026-04-03T20:57:45.387704-07:00,write,key-5,825.449,241,false,leaderless,90
2026-04-03T20:57:45.387381-07:00,write,key-6,825.774,221,false,leaderless,90
2026-04-03T20:57:46.212877-07:00,read,key-9,4.243,216,false,leaderless,90
2026-04-03T20:57:46.212642-07:00,read,key-9,4.536,216,false,leaderless,90
2026-04-03T20:57:46.21299-07:00,read,key-2,4.303,202,false,leaderless,90
2026-04-03T20:57:46.217121-07:00,read,key-5,0.619,241,false,leaderless,90
2026-04-03T20:57:46.212811-07:00,write,key-4,819.296,253,false,leaderless,90
2026-04-03T20:57:46.21301-07:00,write,key-0,819.192,219,false,leaderless,90
2026-04-03T20:57:46.21292-07:00,write,key-1,819.347,240,false,leaderless,90
2026-04-03T20:57:46.212864-07:00,write,key-4,819.473,252,false,leaderless,90
2026-04-03T20:57:46.21283-07:00,write,key-3,819.555,201,false,leaderless,90
2026-04-03T20:57:46.213128-07:00,write,key-4,819.304,254,false,leaderless,90
2026-04-03T20:57:46.213152-07:00,write,key-2,819.345,204,false,leaderless,90
2026-04-03T20:57:46.213095-07:00,write,key-3,819.439,202,false,leaderless,90
2026-04-03T20:57:46.213154-07:00,write,key-1,819.429,241,false,leaderless,90
2026-04-03T20:57:46.213056-07:00,write,key-9,819.583,217,false,leaderless,90
2026-04-03T20:57:46.217296-07:00,write,key-1,815.386,242,false,leaderless,90
2026-04-03T20:57:46.212963-07:00,write,key-8,819.769,199,false,leaderless,90
2026-04-03T20:57:46.213038-07:00,write,key-7,819.743,226,false,leaderless,90
2026-04-03T20:57:46.217185-07:00,write,key-2,815.648,205,false,leaderless,90
2026-04-03T20:57:46.213123-07:00,write,key-7,819.753,227,false,leaderless,90
2026-04-03T20:57:46.212768-07:00,write,key-2,820.151,203,false,leaderless,90
2026-04-03T20:57:46.212936-07:00,write,key-5,820.036,242,false,leaderless,90
2026-04-03T20:57:46.212735-07:00,write,key-7,820.280,225,false,leaderless,90
2026-04-03T20:57:46.212665-07:00,write,key-0,820.398,218,false,leaderless,90
2026-04-03T20:57:46.217743-07:00,write,key-1,815.362,243,false,leaderless,90
2026-04-03T20:57:47.032533-07:00,read,key-1,3.206,243,false,leaderless,90
2026-04-03T20:57:47.033103-07:00,read,key-7,2.660,227,false,leaderless,90
2026-04-03T20:57:47.032681-07:00,write,key-1,818.300,244,false,leaderless,90
2026-04-03T20:57:47.032266-07:00,write,key-2,818.834,207,false,leaderless,90
2026-04-03T20:57:47.032431-07:00,write,key-3,818.732,203,false,leaderless,90
2026-04-03T20:57:47.035766-07:00,write,key-2,815.458,208,false,leaderless,90
2026-04-03T20:57:47.035742-07:00,write,key-1,815.538,247,false,leaderless,90
2026-04-03T20:57:47.032384-07:00,write,key-1,818.947,245,false,leaderless,90
2026-04-03T20:57:47.033014-07:00,write,key-0,818.371,222,false,leaderless,90
2026-04-03T20:57:47.033062-07:00,write,key-4,818.374,256,false,leaderless,90
2026-04-03T20:57:47.032637-07:00,write,key-4,818.853,255,false,leaderless,90
2026-04-03T20:57:47.032109-07:00,write,key-9,819.427,218,false,leaderless,90
2026-04-03T20:57:47.03278-07:00,write,key-5,818.809,244,false,leaderless,90
2026-04-03T20:57:47.032971-07:00,write,key-0,818.651,220,false,leaderless,90
2026-04-03T20:57:47.032874-07:00,write,key-6,818.762,225,false,leaderless,90
2026-04-03T20:57:47.032582-07:00,write,key-1,819.086,246,false,leaderless,90
2026-04-03T20:57:47.032833-07:00,write,key-0,818.849,221,false,leaderless,90
2026-04-03T20:57:47.032918-07:00,write,key-5,818.803,245,false,leaderless,90
2026-04-03T20:57:47.032335-07:00,write,key-6,819.451,224,false,leaderless,90
2026-04-03T20:57:47.032496-07:00,write,key-4,819.352,257,false,leaderless,90
2026-04-03T20:57:47.032731-07:00,write,key-5,819.169,243,false,leaderless,90
2026-04-03T20:57:47.032201-07:00,write,key-2,819.767,206,false,leaderless,90
2026-04-03T20:57:47.851721-07:00,read,key-0,1.973,222,false,leaderless,90
2026-04-03T20:57:47.851968-07:00,read,key-2,1.746,208,false,leaderless,90
2026-04-03T20:57:47.851163-07:00,read,key-6,2.611,225,false,leaderless,90
2026-04-03T20:57:47.851667-07:00,read,key-0,2.110,222,false,leaderless,90
2026-04-03T20:57:47.851899-07:00,read,key-2,2.056,208,false,leaderless,90
2026-04-03T20:57:47.853957-07:00,read,key-3,0.337,203,false,leaderless,90
2026-04-03T20:57:47.851223-07:00,write,key-5,820.301,246,false,leaderless,90
2026-04-03T20:57:47.851847-07:00,write,key-5,819.776,247,false,leaderless,90
2026-04-03T20:57:47.851681-07:00,write,key-4,820.005,258,false,leaderless,90
2026-04-03T20:57:47.8511-07:00,write,key-7,820.651,228,false,leaderless,90
2026-04-03T20:57:47.85133-07:00,write,key-9,820.783,219,false,leaderless,90
2026-04-03T20:57:47.851279-07:00,write,key-2,820.874,209,false,leaderless,90
2026-04-03T20:57:47.851589-07:00,write,key-1,820.600,250,false,leaderless,90
2026-04-03T20:57:47.851385-07:00,write,key-1,820.970,249,false,leaderless,90
2026-04-03T20:57:47.851489-07:00,write,key-3,820.924,205,false,leaderless,90
2026-04-03T20:57:47.851636-07:00,write,key-1,820.894,248,false,leaderless,90
2026-04-03T20:57:47.850985-07:00,write,key-3,821.628,204,false,leaderless,90
2026-04-03T20:57:47.853696-07:00,write,key-5,818.991,249,false,leaderless,90
2026-04-03T20:57:47.851435-07:00,write,key-9,821.325,220,false,leaderless,90
2026-04-03T20:57:47.851536-07:00,write,key-9,821.302,221,false,leaderless,90
2026-04-03T20:57:47.851785-07:00,write,key-5,821.128,248,false,leaderless,90
2026-04-03T20:57:47.851622-07:00,write,key-8,821.326,200,false,leaderless,90
2026-04-03T20:57:47.853716-07:00,write,key-6,819.264,226,false,leaderless,90
2026-04-03T20:57:47.854296-07:00,write,key-8,818.718,201,false,leaderless,90
2026-04-03T20:57:47.853776-07:00,write,key-3,819.266,206,false,leaderless,90
2026-04-03T20:57:47.853778-07:00,write,key-2,819.454,210,false,leaderless,90
2026-04-03T20:57:48.672912-07:00,read,key-9,3.673,221,false,leaderless,90
2026-04-03T20:57:48.67175-07:00,read,key-3,5.018,206,false,leaderless,90
2026-04-03T20:57:48.676588-07:00,read,key-4,0.931,258,false,leaderless,90
2026-04-03T20:57:48.673232-07:00,write,key-5,815.779,251,false,leaderless,90
2026-04-03T20:57:48.672948-07:00,write,key-0,816.119,224,false,leaderless,90
2026-04-03T20:57:48.672612-07:00,write,key-7,816.503,230,false,leaderless,90
2026-04-03T20:57:48.673041-07:00,write,key-0,816.135,223,false,leaderless,90
2026-04-03T20:57:48.672113-07:00,write,key-4,817.094,260,false,leaderless,90
2026-04-03T20:57:48.671526-07:00,write,key-2,817.713,211,false,leaderless,90
2026-04-03T20:57:48.672412-07:00,write,key-9,816.861,223,false,leaderless,90
2026-04-03T20:57:48.672687-07:00,write,key-3,816.609,207,false,leaderless,90
2026-04-03T20:57:48.672759-07:00,write,key-8,816.578,202,false,leaderless,90
2026-04-03T20:57:48.672354-07:00,write,key-9,817.039,222,false,leaderless,90
2026-04-03T20:57:48.672152-07:00,write,key-2,817.262,212,false,leaderless,90
2026-04-03T20:57:48.677521-07:00,write,key-9,811.922,224,false,leaderless,90
2026-04-03T20:57:48.672837-07:00,write,key-4,816.616,261,false,leaderless,90
2026-04-03T20:57:48.673013-07:00,write,key-3,816.447,208,false,leaderless,90
2026-04-03T20:57:48.67253-07:00,write,key-7,816.961,231,false,leaderless,90
2026-04-03T20:57:48.67298-07:00,write,key-1,816.549,251,false,leaderless,90
2026-04-03T20:57:48.671622-07:00,write,key-4,817.909,259,false,leaderless,90
2026-04-03T20:57:48.672188-07:00,write,key-5,817.381,250,false,leaderless,90
2026-04-03T20:57:48.671686-07:00,write,key-7,818.114,229,false,leaderless,90
2026-04-03T20:57:48.676771-07:00,write,key-1,813.380,252,false,leaderless,90
2026-04-03T20:57:49.489296-07:00,read,key-8,2.741,202,false,leaderless,90
2026-04-03T20:57:49.489452-07:00,write,key-5,813.214,253,false,leaderless,90
2026-04-03T20:57:49.492042-07:00,write,key-3,810.707,210,false,leaderless,90
2026-04-03T20:57:49.489568-07:00,write,key-9,813.224,226,false,leaderless,90
2026-04-03T20:57:49.489528-07:00,write,key-9,813.302,227,false,leaderless,90
2026-04-03T20:57:49.489413-07:00,write,key-5,813.572,252,false,leaderless,90
2026-04-03T20:57:49.489015-07:00,write,key-8,814.049,203,false,leaderless,90
2026-04-03T20:57:49.489206-07:00,write,key-2,813.931,215,false,leaderless,90
2026-04-03T20:57:49.489115-07:00,write,key-9,814.123,225,false,leaderless,90
2026-04-03T20:57:49.489337-07:00,write,key-2,813.978,213,false,leaderless,90
2026-04-03T20:57:49.489067-07:00,write,key-4,814.263,262,false,leaderless,90
2026-04-03T20:57:49.48949-07:00,write,key-2,813.911,214,false,leaderless,90
2026-04-03T20:57:49.489273-07:00,write,key-1,814.138,253,false,leaderless,90
2026-04-03T20:57:49.489459-07:00,write,key-0,813.999,227,false,leaderless,90
2026-04-03T20:57:49.489238-07:00,write,key-0,814.251,225,false,leaderless,90
2026-04-03T20:57:49.489392-07:00,write,key-0,814.128,226,false,leaderless,90
2026-04-03T20:57:49.490151-07:00,write,key-0,813.390,228,false,leaderless,90
2026-04-03T20:57:49.489176-07:00,write,key-3,814.411,209,false,leaderless,90
2026-04-03T20:57:49.489531-07:00,write,key-4,814.503,263,false,leaderless,90
2026-04-03T20:57:49.4898-07:00,write,key-0,814.271,229,false,leaderless,90
2026-04-03T20:57:49.489441-07:00,write,key-0,814.655,230,false,leaderless,90
2026-04-03T20:57:50.302749-07:00,read,key-6,2.617,226,false,leaderless,90
2026-04-03T20:57:50.304095-07:00,read,key-4,1.288,263,false,leaderless,90
2026-04-03T20:57:50.303314-07:00,write,key-7,819.424,232,false,leaderless,90
2026-04-03T20:57:50.303519-07:00,write,key-0,819.291,235,false,leaderless,90
2026-04-03T20:57:50.302791-07:00,write,key-0,820.057,231,false,leaderless,90
2026-04-03T20:57:50.305386-07:00,write,key-0,817.496,236,false,leaderless,90
2026-04-03T20:57:50.303136-07:00,write,key-0,819.769,232,false,leaderless,90
2026-04-03T20:57:50.30267-07:00,write,key-2,820.264,216,false,leaderless,90
2026-04-03T20:57:50.303237-07:00,write,key-9,819.722,229,false,leaderless,90
2026-04-03T20:57:50.303488-07:00,write,key-6,819.501,228,false,leaderless,90
2026-04-03T20:57:50.305369-07:00,write,key-3,817.647,211,false,leaderless,90
2026-04-03T20:57:50.304033-07:00,write,key-2,819.016,217,false,leaderless,90
2026-04-03T20:57:50.303411-07:00,write,key-1,819.683,256,false,leaderless,90
2026-04-03T20:57:50.3034-07:00,write,key-4,819.716,264,false,leaderless,90
2026-04-03T20:57:50.30333-07:00,write,key-9,819.816,228,false,leaderless,90
2026-04-03T20:57:50.303458-07:00,write,key-5,819.693,254,false,leaderless,90
2026-04-03T20:57:50.303064-07:00,write,key-2,820.112,218,false,leaderless,90
2026-04-03T20:57:50.30407-07:00,write,key-1,819.139,254,false,leaderless,90
2026-04-03T20:57:50.30354-07:00,write,key-0,819.690,234,false,leaderless,90
2026-04-03T20:57:50.302985-07:00,write,key-1,820.266,255,false,leaderless,90
2026-04-03T20:57:50.303586-07:00,write,key-0,819.685,233,false,leaderless,90
2026-04-03T20:57:50.302829-07:00,write,key-6,820.458,227,false,leaderless,90
2026-04-03T20:57:51.123093-07:00,read,key-1,1.898,256,false,leaderless,90
2026-04-03T20:57:51.123207-07:00,read,key-4,4.926,265,false,leaderless,90
2026-04-03T20:57:51.128136-07:00,read,key-4,0.579,264,false,leaderless,90
2026-04-03T20:57:51.12274-07:00,write,key-1,818.800,258,false,leaderless,90
2026-04-03T20:57:51.123145-07:00,write,key-7,818.451,233,false,leaderless,90
2026-04-03T20:57:51.122988-07:00,write,key-6,818.665,230,false,leaderless,90
2026-04-03T20:57:51.122904-07:00,write,key-2,818.764,220,false,leaderless,90
2026-04-03T20:57:51.123287-07:00,write,key-7,818.425,234,false,leaderless,90
2026-04-03T20:57:51.122881-07:00,write,key-1,818.844,257,false,leaderless,90
2026-04-03T20:57:51.123116-07:00,write,key-4,818.652,265,false,leaderless,90
2026-04-03T20:57:51.122958-07:00,write,key-5,818.824,255,false,leaderless,90
2026-04-03T20:57:51.123229-07:00,write,key-9,818.595,230,false,leaderless,90
2026-04-03T20:57:51.122933-07:00,write,key-6,818.900,231,false,leaderless,90
2026-04-03T20:57:51.123015-07:00,write,key-6,818.863,229,false,leaderless,90
2026-04-03T20:57:51.123048-07:00,write,key-8,818.839,204,false,leaderless,90
2026-04-03T20:57:51.123176-07:00,write,key-5,818.757,256,false,leaderless,90
2026-04-03T20:57:51.128717-07:00,write,key-4,813.220,266,false,leaderless,90
2026-04-03T20:57:51.12281-07:00,write,key-3,819.187,212,false,leaderless,90
2026-04-03T20:57:51.12327-07:00,write,key-3,818.732,213,false,leaderless,90
2026-04-03T20:57:51.124995-07:00,write,key-0,817.056,237,false,leaderless,90
2026-04-03T20:57:51.12325-07:00,write,key-6,818.803,233,false,leaderless,90
2026-04-03T20:57:51.12315-07:00,write,key-6,818.952,232,false,leaderless,90
2026-04-03T20:57:51.122848-07:00,write,key-2,819.259,219,false,leaderless,90
2026-04-03T20:57:51.941711-07:00,write,key-6,820.517,234,false,leaderless,90
2026-04-03T20:57:51.941667-07:00,write,key-1,821.217,262,false,leaderless,90
2026-04-03T20:57:51.942053-07:00,write,key-7,820.903,238,false,leaderless,90
2026-04-03T20:57:51.941823-07:00,write,key-9,821.190,231,false,leaderless,90
2026-04-03T20:57:51.942001-07:00,write,key-3,821.067,216,false,leaderless,90
2026-04-03T20:57:51.941782-07:00,write,key-3,821.289,214,false,leaderless,90
2026-04-03T20:57:52.762231-07:00,read,key-3,1.705,216,false,leaderless,90
2026-04-03T20:57:51.941724-07:00,write,key-7,822.291,235,false,leaderless,90
2026-04-03T20:57:51.942107-07:00,write,key-0,823.065,238,false,leaderless,90
2026-04-03T20:57:51.941596-07:00,write,key-5,823.648,257,false,leaderless,90
2026-04-03T20:57:51.941653-07:00,write,key-1,823.643,261,false,leaderless,90
2026-04-03T20:57:51.941767-07:00,write,key-2,823.587,221,false,leaderless,90
2026-04-03T20:57:51.941833-07:00,write,key-7,823.567,237,false,leaderless,90
2026-04-03T20:57:51.941997-07:00,write,key-2,823.447,222,false,leaderless,90
2026-04-03T20:57:51.941546-07:00,write,key-5,823.935,258,false,leaderless,90
2026-04-03T20:57:51.941886-07:00,write,key-3,823.633,215,false,leaderless,90
2026-04-03T20:57:51.942102-07:00,write,key-7,823.460,236,false,leaderless,90
2026-04-03T20:57:51.94205-07:00,write,key-7,823.556,239,false,leaderless,90
2026-04-03T20:57:51.941932-07:00,write,key-1,823.718,259,false,leaderless,90
2026-04-03T20:57:51.941937-07:00,write,key-6,823.756,235,false,leaderless,90
2026-04-03T20:57:51.941877-07:00,write,key-1,823.858,260,false,leaderless,90
2026-04-03T20:57:52.76307-07:00,read,key-6,4.184,235,false,leaderless,90
2026-04-03T20:57:52.762955-07:00,write,key-2,816.669,223,false,leaderless,90
2026-04-03T20:57:52.76394-07:00,write,key-3,815.728,217,false,leaderless,90
2026-04-03T20:57:52.765354-07:00,write,key-5,814.378,261,false,leaderless,90
2026-04-03T20:57:52.765172-07:00,write,key-9,814.571,233,false,leaderless,90
2026-04-03T20:57:52.764015-07:00,write,key-5,815.777,259,false,leaderless,90
2026-04-03T20:57:52.765295-07:00,write,key-8,814.521,206,false,leaderless,90
2026-04-03T20:57:52.765649-07:00,write,key-5,814.198,262,false,leaderless,90
2026-04-03T20:57:52.763068-07:00,write,key-0,816.808,239,false,leaderless,90
2026-04-03T20:57:52.765734-07:00,write,key-3,814.171,219,false,leaderless,90
2026-04-03T20:57:52.767257-07:00,write,key-0,812.675,242,false,leaderless,90
2026-04-03T20:57:52.765605-07:00,write,key-8,814.352,205,false,leaderless,90
2026-04-03T20:57:52.765561-07:00,write,key-2,814.426,224,false,leaderless,90
2026-04-03T20:57:52.765692-07:00,write,key-9,814.322,232,false,leaderless,90
2026-04-03T20:57:52.765519-07:00,write,key-0,814.529,240,false,leaderless,90
2026-04-03T20:57:52.765243-07:00,write,key-1,814.823,263,false,leaderless,90
2026-04-03T20:57:52.765443-07:00,write,key-7,814.661,240,false,leaderless,90
2026-04-03T20:57:52.762884-07:00,write,key-3,817.224,218,false,leaderless,90
2026-04-03T20:57:52.763013-07:00,write,key-4,816.612,267,false,leaderless,90
2026-04-03T20:57:52.76548-07:00,write,key-5,814.678,260,false,leaderless,90
2026-04-03T20:57:52.765399-07:00,write,key-0,814.819,241,false,leaderless,90
2026-04-03T20:57:53.579668-07:00,read,key-6,3.092,235,false,leaderless,90
2026-04-03T20:57:53.579732-07:00,read,key-6,3.127,235,false,leaderless,90
2026-04-03T20:57:53.580047-07:00,write,key-5,817.266,263,false,leaderless,90
2026-04-03T20:57:53.579957-07:00,write,key-8,817.437,210,false,leaderless,90
2026-04-03T20:57:53.580131-07:00,write,key-9,817.280,235,false,leaderless,90
2026-04-03T20:57:53.580103-07:00,write,key-8,817.354,209,false,leaderless,90
2026-04-03T20:57:53.579986-07:00,write,key-6,817.507,237,false,leaderless,90
2026-04-03T20:57:53.579815-07:00,write,key-6,817.679,236,false,leaderless,90
2026-04-03T20:57:53.58286-07:00,write,key-9,814.663,236,false,leaderless,90
2026-04-03T20:57:53.580065-07:00,write,key-9,817.482,234,false,leaderless,90
2026-04-03T20:57:53.579931-07:00,write,key-4,817.632,271,false,leaderless,90
2026-04-03T20:57:53.579847-07:00,write,key-8,817.720,207,false,leaderless,90
2026-04-03T20:57:53.582764-07:00,write,key-3,814.820,221,false,leaderless,90
2026-04-03T20:57:53.580218-07:00,write,key-8,817.387,211,false,leaderless,90
2026-04-03T20:57:53.579904-07:00,write,key-4,817.712,268,false,leaderless,90
2026-04-03T20:57:53.579791-07:00,write,key-4,817.843,269,false,leaderless,90
2026-04-03T20:57:53.579742-07:00,write,key-3,817.893,220,false,leaderless,90
2026-04-03T20:57:53.580164-07:00,write,key-4,817.495,270,false,leaderless,90
2026-04-03T20:57:53.579875-07:00,write,key-8,817.802,208,false,leaderless,90
2026-04-03T20:57:53.580108-07:00,write,key-0,817.586,243,false,leaderless,90
2026-04-03T20:57:53.580013-07:00,write,key-7,817.688,241,false,leaderless,90
2026-04-03T20:57:53.579627-07:00,write,key-2,818.111,225,false,leaderless,90
2026-04-03T20:57:54.397737-07:00,read,key-2,1.319,225,false,leaderless,90
2026-04-03T20:57:54.397676-07:00,write,key-6,818.060,239,false,leaderless,90
2026-04-03T20:57:54.397492-07:00,write,key-8,818.326,212,false,leaderless,90
2026-04-03T20:57:54.397523-07:00,write,key-7,818.339,243,false,leaderless,90
2026-04-03T20:57:54.397634-07:00,write,key-5,818.383,265,false,leaderless,90
2026-04-03T20:57:54.397636-07:00,write,key-1,818.458,267,false,leaderless,90
2026-04-03T20:57:54.397701-07:00,write,key-7,818.472,245,false,leaderless,90
2026-04-03T20:57:54.397615-07:00,write,key-2,818.635,226,false,leaderless,90
2026-04-03T20:57:54.397495-07:00,write,key-3,818.823,222,false,leaderless,90
2026-04-03T20:57:54.397394-07:00,write,key-5,818.994,266,false,leaderless,90
2026-04-03T20:57:54.397604-07:00,write,key-7,818.854,242,false,leaderless,90
2026-04-03T20:57:54.397457-07:00,write,key-1,819.098,265,false,leaderless,90
2026-04-03T20:57:54.397583-07:00,write,key-3,819.035,224,false,leaderless,90
2026-04-03T20:57:54.397565-07:00,write,key-3,819.107,223,false,leaderless,90
2026-04-03T20:57:54.397562-07:00,write,key-7,819.166,244,false,leaderless,90
2026-04-03T20:57:54.397315-07:00,write,key-5,819.446,264,false,leaderless,90
2026-04-03T20:57:54.397411-07:00,write,key-6,819.378,238,false,leaderless,90
2026-04-03T20:57:54.397546-07:00,write,key-1,819.266,264,false,leaderless,90
2026-04-03T20:57:54.397693-07:00,write,key-1,819.151,266,false,leaderless,90
2026-04-03T20:57:54.397659-07:00,write,key-6,819.210,240,false,leaderless,90
2026-04-03T20:57:54.399058-07:00,write,key-6,817.838,241,false,leaderless,90
2026-04-03T20:57:55.216554-07:00,read,key-2,1.390,226,false,leaderless,90
2026-04-03T20:57:55.217949-07:00,read,key-6,0.595,241,false,leaderless,90
2026-04-03T20:57:55.216812-07:00,write,key-4,819.570,273,false,leaderless,90
2026-04-03T20:57:55.215818-07:00,write,key-4,821.732,272,false,leaderless,90
2026-04-03T20:57:55.216172-07:00,write,key-7,821.726,246,false,leaderless,90
2026-04-03T20:57:55.216868-07:00,write,key-0,821.085,244,false,leaderless,90
2026-04-03T20:57:55.21676-07:00,write,key-4,821.310,274,false,leaderless,90
2026-04-03T20:57:55.216016-07:00,write,key-1,822.129,268,false,leaderless,90
2026-04-03T20:57:55.216093-07:00,write,key-8,822.081,213,false,leaderless,90
2026-04-03T20:57:55.215739-07:00,write,key-6,822.458,242,false,leaderless,90
2026-04-03T20:57:55.216317-07:00,write,key-6,821.881,243,false,leaderless,90
2026-04-03T20:57:55.216788-07:00,write,key-3,821.421,227,false,leaderless,90
2026-04-03T20:57:55.215861-07:00,write,key-8,822.368,214,false,leaderless,90
2026-04-03T20:57:55.216895-07:00,write,key-8,821.335,216,false,leaderless,90
2026-04-03T20:57:55.216249-07:00,write,key-3,821.993,225,false,leaderless,90
2026-04-03T20:57:55.216843-07:00,write,key-8,821.406,215,false,leaderless,90
2026-04-03T20:57:55.216672-07:00,write,key-3,821.582,226,false,leaderless,90
2026-04-03T20:57:55.218546-07:00,write,key-6,819.712,244,false,leaderless,90
2026-04-03T20:57:55.216728-07:00,write,key-7,821.542,247,false,leaderless,90
2026-04-03T20:57:55.216387-07:00,write,key-9,821.886,237,false,leaderless,90
2026-04-03T20:57:55.216457-07:00,write,key-5,821.841,267,false,leaderless,90
2026-04-03T20:57:55.216616-07:00,write,key-2,821.742,227,false,leaderless,90
2026-04-03T20:57:56.038254-07:00,read,key-4,1.250,274,false,leaderless,90
2026-04-03T20:57:56.038242-07:00,read,key-8,1.567,216,false,leaderless,90
2026-04-03T20:57:56.038273-07:00,write,key-4,811.309,275,false,leaderless,90
2026-04-03T20:57:56.038269-07:00,write,key-8,811.446,217,false,leaderless,90
2026-04-03T20:57:56.038258-07:00,write,key-7,811.497,248,false,leaderless,90
2026-04-03T20:57:56.037952-07:00,write,key-6,811.821,246,false,leaderless,90
2026-04-03T20:57:56.038145-07:00,write,key-3,811.655,229,false,leaderless,90
2026-04-03T20:57:56.038358-07:00,write,key-1,811.493,269,false,leaderless,90
2026-04-03T20:57:56.039812-07:00,write,key-0,810.067,246,false,leaderless,90
2026-04-03T20:57:56.039505-07:00,write,key-2,810.506,230,false,leaderless,90
2026-04-03T20:57:56.036386-07:00,write,key-7,813.659,249,false,leaderless,90
2026-04-03T20:57:56.038199-07:00,write,key-0,811.875,245,false,leaderless,90
2026-04-03T20:57:56.038174-07:00,write,key-5,811.929,268,false,leaderless,90
2026-04-03T20:57:56.038296-07:00,write,key-7,811.849,250,false,leaderless,90
2026-04-03T20:57:56.038196-07:00,write,key-2,811.976,228,false,leaderless,90
2026-04-03T20:57:56.03823-07:00,write,key-6,811.997,245,false,leaderless,90
2026-04-03T20:57:56.038228-07:00,write,key-5,812.093,270,false,leaderless,90
2026-04-03T20:57:56.037898-07:00,write,key-2,812.852,229,false,leaderless,90
2026-04-03T20:57:56.037833-07:00,write,key-9,812.997,238,false,leaderless,90
2026-04-03T20:57:56.038249-07:00,write,key-8,812.673,218,false,leaderless,90
2026-04-03T20:57:56.038209-07:00,write,key-3,812.790,228,false,leaderless,90
2026-04-03T20:57:56.03807-07:00,write,key-5,813.010,269,false,leaderless,90
2026-04-03T20:57:56.849586-07:00,write,key-7,822.526,251,false,leaderless,90
2026-04-03T20:57:56.849755-07:00,write,key-0,822.616,247,false,leaderless,90
2026-04-03T20:57:56.849878-07:00,write,key-2,822.842,231,false,leaderless,90
2026-04-03T20:57:56.850226-07:00,write,key-6,822.549,247,false,leaderless,90
2026-04-03T20:57:56.85108-07:00,write,key-8,821.772,220,false,leaderless,90
2026-04-03T20:57:56.85032-07:00,write,key-9,822.898,240,false,leaderless,90
2026-04-03T20:57:56.85001-07:00,write,key-5,823.327,271,false,leaderless,90
2026-04-03T20:57:56.850999-07:00,write,key-2,822.356,232,false,leaderless,90
2026-04-03T20:57:56.850921-07:00,write,key-5,822.509,273,false,leaderless,90
2026-04-03T20:57:56.849773-07:00,write,key-3,823.675,230,false,leaderless,90
2026-04-03T20:57:56.850045-07:00,write,key-7,823.506,252,false,leaderless,90
2026-04-03T20:57:56.850145-07:00,write,key-5,823.414,272,false,leaderless,90
2026-04-03T20:57:56.850102-07:00,write,key-6,823.543,248,false,leaderless,90
2026-04-03T20:57:56.849799-07:00,write,key-9,823.912,239,false,leaderless,90
2026-04-03T20:57:56.850072-07:00,write,key-4,823.700,277,false,leaderless,90
2026-04-03T20:57:56.85083-07:00,write,key-1,822.970,270,false,leaderless,90
2026-04-03T20:57:56.850749-07:00,write,key-3,823.110,231,false,leaderless,90
2026-04-03T20:57:56.850171-07:00,write,key-8,823.708,219,false,leaderless,90
2026-04-03T20:57:56.849851-07:00,write,key-4,824.071,276,false,leaderless,90
2026-04-03T20:57:56.849714-07:00,write,key-4,824.218,278,false,leaderless,90
2026-04-03T20:57:57.673558-07:00,read,key-5,1.791,273,false,leaderless,90
2026-04-03T20:57:57.672372-07:00,read,key-3,3.060,231,false,leaderless,90
2026-04-03T20:57:57.67355-07:00,read,key-5,2.545,273,false,leaderless,90
2026-04-03T20:57:57.673878-07:00,write,key-8,817.633,222,false,leaderless,90
2026-04-03T20:57:57.673921-07:00,write,key-9,817.668,241,false,leaderless,90
2026-04-03T20:57:57.672719-07:00,write,key-2,818.909,233,false,leaderless,90
2026-04-03T20:57:57.672774-07:00,write,key-1,818.879,272,false,leaderless,90
2026-04-03T20:57:57.673799-07:00,write,key-4,817.882,280,false,leaderless,90
2026-04-03T20:57:57.673355-07:00,write,key-8,818.353,221,false,leaderless,90
2026-04-03T20:57:57.676129-07:00,write,key-2,815.613,235,false,leaderless,90
2026-04-03T20:57:57.673771-07:00,write,key-0,818.003,248,false,leaderless,90
2026-04-03T20:57:57.673931-07:00,write,key-8,817.864,223,false,leaderless,90
2026-04-03T20:57:57.673645-07:00,write,key-2,818.165,234,false,leaderless,90
2026-04-03T20:57:57.675353-07:00,write,key-7,816.483,255,false,leaderless,90
2026-04-03T20:57:57.675437-07:00,write,key-6,816.401,251,false,leaderless,90
2026-04-03T20:57:57.672123-07:00,write,key-1,819.759,271,false,leaderless,90
2026-04-03T20:57:57.672852-07:00,write,key-7,819.093,253,false,leaderless,90
2026-04-03T20:57:57.67343-07:00,write,key-4,818.550,279,false,leaderless,90
2026-04-03T20:57:57.673448-07:00,write,key-6,818.554,250,false,leaderless,90
2026-04-03T20:57:57.673219-07:00,write,key-6,818.803,249,false,leaderless,90
2026-04-03T20:57:57.673711-07:00,write,key-0,818.352,249,false,leaderless,90
2026-04-03T20:57:57.673336-07:00,write,key-7,818.741,254,false,leaderless,90
2026-04-03T20:57:57.673858-07:00,write,key-5,818.232,274,false,leaderless,90
2026-04-03T20:57:58.492076-07:00,read,key-7,0.964,255,false,leaderless,90
2026-04-03T20:57:58.491707-07:00,read,key-1,1.392,272,false,leaderless,90
2026-04-03T20:57:58.491795-07:00,read,key-3,1.378,231,false,leaderless,90
2026-04-03T20:57:58.492062-07:00,read,key-1,1.182,272,false,leaderless,90
2026-04-03T20:57:58.491978-07:00,write,key-6,820.075,254,false,leaderless,90
2026-04-03T20:57:58.491628-07:00,write,key-8,820.833,226,false,leaderless,90
2026-04-03T20:57:58.493101-07:00,write,key-0,819.394,254,false,leaderless,90
2026-04-03T20:57:58.492-07:00,write,key-7,820.533,257,false,leaderless,90
2026-04-03T20:57:58.491945-07:00,write,key-0,820.660,252,false,leaderless,90
2026-04-03T20:57:58.493043-07:00,write,key-7,823.397,256,false,leaderless,90
2026-04-03T20:57:58.491774-07:00,write,key-2,824.684,236,false,leaderless,90
2026-04-03T20:57:58.49168-07:00,write,key-8,824.884,225,false,leaderless,90
2026-04-03T20:57:58.492089-07:00,write,key-0,824.496,253,false,leaderless,90
2026-04-03T20:57:58.491652-07:00,write,key-0,825.006,251,false,leaderless,90
2026-04-03T20:57:58.491838-07:00,write,key-0,824.832,250,false,leaderless,90
2026-04-03T20:57:58.493245-07:00,write,key-3,823.498,233,false,leaderless,90
2026-04-03T20:57:58.491835-07:00,write,key-6,824.909,252,false,leaderless,90
2026-04-03T20:57:58.493175-07:00,write,key-5,823.638,276,false,leaderless,90
2026-04-03T20:57:58.491589-07:00,write,key-5,825.240,275,false,leaderless,90
2026-04-03T20:57:58.491513-07:00,write,key-8,825.384,224,false,leaderless,90
2026-04-03T20:57:58.491882-07:00,write,key-6,825.036,253,false,leaderless,90
2026-04-03T20:57:58.491809-07:00,write,key-3,825.174,232,false,leaderless,90
2026-04-03T20:57:58.492021-07:00,write,key-7,824.974,258,false,leaderless,90
2026-04-03T20:57:58.491742-07:00,write,key-2,825.320,237,false,leaderless,90
2026-04-03T20:57:59.316457-07:00,read,key-9,4.689,242,false,leaderless,90
2026-04-03T20:57:59.317062-07:00,write,key-1,816.153,274,false,leaderless,90
2026-04-03T20:57:59.316982-07:00,write,key-2,816.335,240,false,leaderless,90
2026-04-03T20:57:59.321154-07:00,write,key-8,812.216,230,false,leaderless,90
2026-04-03T20:57:59.312463-07:00,write,key-3,820.961,235,false,leaderless,90
2026-04-03T20:57:59.316443-07:00,write,key-8,817.027,229,false,leaderless,90
2026-04-03T20:57:59.316742-07:00,write,key-8,816.778,228,false,leaderless,90
2026-04-03T20:57:59.312065-07:00,write,key-0,821.501,255,false,leaderless,90
2026-04-03T20:57:59.316897-07:00,write,key-2,816.716,239,false,leaderless,90
2026-04-03T20:57:59.312604-07:00,write,key-4,821.059,281,false,leaderless,90
2026-04-03T20:57:59.316657-07:00,write,key-5,817.052,277,false,leaderless,90
2026-04-03T20:57:59.316744-07:00,write,key-9,817.003,242,false,leaderless,90
2026-04-03T20:57:59.316563-07:00,write,key-8,817.192,227,false,leaderless,90
2026-04-03T20:57:59.312496-07:00,write,key-9,821.310,243,false,leaderless,90
2026-04-03T20:57:59.316668-07:00,write,key-3,817.163,236,false,leaderless,90
2026-04-03T20:57:59.312533-07:00,write,key-7,821.338,259,false,leaderless,90
2026-04-03T20:57:59.316995-07:00,write,key-3,816.912,234,false,leaderless,90
2026-04-03T20:57:59.316829-07:00,write,key-4,817.129,282,false,leaderless,90
2026-04-03T20:57:59.316813-07:00,write,key-6,817.193,255,false,leaderless,90
2026-04-03T20:57:59.316917-07:00,write,key-2,817.117,238,false,leaderless,90
2026-04-03T20:57:59.316585-07:00,write,key-1,817.451,273,false,leaderless,90
2026-04-03T20:58:00.133831-07:00,read,key-3,2.734,236,false,leaderless,90
2026-04-03T20:58:00.133755-07:00,read,key-1,2.886,274,false,leaderless,90
2026-04-03T20:58:00.136568-07:00,write,key-4,815.309,283,false,leaderless,90
2026-04-03T20:58:00.133519-07:00,write,key-3,818.655,237,false,leaderless,90
2026-04-03T20:58:00.133423-07:00,write,key-9,818.844,245,false,leaderless,90
2026-04-03T20:58:00.133708-07:00,write,key-5,818.647,278,false,leaderless,90
2026-04-03T20:58:00.13347-07:00,write,key-1,818.970,275,false,leaderless,90
2026-04-03T20:58:00.133662-07:00,write,key-1,818.863,278,false,leaderless,90
2026-04-03T20:58:00.133565-07:00,write,key-1,819.184,276,false,leaderless,90
2026-04-03T20:58:00.133612-07:00,write,key-6,819.220,256,false,leaderless,90
2026-04-03T20:58:00.134033-07:00,write,key-9,818.846,244,false,leaderless,90
2026-04-03T20:58:00.133216-07:00,write,key-1,819.715,277,false,leaderless,90
2026-04-03T20:58:00.133871-07:00,write,key-2,819.110,242,false,leaderless,90
2026-04-03T20:58:00.133957-07:00,write,key-7,819.075,261,false,leaderless,90
2026-04-03T20:58:00.133907-07:00,write,key-7,819.192,260,false,leaderless,90
2026-04-03T20:58:00.134006-07:00,write,key-2,819.134,241,false,leaderless,90
2026-04-03T20:58:00.133369-07:00,write,key-6,819.835,257,false,leaderless,90
2026-04-03T20:58:00.133317-07:00,write,key-3,819.976,238,false,leaderless,90
2026-04-03T20:58:00.133747-07:00,write,key-6,819.655,258,false,leaderless,90
2026-04-03T20:58:00.133805-07:00,write,key-0,819.646,256,false,leaderless,90
2026-04-03T20:58:00.136643-07:00,write,key-1,816.811,279,false,leaderless,90
2026-04-03T20:58:00.134036-07:00,write,key-5,819.489,279,false,leaderless,90
2026-04-03T20:58:00.953139-07:00,read,key-3,1.734,238,false,leaderless,90
2026-04-03T20:58:00.952833-07:00,read,key-8,2.120,230,false,leaderless,90
2026-04-03T20:58:00.953292-07:00,read,key-9,1.723,245,false,leaderless,90
2026-04-03T20:58:00.952879-07:00,write,key-2,809.282,243,false,leaderless,90
2026-04-03T20:58:00.952268-07:00,write,key-0,809.927,258,false,leaderless,90
2026-04-03T20:58:00.952931-07:00,write,key-0,809.319,259,false,leaderless,90
2026-04-03T20:58:00.952174-07:00,write,key-3,810.128,241,false,leaderless,90
2026-04-03T20:58:00.952525-07:00,write,key-4,809.781,284,false,leaderless,90
2026-04-03T20:58:00.952748-07:00,write,key-1,809.611,280,false,leaderless,90
2026-04-03T20:58:00.954877-07:00,write,key-1,807.488,281,false,leaderless,90
2026-04-03T20:58:00.95345-07:00,write,key-0,808.963,257,false,leaderless,90
2026-04-03T20:58:00.953525-07:00,write,key-7,808.904,263,false,leaderless,90
2026-04-03T20:58:00.953401-07:00,write,key-3,809.046,239,false,leaderless,90
2026-04-03T20:58:00.951887-07:00,write,key-6,810.592,261,false,leaderless,90
2026-04-03T20:58:00.952439-07:00,write,key-9,810.058,246,false,leaderless,90
2026-04-03T20:58:00.954958-07:00,write,key-9,807.569,247,false,leaderless,90
2026-04-03T20:58:00.952354-07:00,write,key-3,810.203,240,false,leaderless,90
2026-04-03T20:58:00.953098-07:00,write,key-6,809.481,260,false,leaderless,90
2026-04-03T20:58:00.95298-07:00,write,key-3,810.467,242,false,leaderless,90
2026-04-03T20:58:00.955017-07:00,write,key-6,808.505,262,false,leaderless,90
2026-04-03T20:58:00.95303-07:00,write,key-7,810.658,262,false,leaderless,90
2026-04-03T20:58:00.953453-07:00,write,key-8,810.286,231,false,leaderless,90
2026-04-03T20:58:00.953204-07:00,write,key-6,810.589,259,false,leaderless,90
2026-04-03T20:58:01.763739-07:00,read,key-4,0.498,284,false,leaderless,90
2026-04-03T20:58:01.762578-07:00,write,key-4,807.520,286,false,leaderless,90
2026-04-03T20:58:01.762305-07:00,write,key-9,807.874,248,false,leaderless,90
2026-04-03T20:58:01.764239-07:00,write,key-3,809.134,245,false,leaderless,90
2026-04-03T20:58:01.762163-07:00,write,key-7,811.210,264,false,leaderless,90
2026-04-03T20:58:01.762557-07:00,write,key-5,810.860,280,false,leaderless,90
2026-04-03T20:58:01.762496-07:00,write,key-7,811.012,266,false,leaderless,90
2026-04-03T20:58:01.762429-07:00,write,key-0,811.092,262,false,leaderless,90
2026-04-03T20:58:02.573371-07:00,read,key-1,1.060,282,false,leaderless,90
2026-04-03T20:58:02.573416-07:00,read,key-3,1.029,245,false,leaderless,90
2026-04-03T20:58:01.763447-07:00,write,key-5,814.150,281,false,leaderless,90
2026-04-03T20:58:01.762195-07:00,write,key-4,815.407,285,false,leaderless,90
2026-04-03T20:58:01.762413-07:00,write,key-1,815.204,282,false,leaderless,90
2026-04-03T20:58:01.762364-07:00,write,key-8,815.316,232,false,leaderless,90
2026-04-03T20:58:01.762248-07:00,write,key-0,815.604,260,false,leaderless,90
2026-04-03T20:58:01.762478-07:00,write,key-9,815.678,249,false,leaderless,90
2026-04-03T20:58:01.763792-07:00,write,key-3,814.575,243,false,leaderless,90
2026-04-03T20:58:02.577682-07:00,read,key-7,1.101,269,false,leaderless,90
2026-04-03T20:58:01.762446-07:00,write,key-6,816.903,263,false,leaderless,90
2026-04-03T20:58:01.763521-07:00,write,key-9,815.828,250,false,leaderless,90
2026-04-03T20:58:01.762301-07:00,write,key-7,817.154,265,false,leaderless,90
2026-04-03T20:58:01.763688-07:00,write,key-3,816.464,244,false,leaderless,90
2026-04-03T20:58:01.762527-07:00,write,key-2,817.633,244,false,leaderless,90
2026-04-03T20:58:01.762358-07:00,write,key-0,817.823,261,false,leaderless,90
2026-04-03T20:58:02.579349-07:00,read,key-6,1.045,263,false,leaderless,90
2026-04-03T20:58:02.58016-07:00,read,key-5,0.999,281,false,leaderless,90
2026-04-03T20:58:02.570178-07:00,write,key-6,815.888,264,false,leaderless,90
2026-04-03T20:58:02.578366-07:00,write,key-0,807.774,264,false,leaderless,90
2026-04-03T20:58:02.570103-07:00,write,key-7,815.963,267,false,leaderless,90
2026-04-03T20:58:02.579454-07:00,write,key-5,806.823,282,false,leaderless,90
2026-04-03T20:58:02.57352-07:00,write,key-3,812.867,246,false,leaderless,90
2026-04-03T20:58:02.577596-07:00,write,key-9,808.811,251,false,leaderless,90
2026-04-03T20:58:02.578156-07:00,write,key-4,808.324,288,false,leaderless,90
2026-04-03T20:58:02.58018-07:00,write,key-3,806.324,247,false,leaderless,90
2026-04-03T20:58:02.580396-07:00,write,key-0,806.158,266,false,leaderless,90
2026-04-03T20:58:02.577601-07:00,write,key-0,808.995,263,false,leaderless,90
2026-04-03T20:58:02.580151-07:00,write,key-0,806.474,265,false,leaderless,90
2026-04-03T20:58:02.581161-07:00,write,key-4,805.515,289,false,leaderless,90
2026-04-03T20:58:02.573507-07:00,write,key-7,813.201,268,false,leaderless,90
2026-04-03T20:58:02.573374-07:00,write,key-2,813.416,245,false,leaderless,90
2026-04-03T20:58:02.574448-07:00,write,key-2,812.442,246,false,leaderless,90
2026-04-03T20:58:02.5779-07:00,write,key-4,809.095,287,false,leaderless,90
2026-04-03T20:58:02.579349-07:00,write,key-1,807.718,284,false,leaderless,90
2026-04-03T20:58:02.574434-07:00,write,key-1,812.698,283,false,leaderless,90
2026-04-03T20:58:02.578786-07:00,write,key-9,808.383,252,false,leaderless,90
2026-04-03T20:58:02.577617-07:00,write,key-7,809.589,269,false,leaderless,90
2026-04-03T20:58:03.38614-07:00,read,key-4,1.379,289,false,leaderless,90
2026-04-03T20:58:03.387131-07:00,read,key-6,0.689,264,false,leaderless,90
2026-04-03T20:58:03.387823-07:00,write,key-5,813.943,284,false,leaderless,90
2026-04-03T20:58:03.386596-07:00,write,key-5,815.283,283,false,leaderless,90
2026-04-03T20:58:03.387168-07:00,write,key-7,814.599,270,false,leaderless,90
2026-04-03T20:58:03.386624-07:00,write,key-4,818.352,290,false,leaderless,90
2026-04-03T20:58:03.386676-07:00,write,key-3,818.445,248,false,leaderless,90
2026-04-03T20:58:03.386553-07:00,write,key-9,818.704,253,false,leaderless,90
2026-04-03T20:58:03.386789-07:00,write,key-3,818.498,250,false,leaderless,90
2026-04-03T20:58:03.386993-07:00,write,key-4,818.400,292,false,leaderless,90
2026-04-03T20:58:03.386386-07:00,write,key-9,819.097,254,false,leaderless,90
2026-04-03T20:58:03.386407-07:00,write,key-7,819.093,273,false,leaderless,90
2026-04-03T20:58:03.386075-07:00,write,key-2,819.494,248,false,leaderless,90
2026-04-03T20:58:03.387205-07:00,write,key-7,818.378,272,false,leaderless,90
2026-04-03T20:58:03.386233-07:00,write,key-8,819.445,234,false,leaderless,90
2026-04-03T20:58:03.386707-07:00,write,key-3,818.990,249,false,leaderless,90
2026-04-03T20:58:03.386276-07:00,write,key-6,819.484,265,false,leaderless,90
2026-04-03T20:58:03.38648-07:00,write,key-8,819.311,233,false,leaderless,90
2026-04-03T20:58:03.386889-07:00,write,key-2,818.947,247,false,leaderless,90
2026-04-03T20:58:03.387066-07:00,write,key-1,818.798,285,false,leaderless,90
2026-04-03T20:58:03.386504-07:00,write,key-7,819.403,271,false,leaderless,90
2026-04-03T20:58:03.387527-07:00,write,key-4,818.407,291,false,leaderless,90
2026-04-03T20:58:04.205697-07:00,read,key-4,1.491,292,false,leaderless,90
2026-04-03T20:58:04.20576-07:00,read,key-4,1.500,293,false,leaderless,90
2026-04-03T20:58:04.205582-07:00,write,key-2,819.179,251,false,leaderless,90
2026-04-03T20:58:04.205934-07:00,write,key-1,818.851,287,false,leaderless,90
2026-04-03T20:58:04.201779-07:00,write,key-2,823.041,249,false,leaderless,90
2026-04-03T20:58:04.205835-07:00,write,key-2,819.056,252,false,leaderless,90
2026-04-03T20:58:04.205568-07:00,write,key-9,819.323,255,false,leaderless,90
2026-04-03T20:58:04.20579-07:00,write,key-9,819.118,257,false,leaderless,90
2026-04-03T20:58:04.2055-07:00,write,key-7,819.468,274,false,leaderless,90
2026-04-03T20:58:04.207262-07:00,write,key-0,817.739,267,false,leaderless,90
2026-04-03T20:58:04.205678-07:00,write,key-8,819.354,235,false,leaderless,90
2026-04-03T20:58:04.201879-07:00,write,key-3,823.186,251,false,leaderless,90
2026-04-03T20:58:04.205483-07:00,write,key-6,819.609,268,false,leaderless,90
2026-04-03T20:58:04.20512-07:00,write,key-9,820.009,258,false,leaderless,90
2026-04-03T20:58:04.205863-07:00,write,key-6,819.315,266,false,leaderless,90
2026-04-03T20:58:04.207197-07:00,write,key-0,818.013,268,false,leaderless,90
2026-04-03T20:58:04.20498-07:00,write,key-2,820.235,250,false,leaderless,90
2026-04-03T20:58:04.205393-07:00,write,key-9,819.850,256,false,leaderless,90
2026-04-03T20:58:04.205256-07:00,write,key-6,820.099,267,false,leaderless,90
2026-04-03T20:58:04.205286-07:00,write,key-6,820.156,269,false,leaderless,90
2026-04-03T20:58:04.205907-07:00,write,key-1,819.597,286,false,leaderless,90
2026-04-03T20:58:04.201936-07:00,write,key-4,823.640,293,false,leaderless,90
2026-04-03T20:58:05.024785-07:00,read,key-0,2.048,268,false,leaderless,90
2026-04-03T20:58:05.024819-07:00,write,key-4,813.159,294,false,leaderless,90
2026-04-03T20:58:05.024906-07:00,write,key-8,813.075,236,false,leaderless,90
2026-04-03T20:58:05.025209-07:00,write,key-2,812.912,254,false,leaderless,90
2026-04-03T20:58:05.025442-07:00,write,key-4,812.698,299,false,leaderless,90
2026-04-03T20:58:05.025503-07:00,write,key-5,812.675,286,false,leaderless,90
2026-04-03T20:58:05.025575-07:00,write,key-5,812.609,285,false,leaderless,90
2026-04-03T20:58:05.024767-07:00,write,key-4,813.653,295,false,leaderless,90
2026-04-03T20:58:05.025128-07:00,write,key-3,813.331,253,false,leaderless,90
2026-04-03T20:58:05.026838-07:00,write,key-0,811.651,270,false,leaderless,90
2026-04-03T20:58:05.024891-07:00,write,key-0,813.840,269,false,leaderless,90
2026-04-03T20:58:05.024891-07:00,write,key-3,813.863,252,false,leaderless,90
2026-04-03T20:58:05.024967-07:00,write,key-8,813.812,237,false,leaderless,90
2026-04-03T20:58:05.025031-07:00,write,key-4,813.753,296,false,leaderless,90
2026-04-03T20:58:05.025177-07:00,write,key-4,813.624,298,false,leaderless,90
2026-04-03T20:58:05.025354-07:00,write,key-9,813.455,259,false,leaderless,90
2026-04-03T20:58:05.025091-07:00,write,key-4,813.723,300,false,leaderless,90
2026-04-03T20:58:05.025001-07:00,write,key-2,813.823,253,false,leaderless,90
2026-04-03T20:58:05.025214-07:00,write,key-4,813.613,297,false,leaderless,90
2026-04-03T20:58:05.025064-07:00,write,key-8,817.067,238,false,leaderless,90
2026-04-03T20:58:05.025242-07:00,write,key-7,816.924,275,false,leaderless,90
2026-04-03T20:58:05.842165-07:00,write,key-1,834.821,291,false,leaderless,90
2026-04-03T20:58:05.838825-07:00,write,key-9,838.167,263,false,leaderless,90
2026-04-03T20:58:05.838458-07:00,write,key-8,838.567,239,false,leaderless,90
2026-04-03T20:58:05.838783-07:00,write,key-5,838.254,289,false,leaderless,90
2026-04-03T20:58:05.838419-07:00,write,key-5,838.629,287,false,leaderless,90
2026-04-03T20:58:05.838178-07:00,write,key-9,838.882,261,false,leaderless,90
2026-04-03T20:58:05.838808-07:00,write,key-7,838.253,276,false,leaderless,90
2026-04-03T20:58:05.838779-07:00,write,key-3,838.283,254,false,leaderless,90
2026-04-03T20:58:05.838827-07:00,write,key-6,838.242,270,false,leaderless,90
2026-04-03T20:58:05.838488-07:00,write,key-1,838.588,288,false,leaderless,90
2026-04-03T20:58:05.838139-07:00,write,key-1,838.939,290,false,leaderless,90
2026-04-03T20:58:05.83812-07:00,write,key-5,838.986,288,false,leaderless,90
2026-04-03T20:58:05.838753-07:00,write,key-1,838.361,289,false,leaderless,90
2026-04-03T20:58:05.837986-07:00,write,key-2,839.141,255,false,leaderless,90
2026-04-03T20:58:05.838191-07:00,write,key-7,838.937,279,false,leaderless,90
2026-04-03T20:58:05.83873-07:00,write,key-7,838.427,277,false,leaderless,90
2026-04-03T20:58:05.838005-07:00,write,key-8,839.173,240,false,leaderless,90
2026-04-03T20:58:05.8388-07:00,write,key-9,838.387,260,false,leaderless,90
2026-04-03T20:58:05.838813-07:00,write,key-7,838.380,278,false,leaderless,90
2026-04-03T20:58:05.84213-07:00,write,key-9,835.069,262,false,leaderless,90
2026-04-03T20:58:06.677061-07:00,read,key-5,1.941,289,false,leaderless,90
2026-04-03T20:58:06.677127-07:00,read,key-6,1.931,270,false,leaderless,90
2026-04-03T20:58:06.67906-07:00,write,key-8,816.088,242,false,leaderless,90
2026-04-03T20:58:06.679004-07:00,write,key-8,816.356,243,false,leaderless,90
2026-04-03T20:58:06.677075-07:00,write,key-9,819.063,266,false,leaderless,90
2026-04-03T20:58:06.677156-07:00,write,key-9,819.095,267,false,leaderless,90
2026-04-03T20:58:06.677047-07:00,write,key-2,819.292,256,false,leaderless,90
2026-04-03T20:58:06.677105-07:00,write,key-6,819.314,275,false,leaderless,90
2026-04-03T20:58:06.677126-07:00,write,key-6,819.376,273,false,leaderless,90
2026-04-03T20:58:06.677061-07:00,write,key-9,819.535,265,false,leaderless,90
2026-04-03T20:58:06.676986-07:00,write,key-6,819.986,272,false,leaderless,90
2026-04-03T20:58:06.677039-07:00,write,key-1,820.156,292,false,leaderless,90
2026-04-03T20:58:06.677059-07:00,write,key-8,820.190,241,false,leaderless,90
2026-04-03T20:58:06.677025-07:00,write,key-5,820.250,290,false,leaderless,90
2026-04-03T20:58:06.677177-07:00,write,key-6,820.122,274,false,leaderless,90
2026-04-03T20:58:06.677114-07:00,write,key-9,820.233,264,false,leaderless,90
2026-04-03T20:58:06.677199-07:00,write,key-7,820.163,280,false,leaderless,90
2026-04-03T20:58:06.677078-07:00,write,key-6,820.357,271,false,leaderless,90
2026-04-03T20:58:07.496418-07:00,read,key-9,1.023,268,false,leaderless,90
2026-04-03T20:58:06.677067-07:00,write,key-1,820.437,293,false,leaderless,90
2026-04-03T20:58:06.677192-07:00,write,key-8,820.314,244,false,leaderless,90
2026-04-03T20:58:06.677187-07:00,write,key-4,820.343,301,false,leaderless,90
2026-04-03T20:58:06.676992-07:00,write,key-0,820.578,271,false,leaderless,90
2026-04-03T20:58:07.496971-07:00,read,key-5,1.479,290,false,leaderless,90
2026-04-03T20:58:07.497299-07:00,read,key-9,1.314,267,false,leaderless,90
2026-04-03T20:58:07.498458-07:00,write,key-2,816.959,258,false,leaderless,90
2026-04-03T20:58:07.497249-07:00,write,key-3,818.169,255,false,leaderless,90
2026-04-03T20:58:07.497532-07:00,write,key-8,817.975,247,false,leaderless,90
2026-04-03T20:58:07.497361-07:00,write,key-3,818.204,257,false,leaderless,90
2026-04-03T20:58:07.497446-07:00,write,key-3,818.132,256,false,leaderless,90
2026-04-03T20:58:07.4965-07:00,write,key-8,819.114,246,false,leaderless,90
2026-04-03T20:58:07.497194-07:00,write,key-1,818.455,294,false,leaderless,90
2026-04-03T20:58:07.498615-07:00,write,key-9,817.043,269,false,leaderless,90
2026-04-03T20:58:07.496596-07:00,write,key-0,819.116,273,false,leaderless,90
2026-04-03T20:58:07.496339-07:00,write,key-0,819.375,272,false,leaderless,90
2026-04-03T20:58:07.495157-07:00,write,key-8,820.611,245,false,leaderless,90
2026-04-03T20:58:07.497275-07:00,write,key-4,818.510,302,false,leaderless,90
2026-04-03T20:58:07.496251-07:00,write,key-6,819.575,276,false,leaderless,90
2026-04-03T20:58:07.497435-07:00,write,key-5,818.408,291,false,leaderless,90
2026-04-03T20:58:07.497508-07:00,write,key-0,818.355,274,false,leaderless,90
2026-04-03T20:58:07.497571-07:00,write,key-6,818.349,277,false,leaderless,90
2026-04-03T20:58:07.497503-07:00,write,key-5,818.421,292,false,leaderless,90
2026-04-03T20:58:07.497347-07:00,write,key-4,818.608,303,false,leaderless,90
2026-04-03T20:58:07.496141-07:00,write,key-2,819.852,257,false,leaderless,90
2026-04-03T20:58:07.49536-07:00,write,key-9,820.656,268,false,leaderless,90
2026-04-03T20:58:08.315924-07:00,read,key-1,5.815,294,false,leaderless,90
2026-04-03T20:58:08.315713-07:00,read,key-1,6.025,294,false,leaderless,90
2026-04-03T20:58:08.315919-07:00,write,key-0,816.217,277,false,leaderless,90
2026-04-03T20:58:08.316015-07:00,write,key-6,816.268,278,false,leaderless,90
2026-04-03T20:58:08.31542-07:00,write,key-5,816.945,294,false,leaderless,90
2026-04-03T20:58:08.315614-07:00,write,key-0,816.778,276,false,leaderless,90
2026-04-03T20:58:08.315862-07:00,write,key-4,817.005,304,false,leaderless,90
2026-04-03T20:58:08.321743-07:00,write,key-1,811.281,299,false,leaderless,90
2026-04-03T20:58:08.315658-07:00,write,key-5,817.507,293,false,leaderless,90
2026-04-03T20:58:08.315649-07:00,write,key-8,817.607,248,false,leaderless,90
2026-04-03T20:58:08.315992-07:00,write,key-7,817.285,281,false,leaderless,90
2026-04-03T20:58:08.315565-07:00,write,key-3,817.738,258,false,leaderless,90
2026-04-03T20:58:08.321743-07:00,write,key-7,811.575,282,false,leaderless,90
2026-04-03T20:58:08.315825-07:00,write,key-2,817.519,261,false,leaderless,90
2026-04-03T20:58:08.315768-07:00,write,key-1,817.580,295,false,leaderless,90
2026-04-03T20:58:08.315843-07:00,write,key-5,817.522,295,false,leaderless,90
2026-04-03T20:58:08.315785-07:00,write,key-0,817.589,275,false,leaderless,90
2026-04-03T20:58:08.315955-07:00,write,key-2,817.433,259,false,leaderless,90
2026-04-03T20:58:08.315507-07:00,write,key-1,817.896,297,false,leaderless,90
2026-04-03T20:58:08.315711-07:00,write,key-2,817.715,260,false,leaderless,90
2026-04-03T20:58:08.315577-07:00,write,key-1,817.872,298,false,leaderless,90
2026-04-03T20:58:08.315487-07:00,write,key-1,818.014,296,false,leaderless,90
2026-04-03T20:58:09.132364-07:00,read,key-5,3.229,295,false,leaderless,90
2026-04-03T20:58:09.135596-07:00,read,key-2,0.469,261,false,leaderless,90
2026-04-03T20:58:09.133343-07:00,write,key-4,814.251,307,false,leaderless,90
2026-04-03T20:58:09.133347-07:00,write,key-5,814.261,297,false,leaderless,90
2026-04-03T20:58:09.133301-07:00,write,key-1,814.380,300,false,leaderless,90
2026-04-03T20:58:09.132283-07:00,write,key-1,815.443,301,false,leaderless,90
2026-04-03T20:58:09.132867-07:00,write,key-7,814.977,283,false,leaderless,90
2026-04-03T20:58:09.133425-07:00,write,key-2,814.462,264,false,leaderless,90
2026-04-03T20:58:09.133276-07:00,write,key-6,814.671,279,false,leaderless,90
2026-04-03T20:58:09.132137-07:00,write,key-4,815.850,306,false,leaderless,90
2026-04-03T20:58:09.133364-07:00,write,key-8,814.641,249,false,leaderless,90
2026-04-03T20:58:09.136066-07:00,write,key-0,811.954,279,false,leaderless,90
2026-04-03T20:58:09.132391-07:00,write,key-2,815.669,263,false,leaderless,90
2026-04-03T20:58:09.133164-07:00,write,key-4,815.053,305,false,leaderless,90
2026-04-03T20:58:09.133402-07:00,write,key-9,814.980,270,false,leaderless,90
2026-04-03T20:58:09.133372-07:00,write,key-4,815.057,308,false,leaderless,90
2026-04-03T20:58:09.1335-07:00,write,key-2,814.963,262,false,leaderless,90
2026-04-03T20:58:09.133317-07:00,write,key-3,815.176,260,false,leaderless,90
2026-04-03T20:58:09.133255-07:00,write,key-3,815.270,259,false,leaderless,90
2026-04-03T20:58:09.133386-07:00,write,key-5,815.180,298,false,leaderless,90
2026-04-03T20:58:09.133023-07:00,write,key-5,815.576,296,false,leaderless,90
2026-04-03T20:58:09.133448-07:00,write,key-0,815.180,278,false,leaderless,90
2026-04-03T20:58:09.948565-07:00,read,key-8,3.457,249,false,leaderless,90
2026-04-03T20:58:09.948058-07:00,write,key-1,816.273,302,false,leaderless,90
2026-04-03T20:58:09.947682-07:00,write,key-6,816.799,281,false,leaderless,90
2026-04-03T20:58:09.947606-07:00,write,key-9,816.902,271,false,leaderless,90
2026-04-03T20:58:09.947946-07:00,write,key-5,816.567,301,false,leaderless,90
2026-04-03T20:58:09.947594-07:00,write,key-6,816.945,280,false,leaderless,90
2026-04-03T20:58:09.948428-07:00,write,key-9,816.294,272,false,leaderless,90
2026-04-03T20:58:09.948627-07:00,write,key-8,816.258,252,false,leaderless,90
2026-04-03T20:58:09.947726-07:00,write,key-6,817.310,282,false,leaderless,90
2026-04-03T20:58:09.948524-07:00,write,key-5,816.745,300,false,leaderless,90
2026-04-03T20:58:09.947885-07:00,write,key-9,817.453,273,false,leaderless,90
2026-04-03T20:58:09.947843-07:00,write,key-5,817.539,299,false,leaderless,90
2026-04-03T20:58:09.952042-07:00,write,key-4,813.379,311,false,leaderless,90
2026-04-03T20:58:09.948492-07:00,write,key-8,816.967,250,false,leaderless,90
2026-04-03T20:58:09.948461-07:00,write,key-4,817.019,309,false,leaderless,90
2026-04-03T20:58:09.948216-07:00,write,key-0,817.273,280,false,leaderless,90
2026-04-03T20:58:09.948381-07:00,write,key-6,817.121,283,false,leaderless,90
2026-04-03T20:58:09.948598-07:00,write,key-2,816.933,265,false,leaderless,90
2026-04-03T20:58:09.94802-07:00,write,key-8,817.535,251,false,leaderless,90
2026-04-03T20:58:09.947985-07:00,write,key-3,817.583,261,false,leaderless,90
2026-04-03T20:58:09.948003-07:00,write,key-4,817.587,310,false,leaderless,90
2026-04-03T20:58:10.765488-07:00,read,key-8,3.842,252,false,leaderless,90
2026-04-03T20:58:10.765458-07:00,read,key-1,4.079,302,false,leaderless,90
2026-04-03T20:58:10.769539-07:00,read,key-7,3.041,285,false,leaderless,90
2026-04-03T20:58:10.765589-07:00,write,key-7,822.212,284,false,leaderless,90
2026-04-03T20:58:10.765337-07:00,write,key-8,822.709,254,false,leaderless,90
2026-04-03T20:58:10.765268-07:00,write,key-8,822.896,253,false,leaderless,90
2026-04-03T20:58:10.764538-07:00,write,key-9,823.688,275,false,leaderless,90
2026-04-03T20:58:10.76542-07:00,write,key-3,822.823,262,false,leaderless,90
2026-04-03T20:58:10.765478-07:00,write,key-2,822.827,266,false,leaderless,90
2026-04-03T20:58:10.764884-07:00,write,key-1,823.424,304,false,leaderless,90
2026-04-03T20:58:10.772581-07:00,write,key-8,815.799,256,false,leaderless,90
2026-04-03T20:58:10.764481-07:00,write,key-7,823.927,285,false,leaderless,90
2026-04-03T20:58:10.769333-07:00,write,key-6,819.118,286,false,leaderless,90
2026-04-03T20:58:10.765554-07:00,write,key-4,822.934,312,false,leaderless,90
2026-04-03T20:58:10.764508-07:00,write,key-3,824.021,264,false,leaderless,90
2026-04-03T20:58:10.76505-07:00,write,key-5,823.509,302,false,leaderless,90
2026-04-03T20:58:10.76538-07:00,write,key-1,823.226,303,false,leaderless,90
2026-04-03T20:58:10.765567-07:00,write,key-9,823.063,274,false,leaderless,90
2026-04-03T20:58:10.764722-07:00,write,key-3,823.950,263,false,leaderless,90
2026-04-03T20:58:10.764332-07:00,write,key-3,824.389,265,false,leaderless,90
2026-04-03T20:58:10.765501-07:00,write,key-8,823.289,255,false,leaderless,90
2026-04-03T20:58:10.764513-07:00,write,key-6,824.289,285,false,leaderless,90
2026-04-03T20:58:10.76553-07:00,write,key-6,823.336,284,false,leaderless,90
2026-04-03T20:58:11.588866-07:00,write,key-9,812.830,277,false,leaderless,90
2026-04-03T20:58:11.588407-07:00,write,key-0,813.499,282,false,leaderless,90
2026-04-03T20:58:11.588045-07:00,write,key-6,813.898,288,false,leaderless,90
2026-04-03T20:58:11.588242-07:00,write,key-2,813.975,267,false,leaderless,90
2026-04-03T20:58:11.588379-07:00,write,key-1,813.844,307,false,leaderless,90
2026-04-03T20:58:11.588529-07:00,write,key-6,813.708,289,false,leaderless,90
2026-04-03T20:58:11.58845-07:00,write,key-8,813.817,257,false,leaderless,90
2026-04-03T20:58:11.58872-07:00,write,key-9,813.560,279,false,leaderless,90
2026-04-03T20:58:11.588789-07:00,write,key-5,813.516,304,false,leaderless,90
2026-04-03T20:58:11.588671-07:00,write,key-9,813.756,276,false,leaderless,90
2026-04-03T20:58:11.588163-07:00,write,key-5,814.431,303,false,leaderless,90
2026-04-03T20:58:11.58863-07:00,write,key-1,813.968,305,false,leaderless,90
2026-04-03T20:58:11.5888-07:00,write,key-9,813.819,278,false,leaderless,90
2026-04-03T20:58:11.588227-07:00,write,key-3,814.410,266,false,leaderless,90
2026-04-03T20:58:11.587808-07:00,write,key-6,815.409,287,false,leaderless,90
2026-04-03T20:58:11.588558-07:00,write,key-0,814.681,281,false,leaderless,90
2026-04-03T20:58:11.588487-07:00,write,key-3,814.794,268,false,leaderless,90
2026-04-03T20:58:11.588305-07:00,write,key-1,814.982,306,false,leaderless,90
2026-04-03T20:58:11.588307-07:00,write,key-5,815.006,305,false,leaderless,90
2026-04-03T20:58:11.588605-07:00,write,key-3,814.747,267,false,leaderless,90
2026-04-03T20:58:12.402216-07:00,read,key-2,2.985,267,false,leaderless,90
2026-04-03T20:58:12.405204-07:00,read,key-6,0.583,289,false,leaderless,90
2026-04-03T20:58:12.402304-07:00,write,key-2,819.980,271,false,leaderless,90
2026-04-03T20:58:12.402266-07:00,write,key-2,820.113,269,false,leaderless,90
2026-04-03T20:58:12.401943-07:00,write,key-3,820.519,270,false,leaderless,90
2026-04-03T20:58:12.402222-07:00,write,key-1,820.250,308,false,leaderless,90
2026-04-03T20:58:12.403286-07:00,write,key-9,819.266,281,false,leaderless,90
2026-04-03T20:58:12.403351-07:00,write,key-5,819.219,306,false,leaderless,90
2026-04-03T20:58:12.402426-07:00,write,key-0,820.204,284,false,leaderless,90
2026-04-03T20:58:12.402279-07:00,write,key-2,820.006,270,false,leaderless,90
2026-04-03T20:58:12.405788-07:00,write,key-6,816.889,291,false,leaderless,90
2026-04-03T20:58:12.40328-07:00,write,key-4,819.467,313,false,leaderless,90
2026-04-03T20:58:12.402593-07:00,write,key-6,820.290,290,false,leaderless,90
2026-04-03T20:58:12.402618-07:00,write,key-7,820.354,286,false,leaderless,90
2026-04-03T20:58:12.402637-07:00,write,key-9,820.580,280,false,leaderless,90
2026-04-03T20:58:12.403216-07:00,write,key-1,820.027,310,false,leaderless,90
2026-04-03T20:58:12.401696-07:00,write,key-0,821.597,283,false,leaderless,90
2026-04-03T20:58:12.403239-07:00,write,key-1,820.088,309,false,leaderless,90
2026-04-03T20:58:12.402596-07:00,write,key-8,820.798,259,false,leaderless,90
2026-04-03T20:58:12.403312-07:00,write,key-3,820.146,269,false,leaderless,90
2026-04-03T20:58:12.401905-07:00,write,key-2,821.614,268,false,leaderless,90
2026-04-03T20:58:12.402236-07:00,write,key-8,821.349,258,false,leaderless,90
2026-04-03T20:58:13.223518-07:00,read,key-6,1.054,291,false,leaderless,90
2026-04-03T20:58:13.223393-07:00,write,key-4,815.662,317,false,leaderless,90
2026-04-03T20:58:13.222293-07:00,write,key-1,816.905,311,false,leaderless,90
2026-04-03T20:58:13.223293-07:00,write,key-2,816.007,274,false,leaderless,90
2026-04-03T20:58:13.222972-07:00,write,key-9,816.397,282,false,leaderless,90
2026-04-03T20:58:13.223217-07:00,write,key-1,816.207,314,false,leaderless,90
2026-04-03T20:58:13.222746-07:00,write,key-2,816.742,273,false,leaderless,90
2026-04-03T20:58:13.223242-07:00,write,key-8,816.300,260,false,leaderless,90
2026-04-03T20:58:13.223326-07:00,write,key-7,816.231,288,false,leaderless,90
2026-04-03T20:58:13.223585-07:00,write,key-6,816.051,293,false,leaderless,90
2026-04-03T20:58:13.222677-07:00,write,key-6,816.980,292,false,leaderless,90
2026-04-03T20:58:13.224577-07:00,write,key-1,815.144,315,false,leaderless,90
2026-04-03T20:58:13.222462-07:00,write,key-4,817.267,316,false,leaderless,90
2026-04-03T20:58:13.223457-07:00,write,key-0,816.316,285,false,leaderless,90
2026-04-03T20:58:13.222473-07:00,write,key-4,817.373,315,false,leaderless,90
2026-04-03T20:58:13.222552-07:00,write,key-4,817.464,314,false,leaderless,90
2026-04-03T20:58:13.22263-07:00,write,key-7,817.488,287,false,leaderless,90
2026-04-03T20:58:13.222667-07:00,write,key-2,817.496,272,false,leaderless,90
2026-04-03T20:58:13.222379-07:00,write,key-1,817.838,313,false,leaderless,90
2026-04-03T20:58:13.22257-07:00,write,key-1,817.693,312,false,leaderless,90
2026-04-03T20:58:13.222882-07:00,write,key-5,817.470,307,false,leaderless,90
2026-04-03T20:58:14.039423-07:00,read,key-9,3.903,282,false,leaderless,90
2026-04-03T20:58:14.039728-07:00,read,key-8,3.640,260,false,leaderless,90
2026-04-03T20:58:14.043372-07:00,read,key-8,0.876,260,false,leaderless,90
2026-04-03T20:58:14.040118-07:00,write,key-5,822.374,309,false,leaderless,90
2026-04-03T20:58:14.039658-07:00,write,key-6,822.890,294,false,leaderless,90
2026-04-03T20:58:14.043333-07:00,write,key-2,819.289,276,false,leaderless,90
2026-04-03T20:58:14.039721-07:00,write,key-5,822.913,308,false,leaderless,90
2026-04-03T20:58:14.039198-07:00,write,key-0,823.452,287,false,leaderless,90
2026-04-03T20:58:14.039773-07:00,write,key-9,822.927,283,false,leaderless,90
2026-04-03T20:58:14.040162-07:00,write,key-4,822.755,319,false,leaderless,90
2026-04-03T20:58:14.039542-07:00,write,key-7,823.476,289,false,leaderless,90
2026-04-03T20:58:14.039557-07:00,write,key-3,823.496,272,false,leaderless,90
2026-04-03T20:58:14.039635-07:00,write,key-9,823.467,284,false,leaderless,90
2026-04-03T20:58:14.0393-07:00,write,key-0,823.813,286,false,leaderless,90
2026-04-03T20:58:14.040016-07:00,write,key-4,823.119,318,false,leaderless,90
2026-04-03T20:58:14.04425-07:00,write,key-0,819.085,289,false,leaderless,90
2026-04-03T20:58:14.040216-07:00,write,key-7,823.152,290,false,leaderless,90
2026-04-03T20:58:14.039369-07:00,write,key-6,824.357,295,false,leaderless,90
2026-04-03T20:58:14.039488-07:00,write,key-0,824.247,288,false,leaderless,90
2026-04-03T20:58:14.040262-07:00,write,key-9,823.483,285,false,leaderless,90
2026-04-03T20:58:14.039066-07:00,write,key-3,824.688,271,false,leaderless,90
2026-04-03T20:58:14.040351-07:00,write,key-8,823.429,261,false,leaderless,90
2026-04-03T20:58:14.039845-07:00,write,key-2,823.950,275,false,leaderless,90
2026-04-03T20:58:14.862917-07:00,read,key-8,2.923,261,false,leaderless,90
2026-04-03T20:58:14.863794-07:00,read,key-4,2.093,319,false,leaderless,90
2026-04-03T20:58:14.863102-07:00,read,key-2,2.805,276,false,leaderless,90
2026-04-03T20:58:14.865888-07:00,write,key-9,817.291,286,false,leaderless,90
2026-04-03T20:58:14.863754-07:00,write,key-2,819.689,278,false,leaderless,90
2026-04-03T20:58:14.863052-07:00,write,key-0,820.492,290,false,leaderless,90
2026-04-03T20:58:14.862492-07:00,write,key-4,821.516,320,false,leaderless,90
2026-04-03T20:58:14.862633-07:00,write,key-0,821.535,292,false,leaderless,90
2026-04-03T20:58:14.863735-07:00,write,key-2,820.530,277,false,leaderless,90
2026-04-03T20:58:14.862548-07:00,write,key-6,821.865,296,false,leaderless,90
2026-04-03T20:58:14.863779-07:00,write,key-1,820.723,316,false,leaderless,90
2026-04-03T20:58:14.865841-07:00,write,key-6,818.749,297,false,leaderless,90
2026-04-03T20:58:14.863018-07:00,write,key-0,821.653,291,false,leaderless,90
2026-04-03T20:58:14.86265-07:00,write,key-3,822.134,273,false,leaderless,90
2026-04-03T20:58:14.863744-07:00,write,key-2,821.068,280,false,leaderless,90
2026-04-03T20:58:14.863725-07:00,write,key-7,821.204,291,false,leaderless,90
2026-04-03T20:58:14.862621-07:00,write,key-8,822.389,262,false,leaderless,90
2026-04-03T20:58:14.863335-07:00,write,key-3,821.732,274,false,leaderless,90
2026-04-03T20:58:14.863367-07:00,write,key-7,821.716,292,false,leaderless,90
2026-04-03T20:58:14.863134-07:00,write,key-2,822.007,279,false,leaderless,90
2026-04-03T20:58:14.862699-07:00,write,key-1,822.483,317,false,leaderless,90
2026-04-03T20:58:14.865909-07:00,write,key-1,819.314,318,false,leaderless,90
2026-04-03T20:58:14.863113-07:00,write,key-2,822.165,281,false,leaderless,90
2026-04-03T20:58:15.685082-07:00,read,key-6,1.815,297,false,leaderless,90
2026-04-03T20:58:15.684167-07:00,read,key-3,2.736,274,false,leaderless,90
2026-04-03T20:58:15.685222-07:00,write,key-0,816.958,293,false,leaderless,90
2026-04-03T20:58:15.683186-07:00,write,key-3,819.029,275,false,leaderless,90
2026-04-03T20:58:15.683544-07:00,write,key-3,818.751,277,false,leaderless,90
2026-04-03T20:58:15.684928-07:00,write,key-3,817.613,278,false,leaderless,90
2026-04-03T20:58:15.685066-07:00,write,key-8,817.518,264,false,leaderless,90
2026-04-03T20:58:15.683444-07:00,write,key-0,819.213,295,false,leaderless,90
2026-04-03T20:58:15.684783-07:00,write,key-1,817.900,319,false,leaderless,90
2026-04-03T20:58:15.686909-07:00,write,key-9,815.851,289,false,leaderless,90
2026-04-03T20:58:15.68467-07:00,write,key-9,818.110,287,false,leaderless,90
2026-04-03T20:58:15.684412-07:00,write,key-4,818.377,321,false,leaderless,90
2026-04-03T20:58:15.684502-07:00,write,key-5,818.362,312,false,leaderless,90
2026-04-03T20:58:15.685181-07:00,write,key-5,817.747,310,false,leaderless,90
2026-04-03T20:58:15.685009-07:00,write,key-0,818.073,294,false,leaderless,90
2026-04-03T20:58:15.684265-07:00,write,key-5,818.843,311,false,leaderless,90
2026-04-03T20:58:15.684008-07:00,write,key-8,819.146,263,false,leaderless,90
2026-04-03T20:58:15.68514-07:00,write,key-3,818.041,276,false,leaderless,90
2026-04-03T20:58:15.686901-07:00,write,key-0,816.319,296,false,leaderless,90
2026-04-03T20:58:15.684811-07:00,write,key-1,818.438,320,false,leaderless,90
2026-04-03T20:58:15.68459-07:00,write,key-8,818.695,265,false,leaderless,90
2026-04-03T20:58:15.685277-07:00,write,key-9,818.043,288,false,leaderless,90
2026-04-03T20:58:16.502789-07:00,read,key-1,4.531,322,false,leaderless,90
2026-04-03T20:58:16.502927-07:00,write,key-8,819.799,266,false,leaderless,90
2026-04-03T20:58:16.503248-07:00,write,key-0,819.571,299,false,leaderless,90
2026-04-03T20:58:16.502759-07:00,write,key-7,820.126,293,false,leaderless,90
2026-04-03T20:58:16.503219-07:00,write,key-1,819.698,323,false,leaderless,90
2026-04-03T20:58:16.502863-07:00,write,key-9,819.863,290,false,leaderless,90
2026-04-03T20:58:16.50227-07:00,write,key-0,820.779,297,false,leaderless,90
2026-04-03T20:58:16.503107-07:00,write,key-1,820.019,324,false,leaderless,90
2026-04-03T20:58:16.503081-07:00,write,key-9,820.131,291,false,leaderless,90
2026-04-03T20:58:16.50254-07:00,write,key-3,820.697,279,false,leaderless,90
2026-04-03T20:58:16.502682-07:00,write,key-3,820.614,280,false,leaderless,90
2026-04-03T20:58:16.503284-07:00,write,key-9,820.033,292,false,leaderless,90
2026-04-03T20:58:16.50218-07:00,write,key-4,821.183,322,false,leaderless,90
2026-04-03T20:58:16.503179-07:00,write,key-0,820.250,298,false,leaderless,90
2026-04-03T20:58:16.503153-07:00,write,key-2,820.342,282,false,leaderless,90
2026-04-03T20:58:16.502656-07:00,write,key-1,820.955,322,false,leaderless,90
2026-04-03T20:58:16.502294-07:00,write,key-6,821.335,298,false,leaderless,90
2026-04-03T20:58:16.50278-07:00,write,key-7,820.900,294,false,leaderless,90
2026-04-03T20:58:16.503318-07:00,write,key-4,820.388,323,false,leaderless,90
2026-04-03T20:58:16.507321-07:00,write,key-6,816.441,299,false,leaderless,90
2026-04-03T20:58:16.502583-07:00,write,key-1,821.235,321,false,leaderless,90
2026-04-03T20:58:17.323212-07:00,read,key-3,1.237,280,false,leaderless,90
2026-04-03T20:58:17.323127-07:00,write,key-8,818.050,269,false,leaderless,90
2026-04-03T20:58:17.323363-07:00,write,key-8,818.071,268,false,leaderless,90
2026-04-03T20:58:17.324455-07:00,write,key-8,817.118,272,false,leaderless,90
2026-04-03T20:58:17.323295-07:00,write,key-1,818.372,326,false,leaderless,90
2026-04-03T20:58:17.322735-07:00,write,key-6,819.032,300,false,leaderless,90
2026-04-03T20:58:17.323816-07:00,write,key-9,818.048,293,false,leaderless,90
2026-04-03T20:58:17.323236-07:00,write,key-3,818.772,281,false,leaderless,90
2026-04-03T20:58:17.323316-07:00,write,key-3,818.770,282,false,leaderless,90
2026-04-03T20:58:17.323428-07:00,write,key-1,818.749,327,false,leaderless,90
2026-04-03T20:58:17.323052-07:00,write,key-0,819.217,302,false,leaderless,90
2026-04-03T20:58:17.32361-07:00,write,key-7,818.754,296,false,leaderless,90
2026-04-03T20:58:17.323494-07:00,write,key-7,818.955,295,false,leaderless,90
2026-04-03T20:58:17.323678-07:00,write,key-0,818.858,301,false,leaderless,90
2026-04-03T20:58:17.322929-07:00,write,key-4,819.698,324,false,leaderless,90
2026-04-03T20:58:17.323628-07:00,write,key-1,819.090,328,false,leaderless,90
2026-04-03T20:58:17.322917-07:00,write,key-8,819.906,267,false,leaderless,90
2026-04-03T20:58:17.322819-07:00,write,key-0,820.075,300,false,leaderless,90
2026-04-03T20:58:17.322885-07:00,write,key-1,820.269,325,false,leaderless,90
2026-04-03T20:58:17.323761-07:00,write,key-8,819.489,271,false,leaderless,90
2026-04-03T20:58:17.323705-07:00,write,key-8,819.594,270,false,leaderless,90
2026-04-03T20:58:18.141767-07:00,write,key-1,820.014,331,false,leaderless,90
2026-04-03T20:58:18.142176-07:00,write,key-4,819.763,326,false,leaderless,90
2026-04-03T20:58:18.142822-07:00,write,key-9,819.186,295,false,leaderless,90
2026-04-03T20:58:18.141865-07:00,write,key-1,820.382,330,false,leaderless,90
2026-04-03T20:58:18.142008-07:00,write,key-1,820.262,333,false,leaderless,90
2026-04-03T20:58:18.142268-07:00,write,key-9,820.031,294,false,leaderless,90
2026-04-03T20:58:18.142717-07:00,write,key-3,819.611,283,false,leaderless,90
2026-04-03T20:58:18.142086-07:00,write,key-7,820.272,297,false,leaderless,90
2026-04-03T20:58:18.141667-07:00,write,key-5,820.713,314,false,leaderless,90
2026-04-03T20:58:18.142626-07:00,write,key-8,819.776,273,false,leaderless,90
2026-04-03T20:58:18.14325-07:00,write,key-9,819.178,296,false,leaderless,90
2026-04-03T20:58:18.142449-07:00,write,key-5,820.009,313,false,leaderless,90
2026-04-03T20:58:18.141572-07:00,write,key-4,820.948,325,false,leaderless,90
2026-04-03T20:58:18.142363-07:00,write,key-0,820.193,303,false,leaderless,90
2026-04-03T20:58:18.142536-07:00,write,key-7,820.044,298,false,leaderless,90
2026-04-03T20:58:18.142894-07:00,write,key-1,819.708,329,false,leaderless,90
2026-04-03T20:58:18.141185-07:00,write,key-5,821.427,315,false,leaderless,90
2026-04-03T20:58:18.141433-07:00,write,key-8,821.197,274,false,leaderless,90
2026-04-03T20:58:18.143299-07:00,write,key-1,820.717,332,false,leaderless,90
2026-04-03T20:58:18.143154-07:00,write,key-4,821.538,327,false,leaderless,90
2026-04-03T20:58:18.962427-07:00,read,key-6,2.300,300,false,leaderless,90
2026-04-03T20:58:18.96258-07:00,read,key-9,2.204,296,false,leaderless,90
2026-04-03T20:58:18.964016-07:00,read,key-6,1.034,300,false,leaderless,90
2026-04-03T20:58:18.962519-07:00,write,key-2,818.754,283,false,leaderless,90
2026-04-03T20:58:18.96473-07:00,write,key-4,816.571,331,false,leaderless,90
2026-04-03T20:58:18.962457-07:00,write,key-9,818.898,297,false,leaderless,90
2026-04-03T20:58:18.961784-07:00,write,key-6,819.606,301,false,leaderless,90
2026-04-03T20:58:18.962298-07:00,write,key-8,819.138,275,false,leaderless,90
2026-04-03T20:58:18.962601-07:00,write,key-8,818.930,276,false,leaderless,90
2026-04-03T20:58:18.964692-07:00,write,key-0,816.859,304,false,leaderless,90
2026-04-03T20:58:18.964785-07:00,write,key-8,816.783,278,false,leaderless,90
2026-04-03T20:58:18.962008-07:00,write,key-3,819.607,284,false,leaderless,90
2026-04-03T20:58:18.962357-07:00,write,key-4,819.271,329,false,leaderless,90
2026-04-03T20:58:18.961939-07:00,write,key-7,819.812,299,false,leaderless,90
2026-04-03T20:58:18.962611-07:00,write,key-5,819.218,316,false,leaderless,90
2026-04-03T20:58:18.962327-07:00,write,key-4,819.572,328,false,leaderless,90
2026-04-03T20:58:18.962246-07:00,write,key-9,819.712,298,false,leaderless,90
2026-04-03T20:58:18.962556-07:00,write,key-7,819.458,300,false,leaderless,90
2026-04-03T20:58:18.96238-07:00,write,key-8,819.687,277,false,leaderless,90
2026-04-03T20:58:18.962401-07:00,write,key-6,819.683,302,false,leaderless,90
2026-04-03T20:58:18.962629-07:00,write,key-4,819.492,330,false,leaderless,90
2026-04-03T20:58:18.965053-07:00,write,key-4,817.093,332,false,leaderless,90
2026-04-03T20:58:18.962269-07:00,write,key-2,819.910,284,false,leaderless,90
2026-04-03T20:58:19.781829-07:00,read,key-6,2.159,302,false,leaderless,90
2026-04-03T20:58:19.78139-07:00,read,key-0,2.610,304,false,leaderless,90
2026-04-03T20:58:19.781436-07:00,read,key-7,2.628,300,false,leaderless,90
2026-04-03T20:58:19.784066-07:00,write,key-8,814.618,280,false,leaderless,90
2026-04-03T20:58:19.78153-07:00,write,key-0,817.157,306,false,leaderless,90
2026-04-03T20:58:19.784003-07:00,write,key-4,814.894,338,false,leaderless,90
2026-04-03T20:58:19.782065-07:00,write,key-5,816.838,317,false,leaderless,90
2026-04-03T20:58:19.781355-07:00,write,key-5,817.557,318,false,leaderless,90
2026-04-03T20:58:19.781614-07:00,write,key-0,817.311,305,false,leaderless,90
2026-04-03T20:58:19.782145-07:00,write,key-4,816.801,339,false,leaderless,90
2026-04-03T20:58:19.78175-07:00,write,key-4,817.204,334,false,leaderless,90
2026-04-03T20:58:19.78212-07:00,write,key-8,816.850,279,false,leaderless,90
2026-04-03T20:58:19.781958-07:00,write,key-3,817.022,285,false,leaderless,90
2026-04-03T20:58:19.782178-07:00,write,key-8,816.814,281,false,leaderless,90
2026-04-03T20:58:19.783991-07:00,write,key-2,815.018,285,false,leaderless,90
2026-04-03T20:58:19.781627-07:00,write,key-9,817.402,299,false,leaderless,90
2026-04-03T20:58:19.781301-07:00,write,key-4,817.770,335,false,leaderless,90
2026-04-03T20:58:19.781276-07:00,write,key-9,817.899,300,false,leaderless,90
2026-04-03T20:58:19.782013-07:00,write,key-4,817.207,333,false,leaderless,90
2026-04-03T20:58:19.781568-07:00,write,key-4,817.676,336,false,leaderless,90
2026-04-03T20:58:19.781899-07:00,write,key-4,817.402,337,false,leaderless,90
2026-04-03T20:58:19.782083-07:00,write,key-3,817.257,286,false,leaderless,90
2026-04-03T20:58:19.781551-07:00,write,key-1,818.070,334,false,leaderless,90
2026-04-03T20:58:20.598969-07:00,read,key-4,4.945,339,false,leaderless,90
2026-04-03T20:58:20.598945-07:00,write,key-9,819.897,301,false,leaderless,90
2026-04-03T20:58:20.598684-07:00,write,key-1,820.160,335,false,leaderless,90
2026-04-03T20:58:20.599028-07:00,write,key-6,819.842,303,false,leaderless,90
2026-04-03T20:58:20.598991-07:00,write,key-7,819.883,302,false,leaderless,90
2026-04-03T20:58:20.598898-07:00,write,key-8,820.135,282,false,leaderless,90
2026-04-03T20:58:20.598903-07:00,write,key-3,820.132,288,false,leaderless,90
2026-04-03T20:58:20.598924-07:00,write,key-8,820.145,284,false,leaderless,90
2026-04-03T20:58:20.599174-07:00,write,key-2,819.897,288,false,leaderless,90
2026-04-03T20:58:20.599069-07:00,write,key-4,820.177,340,false,leaderless,90
2026-04-03T20:58:20.598911-07:00,write,key-8,820.337,283,false,leaderless,90
2026-04-03T20:58:20.599008-07:00,write,key-3,820.241,287,false,leaderless,90
2026-04-03T20:58:20.598686-07:00,write,key-2,820.565,286,false,leaderless,90
2026-04-03T20:58:20.598953-07:00,write,key-7,820.308,301,false,leaderless,90
2026-04-03T20:58:20.59898-07:00,write,key-2,820.426,287,false,leaderless,90
