timestamp,type,key,latency_ms,version,stale_read,db_type,write_pct
2026-04-03T20:53:46.858101-07:00,read,key-0,67.096,26,false,leader-w3r3,50
2026-04-03T20:53:46.858202-07:00,read,key-9,67.002,22,false,leader-w3r3,50
2026-04-03T20:53:46.85818-07:00,read,key-4,67.025,23,false,leader-w3r3,50
2026-04-03T20:53:46.858334-07:00,read,key-1,66.873,28,false,leader-w3r3,50
2026-04-03T20:53:46.858404-07:00,read,key-8,66.808,25,false,leader-w3r3,50
2026-04-03T20:53:46.858154-07:00,read,key-5,67.067,20,false,leader-w3r3,50
2026-04-03T20:53:46.858336-07:00,read,key-7,66.887,24,false,leader-w3r3,50
2026-04-03T20:53:46.858499-07:00,read,key-3,66.739,17,false,leader-w3r3,50
2026-04-03T20:53:46.858505-07:00,read,key-3,66.760,17,false,leader-w3r3,50
2026-04-03T20:53:46.925213-07:00,read,key-7,52.066,24,false,leader-w3r3,50
2026-04-03T20:53:46.925198-07:00,read,key-9,52.095,20,false,leader-w3r3,50
2026-04-03T20:53:46.925204-07:00,read,key-3,52.175,17,false,leader-w3r3,50
2026-04-03T20:53:46.925224-07:00,read,key-1,55.530,29,false,leader-w3r3,50
2026-04-03T20:53:46.977381-07:00,read,key-5,56.921,20,false,leader-w3r3,50
2026-04-03T20:53:46.977295-07:00,read,key-4,57.007,23,false,leader-w3r3,50
2026-04-03T20:53:46.980755-07:00,read,key-1,55.114,29,false,leader-w3r3,50
2026-04-03T20:53:47.034304-07:00,read,key-7,54.117,24,false,leader-w3r3,50
2026-04-03T20:53:47.034304-07:00,read,key-7,54.118,24,false,leader-w3r3,50
2026-04-03T20:53:47.088425-07:00,read,key-6,54.009,18,false,leader-w3r3,50
2026-04-03T20:53:47.08848-07:00,read,key-5,53.972,21,false,leader-w3r3,50
2026-04-03T20:53:47.142454-07:00,read,key-8,60.547,28,false,leader-w3r3,50
2026-04-03T20:53:46.85827-07:00,write,key-6,820.231,16,false,leader-w3r3,50
2026-04-03T20:53:46.858244-07:00,write,key-8,820.545,26,false,leader-w3r3,50
2026-04-03T20:53:46.858243-07:00,write,key-8,820.693,27,false,leader-w3r3,50
2026-04-03T20:53:46.858462-07:00,write,key-9,820.505,21,false,leader-w3r3,50
2026-04-03T20:53:46.858112-07:00,write,key-1,821.011,26,false,leader-w3r3,50
2026-04-03T20:53:46.858464-07:00,write,key-2,820.736,22,false,leader-w3r3,50
2026-04-03T20:53:46.85828-07:00,write,key-1,821.034,27,false,leader-w3r3,50
2026-04-03T20:53:46.858445-07:00,write,key-0,822.234,27,false,leader-w3r3,50
2026-04-03T20:53:46.858432-07:00,write,key-2,822.456,23,false,leader-w3r3,50
2026-04-03T20:53:46.858373-07:00,write,key-1,822.607,28,false,leader-w3r3,50
2026-04-03T20:53:46.858406-07:00,write,key-9,823.784,22,false,leader-w3r3,50
2026-04-03T20:53:47.68098-07:00,read,key-5,62.301,21,false,leader-w3r3,50
2026-04-03T20:53:46.925208-07:00,write,key-6,818.076,17,false,leader-w3r3,50
2026-04-03T20:53:47.68068-07:00,read,key-3,62.724,17,false,leader-w3r3,50
2026-04-03T20:53:47.680888-07:00,read,key-9,62.644,24,false,leader-w3r3,50
2026-04-03T20:53:46.925206-07:00,write,key-1,818.335,29,false,leader-w3r3,50
2026-04-03T20:53:47.679122-07:00,read,key-9,64.477,24,false,leader-w3r3,50
2026-04-03T20:53:46.925222-07:00,write,key-6,818.439,18,false,leader-w3r3,50
2026-04-03T20:53:47.678512-07:00,read,key-1,65.238,30,false,leader-w3r3,50
2026-04-03T20:53:47.678967-07:00,read,key-8,64.870,28,false,leader-w3r3,50
2026-04-03T20:53:46.925239-07:00,write,key-5,818.612,21,false,leader-w3r3,50
2026-04-03T20:53:46.925269-07:00,write,key-0,818.627,28,false,leader-w3r3,50
2026-04-03T20:53:47.678935-07:00,read,key-3,64.997,17,false,leader-w3r3,50
2026-04-03T20:53:46.977281-07:00,write,key-8,807.167,28,false,leader-w3r3,50
2026-04-03T20:53:47.743765-07:00,read,key-6,54.756,19,false,leader-w3r3,50
2026-04-03T20:53:47.743935-07:00,read,key-6,54.606,19,false,leader-w3r3,50
2026-04-03T20:53:47.743851-07:00,read,key-4,54.844,23,false,leader-w3r3,50
2026-04-03T20:53:47.743602-07:00,read,key-9,55.147,26,false,leader-w3r3,50
2026-04-03T20:53:47.743661-07:00,read,key-1,55.115,30,false,leader-w3r3,50
2026-04-03T20:53:47.743407-07:00,read,key-8,55.489,28,false,leader-w3r3,50
2026-04-03T20:53:47.744041-07:00,read,key-2,58.068,23,false,leader-w3r3,50
2026-04-03T20:53:47.784451-07:00,read,key-4,57.515,23,false,leader-w3r3,50
2026-04-03T20:53:47.03587-07:00,write,key-1,812.116,30,false,leader-w3r3,50
2026-04-03T20:53:47.798697-07:00,read,key-1,52.294,30,false,leader-w3r3,50
2026-04-03T20:53:47.802112-07:00,read,key-1,63.453,31,false,leader-w3r3,50
2026-04-03T20:53:47.841973-07:00,read,key-6,52.437,19,false,leader-w3r3,50
2026-04-03T20:53:47.850995-07:00,read,key-3,53.528,19,false,leader-w3r3,50
2026-04-03T20:53:47.865571-07:00,read,key-9,55.745,27,false,leader-w3r3,50
2026-04-03T20:53:47.894418-07:00,read,key-2,54.204,24,false,leader-w3r3,50
2026-04-03T20:53:47.142441-07:00,write,key-7,812.341,25,false,leader-w3r3,50
2026-04-03T20:53:47.90453-07:00,read,key-8,54.134,28,false,leader-w3r3,50
2026-04-03T20:53:47.948627-07:00,read,key-0,54.356,29,false,leader-w3r3,50
2026-04-03T20:53:47.20301-07:00,write,key-9,812.484,23,false,leader-w3r3,50
2026-04-03T20:53:48.015525-07:00,read,key-8,52.641,29,false,leader-w3r3,50
2026-04-03T20:53:48.068249-07:00,read,key-4,56.716,27,false,leader-w3r3,50
2026-04-03T20:53:48.124977-07:00,read,key-5,53.514,23,false,leader-w3r3,50
2026-04-03T20:53:47.6792-07:00,write,key-0,812.022,29,false,leader-w3r3,50
2026-04-03T20:53:47.682191-07:00,write,key-4,809.241,24,false,leader-w3r3,50
2026-04-03T20:53:47.679313-07:00,write,key-9,813.295,24,false,leader-w3r3,50
2026-04-03T20:53:47.678789-07:00,write,key-6,814.656,19,false,leader-w3r3,50
2026-04-03T20:53:48.49261-07:00,read,key-2,58.305,25,false,leader-w3r3,50
2026-04-03T20:53:48.493445-07:00,read,key-1,57.470,32,false,leader-w3r3,50
2026-04-03T20:53:48.491433-07:00,read,key-2,59.637,25,false,leader-w3r3,50
2026-04-03T20:53:47.74354-07:00,write,key-9,811.660,25,false,leader-w3r3,50
2026-04-03T20:53:47.743289-07:00,write,key-4,812.091,25,false,leader-w3r3,50
2026-04-03T20:53:47.743534-07:00,write,key-4,811.954,26,false,leader-w3r3,50
2026-04-03T20:53:47.743839-07:00,write,key-9,811.677,26,false,leader-w3r3,50
2026-04-03T20:53:47.743894-07:00,write,key-2,811.713,24,false,leader-w3r3,50
2026-04-03T20:53:47.798751-07:00,write,key-4,805.686,27,false,leader-w3r3,50
2026-04-03T20:53:47.798525-07:00,write,key-3,806.144,18,false,leader-w3r3,50
2026-04-03T20:53:47.798778-07:00,write,key-1,806.017,31,false,leader-w3r3,50
2026-04-03T20:53:48.550926-07:00,read,key-2,56.386,25,false,leader-w3r3,50
2026-04-03T20:53:48.555381-07:00,read,key-9,52.068,27,false,leader-w3r3,50
2026-04-03T20:53:47.798543-07:00,write,key-5,810.389,22,false,leader-w3r3,50
2026-04-03T20:53:47.7989-07:00,write,key-9,810.126,27,false,leader-w3r3,50
2026-04-03T20:53:48.607452-07:00,read,key-1,54.334,32,false,leader-w3r3,50
2026-04-03T20:53:48.604795-07:00,read,key-7,57.256,26,false,leader-w3r3,50
2026-04-03T20:53:47.847989-07:00,write,key-3,814.121,19,false,leader-w3r3,50
2026-04-03T20:53:48.607318-07:00,read,key-8,54.880,29,false,leader-w3r3,50
2026-04-03T20:53:48.609025-07:00,read,key-9,54.159,27,false,leader-w3r3,50
2026-04-03T20:53:48.661792-07:00,read,key-9,56.070,27,false,leader-w3r3,50
2026-04-03T20:53:48.662201-07:00,read,key-1,55.680,32,false,leader-w3r3,50
2026-04-03T20:53:48.662111-07:00,read,key-1,55.808,32,false,leader-w3r3,50
2026-04-03T20:53:48.66206-07:00,read,key-5,55.884,23,false,leader-w3r3,50
2026-04-03T20:53:47.921322-07:00,write,key-1,804.414,32,false,leader-w3r3,50
2026-04-03T20:53:47.954783-07:00,write,key-5,806.109,23,false,leader-w3r3,50
2026-04-03T20:53:47.958669-07:00,write,key-8,810.886,29,false,leader-w3r3,50
2026-04-03T20:53:48.717951-07:00,read,key-4,53.007,29,false,leader-w3r3,50
2026-04-03T20:53:48.717924-07:00,read,key-0,53.076,31,false,leader-w3r3,50
2026-04-03T20:53:48.002988-07:00,write,key-2,809.901,25,false,leader-w3r3,50
2026-04-03T20:53:48.770959-07:00,read,key-4,53.754,30,false,leader-w3r3,50
2026-04-03T20:53:48.771002-07:00,read,key-6,53.760,21,false,leader-w3r3,50
2026-04-03T20:53:48.824764-07:00,read,key-4,60.968,31,false,leader-w3r3,50
2026-04-03T20:53:48.178496-07:00,write,key-4,810.712,28,false,leader-w3r3,50
2026-04-03T20:53:48.491236-07:00,write,key-6,810.253,20,false,leader-w3r3,50
2026-04-03T20:53:48.550927-07:00,write,key-3,806.176,20,false,leader-w3r3,50
2026-04-03T20:53:48.551076-07:00,write,key-6,809.596,21,false,leader-w3r3,50
2026-04-03T20:53:48.555488-07:00,write,key-0,805.184,31,false,leader-w3r3,50
2026-04-03T20:53:48.555515-07:00,write,key-2,805.284,26,false,leader-w3r3,50
2026-04-03T20:53:48.555204-07:00,write,key-0,805.718,30,false,leader-w3r3,50
2026-04-03T20:53:48.555619-07:00,write,key-7,806.745,26,false,leader-w3r3,50
2026-04-03T20:53:48.604669-07:00,write,key-4,813.595,29,false,leader-w3r3,50
2026-04-03T20:53:48.604446-07:00,write,key-3,813.901,21,false,leader-w3r3,50
2026-04-03T20:53:48.608932-07:00,write,key-8,809.558,30,false,leader-w3r3,50
2026-04-03T20:53:49.360754-07:00,read,key-5,57.786,25,false,leader-w3r3,50
2026-04-03T20:53:49.362365-07:00,read,key-4,56.245,31,false,leader-w3r3,50
2026-04-03T20:53:49.3608-07:00,read,key-8,60.000,31,false,leader-w3r3,50
2026-04-03T20:53:48.663189-07:00,write,key-5,805.500,24,false,leader-w3r3,50
2026-04-03T20:53:49.418348-07:00,read,key-8,56.795,31,false,leader-w3r3,50
2026-04-03T20:53:49.418272-07:00,read,key-7,57.061,27,false,leader-w3r3,50
2026-04-03T20:53:49.420807-07:00,read,key-8,54.608,31,false,leader-w3r3,50
2026-04-03T20:53:49.41849-07:00,read,key-9,58.292,29,false,leader-w3r3,50
2026-04-03T20:53:48.717866-07:00,write,key-1,806.638,33,false,leader-w3r3,50
2026-04-03T20:53:48.717882-07:00,write,key-3,806.623,22,false,leader-w3r3,50
2026-04-03T20:53:49.476785-07:00,read,key-8,52.383,31,false,leader-w3r3,50
2026-04-03T20:53:49.47516-07:00,read,key-7,54.009,29,false,leader-w3r3,50
2026-04-03T20:53:48.725735-07:00,write,key-5,803.590,25,false,leader-w3r3,50
2026-04-03T20:53:49.475337-07:00,read,key-9,54.110,30,false,leader-w3r3,50
2026-04-03T20:53:49.475418-07:00,read,key-1,55.570,34,false,leader-w3r3,50
2026-04-03T20:53:48.760892-07:00,write,key-4,804.151,30,false,leader-w3r3,50
2026-04-03T20:53:48.769554-07:00,write,key-7,804.179,27,false,leader-w3r3,50
2026-04-03T20:53:49.524582-07:00,read,key-3,53.324,22,false,leader-w3r3,50
2026-04-03T20:53:49.53099-07:00,read,key-6,52.867,22,false,leader-w3r3,50
2026-04-03T20:53:48.812897-07:00,write,key-0,809.381,32,false,leader-w3r3,50
2026-04-03T20:53:49.565048-07:00,read,key-8,57.626,32,false,leader-w3r3,50
2026-04-03T20:53:49.573735-07:00,read,key-1,52.598,35,false,leader-w3r3,50
2026-04-03T20:53:48.824718-07:00,write,key-4,808.503,31,false,leader-w3r3,50
2026-04-03T20:53:49.583864-07:00,read,key-3,55.163,23,false,leader-w3r3,50
2026-04-03T20:53:49.626341-07:00,read,key-0,52.109,33,false,leader-w3r3,50
2026-04-03T20:53:49.62228-07:00,read,key-5,56.181,25,false,leader-w3r3,50
2026-04-03T20:53:48.885744-07:00,write,key-6,808.854,22,false,leader-w3r3,50
2026-04-03T20:53:49.678453-07:00,read,key-1,53.425,35,false,leader-w3r3,50
2026-04-03T20:53:48.989216-07:00,write,key-9,808.505,28,false,leader-w3r3,50
2026-04-03T20:53:49.301502-07:00,write,key-8,805.697,31,false,leader-w3r3,50
2026-04-03T20:53:50.107216-07:00,read,key-4,58.858,31,false,leader-w3r3,50
2026-04-03T20:53:49.357107-07:00,write,key-9,809.048,29,false,leader-w3r3,50
2026-04-03T20:53:49.360675-07:00,write,key-7,806.347,28,false,leader-w3r3,50
2026-04-03T20:53:49.360922-07:00,write,key-1,806.346,34,false,leader-w3r3,50
2026-04-03T20:53:50.166092-07:00,read,key-1,56.224,35,false,leader-w3r3,50
2026-04-03T20:53:50.167023-07:00,read,key-6,55.384,23,false,leader-w3r3,50
2026-04-03T20:53:50.167268-07:00,read,key-4,58.644,31,false,leader-w3r3,50
2026-04-03T20:53:49.418557-07:00,write,key-7,811.443,29,false,leader-w3r3,50
2026-04-03T20:53:49.418613-07:00,write,key-9,811.800,30,false,leader-w3r3,50
2026-04-03T20:53:49.468695-07:00,write,key-6,807.449,23,false,leader-w3r3,50
2026-04-03T20:53:50.222328-07:00,read,key-8,54.716,33,false,leader-w3r3,50
2026-04-03T20:53:50.225921-07:00,read,key-7,51.180,31,false,leader-w3r3,50
2026-04-03T20:53:50.230006-07:00,read,key-6,53.565,23,false,leader-w3r3,50
2026-04-03T20:53:50.230412-07:00,read,key-6,54.048,23,false,leader-w3r3,50
2026-04-03T20:53:49.524512-07:00,write,key-7,809.191,30,false,leader-w3r3,50
2026-04-03T20:53:50.27615-07:00,read,key-8,57.651,34,false,leader-w3r3,50
2026-04-03T20:53:50.277049-07:00,read,key-6,56.934,23,false,leader-w3r3,50
2026-04-03T20:53:49.529173-07:00,write,key-1,804.819,35,false,leader-w3r3,50
2026-04-03T20:53:50.277104-07:00,read,key-7,56.963,32,false,leader-w3r3,50
2026-04-03T20:53:49.529326-07:00,write,key-8,804.745,32,false,leader-w3r3,50
2026-04-03T20:53:49.529174-07:00,write,key-0,804.966,33,false,leader-w3r3,50
2026-04-03T20:53:50.283601-07:00,read,key-5,51.484,27,false,leader-w3r3,50
2026-04-03T20:53:49.529449-07:00,write,key-7,808.436,31,false,leader-w3r3,50
2026-04-03T20:53:49.577914-07:00,write,key-3,806.662,23,false,leader-w3r3,50
2026-04-03T20:53:50.333709-07:00,read,key-0,51.306,33,false,leader-w3r3,50
2026-04-03T20:53:50.333991-07:00,read,key-7,51.147,33,false,leader-w3r3,50
2026-04-03T20:53:50.333985-07:00,read,key-9,51.258,30,false,leader-w3r3,50
2026-04-03T20:53:50.335089-07:00,read,key-1,51.648,35,false,leader-w3r3,50
2026-04-03T20:53:50.337887-07:00,read,key-0,52.970,33,false,leader-w3r3,50
2026-04-03T20:53:49.622688-07:00,write,key-3,810.704,24,false,leader-w3r3,50
2026-04-03T20:53:50.38514-07:00,read,key-4,51.353,31,false,leader-w3r3,50
2026-04-03T20:53:50.390861-07:00,read,key-3,51.181,28,false,leader-w3r3,50
2026-04-03T20:53:49.633226-07:00,write,key-2,811.916,27,false,leader-w3r3,50
2026-04-03T20:53:49.639031-07:00,write,key-3,806.184,25,false,leader-w3r3,50
2026-04-03T20:53:50.433395-07:00,read,key-6,51.689,25,false,leader-w3r3,50
2026-04-03T20:53:49.678463-07:00,write,key-3,813.831,26,false,leader-w3r3,50
2026-04-03T20:53:50.445215-07:00,read,key-8,51.086,34,false,leader-w3r3,50
2026-04-03T20:53:50.445143-07:00,read,key-2,51.166,28,false,leader-w3r3,50
2026-04-03T20:53:49.694601-07:00,write,key-8,806.087,33,false,leader-w3r3,50
2026-04-03T20:53:49.731882-07:00,write,key-5,808.287,26,false,leader-w3r3,50
2026-04-03T20:53:49.797724-07:00,write,key-3,805.228,27,false,leader-w3r3,50
2026-04-03T20:53:50.166157-07:00,write,key-5,817.115,27,false,leader-w3r3,50
2026-04-03T20:53:50.222412-07:00,write,key-8,810.908,34,false,leader-w3r3,50
2026-04-03T20:53:51.033323-07:00,read,key-4,54.322,31,false,leader-w3r3,50
2026-04-03T20:53:50.284463-07:00,write,key-7,805.106,32,false,leader-w3r3,50
2026-04-03T20:53:51.08957-07:00,read,key-8,55.548,34,false,leader-w3r3,50
2026-04-03T20:53:50.334139-07:00,write,key-3,811.003,28,false,leader-w3r3,50
2026-04-03T20:53:50.334071-07:00,write,key-7,811.125,33,false,leader-w3r3,50
2026-04-03T20:53:51.08765-07:00,read,key-3,57.888,31,false,leader-w3r3,50
2026-04-03T20:53:50.334068-07:00,write,key-0,811.690,34,false,leader-w3r3,50
2026-04-03T20:53:50.333805-07:00,write,key-2,812.040,28,false,leader-w3r3,50
2026-04-03T20:53:50.385019-07:00,write,key-6,805.599,24,false,leader-w3r3,50
2026-04-03T20:53:50.384588-07:00,write,key-3,806.055,29,false,leader-w3r3,50
2026-04-03T20:53:50.385245-07:00,write,key-6,805.373,25,false,leader-w3r3,50
2026-04-03T20:53:50.386739-07:00,write,key-7,804.005,34,false,leader-w3r3,50
2026-04-03T20:53:51.145122-07:00,read,key-8,51.812,34,false,leader-w3r3,50
2026-04-03T20:53:51.145845-07:00,read,key-4,51.105,31,false,leader-w3r3,50
2026-04-03T20:53:50.436498-07:00,write,key-6,808.125,26,false,leader-w3r3,50
2026-04-03T20:53:51.190621-07:00,read,key-1,54.614,38,false,leader-w3r3,50
2026-04-03T20:53:51.190744-07:00,read,key-2,54.901,31,false,leader-w3r3,50
2026-04-03T20:53:50.442045-07:00,write,key-6,806.627,27,false,leader-w3r3,50
2026-04-03T20:53:51.190644-07:00,read,key-2,58.044,31,false,leader-w3r3,50
2026-04-03T20:53:51.196951-07:00,read,key-3,51.950,31,false,leader-w3r3,50
2026-04-03T20:53:51.196937-07:00,read,key-8,52.033,34,false,leader-w3r3,50
2026-04-03T20:53:50.485089-07:00,write,key-3,807.147,30,false,leader-w3r3,50
2026-04-03T20:53:51.244625-07:00,read,key-4,53.552,31,false,leader-w3r3,50
2026-04-03T20:53:50.492295-07:00,write,key-1,805.911,36,false,leader-w3r3,50
2026-04-03T20:53:50.496311-07:00,write,key-7,803.055,35,false,leader-w3r3,50
2026-04-03T20:53:51.24869-07:00,read,key-9,50.696,30,false,leader-w3r3,50
2026-04-03T20:53:51.248673-07:00,read,key-9,51.398,30,false,leader-w3r3,50
2026-04-03T20:53:51.248903-07:00,read,key-7,51.221,37,false,leader-w3r3,50
2026-04-03T20:53:50.496304-07:00,write,key-3,805.701,31,false,leader-w3r3,50
2026-04-03T20:53:50.500689-07:00,write,key-5,801.407,28,false,leader-w3r3,50
2026-04-03T20:53:50.540172-07:00,write,key-5,808.185,29,false,leader-w3r3,50
2026-04-03T20:53:51.299388-07:00,read,key-1,51.162,38,false,leader-w3r3,50
2026-04-03T20:53:51.299366-07:00,read,key-1,51.209,38,false,leader-w3r3,50
2026-04-03T20:53:51.292239-07:00,read,key-2,58.387,33,false,leader-w3r3,50
2026-04-03T20:53:51.302005-07:00,read,key-1,52.130,39,false,leader-w3r3,50
2026-04-03T20:53:51.350577-07:00,read,key-2,53.406,32,false,leader-w3r3,50
2026-04-03T20:53:50.602954-07:00,write,key-2,806.127,29,false,leader-w3r3,50
2026-04-03T20:53:51.403987-07:00,read,key-6,52.690,28,false,leader-w3r3,50
2026-04-03T20:53:50.983276-07:00,write,key-1,815.366,37,false,leader-w3r3,50
2026-04-03T20:53:51.145196-07:00,write,key-1,816.151,38,false,leader-w3r3,50
2026-04-03T20:53:51.145541-07:00,write,key-2,816.677,30,false,leader-w3r3,50
2026-04-03T20:53:51.145757-07:00,write,key-7,816.550,36,false,leader-w3r3,50
2026-04-03T20:53:51.145143-07:00,write,key-7,817.230,37,false,leader-w3r3,50
2026-04-03T20:53:51.190689-07:00,write,key-2,809.546,31,false,leader-w3r3,50
2026-04-03T20:53:51.962307-07:00,read,key-1,55.975,39,false,leader-w3r3,50
2026-04-03T20:53:51.961349-07:00,read,key-0,56.942,34,false,leader-w3r3,50
2026-04-03T20:53:51.962218-07:00,read,key-1,56.174,39,false,leader-w3r3,50
2026-04-03T20:53:52.000238-07:00,read,key-5,54.838,30,false,leader-w3r3,50
2026-04-03T20:53:51.248971-07:00,write,key-4,811.066,33,false,leader-w3r3,50
2026-04-03T20:53:51.245238-07:00,write,key-2,815.064,32,false,leader-w3r3,50
2026-04-03T20:53:51.245646-07:00,write,key-4,814.744,32,false,leader-w3r3,50
2026-04-03T20:53:52.018285-07:00,read,key-9,53.593,31,false,leader-w3r3,50
2026-04-03T20:53:51.300073-07:00,write,key-4,805.304,34,false,leader-w3r3,50
2026-04-03T20:53:51.302096-07:00,write,key-8,803.336,35,false,leader-w3r3,50
2026-04-03T20:53:51.298207-07:00,write,key-2,807.895,33,false,leader-w3r3,50
2026-04-03T20:53:51.298181-07:00,write,key-7,808.617,38,false,leader-w3r3,50
2026-04-03T20:53:51.300126-07:00,write,key-4,806.778,35,false,leader-w3r3,50
2026-04-03T20:53:52.055081-07:00,read,key-2,55.065,33,false,leader-w3r3,50
2026-04-03T20:53:52.071882-07:00,read,key-9,53.558,32,false,leader-w3r3,50
2026-04-03T20:53:51.354138-07:00,write,key-5,807.800,30,false,leader-w3r3,50
2026-04-03T20:53:52.106798-07:00,read,key-4,55.201,36,false,leader-w3r3,50
2026-04-03T20:53:52.105432-07:00,read,key-0,56.620,36,false,leader-w3r3,50
2026-04-03T20:53:51.348358-07:00,write,key-1,813.720,39,false,leader-w3r3,50
2026-04-03T20:53:51.350552-07:00,write,key-9,811.579,31,false,leader-w3r3,50
2026-04-03T20:53:51.350628-07:00,write,key-6,811.537,28,false,leader-w3r3,50
2026-04-03T20:53:51.409082-07:00,write,key-7,805.897,39,false,leader-w3r3,50
2026-04-03T20:53:52.162054-07:00,read,key-7,53.448,44,false,leader-w3r3,50
2026-04-03T20:53:52.162131-07:00,read,key-9,53.545,32,false,leader-w3r3,50
2026-04-03T20:53:52.16194-07:00,read,key-2,54.569,33,false,leader-w3r3,50
2026-04-03T20:53:51.456681-07:00,write,key-8,811.750,36,false,leader-w3r3,50
2026-04-03T20:53:52.216512-07:00,read,key-6,53.485,29,false,leader-w3r3,50
2026-04-03T20:53:52.268433-07:00,read,key-3,54.487,32,false,leader-w3r3,50
2026-04-03T20:53:52.27-07:00,read,key-6,52.934,29,false,leader-w3r3,50
2026-04-03T20:53:52.322937-07:00,read,key-3,53.034,32,false,leader-w3r3,50
2026-04-03T20:53:52.375976-07:00,read,key-4,53.058,38,false,leader-w3r3,50
2026-04-03T20:53:51.798645-07:00,write,key-7,822.876,40,false,leader-w3r3,50
2026-04-03T20:53:51.962373-07:00,write,key-6,812.491,29,false,leader-w3r3,50
2026-04-03T20:53:52.018394-07:00,write,key-3,805.383,32,false,leader-w3r3,50
2026-04-03T20:53:52.018294-07:00,write,key-7,805.578,41,false,leader-w3r3,50
2026-04-03T20:53:52.774864-07:00,read,key-7,51.122,45,false,leader-w3r3,50
2026-04-03T20:53:52.060039-07:00,write,key-7,813.682,42,false,leader-w3r3,50
2026-04-03T20:53:52.060302-07:00,write,key-0,813.431,35,false,leader-w3r3,50
2026-04-03T20:53:52.06039-07:00,write,key-9,813.424,32,false,leader-w3r3,50
2026-04-03T20:53:52.106904-07:00,write,key-5,815.177,31,false,leader-w3r3,50
2026-04-03T20:53:52.110149-07:00,write,key-0,812.076,36,false,leader-w3r3,50
2026-04-03T20:53:52.106102-07:00,write,key-7,816.207,43,false,leader-w3r3,50
2026-04-03T20:53:52.105379-07:00,write,key-4,816.999,36,false,leader-w3r3,50
2026-04-03T20:53:52.873814-07:00,read,key-0,54.129,36,false,leader-w3r3,50
2026-04-03T20:53:52.125444-07:00,write,key-7,805.500,44,false,leader-w3r3,50
2026-04-03T20:53:52.162164-07:00,write,key-1,820.033,41,false,leader-w3r3,50
2026-04-03T20:53:52.922378-07:00,read,key-8,59.843,38,false,leader-w3r3,50
2026-04-03T20:53:52.922084-07:00,read,key-4,60.110,38,false,leader-w3r3,50
2026-04-03T20:53:52.927947-07:00,read,key-0,54.338,37,false,leader-w3r3,50
2026-04-03T20:53:52.162077-07:00,write,key-4,820.243,37,false,leader-w3r3,50
2026-04-03T20:53:52.162002-07:00,write,key-1,820.396,40,false,leader-w3r3,50
2026-04-03T20:53:52.930947-07:00,read,key-7,53.177,45,false,leader-w3r3,50
2026-04-03T20:53:52.215505-07:00,write,key-7,812.257,45,false,leader-w3r3,50
2026-04-03T20:53:52.214981-07:00,write,key-4,812.904,38,false,leader-w3r3,50
2026-04-03T20:53:52.215678-07:00,write,key-8,812.267,37,false,leader-w3r3,50
2026-04-03T20:53:52.982223-07:00,read,key-3,55.082,34,false,leader-w3r3,50
2026-04-03T20:53:52.98232-07:00,read,key-7,55.067,45,false,leader-w3r3,50
2026-04-03T20:53:52.982199-07:00,read,key-6,55.250,33,false,leader-w3r3,50
2026-04-03T20:53:52.982397-07:00,read,key-8,55.096,38,false,leader-w3r3,50
2026-04-03T20:53:53.027886-07:00,read,key-7,55.215,45,false,leader-w3r3,50
2026-04-03T20:53:53.027944-07:00,read,key-1,55.244,41,false,leader-w3r3,50
2026-04-03T20:53:53.037495-07:00,read,key-0,51.569,38,false,leader-w3r3,50
2026-04-03T20:53:53.037451-07:00,read,key-4,51.613,39,false,leader-w3r3,50
2026-04-03T20:53:53.037308-07:00,read,key-8,51.798,38,false,leader-w3r3,50
2026-04-03T20:53:52.322924-07:00,write,key-6,807.122,30,false,leader-w3r3,50
2026-04-03T20:53:53.083191-07:00,read,key-0,52.899,38,false,leader-w3r3,50
2026-04-03T20:53:53.083106-07:00,read,key-2,53.697,35,false,leader-w3r3,50
2026-04-03T20:53:53.089067-07:00,read,key-9,51.424,33,false,leader-w3r3,50
2026-04-03T20:53:53.089108-07:00,read,key-3,51.419,32,false,leader-w3r3,50
2026-04-03T20:53:53.136806-07:00,read,key-6,53.904,33,false,leader-w3r3,50
2026-04-03T20:53:53.136093-07:00,read,key-9,54.617,34,false,leader-w3r3,50
2026-04-03T20:53:53.140529-07:00,read,key-8,51.978,38,false,leader-w3r3,50
2026-04-03T20:53:52.429039-07:00,write,key-6,805.740,31,false,leader-w3r3,50
2026-04-03T20:53:53.19251-07:00,read,key-5,51.961,32,false,leader-w3r3,50
2026-04-03T20:53:53.190782-07:00,read,key-0,53.706,38,false,leader-w3r3,50
2026-04-03T20:53:53.234781-07:00,read,key-6,54.202,33,false,leader-w3r3,50
2026-04-03T20:53:53.288988-07:00,read,key-5,57.454,32,false,leader-w3r3,50
2026-04-03T20:53:52.621524-07:00,write,key-6,809.949,32,false,leader-w3r3,50
2026-04-03T20:53:52.82378-07:00,write,key-6,812.473,33,false,leader-w3r3,50
2026-04-03T20:53:52.823872-07:00,write,key-3,812.439,33,false,leader-w3r3,50
2026-04-03T20:53:52.825988-07:00,write,key-9,810.472,33,false,leader-w3r3,50
2026-04-03T20:53:52.873734-07:00,write,key-8,814.924,38,false,leader-w3r3,50
2026-04-03T20:53:52.873725-07:00,write,key-0,814.952,37,false,leader-w3r3,50
2026-04-03T20:53:53.636314-07:00,read,key-3,55.974,35,false,leader-w3r3,50
2026-04-03T20:53:53.636259-07:00,read,key-7,56.190,45,false,leader-w3r3,50
2026-04-03T20:53:52.922309-07:00,write,key-2,817.866,34,false,leader-w3r3,50
2026-04-03T20:53:52.922225-07:00,write,key-4,817.972,39,false,leader-w3r3,50
2026-04-03T20:53:53.688662-07:00,read,key-9,53.257,35,false,leader-w3r3,50
2026-04-03T20:53:52.982255-07:00,write,key-3,810.929,34,false,leader-w3r3,50
2026-04-03T20:53:52.982287-07:00,write,key-2,810.896,35,false,leader-w3r3,50
2026-04-03T20:53:52.984127-07:00,write,key-0,809.151,38,false,leader-w3r3,50
2026-04-03T20:53:53.027765-07:00,write,key-5,810.869,32,false,leader-w3r3,50
2026-04-03T20:53:53.037388-07:00,write,key-3,802.007,35,false,leader-w3r3,50
2026-04-03T20:53:53.793268-07:00,read,key-4,54.435,40,false,leader-w3r3,50
2026-04-03T20:53:53.793278-07:00,read,key-8,54.435,40,false,leader-w3r3,50
2026-04-03T20:53:53.089067-07:00,write,key-2,803.349,36,false,leader-w3r3,50
2026-04-03T20:53:53.130048-07:00,write,key-4,810.557,40,false,leader-w3r3,50
2026-04-03T20:53:53.140493-07:00,write,key-9,802.949,34,false,leader-w3r3,50
2026-04-03T20:53:53.943442-07:00,read,key-1,54.574,43,false,leader-w3r3,50
2026-04-03T20:53:53.190716-07:00,write,key-8,807.306,39,false,leader-w3r3,50
2026-04-03T20:53:53.244475-07:00,write,key-9,808.302,35,false,leader-w3r3,50
2026-04-03T20:53:53.244491-07:00,write,key-0,808.364,39,false,leader-w3r3,50
2026-04-03T20:53:54.052781-07:00,read,key-1,54.519,44,false,leader-w3r3,50
2026-04-03T20:53:54.052855-07:00,read,key-9,55.461,35,false,leader-w3r3,50
2026-04-03T20:53:53.346447-07:00,write,key-5,806.045,33,false,leader-w3r3,50
2026-04-03T20:53:54.152495-07:00,read,key-4,53.130,40,false,leader-w3r3,50
2026-04-03T20:53:53.431478-07:00,write,key-5,816.771,34,false,leader-w3r3,50
2026-04-03T20:53:54.205631-07:00,read,key-9,53.016,35,false,leader-w3r3,50
2026-04-03T20:53:53.636461-07:00,write,key-6,815.491,34,false,leader-w3r3,50
2026-04-03T20:53:53.688677-07:00,write,key-5,808.403,35,false,leader-w3r3,50
2026-04-03T20:53:53.692343-07:00,write,key-7,804.786,46,false,leader-w3r3,50
2026-04-03T20:53:53.692452-07:00,write,key-2,807.900,37,false,leader-w3r3,50
2026-04-03T20:53:54.451957-07:00,read,key-3,52.849,35,false,leader-w3r3,50
2026-04-03T20:53:53.740197-07:00,write,key-6,813.673,35,false,leader-w3r3,50
2026-04-03T20:53:53.740176-07:00,write,key-0,813.720,40,false,leader-w3r3,50
2026-04-03T20:53:54.500353-07:00,read,key-8,53.646,40,false,leader-w3r3,50
2026-04-03T20:53:53.741922-07:00,write,key-6,812.091,36,false,leader-w3r3,50
2026-04-03T20:53:54.497084-07:00,read,key-5,57.590,37,false,leader-w3r3,50
2026-04-03T20:53:53.793188-07:00,write,key-7,806.873,47,false,leader-w3r3,50
2026-04-03T20:53:54.553873-07:00,read,key-3,54.802,35,false,leader-w3r3,50
2026-04-03T20:53:54.553896-07:00,read,key-6,54.788,36,false,leader-w3r3,50
2026-04-03T20:53:54.554001-07:00,read,key-1,54.755,44,false,leader-w3r3,50
2026-04-03T20:53:54.554677-07:00,read,key-3,54.164,35,false,leader-w3r3,50
2026-04-03T20:53:53.839396-07:00,write,key-8,812.401,40,false,leader-w3r3,50
2026-04-03T20:53:53.838636-07:00,write,key-1,813.207,42,false,leader-w3r3,50
2026-04-03T20:53:54.600064-07:00,read,key-0,53.494,44,false,leader-w3r3,50
2026-04-03T20:53:53.847716-07:00,write,key-5,806.969,36,false,leader-w3r3,50
2026-04-03T20:53:53.847708-07:00,write,key-0,807.044,41,false,leader-w3r3,50
2026-04-03T20:53:54.608687-07:00,read,key-3,53.576,35,false,leader-w3r3,50
2026-04-03T20:53:54.608679-07:00,read,key-0,53.598,44,false,leader-w3r3,50
2026-04-03T20:53:54.608758-07:00,read,key-7,56.118,49,false,leader-w3r3,50
2026-04-03T20:53:53.892419-07:00,write,key-0,808.179,42,false,leader-w3r3,50
2026-04-03T20:53:54.654751-07:00,read,key-8,52.272,40,false,leader-w3r3,50
2026-04-03T20:53:54.662267-07:00,read,key-3,52.961,35,false,leader-w3r3,50
2026-04-03T20:53:54.662279-07:00,read,key-2,53.000,39,false,leader-w3r3,50
2026-04-03T20:53:54.700603-07:00,read,key-7,54.110,49,false,leader-w3r3,50
2026-04-03T20:53:53.940608-07:00,write,key-1,814.207,43,false,leader-w3r3,50
2026-04-03T20:53:54.707028-07:00,read,key-7,52.514,49,false,leader-w3r3,50
2026-04-03T20:53:54.715232-07:00,read,key-4,53.046,41,false,leader-w3r3,50
2026-04-03T20:53:54.715282-07:00,read,key-3,53.129,35,false,leader-w3r3,50
2026-04-03T20:53:53.99802-07:00,write,key-1,805.402,44,false,leader-w3r3,50
2026-04-03T20:53:53.998023-07:00,write,key-0,805.416,43,false,leader-w3r3,50
2026-04-03T20:53:54.759545-07:00,read,key-9,52.478,36,false,leader-w3r3,50
2026-04-03T20:53:54.768282-07:00,read,key-7,54.488,49,false,leader-w3r3,50
2026-04-03T20:53:54.803422-07:00,read,key-4,55.634,41,false,leader-w3r3,50
2026-04-03T20:53:54.80344-07:00,read,key-6,58.397,38,false,leader-w3r3,50
2026-04-03T20:53:54.107305-07:00,write,key-5,807.001,37,false,leader-w3r3,50
2026-04-03T20:53:54.861839-07:00,read,key-2,52.547,39,false,leader-w3r3,50
2026-04-03T20:53:54.10832-07:00,write,key-2,805.987,38,false,leader-w3r3,50
2026-04-03T20:53:54.248252-07:00,write,key-7,811.270,48,false,leader-w3r3,50
2026-04-03T20:53:54.258652-07:00,write,key-2,803.198,39,false,leader-w3r3,50
2026-04-03T20:53:55.059525-07:00,read,key-4,53.688,42,false,leader-w3r3,50
2026-04-03T20:53:55.061851-07:00,read,key-1,52.221,46,false,leader-w3r3,50
2026-04-03T20:53:54.497131-07:00,write,key-7,815.840,49,false,leader-w3r3,50
2026-04-03T20:53:54.504811-07:00,write,key-0,809.770,44,false,leader-w3r3,50
2026-04-03T20:53:54.554013-07:00,write,key-8,810.283,41,false,leader-w3r3,50
2026-04-03T20:53:55.314581-07:00,read,key-6,52.215,40,false,leader-w3r3,50
2026-04-03T20:53:54.608843-07:00,write,key-8,807.048,42,false,leader-w3r3,50
2026-04-03T20:53:54.651844-07:00,write,key-9,812.924,36,false,leader-w3r3,50
2026-04-03T20:53:54.654686-07:00,write,key-4,810.141,41,false,leader-w3r3,50
2026-04-03T20:53:54.651803-07:00,write,key-6,812.966,37,false,leader-w3r3,50
2026-04-03T20:53:54.653562-07:00,write,key-0,811.358,45,false,leader-w3r3,50
2026-04-03T20:53:54.664878-07:00,write,key-6,805.205,38,false,leader-w3r3,50
2026-04-03T20:53:55.415894-07:00,read,key-4,54.201,42,false,leader-w3r3,50
2026-04-03T20:53:55.464828-07:00,read,key-1,54.584,46,false,leader-w3r3,50
2026-04-03T20:53:55.464921-07:00,read,key-3,54.637,37,false,leader-w3r3,50
2026-04-03T20:53:55.464771-07:00,read,key-6,55.500,41,false,leader-w3r3,50
2026-04-03T20:53:55.470084-07:00,read,key-9,56.779,37,false,leader-w3r3,50
2026-04-03T20:53:54.754718-07:00,write,key-3,811.928,36,false,leader-w3r3,50
2026-04-03T20:53:54.754815-07:00,write,key-5,811.966,38,false,leader-w3r3,50
2026-04-03T20:53:55.51956-07:00,read,key-4,53.379,42,false,leader-w3r3,50
2026-04-03T20:53:54.768414-07:00,write,key-1,808.830,45,false,leader-w3r3,50
2026-04-03T20:53:55.566782-07:00,read,key-9,55.063,37,false,leader-w3r3,50
2026-04-03T20:53:54.812024-07:00,write,key-8,809.896,43,false,leader-w3r3,50
2026-04-03T20:53:54.822773-07:00,write,key-4,802.531,42,false,leader-w3r3,50
2026-04-03T20:53:55.572942-07:00,read,key-1,52.834,46,false,leader-w3r3,50
2026-04-03T20:53:55.577246-07:00,read,key-1,53.488,46,false,leader-w3r3,50
2026-04-03T20:53:54.859059-07:00,write,key-9,807.272,37,false,leader-w3r3,50
2026-04-03T20:53:55.621849-07:00,read,key-3,54.843,38,false,leader-w3r3,50
2026-04-03T20:53:55.625305-07:00,read,key-4,53.143,43,false,leader-w3r3,50
2026-04-03T20:53:55.621921-07:00,read,key-6,56.698,41,false,leader-w3r3,50
2026-04-03T20:53:55.630736-07:00,read,key-9,51.181,38,false,leader-w3r3,50
2026-04-03T20:53:54.914311-07:00,write,key-6,803.540,39,false,leader-w3r3,50
2026-04-03T20:53:54.914389-07:00,write,key-1,803.581,46,false,leader-w3r3,50
2026-04-03T20:53:54.914399-07:00,write,key-0,808.621,46,false,leader-w3r3,50
2026-04-03T20:53:55.67845-07:00,read,key-6,52.362,41,false,leader-w3r3,50
2026-04-03T20:53:55.681919-07:00,read,key-5,51.412,38,false,leader-w3r3,50
2026-04-03T20:53:55.733334-07:00,read,key-1,53.259,46,false,leader-w3r3,50
2026-04-03T20:53:55.786599-07:00,read,key-0,53.410,48,false,leader-w3r3,50
2026-04-03T20:53:55.114076-07:00,write,key-6,815.354,40,false,leader-w3r3,50
2026-04-03T20:53:55.113221-07:00,write,key-7,816.246,50,false,leader-w3r3,50
2026-04-03T20:53:55.929433-07:00,read,key-5,53.929,39,false,leader-w3r3,50
2026-04-03T20:53:55.929467-07:00,read,key-3,53.896,39,false,leader-w3r3,50
2026-04-03T20:53:55.983367-07:00,read,key-4,53.104,44,false,leader-w3r3,50
2026-04-03T20:53:56.036476-07:00,read,key-7,52.659,50,false,leader-w3r3,50
2026-04-03T20:53:55.312974-07:00,write,key-6,819.426,41,false,leader-w3r3,50
2026-04-03T20:53:55.364301-07:00,write,key-2,807.625,40,false,leader-w3r3,50
2026-04-03T20:53:55.366799-07:00,write,key-3,805.257,37,false,leader-w3r3,50
2026-04-03T20:53:56.171928-07:00,read,key-3,56.051,39,false,leader-w3r3,50
2026-04-03T20:53:56.172056-07:00,read,key-9,55.950,40,false,leader-w3r3,50
2026-04-03T20:53:55.464842-07:00,write,key-2,811.624,41,false,leader-w3r3,50
2026-04-03T20:53:55.470099-07:00,write,key-5,806.507,39,false,leader-w3r3,50
2026-04-03T20:53:56.227985-07:00,read,key-6,53.493,43,false,leader-w3r3,50
2026-04-03T20:53:56.276468-07:00,read,key-6,55.942,43,false,leader-w3r3,50
2026-04-03T20:53:55.520274-07:00,write,key-2,812.241,42,false,leader-w3r3,50
2026-04-03T20:53:55.519417-07:00,write,key-4,813.161,43,false,leader-w3r3,50
2026-04-03T20:53:55.526866-07:00,write,key-3,806.421,38,false,leader-w3r3,50
2026-04-03T20:53:56.281483-07:00,read,key-7,52.062,50,false,leader-w3r3,50
2026-04-03T20:53:55.566649-07:00,write,key-2,806.023,43,false,leader-w3r3,50
2026-04-03T20:53:56.372675-07:00,read,key-5,55.174,39,false,leader-w3r3,50
2026-04-03T20:53:55.625778-07:00,write,key-3,803.521,39,false,leader-w3r3,50
2026-04-03T20:53:55.666333-07:00,write,key-0,813.548,47,false,leader-w3r3,50
2026-04-03T20:53:55.676696-07:00,write,key-9,807.052,38,false,leader-w3r3,50
2026-04-03T20:53:55.678621-07:00,write,key-4,807.753,44,false,leader-w3r3,50
2026-04-03T20:53:55.717853-07:00,write,key-9,814.151,39,false,leader-w3r3,50
2026-04-03T20:53:55.723021-07:00,write,key-0,809.105,48,false,leader-w3r3,50
2026-04-03T20:53:55.71797-07:00,write,key-2,814.954,44,false,leader-w3r3,50
2026-04-03T20:53:55.730815-07:00,write,key-9,803.879,40,false,leader-w3r3,50
2026-04-03T20:53:56.483752-07:00,read,key-5,53.793,39,false,leader-w3r3,50
2026-04-03T20:53:56.486376-07:00,read,key-4,52.025,46,false,leader-w3r3,50
2026-04-03T20:53:56.532009-07:00,read,key-4,56.356,46,false,leader-w3r3,50
2026-04-03T20:53:56.538405-07:00,read,key-2,51.701,47,false,leader-w3r3,50
2026-04-03T20:53:56.590112-07:00,read,key-4,61.489,46,false,leader-w3r3,50
2026-04-03T20:53:55.840015-07:00,write,key-2,811.833,45,false,leader-w3r3,50
2026-04-03T20:53:56.651614-07:00,read,key-1,56.058,49,false,leader-w3r3,50
2026-04-03T20:53:55.983367-07:00,write,key-9,804.478,41,false,leader-w3r3,50
2026-04-03T20:53:56.787851-07:00,read,key-9,53.215,45,false,leader-w3r3,50
2026-04-03T20:53:56.089139-07:00,write,key-1,803.596,47,false,leader-w3r3,50
2026-04-03T20:53:56.84107-07:00,read,key-9,53.347,45,false,leader-w3r3,50
2026-04-03T20:53:56.132402-07:00,write,key-6,808.416,42,false,leader-w3r3,50
2026-04-03T20:53:56.892738-07:00,read,key-0,54.346,49,false,leader-w3r3,50
2026-04-03T20:53:56.89442-07:00,read,key-2,52.685,47,false,leader-w3r3,50
2026-04-03T20:53:56.940821-07:00,read,key-0,52.330,49,false,leader-w3r3,50
2026-04-03T20:53:56.947107-07:00,read,key-7,52.914,52,false,leader-w3r3,50
2026-04-03T20:53:56.947087-07:00,read,key-6,52.963,43,false,leader-w3r3,50
2026-04-03T20:53:56.22801-07:00,write,key-4,807.400,45,false,leader-w3r3,50
2026-04-03T20:53:56.993156-07:00,read,key-1,52.015,49,false,leader-w3r3,50
2026-04-03T20:53:57.000024-07:00,read,key-0,52.369,49,false,leader-w3r3,50
2026-04-03T20:53:56.276606-07:00,write,key-6,810.153,43,false,leader-w3r3,50
2026-04-03T20:53:57.045174-07:00,read,key-0,53.873,49,false,leader-w3r3,50
2026-04-03T20:53:57.052397-07:00,read,key-8,52.075,46,false,leader-w3r3,50
2026-04-03T20:53:56.332515-07:00,write,key-4,811.239,46,false,leader-w3r3,50
2026-04-03T20:53:56.333287-07:00,write,key-9,810.552,43,false,leader-w3r3,50
2026-04-03T20:53:56.332577-07:00,write,key-9,811.292,42,false,leader-w3r3,50
2026-04-03T20:53:56.333547-07:00,write,key-2,810.208,46,false,leader-w3r3,50
2026-04-03T20:53:56.332414-07:00,write,key-1,811.639,48,false,leader-w3r3,50
2026-04-03T20:53:57.099051-07:00,read,key-9,51.571,45,false,leader-w3r3,50
2026-04-03T20:53:57.143838-07:00,read,key-8,53.341,46,false,leader-w3r3,50
2026-04-03T20:53:57.143868-07:00,read,key-6,53.468,43,false,leader-w3r3,50
2026-04-03T20:53:57.143883-07:00,read,key-4,53.498,46,false,leader-w3r3,50
2026-04-03T20:53:57.144053-07:00,read,key-8,56.770,48,false,leader-w3r3,50
2026-04-03T20:53:56.429301-07:00,write,key-0,809.121,49,false,leader-w3r3,50
2026-04-03T20:53:56.427857-07:00,write,key-1,810.602,49,false,leader-w3r3,50
2026-04-03T20:53:57.197338-07:00,read,key-4,54.877,47,false,leader-w3r3,50
2026-04-03T20:53:57.197191-07:00,read,key-4,55.057,47,false,leader-w3r3,50
2026-04-03T20:53:56.479888-07:00,write,key-8,810.109,44,false,leader-w3r3,50
2026-04-03T20:53:57.238426-07:00,read,key-6,54.516,44,false,leader-w3r3,50
2026-04-03T20:53:57.252255-07:00,read,key-8,53.779,49,false,leader-w3r3,50
2026-04-03T20:53:56.532925-07:00,write,key-2,809.427,47,false,leader-w3r3,50
2026-04-03T20:53:56.532127-07:00,write,key-7,810.240,51,false,leader-w3r3,50
2026-04-03T20:53:56.537554-07:00,write,key-7,804.905,52,false,leader-w3r3,50
2026-04-03T20:53:56.534696-07:00,write,key-8,807.785,45,false,leader-w3r3,50
2026-04-03T20:53:57.292948-07:00,read,key-8,58.200,49,false,leader-w3r3,50
2026-04-03T20:53:57.342459-07:00,read,key-6,54.521,45,false,leader-w3r3,50
2026-04-03T20:53:56.588379-07:00,write,key-9,808.634,44,false,leader-w3r3,50
2026-04-03T20:53:57.342354-07:00,read,key-8,56.649,49,false,leader-w3r3,50
2026-04-03T20:53:57.397015-07:00,read,key-3,56.224,41,false,leader-w3r3,50
2026-04-03T20:53:56.65185-07:00,write,key-8,803.787,46,false,leader-w3r3,50
2026-04-03T20:53:57.453249-07:00,read,key-1,54.554,49,false,leader-w3r3,50
2026-04-03T20:53:56.707687-07:00,write,key-9,811.129,45,false,leader-w3r3,50
2026-04-03T20:53:57.507811-07:00,read,key-7,54.129,53,false,leader-w3r3,50
2026-04-03T20:53:57.000052-07:00,write,key-3,804.967,40,false,leader-w3r3,50
2026-04-03T20:53:57.035412-07:00,write,key-8,809.782,47,false,leader-w3r3,50
2026-04-03T20:53:57.845197-07:00,read,key-5,55.322,41,false,leader-w3r3,50
2026-04-03T20:53:57.086761-07:00,write,key-6,813.762,44,false,leader-w3r3,50
2026-04-03T20:53:57.104475-07:00,write,key-2,809.149,48,false,leader-w3r3,50
2026-04-03T20:53:57.14376-07:00,write,key-8,828.017,48,false,leader-w3r3,50
2026-04-03T20:53:57.913628-07:00,read,key-5,58.266,41,false,leader-w3r3,50
2026-04-03T20:53:57.900532-07:00,read,key-8,71.373,50,false,leader-w3r3,50
2026-04-03T20:53:57.150627-07:00,write,key-9,821.477,46,false,leader-w3r3,50
2026-04-03T20:53:57.197384-07:00,write,key-3,805.145,41,false,leader-w3r3,50
2026-04-03T20:53:57.200827-07:00,write,key-4,809.049,47,false,leader-w3r3,50
2026-04-03T20:53:57.97178-07:00,read,key-2,53.527,51,false,leader-w3r3,50
2026-04-03T20:53:57.97191-07:00,read,key-7,53.500,54,false,leader-w3r3,50
2026-04-03T20:53:57.23846-07:00,write,key-2,807.901,49,false,leader-w3r3,50
2026-04-03T20:53:57.25222-07:00,write,key-8,805.648,49,false,leader-w3r3,50
2026-04-03T20:53:58.025311-07:00,read,key-2,58.339,50,false,leader-w3r3,50
2026-04-03T20:53:57.290002-07:00,write,key-9,812.515,47,false,leader-w3r3,50
2026-04-03T20:53:58.046364-07:00,read,key-1,58.004,49,false,leader-w3r3,50
2026-04-03T20:53:57.306038-07:00,write,key-9,805.622,48,false,leader-w3r3,50
2026-04-03T20:53:58.104371-07:00,read,key-6,54.167,48,false,leader-w3r3,50
2026-04-03T20:53:58.10252-07:00,read,key-2,56.173,50,false,leader-w3r3,50
2026-04-03T20:53:57.351154-07:00,write,key-2,817.273,50,false,leader-w3r3,50
2026-04-03T20:53:57.342368-07:00,write,key-6,833.720,45,false,leader-w3r3,50
2026-04-03T20:53:57.342481-07:00,write,key-5,834.622,40,false,leader-w3r3,50
2026-04-03T20:53:57.399008-07:00,write,key-6,806.034,46,false,leader-w3r3,50
2026-04-03T20:53:57.396986-07:00,write,key-7,808.141,53,false,leader-w3r3,50
2026-04-03T20:53:58.168427-07:00,read,key-5,53.080,44,false,leader-w3r3,50
2026-04-03T20:53:57.45564-07:00,write,key-6,806.430,47,false,leader-w3r3,50
2026-04-03T20:53:57.51882-07:00,write,key-5,807.549,41,false,leader-w3r3,50
2026-04-03T20:53:57.561951-07:00,write,key-8,814.957,50,false,leader-w3r3,50
2026-04-03T20:53:58.326372-07:00,read,key-7,52.235,55,false,leader-w3r3,50
2026-04-03T20:53:57.805032-07:00,write,key-4,803.949,48,false,leader-w3r3,50
2026-04-03T20:53:57.900577-07:00,write,key-0,807.168,50,false,leader-w3r3,50
2026-04-03T20:53:58.707747-07:00,read,key-5,56.163,45,false,leader-w3r3,50
2026-04-03T20:53:57.971898-07:00,write,key-7,808.986,54,false,leader-w3r3,50
2026-04-03T20:53:57.972104-07:00,write,key-6,808.855,48,false,leader-w3r3,50
2026-04-03T20:53:58.002531-07:00,write,key-2,806.350,51,false,leader-w3r3,50
2026-04-03T20:53:58.009878-07:00,write,key-4,804.595,49,false,leader-w3r3,50
2026-04-03T20:53:58.763914-07:00,read,key-0,53.049,52,false,leader-w3r3,50
2026-04-03T20:53:58.025411-07:00,write,key-0,808.163,51,false,leader-w3r3,50
2026-04-03T20:53:58.808884-07:00,read,key-9,54.625,49,false,leader-w3r3,50
2026-04-03T20:53:58.057869-07:00,write,key-0,805.684,52,false,leader-w3r3,50
2026-04-03T20:53:58.083655-07:00,write,key-5,811.826,42,false,leader-w3r3,50
2026-04-03T20:53:58.111662-07:00,write,key-7,805.164,55,false,leader-w3r3,50
2026-04-03T20:53:58.895483-07:00,read,key-3,58.732,43,false,leader-w3r3,50
2026-04-03T20:53:58.158696-07:00,write,key-3,811.630,43,false,leader-w3r3,50
2026-04-03T20:53:58.158543-07:00,write,key-3,811.899,42,false,leader-w3r3,50
2026-04-03T20:53:58.916828-07:00,read,key-1,56.160,51,false,leader-w3r3,50
2026-04-03T20:53:58.177103-07:00,write,key-8,803.571,51,false,leader-w3r3,50
2026-04-03T20:53:58.176089-07:00,write,key-6,806.564,49,false,leader-w3r3,50
2026-04-03T20:53:58.954221-07:00,read,key-9,53.191,49,false,leader-w3r3,50
2026-04-03T20:53:58.205044-07:00,write,key-5,803.319,43,false,leader-w3r3,50
2026-04-03T20:53:58.205128-07:00,write,key-5,803.365,44,false,leader-w3r3,50
2026-04-03T20:53:58.970329-07:00,read,key-1,52.353,52,false,leader-w3r3,50
2026-04-03T20:53:58.970441-07:00,read,key-4,52.298,49,false,leader-w3r3,50
2026-04-03T20:53:58.221511-07:00,write,key-8,805.319,52,false,leader-w3r3,50
2026-04-03T20:53:58.980675-07:00,read,key-1,57.662,52,false,leader-w3r3,50
2026-04-03T20:53:59.008364-07:00,read,key-0,53.901,54,false,leader-w3r3,50
2026-04-03T20:53:58.262071-07:00,write,key-9,804.449,49,false,leader-w3r3,50
2026-04-03T20:53:59.022741-07:00,read,key-3,52.785,44,false,leader-w3r3,50
2026-04-03T20:53:59.022685-07:00,read,key-4,52.875,50,false,leader-w3r3,50
2026-04-03T20:53:59.038341-07:00,read,key-1,52.927,52,false,leader-w3r3,50
2026-04-03T20:53:59.06652-07:00,read,key-9,55.612,49,false,leader-w3r3,50
2026-04-03T20:53:59.075529-07:00,read,key-3,52.305,44,false,leader-w3r3,50
2026-04-03T20:53:59.091271-07:00,read,key-9,52.968,50,false,leader-w3r3,50
2026-04-03T20:53:59.122135-07:00,read,key-8,54.734,52,false,leader-w3r3,50
2026-04-03T20:53:58.37691-07:00,write,key-2,802.874,52,false,leader-w3r3,50
2026-04-03T20:53:58.378611-07:00,write,key-6,801.626,50,false,leader-w3r3,50
2026-04-03T20:53:59.144243-07:00,read,key-6,55.496,52,false,leader-w3r3,50
2026-04-03T20:53:59.176873-07:00,read,key-6,53.607,52,false,leader-w3r3,50
2026-04-03T20:53:59.199743-07:00,read,key-2,54.791,54,false,leader-w3r3,50
2026-04-03T20:53:58.608984-07:00,write,key-5,804.172,45,false,leader-w3r3,50
2026-04-03T20:53:58.780959-07:00,write,key-1,809.523,50,false,leader-w3r3,50
2026-04-03T20:53:58.780887-07:00,write,key-3,809.752,44,false,leader-w3r3,50
2026-04-03T20:53:58.816967-07:00,write,key-0,804.590,53,false,leader-w3r3,50
2026-04-03T20:53:58.814474-07:00,write,key-7,807.158,56,false,leader-w3r3,50
2026-04-03T20:53:58.833575-07:00,write,key-0,805.787,54,false,leader-w3r3,50
2026-04-03T20:53:59.590485-07:00,read,key-1,53.221,53,false,leader-w3r3,50
2026-04-03T20:53:58.863554-07:00,write,key-6,805.285,51,false,leader-w3r3,50
2026-04-03T20:53:58.863513-07:00,write,key-1,805.359,51,false,leader-w3r3,50
2026-04-03T20:53:59.621632-07:00,read,key-3,52.142,45,false,leader-w3r3,50
2026-04-03T20:53:59.639364-07:00,read,key-2,53.649,54,false,leader-w3r3,50
2026-04-03T20:53:59.64371-07:00,read,key-2,53.145,54,false,leader-w3r3,50
2026-04-03T20:53:59.668839-07:00,read,key-8,56.926,52,false,leader-w3r3,50
2026-04-03T20:53:59.668871-07:00,read,key-7,57.007,56,false,leader-w3r3,50
2026-04-03T20:53:58.972992-07:00,write,key-6,805.857,52,false,leader-w3r3,50
2026-04-03T20:53:58.982654-07:00,write,key-2,808.190,53,false,leader-w3r3,50
2026-04-03T20:53:59.008492-07:00,write,key-1,810.061,52,false,leader-w3r3,50
2026-04-03T20:53:59.007416-07:00,write,key-4,811.174,50,false,leader-w3r3,50
2026-04-03T20:53:59.02683-07:00,write,key-5,805.772,46,false,leader-w3r3,50
2026-04-03T20:53:59.790845-07:00,read,key-8,53.332,53,false,leader-w3r3,50
2026-04-03T20:53:59.062268-07:00,write,key-2,809.081,54,false,leader-w3r3,50
2026-04-03T20:53:59.075563-07:00,write,key-0,802.666,55,false,leader-w3r3,50
2026-04-03T20:53:59.127837-07:00,write,key-9,810.572,50,false,leader-w3r3,50
2026-04-03T20:53:59.180236-07:00,write,key-0,802.742,56,false,leader-w3r3,50
2026-04-03T20:53:59.179783-07:00,write,key-1,804.754,53,false,leader-w3r3,50
2026-04-03T20:53:59.230485-07:00,write,key-6,805.592,53,false,leader-w3r3,50
2026-04-03T20:53:59.254537-07:00,write,key-0,816.422,57,false,leader-w3r3,50
2026-04-03T20:53:59.41316-07:00,write,key-2,817.920,55,false,leader-w3r3,50
2026-04-03T20:54:00.231084-07:00,read,key-7,55.340,59,false,leader-w3r3,50
2026-04-03T20:54:00.286428-07:00,read,key-0,52.406,58,false,leader-w3r3,50
2026-04-03T20:53:59.590639-07:00,write,key-3,808.087,45,false,leader-w3r3,50
2026-04-03T20:53:59.621559-07:00,write,key-4,810.760,51,false,leader-w3r3,50
2026-04-03T20:53:59.673778-07:00,write,key-9,805.577,51,false,leader-w3r3,50
2026-04-03T20:53:59.693018-07:00,write,key-5,804.173,47,false,leader-w3r3,50
2026-04-03T20:53:59.696858-07:00,write,key-9,809.411,52,false,leader-w3r3,50
2026-04-03T20:53:59.72588-07:00,write,key-3,807.380,46,false,leader-w3r3,50
2026-04-03T20:54:00.479358-07:00,read,key-9,54.047,54,false,leader-w3r3,50
2026-04-03T20:53:59.72577-07:00,write,key-8,807.690,53,false,leader-w3r3,50
2026-04-03T20:54:00.497194-07:00,read,key-6,53.002,54,false,leader-w3r3,50
2026-04-03T20:53:59.778852-07:00,write,key-1,806.009,54,false,leader-w3r3,50
2026-04-03T20:54:00.533263-07:00,read,key-3,53.699,47,false,leader-w3r3,50
2026-04-03T20:54:00.53346-07:00,read,key-1,53.675,56,false,leader-w3r3,50
2026-04-03T20:53:59.81859-07:00,write,key-7,817.633,57,false,leader-w3r3,50
2026-04-03T20:53:59.818554-07:00,write,key-3,817.764,47,false,leader-w3r3,50
2026-04-03T20:53:59.832604-07:00,write,key-2,803.782,56,false,leader-w3r3,50
2026-04-03T20:54:00.587137-07:00,read,key-7,53.204,61,false,leader-w3r3,50
2026-04-03T20:53:59.844182-07:00,write,key-0,808.440,58,false,leader-w3r3,50
2026-04-03T20:53:59.871352-07:00,write,key-9,805.036,53,false,leader-w3r3,50
2026-04-03T20:53:59.87823-07:00,write,key-5,806.174,48,false,leader-w3r3,50
2026-04-03T20:54:00.640344-07:00,read,key-9,52.740,54,false,leader-w3r3,50
2026-04-03T20:54:00.636387-07:00,read,key-8,56.714,54,false,leader-w3r3,50
2026-04-03T20:54:00.652623-07:00,read,key-4,53.959,52,false,leader-w3r3,50
2026-04-03T20:53:59.938413-07:00,write,key-8,807.061,54,false,leader-w3r3,50
2026-04-03T20:54:00.706587-07:00,read,key-2,56.685,57,false,leader-w3r3,50
2026-04-03T20:53:59.982982-07:00,write,key-9,804.689,54,false,leader-w3r3,50
2026-04-03T20:53:59.984538-07:00,write,key-1,804.810,55,false,leader-w3r3,50
2026-04-03T20:54:00.763276-07:00,read,key-0,54.229,59,false,leader-w3r3,50
2026-04-03T20:54:00.036079-07:00,write,key-7,804.594,58,false,leader-w3r3,50
2026-04-03T20:54:00.070962-07:00,write,key-7,808.590,59,false,leader-w3r3,50
2026-04-03T20:54:00.817587-07:00,read,key-5,61.995,48,false,leader-w3r3,50
2026-04-03T20:54:00.840675-07:00,read,key-9,52.855,55,false,leader-w3r3,50
2026-04-03T20:54:00.893534-07:00,read,key-9,53.338,55,false,leader-w3r3,50
2026-04-03T20:54:00.946877-07:00,read,key-0,52.942,61,false,leader-w3r3,50
2026-04-03T20:54:00.999824-07:00,read,key-2,56.397,59,false,leader-w3r3,50
2026-04-03T20:54:00.338839-07:00,write,key-3,803.992,48,false,leader-w3r3,50
2026-04-03T20:54:01.142834-07:00,read,key-8,52.946,54,false,leader-w3r3,50
2026-04-03T20:54:00.39873-07:00,write,key-1,804.413,56,false,leader-w3r3,50
2026-04-03T20:54:00.432323-07:00,write,key-6,808.208,54,false,leader-w3r3,50
2026-04-03T20:54:01.203144-07:00,read,key-2,53.182,59,false,leader-w3r3,50
2026-04-03T20:54:01.25633-07:00,read,key-9,53.976,55,false,leader-w3r3,50
2026-04-03T20:54:00.506272-07:00,write,key-7,804.046,60,false,leader-w3r3,50
2026-04-03T20:54:00.533407-07:00,write,key-7,809.716,61,false,leader-w3r3,50
2026-04-03T20:54:00.5502-07:00,write,key-6,807.635,55,false,leader-w3r3,50
2026-04-03T20:54:00.586966-07:00,write,key-9,803.831,55,false,leader-w3r3,50
2026-04-03T20:54:00.584864-07:00,write,key-4,806.012,52,false,leader-w3r3,50
2026-04-03T20:54:01.357837-07:00,read,key-7,53.465,61,false,leader-w3r3,50
2026-04-03T20:54:00.636227-07:00,write,key-2,807.938,57,false,leader-w3r3,50
2026-04-03T20:54:00.636318-07:00,write,key-0,807.908,59,false,leader-w3r3,50
2026-04-03T20:54:01.3908-07:00,read,key-2,53.501,60,false,leader-w3r3,50
2026-04-03T20:54:01.411308-07:00,read,key-6,53.467,56,false,leader-w3r3,50
2026-04-03T20:54:00.67639-07:00,write,key-3,812.098,49,false,leader-w3r3,50
2026-04-03T20:54:00.684406-07:00,write,key-3,804.175,50,false,leader-w3r3,50
2026-04-03T20:54:00.693087-07:00,write,key-0,805.102,60,false,leader-w3r3,50
2026-04-03T20:54:01.444167-07:00,read,key-3,54.129,51,false,leader-w3r3,50
2026-04-03T20:54:01.444227-07:00,read,key-0,55.710,61,false,leader-w3r3,50
2026-04-03T20:54:01.444305-07:00,read,key-2,55.688,60,false,leader-w3r3,50
2026-04-03T20:54:00.693103-07:00,write,key-0,808.317,61,false,leader-w3r3,50
2026-04-03T20:54:01.464779-07:00,read,key-1,53.489,58,false,leader-w3r3,50
2026-04-03T20:54:00.745478-07:00,write,key-2,805.096,58,false,leader-w3r3,50
2026-04-03T20:54:01.498191-07:00,read,key-7,53.669,61,false,leader-w3r3,50
2026-04-03T20:54:01.499995-07:00,read,key-5,53.898,48,false,leader-w3r3,50
2026-04-03T20:54:01.501421-07:00,read,key-6,53.428,58,false,leader-w3r3,50
2026-04-03T20:54:00.787675-07:00,write,key-6,803.653,56,false,leader-w3r3,50
2026-04-03T20:54:00.78935-07:00,write,key-4,804.272,53,false,leader-w3r3,50
2026-04-03T20:54:01.553897-07:00,read,key-6,53.222,58,false,leader-w3r3,50
2026-04-03T20:54:01.554854-07:00,read,key-3,52.949,52,false,leader-w3r3,50
2026-04-03T20:54:01.591331-07:00,read,key-1,56.844,58,false,leader-w3r3,50
2026-04-03T20:54:01.607805-07:00,read,key-2,53.495,62,false,leader-w3r3,50
2026-04-03T20:54:00.879585-07:00,write,key-2,812.398,59,false,leader-w3r3,50
2026-04-03T20:54:00.879554-07:00,write,key-1,812.451,57,false,leader-w3r3,50
2026-04-03T20:54:01.648179-07:00,read,key-9,52.781,55,false,leader-w3r3,50
2026-04-03T20:54:01.691987-07:00,read,key-1,53.299,58,false,leader-w3r3,50
2026-04-03T20:54:01.056224-07:00,write,key-1,803.088,58,false,leader-w3r3,50
2026-04-03T20:54:01.195784-07:00,write,key-4,807.003,54,false,leader-w3r3,50
2026-04-03T20:54:01.240534-07:00,write,key-8,813.001,55,false,leader-w3r3,50
2026-04-03T20:54:01.31031-07:00,write,key-4,804.991,55,false,leader-w3r3,50
2026-04-03T20:54:01.310319-07:00,write,key-3,804.992,51,false,leader-w3r3,50
2026-04-03T20:54:01.343125-07:00,write,key-2,812.892,60,false,leader-w3r3,50
2026-04-03T20:54:01.390876-07:00,write,key-9,810.330,56,false,leader-w3r3,50
2026-04-03T20:54:02.156021-07:00,read,key-5,54.087,50,false,leader-w3r3,50
2026-04-03T20:54:02.210112-07:00,read,key-0,52.555,64,false,leader-w3r3,50
2026-04-03T20:54:01.48849-07:00,write,key-9,812.097,57,false,leader-w3r3,50
2026-04-03T20:54:01.488581-07:00,write,key-6,812.084,57,false,leader-w3r3,50
2026-04-03T20:54:01.498301-07:00,write,key-6,805.005,58,false,leader-w3r3,50
2026-04-03T20:54:01.49994-07:00,write,key-2,803.395,61,false,leader-w3r3,50
2026-04-03T20:54:02.262671-07:00,read,key-0,54.732,64,false,leader-w3r3,50
2026-04-03T20:54:01.518272-07:00,write,key-2,803.817,62,false,leader-w3r3,50
2026-04-03T20:54:01.550577-07:00,write,key-3,808.149,52,false,leader-w3r3,50
2026-04-03T20:54:01.551864-07:00,write,key-5,806.960,49,false,leader-w3r3,50
2026-04-03T20:54:02.32209-07:00,read,key-6,52.244,59,false,leader-w3r3,50
2026-04-03T20:54:01.593624-07:00,write,key-0,810.921,62,false,leader-w3r3,50
2026-04-03T20:54:01.607123-07:00,write,key-9,804.498,58,false,leader-w3r3,50
2026-04-03T20:54:02.358825-07:00,read,key-5,52.794,51,false,leader-w3r3,50
2026-04-03T20:54:02.404547-07:00,read,key-7,55.957,63,false,leader-w3r3,50
2026-04-03T20:54:02.411622-07:00,read,key-4,53.505,56,false,leader-w3r3,50
2026-04-03T20:54:02.411622-07:00,read,key-6,53.536,60,false,leader-w3r3,50
2026-04-03T20:54:01.661304-07:00,write,key-0,806.853,63,false,leader-w3r3,50
2026-04-03T20:54:01.700965-07:00,write,key-6,803.499,59,false,leader-w3r3,50
2026-04-03T20:54:01.692005-07:00,write,key-5,813.870,50,false,leader-w3r3,50
2026-04-03T20:54:02.460509-07:00,read,key-4,52.197,56,false,leader-w3r3,50
2026-04-03T20:54:02.465159-07:00,read,key-8,52.307,57,false,leader-w3r3,50
2026-04-03T20:54:02.465131-07:00,read,key-5,52.347,51,false,leader-w3r3,50
2026-04-03T20:54:02.505876-07:00,read,key-3,53.760,54,false,leader-w3r3,50
2026-04-03T20:54:01.745292-07:00,write,key-7,814.347,62,false,leader-w3r3,50
2026-04-03T20:54:02.512709-07:00,read,key-3,53.254,54,false,leader-w3r3,50
2026-04-03T20:54:02.51748-07:00,read,key-6,53.297,59,false,leader-w3r3,50
2026-04-03T20:54:02.517468-07:00,read,key-2,55.347,62,false,leader-w3r3,50
2026-04-03T20:54:02.559641-07:00,read,key-4,51.780,56,false,leader-w3r3,50
2026-04-03T20:54:02.565988-07:00,read,key-9,52.470,58,false,leader-w3r3,50
2026-04-03T20:54:02.57078-07:00,read,key-8,53.895,57,false,leader-w3r3,50
2026-04-03T20:54:01.859318-07:00,write,key-1,804.642,59,false,leader-w3r3,50
2026-04-03T20:54:02.611425-07:00,read,key-0,52.674,65,false,leader-w3r3,50
2026-04-03T20:54:02.618463-07:00,read,key-1,56.329,64,false,leader-w3r3,50
2026-04-03T20:54:02.664101-07:00,read,key-9,52.247,58,false,leader-w3r3,50
2026-04-03T20:54:02.002794-07:00,write,key-0,805.711,64,false,leader-w3r3,50
2026-04-03T20:54:02.053538-07:00,write,key-1,810.873,60,false,leader-w3r3,50
2026-04-03T20:54:02.115305-07:00,write,key-3,804.238,54,false,leader-w3r3,50
2026-04-03T20:54:02.115312-07:00,write,key-3,804.364,53,false,leader-w3r3,50
2026-04-03T20:54:02.919675-07:00,read,key-2,51.473,62,false,leader-w3r3,50
2026-04-03T20:54:02.201209-07:00,write,key-8,808.105,56,false,leader-w3r3,50
2026-04-03T20:54:03.009317-07:00,read,key-9,54.251,58,false,leader-w3r3,50
2026-04-03T20:54:02.300665-07:00,write,key-8,812.112,57,false,leader-w3r3,50
2026-04-03T20:54:02.303306-07:00,write,key-1,809.680,61,false,leader-w3r3,50
2026-04-03T20:54:02.303335-07:00,write,key-6,809.662,60,false,leader-w3r3,50
2026-04-03T20:54:02.300589-07:00,write,key-5,812.498,51,false,leader-w3r3,50
2026-04-03T20:54:03.063573-07:00,read,key-5,52.423,52,false,leader-w3r3,50
2026-04-03T20:54:02.317407-07:00,write,key-7,810.443,63,false,leader-w3r3,50
2026-04-03T20:54:03.112779-07:00,read,key-3,57.610,54,false,leader-w3r3,50
2026-04-03T20:54:02.358728-07:00,write,key-1,811.784,62,false,leader-w3r3,50
2026-04-03T20:54:03.112987-07:00,read,key-8,57.546,58,false,leader-w3r3,50
2026-04-03T20:54:02.374337-07:00,write,key-4,805.014,56,false,leader-w3r3,50
2026-04-03T20:54:03.127851-07:00,read,key-2,51.507,62,false,leader-w3r3,50
2026-04-03T20:54:03.170394-07:00,read,key-9,54.798,58,false,leader-w3r3,50
2026-04-03T20:54:03.170535-07:00,read,key-6,54.772,61,false,leader-w3r3,50
2026-04-03T20:54:03.179351-07:00,read,key-4,52.675,58,false,leader-w3r3,50
2026-04-03T20:54:03.17936-07:00,read,key-3,55.998,54,false,leader-w3r3,50
2026-04-03T20:54:02.468158-07:00,write,key-7,805.205,64,false,leader-w3r3,50
2026-04-03T20:54:03.225309-07:00,read,key-4,53.348,58,false,leader-w3r3,50
2026-04-03T20:54:03.23536-07:00,read,key-0,52.889,65,false,leader-w3r3,50
2026-04-03T20:54:02.504466-07:00,write,key-1,809.432,63,false,leader-w3r3,50
2026-04-03T20:54:03.273365-07:00,read,key-1,54.128,67,false,leader-w3r3,50
2026-04-03T20:54:03.278661-07:00,read,key-3,53.596,54,false,leader-w3r3,50
2026-04-03T20:54:03.3139-07:00,read,key-8,54.198,58,false,leader-w3r3,50
2026-04-03T20:54:02.559672-07:00,write,key-1,810.314,64,false,leader-w3r3,50
2026-04-03T20:54:02.572818-07:00,write,key-0,807.164,65,false,leader-w3r3,50
2026-04-03T20:54:03.369988-07:00,read,key-5,54.110,52,false,leader-w3r3,50
2026-04-03T20:54:03.379983-07:00,read,key-9,51.454,58,false,leader-w3r3,50
2026-04-03T20:54:02.624678-07:00,write,key-1,808.583,65,false,leader-w3r3,50
2026-04-03T20:54:02.663962-07:00,write,key-7,810.570,65,false,leader-w3r3,50
2026-04-03T20:54:03.424106-07:00,read,key-5,53.685,52,false,leader-w3r3,50
2026-04-03T20:54:02.674795-07:00,write,key-4,803.384,57,false,leader-w3r3,50
2026-04-03T20:54:02.716352-07:00,write,key-5,809.185,52,false,leader-w3r3,50
2026-04-03T20:54:03.474534-07:00,read,key-8,53.916,59,false,leader-w3r3,50
2026-04-03T20:54:03.478179-07:00,read,key-4,51.583,58,false,leader-w3r3,50
2026-04-03T20:54:02.808509-07:00,write,key-6,808.822,61,false,leader-w3r3,50
2026-04-03T20:54:03.617335-07:00,read,key-3,57.368,54,false,leader-w3r3,50
2026-04-03T20:54:02.864414-07:00,write,key-1,813.086,66,false,leader-w3r3,50
2026-04-03T20:54:02.919544-07:00,write,key-2,804.210,63,false,leader-w3r3,50
2026-04-03T20:54:03.723757-07:00,read,key-9,55.122,59,false,leader-w3r3,50
2026-04-03T20:54:02.971152-07:00,write,key-4,807.740,58,false,leader-w3r3,50
2026-04-03T20:54:03.778892-07:00,read,key-1,52.681,68,false,leader-w3r3,50
2026-04-03T20:54:03.831579-07:00,read,key-1,53.045,68,false,leader-w3r3,50
2026-04-03T20:54:03.112998-07:00,write,key-0,807.887,66,false,leader-w3r3,50
2026-04-03T20:54:03.113087-07:00,write,key-1,807.827,67,false,leader-w3r3,50
2026-04-03T20:54:03.116-07:00,write,key-8,806.701,58,false,leader-w3r3,50
2026-04-03T20:54:03.170513-07:00,write,key-6,811.733,62,false,leader-w3r3,50
2026-04-03T20:54:03.225196-07:00,write,key-7,805.750,66,false,leader-w3r3,50
2026-04-03T20:54:03.232029-07:00,write,key-7,804.954,67,false,leader-w3r3,50
2026-04-03T20:54:03.982248-07:00,read,key-7,55.486,68,false,leader-w3r3,50
2026-04-03T20:54:04.030955-07:00,read,key-3,54.686,56,false,leader-w3r3,50
2026-04-03T20:54:03.288253-07:00,write,key-6,803.748,63,false,leader-w3r3,50
2026-04-03T20:54:03.327496-07:00,write,key-0,804.267,67,false,leader-w3r3,50
2026-04-03T20:54:03.33226-07:00,write,key-9,809.694,59,false,leader-w3r3,50
2026-04-03T20:54:03.368103-07:00,write,key-2,815.043,64,false,leader-w3r3,50
2026-04-03T20:54:03.431441-07:00,write,key-8,807.796,59,false,leader-w3r3,50
2026-04-03T20:54:03.433262-07:00,write,key-1,806.188,68,false,leader-w3r3,50
2026-04-03T20:54:03.477795-07:00,write,key-0,805.948,68,false,leader-w3r3,50
2026-04-03T20:54:04.239241-07:00,read,key-1,58.121,72,false,leader-w3r3,50
2026-04-03T20:54:04.23945-07:00,read,key-7,57.920,68,false,leader-w3r3,50
2026-04-03T20:54:03.52554-07:00,write,key-8,805.889,60,false,leader-w3r3,50
2026-04-03T20:54:03.528455-07:00,write,key-3,803.153,55,false,leader-w3r3,50
2026-04-03T20:54:03.529765-07:00,write,key-3,802.526,56,false,leader-w3r3,50
2026-04-03T20:54:04.283753-07:00,read,key-1,52.279,73,false,leader-w3r3,50
2026-04-03T20:54:04.29737-07:00,read,key-5,54.440,55,false,leader-w3r3,50
2026-04-03T20:54:04.331608-07:00,read,key-1,55.496,69,false,leader-w3r3,50
2026-04-03T20:54:04.336039-07:00,read,key-6,53.649,64,false,leader-w3r3,50
2026-04-03T20:54:04.351816-07:00,read,key-9,53.710,62,false,leader-w3r3,50
2026-04-03T20:54:04.405533-07:00,read,key-1,54.058,73,false,leader-w3r3,50
2026-04-03T20:54:03.674713-07:00,write,key-9,809.201,60,false,leader-w3r3,50
2026-04-03T20:54:03.677502-07:00,write,key-5,806.538,53,false,leader-w3r3,50
2026-04-03T20:54:04.459599-07:00,read,key-3,54.467,58,false,leader-w3r3,50
2026-04-03T20:54:04.484041-07:00,read,key-7,55.606,69,false,leader-w3r3,50
2026-04-03T20:54:03.778883-07:00,write,key-5,809.383,54,false,leader-w3r3,50
2026-04-03T20:54:03.88463-07:00,write,key-7,806.550,68,false,leader-w3r3,50
2026-04-03T20:54:03.920887-07:00,write,key-1,806.883,69,false,leader-w3r3,50
2026-04-03T20:54:03.920915-07:00,write,key-9,806.923,61,false,leader-w3r3,50
2026-04-03T20:54:03.922701-07:00,write,key-5,805.292,55,false,leader-w3r3,50
2026-04-03T20:54:04.691182-07:00,read,key-6,54.082,64,false,leader-w3r3,50
2026-04-03T20:54:04.727839-07:00,read,key-0,55.171,68,false,leader-w3r3,50
2026-04-03T20:54:04.727993-07:00,read,key-6,55.237,64,false,leader-w3r3,50
2026-04-03T20:54:04.745269-07:00,read,key-1,52.118,73,false,leader-w3r3,50
2026-04-03T20:54:04.037739-07:00,write,key-9,804.509,62,false,leader-w3r3,50
2026-04-03T20:54:04.036986-07:00,write,key-1,805.261,70,false,leader-w3r3,50
2026-04-03T20:54:04.842274-07:00,read,key-7,52.141,70,false,leader-w3r3,50
2026-04-03T20:54:04.842251-07:00,read,key-8,52.199,61,false,leader-w3r3,50
2026-04-03T20:54:04.092005-07:00,write,key-6,803.037,64,false,leader-w3r3,50
2026-04-03T20:54:04.08568-07:00,write,key-1,809.760,71,false,leader-w3r3,50
2026-04-03T20:54:04.13177-07:00,write,key-1,807.204,72,false,leader-w3r3,50
2026-04-03T20:54:04.141957-07:00,write,key-2,802.760,65,false,leader-w3r3,50
2026-04-03T20:54:04.895042-07:00,read,key-3,50.877,60,false,leader-w3r3,50
2026-04-03T20:54:04.89442-07:00,read,key-5,51.713,55,false,leader-w3r3,50
2026-04-03T20:54:04.938975-07:00,read,key-1,52.186,73,false,leader-w3r3,50
2026-04-03T20:54:04.183146-07:00,write,key-2,808.017,66,false,leader-w3r3,50
2026-04-03T20:54:04.946135-07:00,read,key-8,87.249,61,false,leader-w3r3,50
2026-04-03T20:54:04.991165-07:00,read,key-6,53.207,64,false,leader-w3r3,50
2026-04-03T20:54:05.044377-07:00,read,key-5,51.431,55,false,leader-w3r3,50
2026-04-03T20:54:04.297374-07:00,write,key-4,804.780,59,false,leader-w3r3,50
2026-04-03T20:54:04.332292-07:00,write,key-1,808.082,73,false,leader-w3r3,50
2026-04-03T20:54:04.331432-07:00,write,key-3,808.962,57,false,leader-w3r3,50
2026-04-03T20:54:05.095813-07:00,read,key-0,51.604,69,false,leader-w3r3,50
2026-04-03T20:54:05.102157-07:00,read,key-6,52.478,64,false,leader-w3r3,50
2026-04-03T20:54:04.387112-07:00,write,key-3,806.845,58,false,leader-w3r3,50
2026-04-03T20:54:04.389694-07:00,write,key-7,804.369,69,false,leader-w3r3,50
2026-04-03T20:54:05.14742-07:00,read,key-7,52.696,71,false,leader-w3r3,50
2026-04-03T20:54:05.194062-07:00,read,key-1,56.218,74,false,leader-w3r3,50
2026-04-03T20:54:04.483919-07:00,write,key-8,809.924,61,false,leader-w3r3,50
2026-04-03T20:54:04.514072-07:00,write,key-3,817.750,59,false,leader-w3r3,50
2026-04-03T20:54:04.539657-07:00,write,key-3,807.436,60,false,leader-w3r3,50
2026-04-03T20:54:04.588272-07:00,write,key-9,811.891,63,false,leader-w3r3,50
2026-04-03T20:54:04.727778-07:00,write,key-4,803.015,60,false,leader-w3r3,50
2026-04-03T20:54:04.783233-07:00,write,key-9,818.330,64,false,leader-w3r3,50
2026-04-03T20:54:04.783016-07:00,write,key-5,818.664,56,false,leader-w3r3,50
2026-04-03T20:54:04.797392-07:00,write,key-7,826.658,70,false,leader-w3r3,50
2026-04-03T20:54:05.601565-07:00,read,key-2,51.769,67,false,leader-w3r3,50
2026-04-03T20:54:05.624052-07:00,read,key-4,53.870,63,false,leader-w3r3,50
2026-04-03T20:54:04.89544-07:00,write,key-3,809.982,62,false,leader-w3r3,50
2026-04-03T20:54:04.894455-07:00,write,key-3,811.103,61,false,leader-w3r3,50
2026-04-03T20:54:04.944718-07:00,write,key-0,804.159,69,false,leader-w3r3,50
2026-04-03T20:54:04.945921-07:00,write,key-2,805.109,67,false,leader-w3r3,50
2026-04-03T20:54:05.748878-07:00,read,key-3,55.059,64,false,leader-w3r3,50
2026-04-03T20:54:04.991197-07:00,write,key-7,813.576,71,false,leader-w3r3,50
2026-04-03T20:54:05.75103-07:00,read,key-5,53.785,56,false,leader-w3r3,50
2026-04-03T20:54:05.033395-07:00,write,key-1,809.857,74,false,leader-w3r3,50
2026-04-03T20:54:05.804774-07:00,read,key-4,52.501,63,false,leader-w3r3,50
2026-04-03T20:54:05.804818-07:00,read,key-3,52.556,64,false,leader-w3r3,50
2026-04-03T20:54:05.843256-07:00,read,key-4,55.065,64,false,leader-w3r3,50
2026-04-03T20:54:05.140381-07:00,write,key-9,815.537,65,false,leader-w3r3,50
2026-04-03T20:54:05.140394-07:00,write,key-3,815.538,63,false,leader-w3r3,50
2026-04-03T20:54:05.898327-07:00,read,key-6,57.679,65,false,leader-w3r3,50
2026-04-03T20:54:05.154638-07:00,write,key-4,810.882,61,false,leader-w3r3,50
2026-04-03T20:54:05.200121-07:00,write,key-4,806.521,62,false,leader-w3r3,50
2026-04-03T20:54:05.19396-07:00,write,key-6,812.690,65,false,leader-w3r3,50
2026-04-03T20:54:05.956008-07:00,read,key-5,51.635,56,false,leader-w3r3,50
2026-04-03T20:54:05.250285-07:00,write,key-9,806.913,66,false,leader-w3r3,50
2026-04-03T20:54:05.293847-07:00,write,key-9,814.889,67,false,leader-w3r3,50
2026-04-03T20:54:06.0572-07:00,read,key-4,52.875,66,false,leader-w3r3,50
2026-04-03T20:54:05.331825-07:00,write,key-4,806.170,63,false,leader-w3r3,50
2026-04-03T20:54:05.347096-07:00,write,key-8,808.125,62,false,leader-w3r3,50
2026-04-03T20:54:06.108738-07:00,read,key-6,53.950,65,false,leader-w3r3,50
2026-04-03T20:54:06.137998-07:00,read,key-6,54.100,65,false,leader-w3r3,50
2026-04-03T20:54:05.400165-07:00,write,key-7,809.680,72,false,leader-w3r3,50
2026-04-03T20:54:06.155224-07:00,read,key-9,55.711,71,false,leader-w3r3,50
2026-04-03T20:54:06.209847-07:00,read,key-2,54.166,68,false,leader-w3r3,50
2026-04-03T20:54:06.264041-07:00,read,key-1,53.109,78,false,leader-w3r3,50
2026-04-03T20:54:05.530796-07:00,write,key-1,807.715,75,false,leader-w3r3,50
2026-04-03T20:54:06.338513-07:00,read,key-8,52.836,63,false,leader-w3r3,50
2026-04-03T20:54:05.60168-07:00,write,key-0,808.608,70,false,leader-w3r3,50
2026-04-03T20:54:06.391355-07:00,read,key-7,54.283,75,false,leader-w3r3,50
2026-04-03T20:54:05.653339-07:00,write,key-9,807.395,68,false,leader-w3r3,50
2026-04-03T20:54:05.677926-07:00,write,key-3,806.494,64,false,leader-w3r3,50
2026-04-03T20:54:05.705424-07:00,write,key-7,805.342,73,false,leader-w3r3,50
2026-04-03T20:54:05.705559-07:00,write,key-2,805.343,68,false,leader-w3r3,50
2026-04-03T20:54:06.460736-07:00,read,key-7,53.022,74,false,leader-w3r3,50
2026-04-03T20:54:06.510769-07:00,read,key-4,55.931,66,false,leader-w3r3,50
2026-04-03T20:54:05.803942-07:00,write,key-1,811.520,76,false,leader-w3r3,50
2026-04-03T20:54:06.566706-07:00,read,key-2,51.146,68,false,leader-w3r3,50
2026-04-03T20:54:05.857279-07:00,write,key-9,811.640,69,false,leader-w3r3,50
2026-04-03T20:54:05.857375-07:00,write,key-4,811.582,64,false,leader-w3r3,50
2026-04-03T20:54:06.668925-07:00,read,key-3,56.023,65,false,leader-w3r3,50
2026-04-03T20:54:05.955932-07:00,write,key-3,808.066,65,false,leader-w3r3,50
2026-04-03T20:54:05.95592-07:00,write,key-9,808.118,70,false,leader-w3r3,50
2026-04-03T20:54:05.965522-07:00,write,key-4,804.178,65,false,leader-w3r3,50
2026-04-03T20:54:06.00665-07:00,write,key-8,807.100,63,false,leader-w3r3,50
2026-04-03T20:54:06.006644-07:00,write,key-4,807.200,66,false,leader-w3r3,50
2026-04-03T20:54:06.764039-07:00,read,key-3,54.169,65,false,leader-w3r3,50
2026-04-03T20:54:06.007646-07:00,write,key-9,811.614,71,false,leader-w3r3,50
2026-04-03T20:54:06.819261-07:00,read,key-9,53.703,72,false,leader-w3r3,50
2026-04-03T20:54:06.110079-07:00,write,key-1,808.103,77,false,leader-w3r3,50
2026-04-03T20:54:06.162693-07:00,write,key-7,805.843,74,false,leader-w3r3,50
2026-04-03T20:54:06.192103-07:00,write,key-1,806.600,78,false,leader-w3r3,50
2026-04-03T20:54:06.210939-07:00,write,key-7,811.991,75,false,leader-w3r3,50
2026-04-03T20:54:06.968541-07:00,read,key-8,54.480,67,false,leader-w3r3,50
2026-04-03T20:54:07.022931-07:00,read,key-7,53.693,75,false,leader-w3r3,50
2026-04-03T20:54:06.317156-07:00,write,key-0,808.520,71,false,leader-w3r3,50
2026-04-03T20:54:07.07663-07:00,read,key-7,54.331,75,false,leader-w3r3,50
2026-04-03T20:54:07.130968-07:00,read,key-6,52.263,65,false,leader-w3r3,50
2026-04-03T20:54:06.41029-07:00,write,key-1,813.441,79,false,leader-w3r3,50
2026-04-03T20:54:06.445642-07:00,write,key-0,813.942,72,false,leader-w3r3,50
2026-04-03T20:54:07.223735-07:00,read,key-8,55.445,68,false,leader-w3r3,50
2026-04-03T20:54:06.484421-07:00,write,key-8,806.622,64,false,leader-w3r3,50
2026-04-03T20:54:06.510903-07:00,write,key-8,813.847,65,false,leader-w3r3,50
2026-04-03T20:54:06.513761-07:00,write,key-5,811.125,57,false,leader-w3r3,50
2026-04-03T20:54:07.291046-07:00,read,key-8,54.140,68,false,leader-w3r3,50
2026-04-03T20:54:07.324888-07:00,read,key-2,52.715,71,false,leader-w3r3,50
2026-04-03T20:54:06.615497-07:00,write,key-2,815.234,69,false,leader-w3r3,50
2026-04-03T20:54:06.617857-07:00,write,key-0,812.912,73,false,leader-w3r3,50
2026-04-03T20:54:06.668959-07:00,write,key-0,805.857,74,false,leader-w3r3,50
2026-04-03T20:54:07.430769-07:00,read,key-1,53.854,81,false,leader-w3r3,50
2026-04-03T20:54:06.724959-07:00,write,key-8,806.256,66,false,leader-w3r3,50
2026-04-03T20:54:07.484629-07:00,read,key-8,52.589,68,false,leader-w3r3,50
2026-04-03T20:54:06.764004-07:00,write,key-5,807.844,58,false,leader-w3r3,50
2026-04-03T20:54:06.769703-07:00,write,key-1,804.965,80,false,leader-w3r3,50
2026-04-03T20:54:07.531219-07:00,read,key-2,53.667,71,false,leader-w3r3,50
2026-04-03T20:54:07.537224-07:00,read,key-1,52.524,81,false,leader-w3r3,50
2026-04-03T20:54:07.571852-07:00,read,key-3,55.337,66,false,leader-w3r3,50
2026-04-03T20:54:06.818217-07:00,write,key-4,812.761,67,false,leader-w3r3,50
2026-04-03T20:54:06.813754-07:00,write,key-9,817.437,72,false,leader-w3r3,50
2026-04-03T20:54:06.813845-07:00,write,key-8,817.457,67,false,leader-w3r3,50
2026-04-03T20:54:07.584892-07:00,read,key-4,53.211,68,false,leader-w3r3,50
2026-04-03T20:54:07.589753-07:00,read,key-8,52.770,68,false,leader-w3r3,50
2026-04-03T20:54:06.87297-07:00,write,key-9,807.007,73,false,leader-w3r3,50
2026-04-03T20:54:07.631191-07:00,read,key-2,56.782,71,false,leader-w3r3,50
2026-04-03T20:54:07.630982-07:00,read,key-4,57.177,68,false,leader-w3r3,50
2026-04-03T20:54:07.631302-07:00,read,key-6,57.559,66,false,leader-w3r3,50
2026-04-03T20:54:07.638109-07:00,read,key-5,54.926,59,false,leader-w3r3,50
2026-04-03T20:54:06.918186-07:00,write,key-1,811.436,81,false,leader-w3r3,50
2026-04-03T20:54:07.688162-07:00,read,key-6,54.114,67,false,leader-w3r3,50
2026-04-03T20:54:07.687976-07:00,read,key-7,54.415,76,false,leader-w3r3,50
2026-04-03T20:54:07.693037-07:00,read,key-4,55.213,68,false,leader-w3r3,50
2026-04-03T20:54:07.748255-07:00,read,key-1,54.470,82,false,leader-w3r3,50
2026-04-03T20:54:06.998703-07:00,write,key-9,804.123,74,false,leader-w3r3,50
2026-04-03T20:54:07.023024-07:00,write,key-0,807.563,75,false,leader-w3r3,50
2026-04-03T20:54:07.802731-07:00,read,key-9,57.090,76,false,leader-w3r3,50
2026-04-03T20:54:07.83059-07:00,read,key-4,59.204,68,false,leader-w3r3,50
2026-04-03T20:54:07.859827-07:00,read,key-6,55.068,69,false,leader-w3r3,50
2026-04-03T20:54:07.125686-07:00,write,key-4,804.651,68,false,leader-w3r3,50
2026-04-03T20:54:07.914902-07:00,read,key-9,54.604,76,false,leader-w3r3,50
2026-04-03T20:54:07.183237-07:00,write,key-8,806.418,68,false,leader-w3r3,50
2026-04-03T20:54:07.969515-07:00,read,key-8,64.713,68,false,leader-w3r3,50
2026-04-03T20:54:07.259588-07:00,write,key-2,806.606,70,false,leader-w3r3,50
2026-04-03T20:54:07.279188-07:00,write,key-2,806.097,71,false,leader-w3r3,50
2026-04-03T20:54:08.034233-07:00,read,key-5,54.286,59,false,leader-w3r3,50
2026-04-03T20:54:07.324753-07:00,write,key-6,810.045,66,false,leader-w3r3,50
2026-04-03T20:54:08.085288-07:00,read,key-4,53.616,69,false,leader-w3r3,50
2026-04-03T20:54:08.088523-07:00,read,key-7,50.887,77,false,leader-w3r3,50
2026-04-03T20:54:07.345194-07:00,write,key-5,804.178,59,false,leader-w3r3,50
2026-04-03T20:54:07.377609-07:00,write,key-7,803.668,76,false,leader-w3r3,50
2026-04-03T20:54:08.134799-07:00,read,key-3,54.124,68,false,leader-w3r3,50
2026-04-03T20:54:08.138907-07:00,read,key-6,51.484,71,false,leader-w3r3,50
2026-04-03T20:54:08.149373-07:00,read,key-8,52.653,68,false,leader-w3r3,50
2026-04-03T20:54:07.430737-07:00,write,key-3,808.789,66,false,leader-w3r3,50
2026-04-03T20:54:07.47482-07:00,write,key-0,808.880,76,false,leader-w3r3,50
2026-04-03T20:54:08.283712-07:00,read,key-2,56.630,71,false,leader-w3r3,50
2026-04-03T20:54:07.574671-07:00,write,key-9,806.263,75,false,leader-w3r3,50
2026-04-03T20:54:07.627198-07:00,write,key-6,813.586,67,false,leader-w3r3,50
2026-04-03T20:54:07.642526-07:00,write,key-3,812.112,67,false,leader-w3r3,50
2026-04-03T20:54:07.679978-07:00,write,key-1,805.248,82,false,leader-w3r3,50
2026-04-03T20:54:07.688863-07:00,write,key-9,804.489,76,false,leader-w3r3,50
2026-04-03T20:54:08.454642-07:00,read,key-1,54.943,83,false,leader-w3r3,50
2026-04-03T20:54:07.729627-07:00,write,key-7,808.722,77,false,leader-w3r3,50
2026-04-03T20:54:08.493356-07:00,read,key-4,53.570,71,false,leader-w3r3,50
2026-04-03T20:54:07.74228-07:00,write,key-6,804.764,68,false,leader-w3r3,50
2026-04-03T20:54:07.742394-07:00,write,key-6,810.115,69,false,leader-w3r3,50
2026-04-03T20:54:08.538353-07:00,read,key-2,55.202,71,false,leader-w3r3,50
2026-04-03T20:54:08.547045-07:00,read,key-5,52.421,61,false,leader-w3r3,50
2026-04-03T20:54:08.552512-07:00,read,key-4,54.148,71,false,leader-w3r3,50
2026-04-03T20:54:07.802829-07:00,write,key-3,804.626,68,false,leader-w3r3,50
2026-04-03T20:54:08.599473-07:00,read,key-3,54.085,70,false,leader-w3r3,50
2026-04-03T20:54:07.889802-07:00,write,key-4,804.946,69,false,leader-w3r3,50
2026-04-03T20:54:08.653568-07:00,read,key-8,55.090,69,false,leader-w3r3,50
2026-04-03T20:54:07.930342-07:00,write,key-1,808.656,83,false,leader-w3r3,50
2026-04-03T20:54:08.694752-07:00,read,key-2,53.301,71,false,leader-w3r3,50
2026-04-03T20:54:07.989659-07:00,write,key-6,805.420,70,false,leader-w3r3,50
2026-04-03T20:54:08.795084-07:00,read,key-5,55.792,61,false,leader-w3r3,50
2026-04-03T20:54:08.066196-07:00,write,key-5,812.776,60,false,leader-w3r3,50
2026-04-03T20:54:08.139412-07:00,write,key-3,805.670,69,false,leader-w3r3,50
2026-04-03T20:54:08.181278-07:00,write,key-6,806.834,71,false,leader-w3r3,50
2026-04-03T20:54:08.188927-07:00,write,key-7,811.936,78,false,leader-w3r3,50
2026-04-03T20:54:08.190396-07:00,write,key-5,810.489,61,false,leader-w3r3,50
2026-04-03T20:54:08.202029-07:00,write,key-6,808.287,72,false,leader-w3r3,50
2026-04-03T20:54:08.239529-07:00,write,key-4,808.751,70,false,leader-w3r3,50
2026-04-03T20:54:09.000863-07:00,read,key-0,55.295,77,false,leader-w3r3,50
2026-04-03T20:54:09.000886-07:00,read,key-4,55.308,73,false,leader-w3r3,50
2026-04-03T20:54:09.048282-07:00,read,key-9,53.760,77,false,leader-w3r3,50
2026-04-03T20:54:09.056161-07:00,read,key-7,53.849,80,false,leader-w3r3,50
2026-04-03T20:54:09.056197-07:00,read,key-9,53.872,77,false,leader-w3r3,50
2026-04-03T20:54:08.34035-07:00,write,key-9,807.915,77,false,leader-w3r3,50
2026-04-03T20:54:09.110071-07:00,read,key-5,54.036,61,false,leader-w3r3,50
2026-04-03T20:54:08.380946-07:00,write,key-4,807.118,71,false,leader-w3r3,50
2026-04-03T20:54:09.188066-07:00,read,key-3,55.370,72,false,leader-w3r3,50
2026-04-03T20:54:08.440791-07:00,write,key-8,808.952,69,false,leader-w3r3,50
2026-04-03T20:54:08.48523-07:00,write,key-7,807.383,79,false,leader-w3r3,50
2026-04-03T20:54:08.509594-07:00,write,key-4,804.881,72,false,leader-w3r3,50
2026-04-03T20:54:08.546932-07:00,write,key-3,807.796,70,false,leader-w3r3,50
2026-04-03T20:54:09.314479-07:00,read,key-3,55.432,72,false,leader-w3r3,50
2026-04-03T20:54:08.593563-07:00,write,key-6,811.281,73,false,leader-w3r3,50
2026-04-03T20:54:09.354731-07:00,read,key-1,55.113,85,false,leader-w3r3,50
2026-04-03T20:54:08.606666-07:00,write,key-0,808.172,77,false,leader-w3r3,50
2026-04-03T20:54:08.607456-07:00,write,key-3,808.266,71,false,leader-w3r3,50
2026-04-03T20:54:09.369918-07:00,read,key-8,54.757,70,false,leader-w3r3,50
2026-04-03T20:54:09.404848-07:00,read,key-6,53.431,75,false,leader-w3r3,50
2026-04-03T20:54:09.414841-07:00,read,key-2,54.226,73,false,leader-w3r3,50
2026-04-03T20:54:09.424681-07:00,read,key-3,51.415,72,false,leader-w3r3,50
2026-04-03T20:54:08.708666-07:00,write,key-6,806.187,74,false,leader-w3r3,50
2026-04-03T20:54:08.739001-07:00,write,key-8,817.478,70,false,leader-w3r3,50
2026-04-03T20:54:08.748058-07:00,write,key-3,812.499,72,false,leader-w3r3,50
2026-04-03T20:54:09.514859-07:00,read,key-4,53.676,74,false,leader-w3r3,50
2026-04-03T20:54:09.568545-07:00,read,key-6,52.134,75,false,leader-w3r3,50
2026-04-03T20:54:08.850884-07:00,write,key-6,805.632,75,false,leader-w3r3,50
2026-04-03T20:54:08.87898-07:00,write,key-4,806.737,73,false,leader-w3r3,50
2026-04-03T20:54:09.656518-07:00,read,key-3,53.977,73,false,leader-w3r3,50
2026-04-03T20:54:08.945088-07:00,write,key-2,812.727,72,false,leader-w3r3,50
2026-04-03T20:54:09.710501-07:00,read,key-5,52.743,63,false,leader-w3r3,50
2026-04-03T20:54:08.988119-07:00,write,key-7,819.146,80,false,leader-w3r3,50
2026-04-03T20:54:09.75782-07:00,read,key-2,53.070,73,false,leader-w3r3,50
2026-04-03T20:54:09.010317-07:00,write,key-4,804.882,74,false,leader-w3r3,50
2026-04-03T20:54:09.76325-07:00,read,key-9,53.122,78,false,leader-w3r3,50
2026-04-03T20:54:09.815202-07:00,read,key-4,53.400,74,false,leader-w3r3,50
2026-04-03T20:54:09.102052-07:00,write,key-2,807.026,73,false,leader-w3r3,50
2026-04-03T20:54:09.110016-07:00,write,key-1,806.680,84,false,leader-w3r3,50
2026-04-03T20:54:09.868614-07:00,read,key-0,52.858,84,false,leader-w3r3,50
2026-04-03T20:54:09.148272-07:00,write,key-0,812.451,78,false,leader-w3r3,50
2026-04-03T20:54:09.164119-07:00,write,key-7,811.480,81,false,leader-w3r3,50
2026-04-03T20:54:09.960729-07:00,read,key-5,56.277,63,false,leader-w3r3,50
2026-04-03T20:54:09.975603-07:00,read,key-0,54.496,82,false,leader-w3r3,50
2026-04-03T20:54:09.243446-07:00,write,key-0,814.032,79,false,leader-w3r3,50
2026-04-03T20:54:09.249747-07:00,write,key-1,807.837,85,false,leader-w3r3,50
2026-04-03T20:54:10.017016-07:00,read,key-6,53.104,75,false,leader-w3r3,50
2026-04-03T20:54:09.292616-07:00,write,key-5,809.169,62,false,leader-w3r3,50
2026-04-03T20:54:09.40985-07:00,write,key-3,805.489,73,false,leader-w3r3,50
2026-04-03T20:54:09.415723-07:00,write,key-5,807.475,63,false,leader-w3r3,50
2026-04-03T20:54:09.458286-07:00,write,key-8,805.945,71,false,leader-w3r3,50
2026-04-03T20:54:10.2232-07:00,read,key-9,52.145,79,false,leader-w3r3,50
2026-04-03T20:54:09.469072-07:00,write,key-1,809.071,86,false,leader-w3r3,50
2026-04-03T20:54:09.476102-07:00,write,key-0,806.778,80,false,leader-w3r3,50
2026-04-03T20:54:10.278145-07:00,read,key-1,54.205,86,false,leader-w3r3,50
2026-04-03T20:54:10.27535-07:00,read,key-2,57.004,73,false,leader-w3r3,50
2026-04-03T20:54:09.560559-07:00,write,key-0,808.112,81,false,leader-w3r3,50
2026-04-03T20:54:09.556481-07:00,write,key-7,812.280,82,false,leader-w3r3,50
2026-04-03T20:54:10.368673-07:00,read,key-0,56.302,85,false,leader-w3r3,50
2026-04-03T20:54:09.620684-07:00,write,key-0,804.365,82,false,leader-w3r3,50
2026-04-03T20:54:10.368761-07:00,read,key-4,56.373,74,false,leader-w3r3,50
2026-04-03T20:54:10.425137-07:00,read,key-3,53.892,73,false,leader-w3r3,50
2026-04-03T20:54:10.42505-07:00,read,key-5,54.041,64,false,leader-w3r3,50
2026-04-03T20:54:09.685721-07:00,write,key-9,804.143,78,false,leader-w3r3,50
2026-04-03T20:54:10.479096-07:00,read,key-6,54.744,79,false,leader-w3r3,50
2026-04-03T20:54:10.479037-07:00,read,key-3,54.802,75,false,leader-w3r3,50
2026-04-03T20:54:10.533888-07:00,read,key-8,59.537,73,false,leader-w3r3,50
2026-04-03T20:54:09.807279-07:00,write,key-0,805.674,83,false,leader-w3r3,50
2026-04-03T20:54:09.810898-07:00,write,key-6,806.376,76,false,leader-w3r3,50
2026-04-03T20:54:09.816377-07:00,write,key-9,806.477,79,false,leader-w3r3,50
2026-04-03T20:54:10.593436-07:00,read,key-3,55.732,76,false,leader-w3r3,50
2026-04-03T20:54:10.61296-07:00,read,key-8,54.804,73,false,leader-w3r3,50
2026-04-03T20:54:10.622855-07:00,read,key-4,57.490,74,false,leader-w3r3,50
2026-04-03T20:54:09.909082-07:00,write,key-8,806.060,72,false,leader-w3r3,50
2026-04-03T20:54:09.916698-07:00,write,key-0,805.401,84,false,leader-w3r3,50
2026-04-03T20:54:10.66777-07:00,read,key-8,54.358,73,false,leader-w3r3,50
2026-04-03T20:54:09.92167-07:00,write,key-8,812.287,73,false,leader-w3r3,50
2026-04-03T20:54:10.680348-07:00,read,key-3,53.623,76,false,leader-w3r3,50
2026-04-03T20:54:10.722102-07:00,read,key-7,53.158,85,false,leader-w3r3,50
2026-04-03T20:54:10.733974-07:00,read,key-7,55.480,85,false,leader-w3r3,50
2026-04-03T20:54:10.030105-07:00,write,key-6,805.370,77,false,leader-w3r3,50
2026-04-03T20:54:10.78946-07:00,read,key-5,51.862,67,false,leader-w3r3,50
2026-04-03T20:54:10.057481-07:00,write,key-6,810.334,78,false,leader-w3r3,50
2026-04-03T20:54:10.057584-07:00,write,key-6,813.121,79,false,leader-w3r3,50
2026-04-03T20:54:10.070127-07:00,write,key-7,807.576,83,false,leader-w3r3,50
2026-04-03T20:54:10.83548-07:00,read,key-3,54.064,77,false,leader-w3r3,50
2026-04-03T20:54:10.84133-07:00,read,key-7,52.767,85,false,leader-w3r3,50
2026-04-03T20:54:10.101797-07:00,write,key-5,808.188,64,false,leader-w3r3,50
2026-04-03T20:54:10.86782-07:00,read,key-9,53.274,81,false,leader-w3r3,50
2026-04-03T20:54:10.877711-07:00,read,key-6,53.532,79,false,leader-w3r3,50
2026-04-03T20:54:10.889551-07:00,read,key-8,53.201,73,false,leader-w3r3,50
2026-04-03T20:54:10.8941-07:00,read,key-9,52.161,81,false,leader-w3r3,50
2026-04-03T20:54:10.921102-07:00,read,key-9,53.837,83,false,leader-w3r3,50
2026-04-03T20:54:10.931248-07:00,read,key-1,52.942,87,false,leader-w3r3,50
2026-04-03T20:54:10.942759-07:00,read,key-2,52.556,73,false,leader-w3r3,50
2026-04-03T20:54:10.215341-07:00,write,key-1,811.370,87,false,leader-w3r3,50
2026-04-03T20:54:10.974945-07:00,read,key-8,53.259,73,false,leader-w3r3,50
2026-04-03T20:54:10.264234-07:00,write,key-0,809.439,85,false,leader-w3r3,50
2026-04-03T20:54:10.282879-07:00,write,key-7,805.353,84,false,leader-w3r3,50
2026-04-03T20:54:11.073676-07:00,read,key-0,53.509,86,false,leader-w3r3,50
2026-04-03T20:54:10.332353-07:00,write,key-3,804.219,74,false,leader-w3r3,50
2026-04-03T20:54:10.332357-07:00,write,key-3,804.482,75,false,leader-w3r3,50
2026-04-03T20:54:11.088234-07:00,read,key-9,52.110,83,false,leader-w3r3,50
2026-04-03T20:54:11.136839-07:00,read,key-5,53.037,68,false,leader-w3r3,50
2026-04-03T20:54:10.424982-07:00,write,key-9,808.262,80,false,leader-w3r3,50
2026-04-03T20:54:11.189881-07:00,read,key-2,54.259,73,false,leader-w3r3,50
2026-04-03T20:54:11.233247-07:00,read,key-6,54.398,79,false,leader-w3r3,50
2026-04-03T20:54:10.489869-07:00,write,key-9,804.085,81,false,leader-w3r3,50
2026-04-03T20:54:11.244144-07:00,read,key-9,52.339,84,false,leader-w3r3,50
2026-04-03T20:54:10.533849-07:00,write,key-3,806.446,76,false,leader-w3r3,50
2026-04-03T20:54:11.287652-07:00,read,key-2,53.463,73,false,leader-w3r3,50
2026-04-03T20:54:11.293956-07:00,read,key-5,52.294,68,false,leader-w3r3,50
2026-04-03T20:54:10.617277-07:00,write,key-7,810.812,85,false,leader-w3r3,50
2026-04-03T20:54:10.649176-07:00,write,key-5,807.401,65,false,leader-w3r3,50
2026-04-03T20:54:11.428099-07:00,read,key-6,54.709,79,false,leader-w3r3,50
2026-04-03T20:54:10.715148-07:00,write,key-3,805.258,77,false,leader-w3r3,50
2026-04-03T20:54:10.722132-07:00,write,key-5,803.363,66,false,leader-w3r3,50
2026-04-03T20:54:11.482818-07:00,read,key-0,54.442,89,false,leader-w3r3,50
2026-04-03T20:54:10.73396-07:00,write,key-4,803.830,75,false,leader-w3r3,50
2026-04-03T20:54:11.520419-07:00,read,key-9,58.271,84,false,leader-w3r3,50
2026-04-03T20:54:10.775267-07:00,write,key-5,810.670,67,false,leader-w3r3,50
2026-04-03T20:54:11.537283-07:00,read,key-7,53.122,86,false,leader-w3r3,50
2026-04-03T20:54:11.578703-07:00,read,key-8,52.306,75,false,leader-w3r3,50
2026-04-03T20:54:11.59041-07:00,read,key-4,53.327,76,false,leader-w3r3,50
2026-04-03T20:54:10.870708-07:00,write,key-9,809.619,82,false,leader-w3r3,50
2026-04-03T20:54:11.631016-07:00,read,key-2,54.763,73,false,leader-w3r3,50
2026-04-03T20:54:11.643742-07:00,read,key-7,54.804,86,false,leader-w3r3,50
2026-04-03T20:54:10.909989-07:00,write,key-9,807.043,83,false,leader-w3r3,50
2026-04-03T20:54:10.946266-07:00,write,key-5,810.917,68,false,leader-w3r3,50
2026-04-03T20:54:10.984195-07:00,write,key-8,804.538,74,false,leader-w3r3,50
2026-04-03T20:54:10.995321-07:00,write,key-0,807.260,86,false,leader-w3r3,50
2026-04-03T20:54:11.026713-07:00,write,key-3,807.504,78,false,leader-w3r3,50
2026-04-03T20:54:11.028207-07:00,write,key-3,806.744,79,false,leader-w3r3,50
2026-04-03T20:54:11.788741-07:00,read,key-6,52.857,79,false,leader-w3r3,50
2026-04-03T20:54:11.834219-07:00,read,key-5,54.853,68,false,leader-w3r3,50
2026-04-03T20:54:11.83495-07:00,read,key-5,58.894,68,false,leader-w3r3,50
2026-04-03T20:54:11.127191-07:00,write,key-7,804.119,86,false,leader-w3r3,50
2026-04-03T20:54:11.136575-07:00,write,key-8,806.079,75,false,leader-w3r3,50
2026-04-03T20:54:11.140347-07:00,write,key-9,803.709,84,false,leader-w3r3,50
2026-04-03T20:54:11.893849-07:00,read,key-4,52.226,77,false,leader-w3r3,50
2026-04-03T20:54:11.944059-07:00,read,key-4,53.149,77,false,leader-w3r3,50
2026-04-03T20:54:11.946081-07:00,read,key-7,53.181,87,false,leader-w3r3,50
2026-04-03T20:54:11.997214-07:00,read,key-3,54.595,80,false,leader-w3r3,50
2026-04-03T20:54:11.999267-07:00,read,key-6,53.418,80,false,leader-w3r3,50
2026-04-03T20:54:11.296486-07:00,write,key-0,803.766,87,false,leader-w3r3,50
2026-04-03T20:54:12.052689-07:00,read,key-1,52.634,90,false,leader-w3r3,50
2026-04-03T20:54:11.340304-07:00,write,key-1,806.631,88,false,leader-w3r3,50
2026-04-03T20:54:11.34112-07:00,write,key-0,805.818,88,false,leader-w3r3,50
2026-04-03T20:54:11.346255-07:00,write,key-4,808.801,76,false,leader-w3r3,50
2026-04-03T20:54:12.105328-07:00,read,key-2,51.644,73,false,leader-w3r3,50
2026-04-03T20:54:12.14694-07:00,read,key-7,54.473,88,false,leader-w3r3,50
2026-04-03T20:54:12.14694-07:00,read,key-4,55.172,77,false,leader-w3r3,50
2026-04-03T20:54:12.20142-07:00,read,key-0,56.199,91,false,leader-w3r3,50
2026-04-03T20:54:12.202118-07:00,read,key-2,55.512,74,false,leader-w3r3,50
2026-04-03T20:54:11.456587-07:00,write,key-0,807.166,89,false,leader-w3r3,50
2026-04-03T20:54:11.525499-07:00,write,key-1,806.739,89,false,leader-w3r3,50
2026-04-03T20:54:11.537791-07:00,write,key-0,809.052,90,false,leader-w3r3,50
2026-04-03T20:54:12.332244-07:00,read,key-4,54.365,78,false,leader-w3r3,50
2026-04-03T20:54:11.585943-07:00,write,key-9,804.609,85,false,leader-w3r3,50
2026-04-03T20:54:12.390556-07:00,read,key-2,56.429,74,false,leader-w3r3,50
2026-04-03T20:54:11.680328-07:00,write,key-1,811.849,90,false,leader-w3r3,50
2026-04-03T20:54:11.685782-07:00,write,key-5,811.152,69,false,leader-w3r3,50
2026-04-03T20:54:12.446996-07:00,read,key-8,51.817,79,false,leader-w3r3,50
2026-04-03T20:54:11.698552-07:00,write,key-3,805.431,80,false,leader-w3r3,50
2026-04-03T20:54:11.717036-07:00,write,key-0,811.146,91,false,leader-w3r3,50
2026-04-03T20:54:11.757192-07:00,write,key-8,808.591,76,false,leader-w3r3,50
2026-04-03T20:54:12.528185-07:00,read,key-2,55.448,75,false,leader-w3r3,50
2026-04-03T20:54:11.802584-07:00,write,key-7,804.380,87,false,leader-w3r3,50
2026-04-03T20:54:11.84161-07:00,write,key-4,806.994,77,false,leader-w3r3,50
2026-04-03T20:54:12.606969-07:00,read,key-6,53.456,81,false,leader-w3r3,50
2026-04-03T20:54:11.889084-07:00,write,key-7,808.530,88,false,leader-w3r3,50
2026-04-03T20:54:11.931331-07:00,write,key-2,809.276,74,false,leader-w3r3,50
2026-04-03T20:54:11.94266-07:00,write,key-6,805.443,80,false,leader-w3r3,50
2026-04-03T20:54:12.697625-07:00,read,key-3,55.379,81,false,leader-w3r3,50
2026-04-03T20:54:12.740612-07:00,read,key-9,54.903,86,false,leader-w3r3,50
2026-04-03T20:54:12.748107-07:00,read,key-3,54.003,81,false,leader-w3r3,50
2026-04-03T20:54:12.753012-07:00,read,key-8,52.146,79,false,leader-w3r3,50
2026-04-03T20:54:12.805162-07:00,read,key-4,58.624,80,false,leader-w3r3,50
2026-04-03T20:54:12.051818-07:00,write,key-8,814.227,77,false,leader-w3r3,50
2026-04-03T20:54:12.100258-07:00,write,key-9,806.487,86,false,leader-w3r3,50
2026-04-03T20:54:12.866049-07:00,read,key-4,54.070,80,false,leader-w3r3,50
2026-04-03T20:54:12.863792-07:00,read,key-4,56.411,80,false,leader-w3r3,50
2026-04-03T20:54:12.156977-07:00,write,key-4,803.828,78,false,leader-w3r3,50
2026-04-03T20:54:12.15506-07:00,write,key-8,805.814,78,false,leader-w3r3,50
2026-04-03T20:54:12.920125-07:00,read,key-5,53.327,70,false,leader-w3r3,50
2026-04-03T20:54:12.920207-07:00,read,key-9,53.261,86,false,leader-w3r3,50
2026-04-03T20:54:12.973471-07:00,read,key-5,53.850,70,false,leader-w3r3,50
2026-04-03T20:54:12.973459-07:00,read,key-0,53.861,95,false,leader-w3r3,50
2026-04-03T20:54:12.257633-07:00,write,key-5,808.472,70,false,leader-w3r3,50
2026-04-03T20:54:12.257625-07:00,write,key-1,808.485,91,false,leader-w3r3,50
2026-04-03T20:54:12.263757-07:00,write,key-3,802.942,81,false,leader-w3r3,50
2026-04-03T20:54:13.02733-07:00,read,key-0,52.015,93,false,leader-w3r3,50
2026-04-03T20:54:12.346848-07:00,write,key-8,808.889,79,false,leader-w3r3,50
2026-04-03T20:54:12.386619-07:00,write,key-2,811.303,75,false,leader-w3r3,50
2026-04-03T20:54:13.197925-07:00,read,key-5,54.258,70,false,leader-w3r3,50
2026-04-03T20:54:12.492182-07:00,write,key-4,805.338,79,false,leader-w3r3,50
2026-04-03T20:54:12.496937-07:00,write,key-2,803.482,76,false,leader-w3r3,50
2026-04-03T20:54:12.49882-07:00,write,key-0,802.609,92,false,leader-w3r3,50
2026-04-03T20:54:12.503987-07:00,write,key-2,804.043,77,false,leader-w3r3,50
2026-04-03T20:54:13.297528-07:00,read,key-1,55.025,92,false,leader-w3r3,50
2026-04-03T20:54:13.301429-07:00,read,key-2,52.895,78,false,leader-w3r3,50
2026-04-03T20:54:13.308032-07:00,read,key-4,53.328,82,false,leader-w3r3,50
2026-04-03T20:54:12.565786-07:00,write,key-6,803.835,81,false,leader-w3r3,50
2026-04-03T20:54:12.583642-07:00,write,key-4,807.201,80,false,leader-w3r3,50
2026-04-03T20:54:13.352561-07:00,read,key-8,54.291,80,false,leader-w3r3,50
2026-04-03T20:54:13.390847-07:00,read,key-1,55.274,95,false,leader-w3r3,50
2026-04-03T20:54:12.660433-07:00,write,key-0,809.036,93,false,leader-w3r3,50
2026-04-03T20:54:12.648609-07:00,write,key-1,821.019,92,false,leader-w3r3,50
2026-04-03T20:54:13.469473-07:00,read,key-9,54.835,88,false,leader-w3r3,50
2026-04-03T20:54:13.469628-07:00,read,key-7,54.685,89,false,leader-w3r3,50
2026-04-03T20:54:12.795521-07:00,write,key-6,808.309,82,false,leader-w3r3,50
2026-04-03T20:54:12.802117-07:00,write,key-0,807.783,94,false,leader-w3r3,50
2026-04-03T20:54:13.603835-07:00,read,key-3,55.005,85,false,leader-w3r3,50
2026-04-03T20:54:12.906752-07:00,write,key-0,803.309,95,false,leader-w3r3,50
2026-04-03T20:54:13.710072-07:00,read,key-3,54.234,85,false,leader-w3r3,50
2026-04-03T20:54:12.96081-07:00,write,key-3,805.637,82,false,leader-w3r3,50
2026-04-03T20:54:12.960874-07:00,write,key-4,806.158,81,false,leader-w3r3,50
2026-04-03T20:54:13.764316-07:00,read,key-2,54.448,79,false,leader-w3r3,50
2026-04-03T20:54:13.767032-07:00,read,key-7,53.531,89,false,leader-w3r3,50
2026-04-03T20:54:13.76645-07:00,read,key-4,54.412,83,false,leader-w3r3,50
2026-04-03T20:54:13.027331-07:00,write,key-3,808.876,83,false,leader-w3r3,50
2026-04-03T20:54:13.066105-07:00,write,key-2,804.844,78,false,leader-w3r3,50
2026-04-03T20:54:13.066126-07:00,write,key-3,804.961,84,false,leader-w3r3,50
2026-04-03T20:54:13.066699-07:00,write,key-9,804.590,87,false,leader-w3r3,50
2026-04-03T20:54:13.820866-07:00,read,key-3,54.312,85,false,leader-w3r3,50
2026-04-03T20:54:13.820568-07:00,read,key-1,54.759,96,false,leader-w3r3,50
2026-04-03T20:54:13.079349-07:00,write,key-4,809.002,82,false,leader-w3r3,50
2026-04-03T20:54:13.836211-07:00,read,key-2,53.746,79,false,leader-w3r3,50
2026-04-03T20:54:13.875333-07:00,read,key-7,51.693,89,false,leader-w3r3,50
2026-04-03T20:54:13.870952-07:00,read,key-2,56.077,79,false,leader-w3r3,50
2026-04-03T20:54:13.888354-07:00,read,key-5,55.235,73,false,leader-w3r3,50
2026-04-03T20:54:13.155748-07:00,write,key-6,805.879,83,false,leader-w3r3,50
2026-04-03T20:54:13.927034-07:00,read,key-2,60.489,79,false,leader-w3r3,50
2026-04-03T20:54:13.25219-07:00,write,key-7,806.407,89,false,leader-w3r3,50
2026-04-03T20:54:13.300422-07:00,write,key-8,807.695,80,false,leader-w3r3,50
2026-04-03T20:54:14.058603-07:00,read,key-5,54.627,73,false,leader-w3r3,50
2026-04-03T20:54:13.35433-07:00,write,key-1,808.135,93,false,leader-w3r3,50
2026-04-03T20:54:13.361367-07:00,write,key-1,803.680,94,false,leader-w3r3,50
2026-04-03T20:54:13.369623-07:00,write,key-1,810.342,95,false,leader-w3r3,50
2026-04-03T20:54:13.406857-07:00,write,key-5,809.269,71,false,leader-w3r3,50
2026-04-03T20:54:14.162474-07:00,read,key-4,54.487,84,false,leader-w3r3,50
2026-04-03T20:54:13.446128-07:00,write,key-9,812.214,88,false,leader-w3r3,50
2026-04-03T20:54:13.524315-07:00,write,key-6,809.751,84,false,leader-w3r3,50
2026-04-03T20:54:13.524316-07:00,write,key-3,809.875,85,false,leader-w3r3,50
2026-04-03T20:54:14.334077-07:00,read,key-0,53.508,97,false,leader-w3r3,50
2026-04-03T20:54:14.334192-07:00,read,key-4,53.396,84,false,leader-w3r3,50
2026-04-03T20:54:13.609902-07:00,write,key-2,809.808,79,false,leader-w3r3,50
2026-04-03T20:54:13.65885-07:00,write,key-4,809.200,83,false,leader-w3r3,50
2026-04-03T20:54:14.419712-07:00,read,key-7,52.802,91,false,leader-w3r3,50
2026-04-03T20:54:14.472518-07:00,read,key-6,53.883,86,false,leader-w3r3,50
2026-04-03T20:54:14.526406-07:00,read,key-4,53.832,84,false,leader-w3r3,50
2026-04-03T20:54:13.818771-07:00,write,key-5,812.076,72,false,leader-w3r3,50
2026-04-03T20:54:14.580243-07:00,read,key-9,58.401,88,false,leader-w3r3,50
2026-04-03T20:54:13.871088-07:00,write,key-1,811.196,96,false,leader-w3r3,50
2026-04-03T20:54:13.871289-07:00,write,key-4,810.995,84,false,leader-w3r3,50
2026-04-03T20:54:13.875183-07:00,write,key-5,817.140,73,false,leader-w3r3,50
2026-04-03T20:54:13.889962-07:00,write,key-8,803.933,81,false,leader-w3r3,50
2026-04-03T20:54:13.927034-07:00,write,key-8,809.383,82,false,leader-w3r3,50
2026-04-03T20:54:14.682287-07:00,read,key-7,56.723,91,false,leader-w3r3,50
2026-04-03T20:54:14.682325-07:00,read,key-0,56.752,98,false,leader-w3r3,50
2026-04-03T20:54:14.692325-07:00,read,key-6,52.188,86,false,leader-w3r3,50
2026-04-03T20:54:14.693896-07:00,read,key-7,52.375,91,false,leader-w3r3,50
2026-04-03T20:54:13.943595-07:00,write,key-0,806.946,96,false,leader-w3r3,50
2026-04-03T20:54:13.961633-07:00,write,key-7,804.180,90,false,leader-w3r3,50
2026-04-03T20:54:14.739014-07:00,read,key-7,54.027,91,false,leader-w3r3,50
2026-04-03T20:54:13.987528-07:00,write,key-6,807.076,85,false,leader-w3r3,50
2026-04-03T20:54:14.744516-07:00,read,key-9,52.426,89,false,leader-w3r3,50
2026-04-03T20:54:14.746274-07:00,read,key-7,51.229,91,false,leader-w3r3,50
2026-04-03T20:54:14.750542-07:00,read,key-6,56.593,86,false,leader-w3r3,50
2026-04-03T20:54:14.765815-07:00,read,key-0,55.545,98,false,leader-w3r3,50
2026-04-03T20:54:14.807144-07:00,read,key-6,60.441,86,false,leader-w3r3,50
2026-04-03T20:54:14.821366-07:00,read,key-2,52.887,83,false,leader-w3r3,50
2026-04-03T20:54:14.108127-07:00,write,key-8,814.051,83,false,leader-w3r3,50
2026-04-03T20:54:14.867597-07:00,read,key-7,54.663,91,false,leader-w3r3,50
2026-04-03T20:54:14.113239-07:00,write,key-5,808.940,74,false,leader-w3r3,50
2026-04-03T20:54:14.165047-07:00,write,key-6,806.660,86,false,leader-w3r3,50
2026-04-03T20:54:14.922266-07:00,read,key-0,54.398,98,false,leader-w3r3,50
2026-04-03T20:54:14.92236-07:00,read,key-4,54.507,85,false,leader-w3r3,50
2026-04-03T20:54:14.179967-07:00,write,key-7,807.001,91,false,leader-w3r3,50
2026-04-03T20:54:14.216141-07:00,write,key-2,815.204,80,false,leader-w3r3,50
2026-04-03T20:54:14.971717-07:00,read,key-7,59.989,91,false,leader-w3r3,50
2026-04-03T20:54:14.216967-07:00,write,key-0,814.949,97,false,leader-w3r3,50
2026-04-03T20:54:14.25835-07:00,write,key-2,808.666,81,false,leader-w3r3,50
2026-04-03T20:54:14.387633-07:00,write,key-2,804.567,82,false,leader-w3r3,50
2026-04-03T20:54:14.387597-07:00,write,key-0,804.709,98,false,leader-w3r3,50
2026-04-03T20:54:14.468053-07:00,write,key-2,806.642,83,false,leader-w3r3,50
2026-04-03T20:54:15.2747-07:00,read,key-1,54.568,97,false,leader-w3r3,50
2026-04-03T20:54:14.630849-07:00,write,key-9,805.424,89,false,leader-w3r3,50
2026-04-03T20:54:14.638647-07:00,write,key-4,803.705,85,false,leader-w3r3,50
2026-04-03T20:54:15.436276-07:00,read,key-8,54.500,84,false,leader-w3r3,50
2026-04-03T20:54:14.73642-07:00,write,key-5,805.578,75,false,leader-w3r3,50
2026-04-03T20:54:14.73908-07:00,write,key-8,806.359,84,false,leader-w3r3,50
2026-04-03T20:54:15.490781-07:00,read,key-9,54.822,92,false,leader-w3r3,50
2026-04-03T20:54:15.542005-07:00,read,key-6,53.172,86,false,leader-w3r3,50
2026-04-03T20:54:14.794606-07:00,write,key-9,803.406,90,false,leader-w3r3,50
2026-04-03T20:54:14.793049-07:00,write,key-3,804.998,86,false,leader-w3r3,50
2026-04-03T20:54:14.796945-07:00,write,key-3,802.864,87,false,leader-w3r3,50
2026-04-03T20:54:14.797505-07:00,write,key-9,808.742,91,false,leader-w3r3,50
2026-04-03T20:54:15.595185-07:00,read,key-2,52.605,85,false,leader-w3r3,50
2026-04-03T20:54:15.598048-07:00,read,key-9,53.310,92,false,leader-w3r3,50
2026-04-03T20:54:14.874257-07:00,write,key-0,809.886,99,false,leader-w3r3,50
2026-04-03T20:54:15.651361-07:00,read,key-3,54.847,88,false,leader-w3r3,50
2026-04-03T20:54:14.922188-07:00,write,key-7,813.594,92,false,leader-w3r3,50
2026-04-03T20:54:15.684146-07:00,read,key-4,54.664,86,false,leader-w3r3,50
2026-04-03T20:54:15.706216-07:00,read,key-3,54.127,88,false,leader-w3r3,50
2026-04-03T20:54:14.97667-07:00,write,key-4,807.613,86,false,leader-w3r3,50
2026-04-03T20:54:14.97687-07:00,write,key-2,807.577,84,false,leader-w3r3,50
2026-04-03T20:54:14.98697-07:00,write,key-7,804.902,93,false,leader-w3r3,50
2026-04-03T20:54:15.738816-07:00,read,key-2,56.966,85,false,leader-w3r3,50
2026-04-03T20:54:15.031354-07:00,write,key-3,808.488,88,false,leader-w3r3,50
2026-04-03T20:54:15.784289-07:00,read,key-2,55.691,85,false,leader-w3r3,50
2026-04-03T20:54:15.031714-07:00,write,key-0,808.284,100,false,leader-w3r3,50
2026-04-03T20:54:15.031916-07:00,write,key-0,808.166,101,false,leader-w3r3,50
2026-04-03T20:54:15.795787-07:00,read,key-1,52.429,98,false,leader-w3r3,50
2026-04-03T20:54:15.067021-07:00,write,key-1,812.984,97,false,leader-w3r3,50
2026-04-03T20:54:15.839986-07:00,read,key-2,55.172,85,false,leader-w3r3,50
2026-04-03T20:54:15.839846-07:00,read,key-3,55.476,90,false,leader-w3r3,50
2026-04-03T20:54:15.192208-07:00,write,key-0,804.549,102,false,leader-w3r3,50
2026-04-03T20:54:15.192307-07:00,write,key-9,804.812,92,false,leader-w3r3,50
2026-04-03T20:54:15.996766-07:00,read,key-0,51.688,102,false,leader-w3r3,50
2026-04-03T20:54:15.997118-07:00,read,key-7,54.113,94,false,leader-w3r3,50
2026-04-03T20:54:16.051236-07:00,read,key-7,53.418,94,false,leader-w3r3,50
2026-04-03T20:54:16.048466-07:00,read,key-8,56.513,90,false,leader-w3r3,50
2026-04-03T20:54:15.329277-07:00,write,key-5,810.333,76,false,leader-w3r3,50
2026-04-03T20:54:16.104983-07:00,read,key-7,54.536,94,false,leader-w3r3,50
2026-04-03T20:54:16.139618-07:00,read,key-0,54.751,102,false,leader-w3r3,50
2026-04-03T20:54:15.442353-07:00,write,key-2,804.960,85,false,leader-w3r3,50
2026-04-03T20:54:16.247319-07:00,read,key-3,53.650,90,false,leader-w3r3,50
2026-04-03T20:54:15.545607-07:00,write,key-8,804.757,86,false,leader-w3r3,50
2026-04-03T20:54:15.545443-07:00,write,key-8,804.929,85,false,leader-w3r3,50
2026-04-03T20:54:15.598012-07:00,write,key-8,805.059,87,false,leader-w3r3,50
2026-04-03T20:54:16.350366-07:00,read,key-1,52.701,98,false,leader-w3r3,50
2026-04-03T20:54:15.59981-07:00,write,key-4,808.699,87,false,leader-w3r3,50
2026-04-03T20:54:15.606248-07:00,write,key-1,802.828,98,false,leader-w3r3,50
2026-04-03T20:54:16.403073-07:00,read,key-2,52.410,86,false,leader-w3r3,50
2026-04-03T20:54:15.647795-07:00,write,key-4,807.727,88,false,leader-w3r3,50
2026-04-03T20:54:16.403099-07:00,read,key-8,52.489,90,false,leader-w3r3,50
2026-04-03T20:54:16.409076-07:00,read,key-6,52.125,86,false,leader-w3r3,50
2026-04-03T20:54:16.455523-07:00,read,key-7,53.116,95,false,leader-w3r3,50
2026-04-03T20:54:16.45559-07:00,read,key-3,53.160,90,false,leader-w3r3,50
2026-04-03T20:54:16.455488-07:00,read,key-7,53.414,95,false,leader-w3r3,50
2026-04-03T20:54:15.735787-07:00,write,key-9,806.214,93,false,leader-w3r3,50
2026-04-03T20:54:15.760349-07:00,write,key-3,805.618,89,false,leader-w3r3,50
2026-04-03T20:54:15.784447-07:00,write,key-7,808.784,94,false,leader-w3r3,50
2026-04-03T20:54:15.791875-07:00,write,key-3,802.137,90,false,leader-w3r3,50
2026-04-03T20:54:15.839998-07:00,write,key-8,804.682,88,false,leader-w3r3,50
2026-04-03T20:54:15.840083-07:00,write,key-8,810.043,89,false,leader-w3r3,50
2026-04-03T20:54:15.848221-07:00,write,key-2,805.678,86,false,leader-w3r3,50
2026-04-03T20:54:15.88001-07:00,write,key-4,805.211,89,false,leader-w3r3,50
2026-04-03T20:54:16.644682-07:00,read,key-4,52.265,93,false,leader-w3r3,50
2026-04-03T20:54:15.895163-07:00,write,key-5,804.612,77,false,leader-w3r3,50
2026-04-03T20:54:15.895325-07:00,write,key-8,804.586,90,false,leader-w3r3,50
2026-04-03T20:54:16.696951-07:00,read,key-1,50.875,98,false,leader-w3r3,50
2026-04-03T20:54:16.699777-07:00,read,key-0,51.146,104,false,leader-w3r3,50
2026-04-03T20:54:16.699912-07:00,read,key-3,51.012,91,false,leader-w3r3,50
2026-04-03T20:54:16.750926-07:00,read,key-0,50.940,105,false,leader-w3r3,50
2026-04-03T20:54:16.750926-07:00,read,key-3,50.940,91,false,leader-w3r3,50
2026-04-03T20:54:16.80187-07:00,read,key-5,51.087,79,false,leader-w3r3,50
2026-04-03T20:54:16.104668-07:00,write,key-4,806.225,90,false,leader-w3r3,50
2026-04-03T20:54:16.159527-07:00,write,key-4,803.400,91,false,leader-w3r3,50
2026-04-03T20:54:16.194377-07:00,write,key-9,802.663,94,false,leader-w3r3,50
2026-04-03T20:54:16.300975-07:00,write,key-9,803.306,95,false,leader-w3r3,50
2026-04-03T20:54:16.350372-07:00,write,key-7,806.512,95,false,leader-w3r3,50
2026-04-03T20:54:16.408512-07:00,write,key-1,805.246,99,false,leader-w3r3,50
2026-04-03T20:54:16.461205-07:00,write,key-5,804.541,78,false,leader-w3r3,50
2026-04-03T20:54:16.508643-07:00,write,key-5,804.700,79,false,leader-w3r3,50
2026-04-03T20:54:16.508905-07:00,write,key-3,819.810,91,false,leader-w3r3,50
2026-04-03T20:54:16.508752-07:00,write,key-9,819.994,96,false,leader-w3r3,50
2026-04-03T20:54:16.542004-07:00,write,key-0,809.272,103,false,leader-w3r3,50
2026-04-03T20:54:16.565969-07:00,write,key-8,803.840,91,false,leader-w3r3,50
2026-04-03T20:54:17.328747-07:00,read,key-1,57.926,100,false,leader-w3r3,50
2026-04-03T20:54:16.593235-07:00,write,key-0,807.703,104,false,leader-w3r3,50
2026-04-03T20:54:16.594013-07:00,write,key-8,806.926,92,false,leader-w3r3,50
2026-04-03T20:54:17.400945-07:00,read,key-7,56.792,96,false,leader-w3r3,50
2026-04-03T20:54:17.400944-07:00,read,key-5,56.792,82,false,leader-w3r3,50
2026-04-03T20:54:16.653902-07:00,write,key-0,803.960,105,false,leader-w3r3,50
2026-04-03T20:54:16.650128-07:00,write,key-4,807.863,92,false,leader-w3r3,50
2026-04-03T20:54:16.685223-07:00,write,key-4,813.683,93,false,leader-w3r3,50
2026-04-03T20:54:17.457744-07:00,read,key-3,53.816,92,false,leader-w3r3,50
2026-04-03T20:54:17.457862-07:00,read,key-5,53.720,82,false,leader-w3r3,50
2026-04-03T20:54:17.457934-07:00,read,key-7,53.720,96,false,leader-w3r3,50
2026-04-03T20:54:16.74783-07:00,write,key-1,805.995,100,false,leader-w3r3,50
2026-04-03T20:54:17.511656-07:00,read,key-6,54.106,87,false,leader-w3r3,50
2026-04-03T20:54:16.801898-07:00,write,key-4,805.646,94,false,leader-w3r3,50
2026-04-03T20:54:16.852962-07:00,write,key-5,809.145,80,false,leader-w3r3,50
2026-04-03T20:54:17.607549-07:00,read,key-3,55.467,92,false,leader-w3r3,50
2026-04-03T20:54:17.662115-07:00,read,key-8,52.433,95,false,leader-w3r3,50
2026-04-03T20:54:17.663022-07:00,read,key-2,51.528,89,false,leader-w3r3,50
2026-04-03T20:54:16.910897-07:00,write,key-5,803.851,81,false,leader-w3r3,50
2026-04-03T20:54:16.96293-07:00,write,key-8,803.674,93,false,leader-w3r3,50
2026-04-03T20:54:17.714562-07:00,read,key-7,54.166,96,false,leader-w3r3,50
2026-04-03T20:54:16.997043-07:00,write,key-5,806.501,82,false,leader-w3r3,50
2026-04-03T20:54:17.766608-07:00,read,key-9,56.108,97,false,leader-w3r3,50
2026-04-03T20:54:17.768735-07:00,read,key-4,54.004,94,false,leader-w3r3,50
2026-04-03T20:54:17.803548-07:00,read,key-2,60.371,89,false,leader-w3r3,50
2026-04-03T20:54:17.822743-07:00,read,key-1,55.093,103,false,leader-w3r3,50
2026-04-03T20:54:17.10429-07:00,write,key-2,804.251,87,false,leader-w3r3,50
2026-04-03T20:54:17.908545-07:00,read,key-9,53.303,97,false,leader-w3r3,50
2026-04-03T20:54:17.156885-07:00,write,key-9,805.003,97,false,leader-w3r3,50
2026-04-03T20:54:17.961853-07:00,read,key-8,53.133,96,false,leader-w3r3,50
2026-04-03T20:54:17.213762-07:00,write,key-7,804.423,96,false,leader-w3r3,50
2026-04-03T20:54:18.014992-07:00,read,key-6,54.973,87,false,leader-w3r3,50
2026-04-03T20:54:17.265751-07:00,write,key-1,804.965,101,false,leader-w3r3,50
2026-04-03T20:54:17.313349-07:00,write,key-0,809.477,106,false,leader-w3r3,50
2026-04-03T20:54:18.070717-07:00,read,key-4,53.275,94,false,leader-w3r3,50
2026-04-03T20:54:17.328719-07:00,write,key-8,809.308,94,false,leader-w3r3,50
2026-04-03T20:54:17.35128-07:00,write,key-3,809.320,92,false,leader-w3r3,50
2026-04-03T20:54:18.122828-07:00,read,key-0,54.716,109,false,leader-w3r3,50
2026-04-03T20:54:17.369813-07:00,write,key-0,807.961,107,false,leader-w3r3,50
2026-04-03T20:54:18.124001-07:00,read,key-9,53.881,97,false,leader-w3r3,50
2026-04-03T20:54:17.38668-07:00,write,key-2,805.104,88,false,leader-w3r3,50
2026-04-03T20:54:18.160602-07:00,read,key-2,55.859,90,false,leader-w3r3,50
2026-04-03T20:54:18.177776-07:00,read,key-6,53.112,88,false,leader-w3r3,50
2026-04-03T20:54:18.191785-07:00,read,key-6,53.128,88,false,leader-w3r3,50
2026-04-03T20:54:17.457991-07:00,write,key-6,807.084,87,false,leader-w3r3,50
2026-04-03T20:54:18.216468-07:00,read,key-3,53.082,93,false,leader-w3r3,50
2026-04-03T20:54:18.230894-07:00,read,key-3,53.575,93,false,leader-w3r3,50
2026-04-03T20:54:17.49891-07:00,write,key-7,815.692,97,false,leader-w3r3,50
2026-04-03T20:54:17.511586-07:00,write,key-1,806.397,102,false,leader-w3r3,50
2026-04-03T20:54:17.511567-07:00,write,key-2,807.289,89,false,leader-w3r3,50
2026-04-03T20:54:18.284475-07:00,read,key-5,51.652,84,false,leader-w3r3,50
2026-04-03T20:54:17.553831-07:00,write,key-5,807.476,83,false,leader-w3r3,50
2026-04-03T20:54:18.314606-07:00,read,key-2,53.915,90,false,leader-w3r3,50
2026-04-03T20:54:18.317986-07:00,read,key-0,52.656,111,false,leader-w3r3,50
2026-04-03T20:54:17.565768-07:00,write,key-8,811.128,95,false,leader-w3r3,50
2026-04-03T20:54:18.318857-07:00,read,key-2,59.077,91,false,leader-w3r3,50
2026-04-03T20:54:18.336132-07:00,read,key-3,54.766,93,false,leader-w3r3,50
2026-04-03T20:54:18.361313-07:00,read,key-9,54.990,97,false,leader-w3r3,50
2026-04-03T20:54:18.368527-07:00,read,key-5,52.428,86,false,leader-w3r3,50
2026-04-03T20:54:18.376899-07:00,read,key-0,53.359,111,false,leader-w3r3,50
2026-04-03T20:54:18.416309-07:00,read,key-9,52.149,97,false,leader-w3r3,50
2026-04-03T20:54:18.430263-07:00,read,key-3,52.915,93,false,leader-w3r3,50
2026-04-03T20:54:17.71475-07:00,write,key-1,806.344,103,false,leader-w3r3,50
2026-04-03T20:54:17.714717-07:00,write,key-7,806.449,98,false,leader-w3r3,50
2026-04-03T20:54:17.822722-07:00,write,key-2,809.950,90,false,leader-w3r3,50
2026-04-03T20:54:17.863927-07:00,write,key-8,805.794,96,false,leader-w3r3,50
2026-04-03T20:54:17.877841-07:00,write,key-3,804.199,93,false,leader-w3r3,50
2026-04-03T20:54:18.682041-07:00,read,key-6,55.261,88,false,leader-w3r3,50
2026-04-03T20:54:17.961889-07:00,write,key-0,809.254,108,false,leader-w3r3,50
2026-04-03T20:54:18.018186-07:00,write,key-0,805.655,109,false,leader-w3r3,50
2026-04-03T20:54:18.069971-07:00,write,key-6,806.865,88,false,leader-w3r3,50
2026-04-03T20:54:18.138034-07:00,write,key-4,808.553,95,false,leader-w3r3,50
2026-04-03T20:54:18.177551-07:00,write,key-4,804.213,96,false,leader-w3r3,50
2026-04-03T20:54:18.177884-07:00,write,key-5,803.926,84,false,leader-w3r3,50
2026-04-03T20:54:18.981811-07:00,read,key-2,53.852,92,false,leader-w3r3,50
2026-04-03T20:54:18.24492-07:00,write,key-5,805.182,85,false,leader-w3r3,50
2026-04-03T20:54:18.265078-07:00,write,key-0,813.908,110,false,leader-w3r3,50
2026-04-03T20:54:18.269556-07:00,write,key-0,810.745,111,false,leader-w3r3,50
2026-04-03T20:54:19.035671-07:00,read,key-8,53.109,96,false,leader-w3r3,50
2026-04-03T20:54:19.07899-07:00,read,key-1,56.995,108,false,leader-w3r3,50
2026-04-03T20:54:19.088786-07:00,read,key-6,55.366,89,false,leader-w3r3,50
2026-04-03T20:54:18.370647-07:00,write,key-2,805.740,91,false,leader-w3r3,50
2026-04-03T20:54:18.377939-07:00,write,key-1,803.270,104,false,leader-w3r3,50
2026-04-03T20:54:19.136-07:00,read,key-4,53.134,97,false,leader-w3r3,50
2026-04-03T20:54:19.144158-07:00,read,key-6,52.066,89,false,leader-w3r3,50
2026-04-03T20:54:18.390904-07:00,write,key-5,820.203,86,false,leader-w3r3,50
2026-04-03T20:54:18.42096-07:00,write,key-5,806.873,87,false,leader-w3r3,50
2026-04-03T20:54:19.196226-07:00,read,key-1,53.595,109,false,leader-w3r3,50
2026-04-03T20:54:19.211106-07:00,read,key-4,54.853,98,false,leader-w3r3,50
2026-04-03T20:54:18.468463-07:00,write,key-2,813.276,92,false,leader-w3r3,50
2026-04-03T20:54:18.483183-07:00,write,key-9,808.822,98,false,leader-w3r3,50
2026-04-03T20:54:19.249827-07:00,read,key-2,56.165,92,false,leader-w3r3,50
2026-04-03T20:54:19.265964-07:00,read,key-8,54.356,96,false,leader-w3r3,50
2026-04-03T20:54:18.521167-07:00,write,key-9,807.956,99,false,leader-w3r3,50
2026-04-03T20:54:18.521097-07:00,write,key-5,808.164,88,false,leader-w3r3,50
2026-04-03T20:54:19.292008-07:00,read,key-4,54.612,98,false,leader-w3r3,50
2026-04-03T20:54:19.329261-07:00,read,key-3,53.594,93,false,leader-w3r3,50
2026-04-03T20:54:18.632682-07:00,write,key-1,803.469,105,false,leader-w3r3,50
2026-04-03T20:54:18.669726-07:00,write,key-1,813.710,106,false,leader-w3r3,50
2026-04-03T20:54:19.436157-07:00,read,key-2,54.057,92,false,leader-w3r3,50
2026-04-03T20:54:19.48344-07:00,read,key-5,53.835,91,false,leader-w3r3,50
2026-04-03T20:54:18.73731-07:00,write,key-9,805.243,100,false,leader-w3r3,50
2026-04-03T20:54:19.537282-07:00,read,key-6,53.279,90,false,leader-w3r3,50
2026-04-03T20:54:18.771148-07:00,write,key-7,819.535,99,false,leader-w3r3,50
2026-04-03T20:54:19.542556-07:00,read,key-3,53.420,94,false,leader-w3r3,50
2026-04-03T20:54:18.823846-07:00,write,key-6,812.335,89,false,leader-w3r3,50
2026-04-03T20:54:19.590685-07:00,read,key-8,51.663,96,false,leader-w3r3,50
2026-04-03T20:54:19.595981-07:00,read,key-8,61.322,96,false,leader-w3r3,50
2026-04-03T20:54:18.876843-07:00,write,key-1,809.652,107,false,leader-w3r3,50
2026-04-03T20:54:18.946594-07:00,write,key-4,810.717,97,false,leader-w3r3,50
2026-04-03T20:54:18.981767-07:00,write,key-1,809.726,108,false,leader-w3r3,50
2026-04-03T20:54:19.757314-07:00,read,key-5,52.513,91,false,leader-w3r3,50
2026-04-03T20:54:19.791494-07:00,read,key-5,52.980,91,false,leader-w3r3,50
2026-04-03T20:54:19.050106-07:00,write,key-6,810.789,90,false,leader-w3r3,50
2026-04-03T20:54:19.080303-07:00,write,key-1,808.416,109,false,leader-w3r3,50
2026-04-03T20:54:19.844478-07:00,read,key-4,54.380,100,false,leader-w3r3,50
2026-04-03T20:54:19.176388-07:00,write,key-5,818.483,89,false,leader-w3r3,50
2026-04-03T20:54:19.189139-07:00,write,key-5,805.918,90,false,leader-w3r3,50
2026-04-03T20:54:19.181207-07:00,write,key-1,813.919,110,false,leader-w3r3,50
2026-04-03T20:54:19.227835-07:00,write,key-4,814.395,98,false,leader-w3r3,50
2026-04-03T20:54:19.995057-07:00,read,key-4,51.814,100,false,leader-w3r3,50
2026-04-03T20:54:19.995126-07:00,read,key-0,51.827,114,false,leader-w3r3,50
2026-04-03T20:54:19.99488-07:00,read,key-3,52.073,95,false,leader-w3r3,50
2026-04-03T20:54:19.281744-07:00,write,key-5,812.042,91,false,leader-w3r3,50
2026-04-03T20:54:20.042237-07:00,read,key-5,54.683,92,false,leader-w3r3,50
2026-04-03T20:54:20.046875-07:00,read,key-7,51.261,100,false,leader-w3r3,50
2026-04-03T20:54:20.046956-07:00,read,key-6,51.225,90,false,leader-w3r3,50
2026-04-03T20:54:19.305999-07:00,write,key-4,807.639,99,false,leader-w3r3,50
2026-04-03T20:54:19.320326-07:00,write,key-7,815.722,100,false,leader-w3r3,50
2026-04-03T20:54:19.329126-07:00,write,key-1,806.959,111,false,leader-w3r3,50
2026-04-03T20:54:20.096926-07:00,read,key-0,52.469,114,false,leader-w3r3,50
2026-04-03T20:54:19.346626-07:00,write,key-3,804.956,94,false,leader-w3r3,50
2026-04-03T20:54:20.136086-07:00,read,key-9,56.402,101,false,leader-w3r3,50
2026-04-03T20:54:19.382863-07:00,write,key-4,810.023,100,false,leader-w3r3,50
2026-04-03T20:54:20.149403-07:00,read,key-3,56.521,95,false,leader-w3r3,50
2026-04-03T20:54:20.192888-07:00,read,key-4,54.927,100,false,leader-w3r3,50
2026-04-03T20:54:20.20593-07:00,read,key-5,52.690,92,false,leader-w3r3,50
2026-04-03T20:54:19.490221-07:00,write,key-2,807.659,93,false,leader-w3r3,50
2026-04-03T20:54:20.247823-07:00,read,key-0,53.358,114,false,leader-w3r3,50
2026-04-03T20:54:20.258626-07:00,read,key-8,56.256,97,false,leader-w3r3,50
2026-04-03T20:54:20.297886-07:00,read,key-1,56.552,113,false,leader-w3r3,50
2026-04-03T20:54:19.59057-07:00,write,key-2,812.332,94,false,leader-w3r3,50
2026-04-03T20:54:20.354447-07:00,read,key-3,54.053,98,false,leader-w3r3,50
2026-04-03T20:54:19.636188-07:00,write,key-9,810.091,101,false,leader-w3r3,50
2026-04-03T20:54:19.642355-07:00,write,key-0,805.387,112,false,leader-w3r3,50
2026-04-03T20:54:20.40312-07:00,read,key-0,52.855,114,false,leader-w3r3,50
2026-04-03T20:54:19.657309-07:00,write,key-3,805.316,95,false,leader-w3r3,50
2026-04-03T20:54:19.686496-07:00,write,key-1,815.602,112,false,leader-w3r3,50
2026-04-03T20:54:20.462628-07:00,read,key-4,53.298,101,false,leader-w3r3,50
2026-04-03T20:54:19.809832-07:00,write,key-1,806.152,113,false,leader-w3r3,50
2026-04-03T20:54:19.860896-07:00,write,key-0,807.489,113,false,leader-w3r3,50
2026-04-03T20:54:19.888723-07:00,write,key-5,821.733,92,false,leader-w3r3,50
2026-04-03T20:54:19.898863-07:00,write,key-0,812.092,114,false,leader-w3r3,50
2026-04-03T20:54:20.668389-07:00,read,key-0,53.144,114,false,leader-w3r3,50
2026-04-03T20:54:20.710463-07:00,read,key-0,54.792,114,false,leader-w3r3,50
2026-04-03T20:54:20.710955-07:00,read,key-5,54.303,93,false,leader-w3r3,50
2026-04-03T20:54:20.765349-07:00,read,key-6,53.545,91,false,leader-w3r3,50
2026-04-03T20:54:20.765264-07:00,read,key-3,53.727,98,false,leader-w3r3,50
2026-04-03T20:54:20.046957-07:00,write,key-8,805.615,97,false,leader-w3r3,50
2026-04-03T20:54:20.8189-07:00,read,key-6,55.187,91,false,leader-w3r3,50
2026-04-03T20:54:20.818997-07:00,read,key-4,55.160,103,false,leader-w3r3,50
2026-04-03T20:54:20.098183-07:00,write,key-4,812.967,101,false,leader-w3r3,50
2026-04-03T20:54:20.09814-07:00,write,key-2,813.068,95,false,leader-w3r3,50
2026-04-03T20:54:20.093791-07:00,write,key-1,817.496,114,false,leader-w3r3,50
2026-04-03T20:54:20.113642-07:00,write,key-3,803.216,96,false,leader-w3r3,50
2026-04-03T20:54:20.874099-07:00,read,key-1,55.885,117,false,leader-w3r3,50
2026-04-03T20:54:20.87416-07:00,read,key-8,55.959,97,false,leader-w3r3,50
2026-04-03T20:54:20.136051-07:00,write,key-3,811.845,97,false,leader-w3r3,50
2026-04-03T20:54:20.151585-07:00,write,key-1,803.129,115,false,leader-w3r3,50
2026-04-03T20:54:20.911209-07:00,read,key-7,57.720,103,false,leader-w3r3,50
2026-04-03T20:54:20.947902-07:00,read,key-5,54.565,93,false,leader-w3r3,50
2026-04-03T20:54:20.192497-07:00,write,key-9,813.246,102,false,leader-w3r3,50
2026-04-03T20:54:20.968937-07:00,read,key-0,53.996,114,false,leader-w3r3,50
2026-04-03T20:54:21.022939-07:00,read,key-5,54.317,93,false,leader-w3r3,50
2026-04-03T20:54:20.301187-07:00,write,key-3,809.329,98,false,leader-w3r3,50
2026-04-03T20:54:20.314888-07:00,write,key-7,806.270,101,false,leader-w3r3,50
2026-04-03T20:54:21.077266-07:00,read,key-2,60.278,98,false,leader-w3r3,50
2026-04-03T20:54:21.110521-07:00,read,key-0,54.201,115,false,leader-w3r3,50
2026-04-03T20:54:21.121161-07:00,read,key-2,56.901,98,false,leader-w3r3,50
2026-04-03T20:54:20.408506-07:00,write,key-1,805.891,116,false,leader-w3r3,50
2026-04-03T20:54:21.164729-07:00,read,key-5,52.141,93,false,leader-w3r3,50
2026-04-03T20:54:20.446284-07:00,write,key-1,809.701,117,false,leader-w3r3,50
2026-04-03T20:54:20.447744-07:00,write,key-6,808.345,91,false,leader-w3r3,50
2026-04-03T20:54:21.214398-07:00,read,key-0,53.563,115,false,leader-w3r3,50
2026-04-03T20:54:21.216874-07:00,read,key-1,53.495,118,false,leader-w3r3,50
2026-04-03T20:54:20.455982-07:00,write,key-5,814.482,93,false,leader-w3r3,50
2026-04-03T20:54:20.502102-07:00,write,key-7,810.005,102,false,leader-w3r3,50
2026-04-03T20:54:20.515933-07:00,write,key-4,806.731,102,false,leader-w3r3,50
2026-04-03T20:54:21.270464-07:00,read,key-1,53.831,118,false,leader-w3r3,50
2026-04-03T20:54:21.270372-07:00,read,key-7,54.057,104,false,leader-w3r3,50
2026-04-03T20:54:21.324302-07:00,read,key-1,55.603,117,false,leader-w3r3,50
2026-04-03T20:54:21.324431-07:00,read,key-1,55.660,118,false,leader-w3r3,50
2026-04-03T20:54:21.322669-07:00,read,key-1,57.523,118,false,leader-w3r3,50
2026-04-03T20:54:20.615992-07:00,write,key-7,803.885,103,false,leader-w3r3,50
2026-04-03T20:54:21.37991-07:00,read,key-6,55.517,92,false,leader-w3r3,50
2026-04-03T20:54:21.380094-07:00,read,key-3,55.572,101,false,leader-w3r3,50
2026-04-03T20:54:20.721539-07:00,write,key-4,806.432,103,false,leader-w3r3,50
2026-04-03T20:54:20.852577-07:00,write,key-2,803.900,96,false,leader-w3r3,50
2026-04-03T20:54:20.911155-07:00,write,key-3,805.848,99,false,leader-w3r3,50
2026-04-03T20:54:20.911288-07:00,write,key-7,805.715,104,false,leader-w3r3,50
2026-04-03T20:54:20.91686-07:00,write,key-6,804.372,92,false,leader-w3r3,50
2026-04-03T20:54:20.929991-07:00,write,key-0,805.739,115,false,leader-w3r3,50
2026-04-03T20:54:20.930122-07:00,write,key-2,808.169,97,false,leader-w3r3,50
2026-04-03T20:54:20.954718-07:00,write,key-3,806.447,100,false,leader-w3r3,50
2026-04-03T20:54:21.738292-07:00,read,key-1,53.571,118,false,leader-w3r3,50
2026-04-03T20:54:21.002477-07:00,write,key-3,805.748,101,false,leader-w3r3,50
2026-04-03T20:54:21.005752-07:00,write,key-2,802.491,98,false,leader-w3r3,50
2026-04-03T20:54:21.808231-07:00,read,key-8,55.477,99,false,leader-w3r3,50
2026-04-03T20:54:21.808245-07:00,read,key-6,55.482,96,false,leader-w3r3,50
2026-04-03T20:54:21.137551-07:00,write,key-1,804.728,118,false,leader-w3r3,50
2026-04-03T20:54:21.178066-07:00,write,key-8,806.265,98,false,leader-w3r3,50
2026-04-03T20:54:21.984337-07:00,read,key-2,54.876,99,false,leader-w3r3,50
2026-04-03T20:54:21.255989-07:00,write,key-7,805.957,105,false,leader-w3r3,50
2026-04-03T20:54:21.25609-07:00,write,key-5,806.033,94,false,leader-w3r3,50
2026-04-03T20:54:21.267966-07:00,write,key-0,811.619,116,false,leader-w3r3,50
2026-04-03T20:54:22.061952-07:00,read,key-0,55.349,120,false,leader-w3r3,50
2026-04-03T20:54:21.312111-07:00,write,key-9,808.384,103,false,leader-w3r3,50
2026-04-03T20:54:22.079592-07:00,read,key-4,57.103,105,false,leader-w3r3,50
2026-04-03T20:54:22.117314-07:00,read,key-9,53.461,105,false,leader-w3r3,50
2026-04-03T20:54:21.380196-07:00,write,key-6,805.502,93,false,leader-w3r3,50
2026-04-03T20:54:21.419886-07:00,write,key-0,807.688,117,false,leader-w3r3,50
2026-04-03T20:54:22.170787-07:00,read,key-6,56.899,96,false,leader-w3r3,50
2026-04-03T20:54:22.185699-07:00,read,key-7,52.388,105,false,leader-w3r3,50
2026-04-03T20:54:21.435434-07:00,write,key-9,805.553,104,false,leader-w3r3,50
2026-04-03T20:54:21.43567-07:00,write,key-4,805.344,104,false,leader-w3r3,50
2026-04-03T20:54:22.22758-07:00,read,key-8,53.571,99,false,leader-w3r3,50
2026-04-03T20:54:22.227691-07:00,read,key-4,61.174,105,false,leader-w3r3,50
2026-04-03T20:54:22.238093-07:00,read,key-9,52.007,106,false,leader-w3r3,50
2026-04-03T20:54:22.240988-07:00,read,key-1,51.929,119,false,leader-w3r3,50
2026-04-03T20:54:21.527981-07:00,write,key-6,805.813,94,false,leader-w3r3,50
2026-04-03T20:54:22.281162-07:00,read,key-3,53.967,103,false,leader-w3r3,50
2026-04-03T20:54:22.288871-07:00,read,key-9,53.778,106,false,leader-w3r3,50
2026-04-03T20:54:22.292921-07:00,read,key-0,52.324,121,false,leader-w3r3,50
2026-04-03T20:54:22.335136-07:00,read,key-7,54.527,105,false,leader-w3r3,50
2026-04-03T20:54:22.333799-07:00,read,key-0,55.878,121,false,leader-w3r3,50
2026-04-03T20:54:22.342655-07:00,read,key-9,52.907,105,false,leader-w3r3,50
2026-04-03T20:54:22.389674-07:00,read,key-9,54.912,105,false,leader-w3r3,50
2026-04-03T20:54:22.389682-07:00,read,key-9,55.402,105,false,leader-w3r3,50
2026-04-03T20:54:21.656479-07:00,write,key-9,803.191,105,false,leader-w3r3,50
2026-04-03T20:54:22.445087-07:00,read,key-2,57.463,100,false,leader-w3r3,50
2026-04-03T20:54:21.717007-07:00,write,key-3,807.572,102,false,leader-w3r3,50
2026-04-03T20:54:21.717007-07:00,write,key-8,807.601,99,false,leader-w3r3,50
2026-04-03T20:54:21.721234-07:00,write,key-0,805.937,118,false,leader-w3r3,50
2026-04-03T20:54:21.735733-07:00,write,key-6,805.408,95,false,leader-w3r3,50
2026-04-03T20:54:21.761167-07:00,write,key-4,806.221,105,false,leader-w3r3,50
2026-04-03T20:54:22.527174-07:00,read,key-1,53.962,119,false,leader-w3r3,50
2026-04-03T20:54:21.791869-07:00,write,key-6,807.190,96,false,leader-w3r3,50
2026-04-03T20:54:22.541144-07:00,read,key-2,57.913,100,false,leader-w3r3,50
2026-04-03T20:54:22.567395-07:00,read,key-0,56.747,121,false,leader-w3r3,50
2026-04-03T20:54:22.599098-07:00,read,key-4,57.836,105,false,leader-w3r3,50
2026-04-03T20:54:21.863715-07:00,write,key-0,805.228,119,false,leader-w3r3,50
2026-04-03T20:54:21.86373-07:00,write,key-3,805.358,103,false,leader-w3r3,50
2026-04-03T20:54:22.624156-07:00,read,key-3,55.688,104,false,leader-w3r3,50
2026-04-03T20:54:22.669088-07:00,read,key-2,57.759,101,false,leader-w3r3,50
2026-04-03T20:54:22.67985-07:00,read,key-3,52.297,103,false,leader-w3r3,50
2026-04-03T20:54:21.942292-07:00,write,key-2,806.400,99,false,leader-w3r3,50
2026-04-03T20:54:22.726856-07:00,read,key-4,54.430,106,false,leader-w3r3,50
2026-04-03T20:54:22.732153-07:00,read,key-1,54.225,120,false,leader-w3r3,50
2026-04-03T20:54:22.748697-07:00,read,key-7,60.156,105,false,leader-w3r3,50
2026-04-03T20:54:22.786384-07:00,read,key-7,53.769,105,false,leader-w3r3,50
2026-04-03T20:54:22.039227-07:00,write,key-0,809.469,120,false,leader-w3r3,50
2026-04-03T20:54:22.808859-07:00,read,key-4,54.029,106,false,leader-w3r3,50
2026-04-03T20:54:22.062125-07:00,write,key-5,804.635,95,false,leader-w3r3,50
2026-04-03T20:54:22.848701-07:00,read,key-3,54.142,104,false,leader-w3r3,50
2026-04-03T20:54:22.862894-07:00,read,key-8,53.139,104,false,leader-w3r3,50
2026-04-03T20:54:22.120499-07:00,write,key-0,806.847,121,false,leader-w3r3,50
2026-04-03T20:54:22.136704-07:00,write,key-1,805.585,119,false,leader-w3r3,50
2026-04-03T20:54:22.902848-07:00,read,key-8,52.201,102,false,leader-w3r3,50
2026-04-03T20:54:22.916037-07:00,read,key-3,53.160,104,false,leader-w3r3,50
2026-04-03T20:54:22.927349-07:00,read,key-2,53.337,101,false,leader-w3r3,50
2026-04-03T20:54:22.942293-07:00,read,key-6,56.390,97,false,leader-w3r3,50
2026-04-03T20:54:22.955057-07:00,read,key-0,53.187,121,false,leader-w3r3,50
2026-04-03T20:54:22.969202-07:00,read,key-0,54.640,121,false,leader-w3r3,50
2026-04-03T20:54:22.241014-07:00,write,key-9,808.630,106,false,leader-w3r3,50
2026-04-03T20:54:23.00825-07:00,read,key-5,53.172,98,false,leader-w3r3,50
2026-04-03T20:54:22.290104-07:00,write,key-5,813.035,96,false,leader-w3r3,50
2026-04-03T20:54:22.345251-07:00,write,key-6,804.915,97,false,leader-w3r3,50
2026-04-03T20:54:22.395568-07:00,write,key-2,805.829,100,false,leader-w3r3,50
2026-04-03T20:54:23.150176-07:00,read,key-5,59.556,98,false,leader-w3r3,50
2026-04-03T20:54:22.444596-07:00,write,key-8,808.450,100,false,leader-w3r3,50
2026-04-03T20:54:22.459675-07:00,write,key-5,807.077,97,false,leader-w3r3,50
2026-04-03T20:54:22.50256-07:00,write,key-8,803.584,101,false,leader-w3r3,50
2026-04-03T20:54:22.52461-07:00,write,key-3,809.635,104,false,leader-w3r3,50
2026-04-03T20:54:22.524584-07:00,write,key-8,809.771,102,false,leader-w3r3,50
2026-04-03T20:54:23.306152-07:00,read,key-6,53.828,97,false,leader-w3r3,50
2026-04-03T20:54:23.334356-07:00,read,key-3,53.965,105,false,leader-w3r3,50
2026-04-03T20:54:22.581146-07:00,write,key-4,807.322,106,false,leader-w3r3,50
2026-04-03T20:54:23.334249-07:00,read,key-6,54.269,98,false,leader-w3r3,50
2026-04-03T20:54:22.59907-07:00,write,key-2,805.157,101,false,leader-w3r3,50
2026-04-03T20:54:23.388522-07:00,read,key-5,56.731,98,false,leader-w3r3,50
2026-04-03T20:54:23.40423-07:00,read,key-8,53.310,107,false,leader-w3r3,50
2026-04-03T20:54:22.65695-07:00,write,key-8,810.220,103,false,leader-w3r3,50
2026-04-03T20:54:22.668946-07:00,write,key-1,808.838,120,false,leader-w3r3,50
2026-04-03T20:54:23.445261-07:00,read,key-7,54.237,107,false,leader-w3r3,50
2026-04-03T20:54:23.457546-07:00,read,key-3,51.978,105,false,leader-w3r3,50
2026-04-03T20:54:23.477786-07:00,read,key-0,54.212,121,false,leader-w3r3,50
2026-04-03T20:54:23.499507-07:00,read,key-6,56.409,98,false,leader-w3r3,50
2026-04-03T20:54:23.532005-07:00,read,key-9,53.609,109,false,leader-w3r3,50
2026-04-03T20:54:22.781294-07:00,write,key-8,810.056,104,false,leader-w3r3,50
2026-04-03T20:54:23.555924-07:00,read,key-2,55.671,103,false,leader-w3r3,50
2026-04-03T20:54:22.840158-07:00,write,key-5,806.318,98,false,leader-w3r3,50
2026-04-03T20:54:23.591354-07:00,read,key-5,55.171,98,false,leader-w3r3,50
2026-04-03T20:54:22.866764-07:00,write,key-2,807.799,102,false,leader-w3r3,50
2026-04-03T20:54:23.646483-07:00,read,key-0,54.812,122,false,leader-w3r3,50
2026-04-03T20:54:22.98069-07:00,write,key-9,804.901,107,false,leader-w3r3,50
2026-04-03T20:54:22.998689-07:00,write,key-2,806.892,103,false,leader-w3r3,50
2026-04-03T20:54:23.023847-07:00,write,key-4,811.786,107,false,leader-w3r3,50
2026-04-03T20:54:23.049648-07:00,write,key-9,811.624,108,false,leader-w3r3,50
2026-04-03T20:54:23.805584-07:00,read,key-6,58.737,99,false,leader-w3r3,50
2026-04-03T20:54:23.061427-07:00,write,key-7,810.577,106,false,leader-w3r3,50
2026-04-03T20:54:23.103146-07:00,write,key-8,805.324,105,false,leader-w3r3,50
2026-04-03T20:54:23.872008-07:00,read,key-2,57.090,103,false,leader-w3r3,50
2026-04-03T20:54:23.908474-07:00,read,key-0,52.667,122,false,leader-w3r3,50
2026-04-03T20:54:23.929108-07:00,read,key-0,53.544,122,false,leader-w3r3,50
2026-04-03T20:54:23.201407-07:00,write,key-7,805.768,107,false,leader-w3r3,50
2026-04-03T20:54:23.20974-07:00,write,key-3,808.143,105,false,leader-w3r3,50
2026-04-03T20:54:23.253046-07:00,write,key-4,805.635,108,false,leader-w3r3,50
2026-04-03T20:54:24.017888-07:00,read,key-5,53.684,98,false,leader-w3r3,50
2026-04-03T20:54:23.266754-07:00,write,key-6,806.065,98,false,leader-w3r3,50
2026-04-03T20:54:24.07158-07:00,read,key-1,55.046,124,false,leader-w3r3,50
2026-04-03T20:54:24.072821-07:00,read,key-4,53.806,109,false,leader-w3r3,50
2026-04-03T20:54:23.359989-07:00,write,key-9,805.683,109,false,leader-w3r3,50
2026-04-03T20:54:24.126637-07:00,read,key-4,54.026,109,false,leader-w3r3,50
2026-04-03T20:54:23.388327-07:00,write,key-8,808.711,106,false,leader-w3r3,50
2026-04-03T20:54:23.388472-07:00,write,key-8,808.637,107,false,leader-w3r3,50
2026-04-03T20:54:24.165679-07:00,read,key-7,54.206,108,false,leader-w3r3,50
2026-04-03T20:54:24.197041-07:00,read,key-0,54.720,122,false,leader-w3r3,50
2026-04-03T20:54:24.197109-07:00,read,key-0,54.854,122,false,leader-w3r3,50
2026-04-03T20:54:23.467175-07:00,write,key-1,804.631,121,false,leader-w3r3,50
2026-04-03T20:54:24.219894-07:00,read,key-9,52.906,109,false,leader-w3r3,50
2026-04-03T20:54:24.251768-07:00,read,key-2,54.839,104,false,leader-w3r3,50
2026-04-03T20:54:23.509531-07:00,write,key-8,803.490,108,false,leader-w3r3,50
2026-04-03T20:54:24.306616-07:00,read,key-7,53.330,108,false,leader-w3r3,50
2026-04-03T20:54:24.313024-07:00,read,key-4,53.591,108,false,leader-w3r3,50
2026-04-03T20:54:23.585621-07:00,write,key-0,803.924,122,false,leader-w3r3,50
2026-04-03T20:54:24.359954-07:00,read,key-5,54.711,100,false,leader-w3r3,50
2026-04-03T20:54:23.611601-07:00,write,key-6,808.130,99,false,leader-w3r3,50
2026-04-03T20:54:24.366622-07:00,read,key-9,54.820,109,false,leader-w3r3,50
2026-04-03T20:54:23.64653-07:00,write,key-8,810.946,109,false,leader-w3r3,50
2026-04-03T20:54:24.414671-07:00,read,key-5,52.447,100,false,leader-w3r3,50
2026-04-03T20:54:23.674573-07:00,write,key-1,802.633,122,false,leader-w3r3,50
2026-04-03T20:54:24.421447-07:00,read,key-1,60.866,124,false,leader-w3r3,50
2026-04-03T20:54:23.701305-07:00,write,key-8,808.356,110,false,leader-w3r3,50
2026-04-03T20:54:24.467124-07:00,read,key-3,51.853,107,false,leader-w3r3,50
2026-04-03T20:54:24.477209-07:00,read,key-0,53.813,122,false,leader-w3r3,50
2026-04-03T20:54:24.482319-07:00,read,key-6,53.860,102,false,leader-w3r3,50
2026-04-03T20:54:24.509669-07:00,read,key-6,60.444,102,false,leader-w3r3,50
2026-04-03T20:54:23.785688-07:00,write,key-7,804.085,108,false,leader-w3r3,50
2026-04-03T20:54:24.570121-07:00,read,key-7,53.563,109,false,leader-w3r3,50
2026-04-03T20:54:23.835637-07:00,write,key-8,806.938,111,false,leader-w3r3,50
2026-04-03T20:54:23.864328-07:00,write,key-1,804.684,124,false,leader-w3r3,50
2026-04-03T20:54:23.861275-07:00,write,key-1,807.798,123,false,leader-w3r3,50
2026-04-03T20:54:24.623692-07:00,read,key-7,61.969,109,false,leader-w3r3,50
2026-04-03T20:54:24.64258-07:00,read,key-8,53.519,112,false,leader-w3r3,50
2026-04-03T20:54:24.669016-07:00,read,key-4,56.696,109,false,leader-w3r3,50
2026-04-03T20:54:24.669072-07:00,read,key-2,56.655,106,false,leader-w3r3,50
2026-04-03T20:54:23.961152-07:00,write,key-6,804.781,100,false,leader-w3r3,50
2026-04-03T20:54:24.725718-07:00,read,key-4,54.449,109,false,leader-w3r3,50
2026-04-03T20:54:24.72573-07:00,read,key-7,54.464,109,false,leader-w3r3,50
2026-04-03T20:54:23.982659-07:00,write,key-3,805.493,106,false,leader-w3r3,50
2026-04-03T20:54:24.007181-07:00,write,key-4,806.129,109,false,leader-w3r3,50
2026-04-03T20:54:24.780175-07:00,read,key-7,54.990,109,false,leader-w3r3,50
2026-04-03T20:54:24.788155-07:00,read,key-8,51.931,112,false,leader-w3r3,50
2026-04-03T20:54:24.058685-07:00,write,key-2,806.453,104,false,leader-w3r3,50
2026-04-03T20:54:24.813315-07:00,read,key-7,52.502,109,false,leader-w3r3,50
2026-04-03T20:54:24.835172-07:00,read,key-9,55.061,110,false,leader-w3r3,50
2026-04-03T20:54:24.865821-07:00,read,key-5,54.561,102,false,leader-w3r3,50
2026-04-03T20:54:24.126638-07:00,write,key-3,804.540,107,false,leader-w3r3,50
2026-04-03T20:54:24.89024-07:00,read,key-7,56.851,109,false,leader-w3r3,50
2026-04-03T20:54:24.931182-07:00,read,key-5,53.886,102,false,leader-w3r3,50
2026-04-03T20:54:24.180669-07:00,write,key-6,805.710,101,false,leader-w3r3,50
2026-04-03T20:54:24.947099-07:00,read,key-0,52.711,125,false,leader-w3r3,50
2026-04-03T20:54:24.986381-07:00,read,key-0,53.813,125,false,leader-w3r3,50
2026-04-03T20:54:24.251966-07:00,write,key-6,806.951,102,false,leader-w3r3,50
2026-04-03T20:54:24.272805-07:00,write,key-5,806.698,99,false,leader-w3r3,50
2026-04-03T20:54:24.271811-07:00,write,key-5,807.788,100,false,leader-w3r3,50
2026-04-03T20:54:24.389549-07:00,write,key-8,806.210,112,false,leader-w3r3,50
2026-04-03T20:54:24.419734-07:00,write,key-5,810.637,101,false,leader-w3r3,50
2026-04-03T20:54:25.195767-07:00,read,key-6,56.734,103,false,leader-w3r3,50
2026-04-03T20:54:24.457484-07:00,write,key-2,804.459,105,false,leader-w3r3,50
2026-04-03T20:54:25.230374-07:00,read,key-2,52.588,107,false,leader-w3r3,50
2026-04-03T20:54:25.252506-07:00,read,key-1,52.809,125,false,leader-w3r3,50
2026-04-03T20:54:25.261943-07:00,read,key-9,51.655,113,false,leader-w3r3,50
2026-04-03T20:54:24.518986-07:00,write,key-1,809.399,125,false,leader-w3r3,50
2026-04-03T20:54:25.282966-07:00,read,key-3,51.604,108,false,leader-w3r3,50
2026-04-03T20:54:24.531028-07:00,write,key-0,803.570,123,false,leader-w3r3,50
2026-04-03T20:54:24.536186-07:00,write,key-0,810.729,124,false,leader-w3r3,50
2026-04-03T20:54:25.328387-07:00,read,key-0,54.171,125,false,leader-w3r3,50
2026-04-03T20:54:24.589778-07:00,write,key-7,805.646,109,false,leader-w3r3,50
2026-04-03T20:54:25.39543-07:00,read,key-0,54.153,126,false,leader-w3r3,50
2026-04-03T20:54:24.685666-07:00,write,key-0,803.247,125,false,leader-w3r3,50
2026-04-03T20:54:24.696105-07:00,write,key-2,806.840,106,false,leader-w3r3,50
2026-04-03T20:54:25.502949-07:00,read,key-8,57.074,116,false,leader-w3r3,50
2026-04-03T20:54:24.765938-07:00,write,key-8,804.918,113,false,leader-w3r3,50
2026-04-03T20:54:24.780198-07:00,write,key-2,809.196,107,false,leader-w3r3,50
2026-04-03T20:54:25.560034-07:00,read,key-8,53.349,116,false,leader-w3r3,50
2026-04-03T20:54:25.589398-07:00,read,key-1,54.352,126,false,leader-w3r3,50
2026-04-03T20:54:24.840092-07:00,write,key-9,812.725,110,false,leader-w3r3,50
2026-04-03T20:54:25.613393-07:00,read,key-3,54.751,108,false,leader-w3r3,50
2026-04-03T20:54:24.865142-07:00,write,key-5,804.470,102,false,leader-w3r3,50
2026-04-03T20:54:25.643757-07:00,read,key-0,52.788,126,false,leader-w3r3,50
2026-04-03T20:54:25.668151-07:00,read,key-0,53.325,126,false,leader-w3r3,50
2026-04-03T20:54:25.669614-07:00,read,key-9,53.112,114,false,leader-w3r3,50
2026-04-03T20:54:24.92039-07:00,write,key-9,814.622,111,false,leader-w3r3,50
2026-04-03T20:54:25.721483-07:00,read,key-5,53.481,102,false,leader-w3r3,50
2026-04-03T20:54:24.985077-07:00,write,key-8,809.161,114,false,leader-w3r3,50
2026-04-03T20:54:25.735147-07:00,read,key-2,59.142,107,false,leader-w3r3,50
2026-04-03T20:54:24.999817-07:00,write,key-3,803.576,108,false,leader-w3r3,50
2026-04-03T20:54:25.774973-07:00,read,key-5,53.853,102,false,leader-w3r3,50
2026-04-03T20:54:25.794242-07:00,read,key-9,55.545,114,false,leader-w3r3,50
2026-04-03T20:54:25.040202-07:00,write,key-9,811.682,112,false,leader-w3r3,50
2026-04-03T20:54:25.058925-07:00,write,key-7,807.799,110,false,leader-w3r3,50
2026-04-03T20:54:25.079599-07:00,write,key-6,808.882,103,false,leader-w3r3,50
2026-04-03T20:54:25.079508-07:00,write,key-9,809.076,113,false,leader-w3r3,50
2026-04-03T20:54:25.849794-07:00,read,key-5,52.278,102,false,leader-w3r3,50
2026-04-03T20:54:25.866728-07:00,read,key-4,53.968,112,false,leader-w3r3,50
2026-04-03T20:54:25.888486-07:00,read,key-7,54.906,111,false,leader-w3r3,50
2026-04-03T20:54:25.888585-07:00,read,key-0,57.523,127,false,leader-w3r3,50
2026-04-03T20:54:25.902079-07:00,read,key-4,54.988,112,false,leader-w3r3,50
2026-04-03T20:54:25.920702-07:00,read,key-8,54.441,117,false,leader-w3r3,50
2026-04-03T20:54:25.975149-07:00,read,key-3,57.745,112,false,leader-w3r3,50
2026-04-03T20:54:26.032902-07:00,read,key-5,54.093,103,false,leader-w3r3,50
2026-04-03T20:54:25.305319-07:00,write,key-0,805.528,126,false,leader-w3r3,50
2026-04-03T20:54:25.313601-07:00,write,key-7,804.372,111,false,leader-w3r3,50
2026-04-03T20:54:25.334598-07:00,write,key-4,805.225,110,false,leader-w3r3,50
2026-04-03T20:54:25.334573-07:00,write,key-8,805.250,115,false,leader-w3r3,50
2026-04-03T20:54:25.346917-07:00,write,key-4,807.543,111,false,leader-w3r3,50
2026-04-03T20:54:26.117977-07:00,read,key-3,59.873,113,false,leader-w3r3,50
2026-04-03T20:54:25.382565-07:00,write,key-9,812.933,114,false,leader-w3r3,50
2026-04-03T20:54:26.139854-07:00,read,key-9,56.384,115,false,leader-w3r3,50
2026-04-03T20:54:26.195504-07:00,read,key-5,54.423,102,false,leader-w3r3,50
2026-04-03T20:54:25.449592-07:00,write,key-6,804.864,104,false,leader-w3r3,50
2026-04-03T20:54:25.488918-07:00,write,key-8,806.362,116,false,leader-w3r3,50
2026-04-03T20:54:26.249935-07:00,read,key-1,53.153,127,false,leader-w3r3,50
2026-04-03T20:54:26.295283-07:00,read,key-2,55.013,107,false,leader-w3r3,50
2026-04-03T20:54:25.57086-07:00,write,key-1,811.588,126,false,leader-w3r3,50
2026-04-03T20:54:26.350307-07:00,read,key-0,53.446,127,false,leader-w3r3,50
2026-04-03T20:54:26.382454-07:00,read,key-4,55.223,112,false,leader-w3r3,50
2026-04-03T20:54:25.652821-07:00,write,key-8,806.883,117,false,leader-w3r3,50
2026-04-03T20:54:26.437684-07:00,read,key-3,53.727,115,false,leader-w3r3,50
2026-04-03T20:54:25.69656-07:00,write,key-3,803.942,109,false,leader-w3r3,50
2026-04-03T20:54:25.722731-07:00,write,key-0,803.460,127,false,leader-w3r3,50
2026-04-03T20:54:26.491418-07:00,read,key-6,52.080,109,false,leader-w3r3,50
2026-04-03T20:54:25.794294-07:00,write,key-4,804.596,112,false,leader-w3r3,50
2026-04-03T20:54:25.803396-07:00,write,key-3,805.641,110,false,leader-w3r3,50
2026-04-03T20:54:25.828833-07:00,write,key-3,811.373,111,false,leader-w3r3,50
2026-04-03T20:54:26.598891-07:00,read,key-4,52.207,113,false,leader-w3r3,50
2026-04-03T20:54:25.851886-07:00,write,key-1,804.463,127,false,leader-w3r3,50
2026-04-03T20:54:26.640209-07:00,read,key-1,54.211,127,false,leader-w3r3,50
2026-04-03T20:54:26.651102-07:00,read,key-4,52.493,112,false,leader-w3r3,50
2026-04-03T20:54:25.943398-07:00,write,key-3,808.243,112,false,leader-w3r3,50
2026-04-03T20:54:25.946114-07:00,write,key-5,805.766,103,false,leader-w3r3,50
2026-04-03T20:54:26.703599-07:00,read,key-0,52.486,127,false,leader-w3r3,50
2026-04-03T20:54:25.957073-07:00,write,key-6,808.866,105,false,leader-w3r3,50
2026-04-03T20:54:26.756092-07:00,read,key-1,57.560,128,false,leader-w3r3,50
2026-04-03T20:54:26.813662-07:00,read,key-4,53.518,116,false,leader-w3r3,50
2026-04-03T20:54:26.087001-07:00,write,key-3,804.353,113,false,leader-w3r3,50
2026-04-03T20:54:26.110853-07:00,write,key-9,809.639,115,false,leader-w3r3,50
2026-04-03T20:54:26.867186-07:00,read,key-1,53.304,128,false,leader-w3r3,50
2026-04-03T20:54:26.891355-07:00,read,key-2,53.383,108,false,leader-w3r3,50
2026-04-03T20:54:26.139828-07:00,write,key-6,810.973,106,false,leader-w3r3,50
2026-04-03T20:54:26.154463-07:00,write,key-6,805.896,107,false,leader-w3r3,50
2026-04-03T20:54:26.177854-07:00,write,key-6,812.769,108,false,leader-w3r3,50
2026-04-03T20:54:26.944742-07:00,read,key-3,52.772,115,false,leader-w3r3,50
2026-04-03T20:54:26.196242-07:00,write,key-3,802.705,114,false,leader-w3r3,50
2026-04-03T20:54:26.997519-07:00,read,key-9,52.243,117,false,leader-w3r3,50
2026-04-03T20:54:26.998948-07:00,read,key-0,51.144,127,false,leader-w3r3,50
2026-04-03T20:54:26.254459-07:00,write,key-8,812.993,118,false,leader-w3r3,50
2026-04-03T20:54:26.303095-07:00,write,key-6,804.635,109,false,leader-w3r3,50
2026-04-03T20:54:26.403763-07:00,write,key-5,803.363,104,false,leader-w3r3,50
2026-04-03T20:54:27.207131-07:00,read,key-8,51.894,120,false,leader-w3r3,50
2026-04-03T20:54:26.459706-07:00,write,key-3,817.726,115,false,leader-w3r3,50
2026-04-03T20:54:26.500505-07:00,write,key-5,807.027,105,false,leader-w3r3,50
2026-04-03T20:54:26.526201-07:00,write,key-2,805.528,108,false,leader-w3r3,50
2026-04-03T20:54:26.543503-07:00,write,key-8,809.876,119,false,leader-w3r3,50
2026-04-03T20:54:27.307533-07:00,read,key-5,52.641,106,false,leader-w3r3,50
2026-04-03T20:54:26.609038-07:00,write,key-4,804.927,113,false,leader-w3r3,50
2026-04-03T20:54:26.656351-07:00,write,key-4,814.955,114,false,leader-w3r3,50
2026-04-03T20:54:26.694426-07:00,write,key-4,808.229,115,false,leader-w3r3,50
2026-04-03T20:54:27.502661-07:00,read,key-6,56.117,111,false,leader-w3r3,50
2026-04-03T20:54:26.751881-07:00,write,key-4,806.901,116,false,leader-w3r3,50
2026-04-03T20:54:26.751648-07:00,write,key-1,807.239,128,false,leader-w3r3,50
2026-04-03T20:54:26.765941-07:00,write,key-9,805.815,116,false,leader-w3r3,50
2026-04-03T20:54:27.558997-07:00,read,key-3,54.967,116,false,leader-w3r3,50
2026-04-03T20:54:27.558922-07:00,read,key-9,55.094,120,false,leader-w3r3,50
2026-04-03T20:54:27.571759-07:00,read,key-4,54.059,118,false,leader-w3r3,50
2026-04-03T20:54:27.613975-07:00,read,key-5,53.762,106,false,leader-w3r3,50
2026-04-03T20:54:27.614022-07:00,read,key-6,54.928,111,false,leader-w3r3,50
2026-04-03T20:54:27.625824-07:00,read,key-1,54.313,128,false,leader-w3r3,50
2026-04-03T20:54:27.668953-07:00,read,key-2,54.096,110,false,leader-w3r3,50
2026-04-03T20:54:27.667752-07:00,read,key-2,55.295,109,false,leader-w3r3,50
2026-04-03T20:54:26.920495-07:00,write,key-8,807.815,120,false,leader-w3r3,50
2026-04-03T20:54:26.920562-07:00,write,key-9,807.748,117,false,leader-w3r3,50
2026-04-03T20:54:26.950802-07:00,write,key-6,804.813,110,false,leader-w3r3,50
2026-04-03T20:54:26.960361-07:00,write,key-5,805.180,106,false,leader-w3r3,50
2026-04-03T20:54:27.723063-07:00,read,key-6,53.023,111,false,leader-w3r3,50
2026-04-03T20:54:27.728339-07:00,read,key-9,54.569,120,false,leader-w3r3,50
2026-04-03T20:54:26.990627-07:00,write,key-6,807.764,111,false,leader-w3r3,50
2026-04-03T20:54:27.798394-07:00,read,key-8,54.326,120,false,leader-w3r3,50
2026-04-03T20:54:27.050094-07:00,write,key-0,806.003,128,false,leader-w3r3,50
2026-04-03T20:54:27.049766-07:00,write,key-9,806.340,118,false,leader-w3r3,50
2026-04-03T20:54:27.067455-07:00,write,key-9,805.253,119,false,leader-w3r3,50
2026-04-03T20:54:27.856098-07:00,read,key-9,53.835,120,false,leader-w3r3,50
2026-04-03T20:54:27.107734-07:00,write,key-4,805.695,117,false,leader-w3r3,50
2026-04-03T20:54:27.872715-07:00,read,key-5,54.763,107,false,leader-w3r3,50
2026-04-03T20:54:27.909939-07:00,read,key-2,52.967,112,false,leader-w3r3,50
2026-04-03T20:54:27.913432-07:00,read,key-2,51.578,112,false,leader-w3r3,50
2026-04-03T20:54:27.927485-07:00,read,key-4,54.504,118,false,leader-w3r3,50
2026-04-03T20:54:27.965014-07:00,read,key-7,54.468,115,false,leader-w3r3,50
2026-04-03T20:54:27.259031-07:00,write,key-7,804.196,112,false,leader-w3r3,50
2026-04-03T20:54:27.277434-07:00,write,key-0,806.819,129,false,leader-w3r3,50
2026-04-03T20:54:27.331731-07:00,write,key-9,807.434,120,false,leader-w3r3,50
2026-04-03T20:54:27.353381-07:00,write,key-4,807.603,118,false,leader-w3r3,50
2026-04-03T20:54:27.360178-07:00,write,key-0,804.286,130,false,leader-w3r3,50
2026-04-03T20:54:28.139174-07:00,read,key-1,52.408,128,false,leader-w3r3,50
2026-04-03T20:54:27.413978-07:00,write,key-3,805.480,116,false,leader-w3r3,50
2026-04-03T20:54:28.160988-07:00,read,key-2,58.526,112,false,leader-w3r3,50
2026-04-03T20:54:28.191589-07:00,read,key-6,53.881,111,false,leader-w3r3,50
2026-04-03T20:54:28.219518-07:00,read,key-2,53.994,112,false,leader-w3r3,50
2026-04-03T20:54:27.471315-07:00,write,key-7,803.940,113,false,leader-w3r3,50
2026-04-03T20:54:28.273519-07:00,read,key-2,54.723,112,false,leader-w3r3,50
2026-04-03T20:54:27.55879-07:00,write,key-2,804.428,109,false,leader-w3r3,50
2026-04-03T20:54:28.32825-07:00,read,key-1,53.380,129,false,leader-w3r3,50
2026-04-03T20:54:28.381637-07:00,read,key-7,54.681,115,false,leader-w3r3,50
2026-04-03T20:54:27.680142-07:00,write,key-2,806.242,110,false,leader-w3r3,50
2026-04-03T20:54:28.436328-07:00,read,key-1,52.986,128,false,leader-w3r3,50
2026-04-03T20:54:27.723101-07:00,write,key-7,805.039,114,false,leader-w3r3,50
2026-04-03T20:54:27.728314-07:00,write,key-5,807.640,107,false,leader-w3r3,50
2026-04-03T20:54:28.486395-07:00,read,key-5,53.536,109,false,leader-w3r3,50
2026-04-03T20:54:28.48932-07:00,read,key-4,52.212,119,false,leader-w3r3,50
2026-04-03T20:54:27.755623-07:00,write,key-2,806.253,111,false,leader-w3r3,50
2026-04-03T20:54:27.765544-07:00,write,key-2,803.519,112,false,leader-w3r3,50
2026-04-03T20:54:28.528143-07:00,read,key-4,54.287,119,false,leader-w3r3,50
2026-04-03T20:54:27.776094-07:00,write,key-3,806.444,117,false,leader-w3r3,50
2026-04-03T20:54:27.782915-07:00,write,key-3,810.874,118,false,leader-w3r3,50
2026-04-03T20:54:28.53994-07:00,read,key-5,53.977,109,false,leader-w3r3,50
2026-04-03T20:54:28.569076-07:00,read,key-5,54.396,109,false,leader-w3r3,50
2026-04-03T20:54:28.582538-07:00,read,key-3,53.641,120,false,leader-w3r3,50
2026-04-03T20:54:28.582437-07:00,read,key-1,53.909,130,false,leader-w3r3,50
2026-04-03T20:54:28.593792-07:00,read,key-0,54.020,132,false,leader-w3r3,50
2026-04-03T20:54:28.593921-07:00,read,key-8,53.987,122,false,leader-w3r3,50
2026-04-03T20:54:27.852728-07:00,write,key-8,804.621,121,false,leader-w3r3,50
2026-04-03T20:54:27.856105-07:00,write,key-3,807.362,119,false,leader-w3r3,50
2026-04-03T20:54:28.636349-07:00,read,key-2,55.701,112,false,leader-w3r3,50
2026-04-03T20:54:28.636184-07:00,read,key-4,55.865,120,false,leader-w3r3,50
2026-04-03T20:54:28.647911-07:00,read,key-5,54.646,109,false,leader-w3r3,50
2026-04-03T20:54:28.692057-07:00,read,key-9,56.048,122,false,leader-w3r3,50
2026-04-03T20:54:28.692057-07:00,read,key-1,56.053,130,false,leader-w3r3,50
2026-04-03T20:54:27.962917-07:00,write,key-0,806.414,131,false,leader-w3r3,50
2026-04-03T20:54:27.981995-07:00,write,key-7,803.216,115,false,leader-w3r3,50
2026-04-03T20:54:28.01949-07:00,write,key-9,810.540,121,false,leader-w3r3,50
2026-04-03T20:54:28.785214-07:00,read,key-7,53.617,115,false,leader-w3r3,50
2026-04-03T20:54:28.063233-07:00,write,key-4,804.500,119,false,leader-w3r3,50
2026-04-03T20:54:28.830033-07:00,read,key-3,54.212,121,false,leader-w3r3,50
2026-04-03T20:54:28.084258-07:00,write,key-0,807.200,132,false,leader-w3r3,50
2026-04-03T20:54:28.83884-07:00,read,key-3,52.615,121,false,leader-w3r3,50
2026-04-03T20:54:28.884252-07:00,read,key-8,55.590,124,false,leader-w3r3,50
2026-04-03T20:54:28.891461-07:00,read,key-7,53.624,115,false,leader-w3r3,50
2026-04-03T20:54:28.891461-07:00,read,key-9,53.746,122,false,leader-w3r3,50
2026-04-03T20:54:28.164467-07:00,write,key-1,804.425,129,false,leader-w3r3,50
2026-04-03T20:54:28.939848-07:00,read,key-3,54.075,121,false,leader-w3r3,50
2026-04-03T20:54:28.945089-07:00,read,key-9,54.056,122,false,leader-w3r3,50
2026-04-03T20:54:28.94521-07:00,read,key-8,53.952,124,false,leader-w3r3,50
2026-04-03T20:54:28.219463-07:00,write,key-3,810.638,120,false,leader-w3r3,50
2026-04-03T20:54:28.993929-07:00,read,key-4,53.930,121,false,leader-w3r3,50
2026-04-03T20:54:28.245476-07:00,write,key-5,809.440,108,false,leader-w3r3,50
2026-04-03T20:54:28.275257-07:00,write,key-6,804.666,112,false,leader-w3r3,50
2026-04-03T20:54:29.030106-07:00,read,key-4,54.572,121,false,leader-w3r3,50
2026-04-03T20:54:29.047866-07:00,read,key-5,55.057,109,false,leader-w3r3,50
2026-04-03T20:54:29.079927-07:00,read,key-2,54.552,112,false,leader-w3r3,50
2026-04-03T20:54:28.363225-07:00,write,key-5,806.033,109,false,leader-w3r3,50
2026-04-03T20:54:28.535958-07:00,write,key-8,806.458,122,false,leader-w3r3,50
2026-04-03T20:54:28.541538-07:00,write,key-1,807.258,130,false,leader-w3r3,50
2026-04-03T20:54:28.561879-07:00,write,key-0,805.717,133,false,leader-w3r3,50
2026-04-03T20:54:29.342416-07:00,read,key-0,53.107,136,false,leader-w3r3,50
2026-04-03T20:54:28.623479-07:00,write,key-4,813.080,120,false,leader-w3r3,50
2026-04-03T20:54:29.395529-07:00,read,key-8,54.091,124,false,leader-w3r3,50
2026-04-03T20:54:28.647818-07:00,write,key-4,807.792,121,false,leader-w3r3,50
2026-04-03T20:54:28.657353-07:00,write,key-3,804.935,121,false,leader-w3r3,50
2026-04-03T20:54:28.663471-07:00,write,key-9,806.566,122,false,leader-w3r3,50
2026-04-03T20:54:29.436567-07:00,read,key-8,54.289,124,false,leader-w3r3,50
2026-04-03T20:54:28.702564-07:00,write,key-6,811.018,113,false,leader-w3r3,50
2026-04-03T20:54:29.46229-07:00,read,key-5,52.546,112,false,leader-w3r3,50
2026-04-03T20:54:29.470039-07:00,read,key-7,51.963,116,false,leader-w3r3,50
2026-04-03T20:54:28.748114-07:00,write,key-8,803.629,123,false,leader-w3r3,50
2026-04-03T20:54:28.748113-07:00,write,key-8,806.524,124,false,leader-w3r3,50
2026-04-03T20:54:29.513585-07:00,read,key-3,56.401,121,false,leader-w3r3,50
2026-04-03T20:54:29.514842-07:00,read,key-2,55.281,112,false,leader-w3r3,50
2026-04-03T20:54:28.769336-07:00,write,key-6,803.471,114,false,leader-w3r3,50
2026-04-03T20:54:29.522008-07:00,read,key-9,51.549,127,false,leader-w3r3,50
2026-04-03T20:54:29.55464-07:00,read,key-7,54.488,117,false,leader-w3r3,50
2026-04-03T20:54:29.569992-07:00,read,key-5,53.867,112,false,leader-w3r3,50
2026-04-03T20:54:29.570127-07:00,read,key-2,53.734,112,false,leader-w3r3,50
2026-04-03T20:54:29.57356-07:00,read,key-2,53.588,113,false,leader-w3r3,50
2026-04-03T20:54:29.609134-07:00,read,key-7,52.453,117,false,leader-w3r3,50
2026-04-03T20:54:28.867736-07:00,write,key-0,804.956,134,false,leader-w3r3,50
2026-04-03T20:54:29.623868-07:00,read,key-4,53.181,121,false,leader-w3r3,50
2026-04-03T20:54:29.672697-07:00,read,key-7,57.380,117,false,leader-w3r3,50
2026-04-03T20:54:28.968897-07:00,write,key-1,804.838,131,false,leader-w3r3,50
2026-04-03T20:54:28.999164-07:00,write,key-9,810.652,124,false,leader-w3r3,50
2026-04-03T20:54:28.999151-07:00,write,key-9,810.696,123,false,leader-w3r3,50
2026-04-03T20:54:29.77374-07:00,read,key-0,60.756,136,false,leader-w3r3,50
2026-04-03T20:54:29.05492-07:00,write,key-0,807.772,135,false,leader-w3r3,50
2026-04-03T20:54:29.809846-07:00,read,key-3,53.214,123,false,leader-w3r3,50
2026-04-03T20:54:29.834503-07:00,read,key-6,53.069,116,false,leader-w3r3,50
2026-04-03T20:54:29.084685-07:00,write,key-0,804.336,136,false,leader-w3r3,50
2026-04-03T20:54:29.102929-07:00,write,key-7,806.827,116,false,leader-w3r3,50
2026-04-03T20:54:29.887579-07:00,read,key-1,55.178,131,false,leader-w3r3,50
2026-04-03T20:54:29.889023-07:00,read,key-2,53.762,114,false,leader-w3r3,50
2026-04-03T20:54:29.134488-07:00,write,key-5,815.442,110,false,leader-w3r3,50
2026-04-03T20:54:29.909761-07:00,read,key-7,54.484,117,false,leader-w3r3,50
2026-04-03T20:54:29.169264-07:00,write,key-5,805.092,111,false,leader-w3r3,50
2026-04-03T20:54:29.942788-07:00,read,key-2,57.664,114,false,leader-w3r3,50
2026-04-03T20:54:29.949935-07:00,read,key-8,53.155,125,false,leader-w3r3,50
2026-04-03T20:54:29.974359-07:00,read,key-7,54.796,118,false,leader-w3r3,50
2026-04-03T20:54:30.003095-07:00,read,key-4,54.266,121,false,leader-w3r3,50
2026-04-03T20:54:29.348795-07:00,write,key-6,808.539,115,false,leader-w3r3,50
2026-04-03T20:54:29.367595-07:00,write,key-5,803.166,112,false,leader-w3r3,50
2026-04-03T20:54:29.449626-07:00,write,key-9,809.202,125,false,leader-w3r3,50
2026-04-03T20:54:29.455614-07:00,write,key-7,808.965,117,false,leader-w3r3,50
2026-04-03T20:54:29.490863-07:00,write,key-9,810.274,126,false,leader-w3r3,50
2026-04-03T20:54:30.264582-07:00,read,key-8,54.605,126,false,leader-w3r3,50
2026-04-03T20:54:29.551747-07:00,write,key-8,805.368,125,false,leader-w3r3,50
2026-04-03T20:54:29.572808-07:00,write,key-9,805.586,127,false,leader-w3r3,50
2026-04-03T20:54:30.357118-07:00,read,key-3,53.876,124,false,leader-w3r3,50
2026-04-03T20:54:30.378397-07:00,read,key-5,54.252,113,false,leader-w3r3,50
2026-04-03T20:54:29.623868-07:00,write,key-2,810.766,113,false,leader-w3r3,50
2026-04-03T20:54:29.627154-07:00,write,key-9,814.019,128,false,leader-w3r3,50
2026-04-03T20:54:30.411002-07:00,read,key-8,55.077,126,false,leader-w3r3,50
2026-04-03T20:54:29.661593-07:00,write,key-3,808.235,122,false,leader-w3r3,50
2026-04-03T20:54:29.677053-07:00,write,key-3,808.095,123,false,leader-w3r3,50
2026-04-03T20:54:29.730086-07:00,write,key-6,812.098,116,false,leader-w3r3,50
2026-04-03T20:54:29.809819-07:00,write,key-6,807.919,117,false,leader-w3r3,50
2026-04-03T20:54:29.863064-07:00,write,key-2,808.058,114,false,leader-w3r3,50
2026-04-03T20:54:29.862697-07:00,write,key-3,808.426,124,false,leader-w3r3,50
2026-04-03T20:54:29.942763-07:00,write,key-4,805.434,122,false,leader-w3r3,50
2026-04-03T20:54:29.964251-07:00,write,key-7,804.729,118,false,leader-w3r3,50
2026-04-03T20:54:30.000461-07:00,write,key-4,810.434,123,false,leader-w3r3,50
2026-04-03T20:54:30.029162-07:00,write,key-2,809.153,115,false,leader-w3r3,50
2026-04-03T20:54:30.057368-07:00,write,key-9,813.644,129,false,leader-w3r3,50
2026-04-03T20:54:30.157343-07:00,write,key-0,814.336,137,false,leader-w3r3,50
2026-04-03T20:54:30.170765-07:00,write,key-8,805.192,126,false,leader-w3r3,50
2026-04-03T20:54:30.25884-07:00,write,key-5,813.328,113,false,leader-w3r3,50
2026-04-03T20:54:30.301141-07:00,write,key-0,816.745,138,false,leader-w3r3,50
2026-04-03T20:54:30.319195-07:00,write,key-2,805.987,116,false,leader-w3r3,50
