timestamp,type,key,latency_ms,version,stale_read,db_type,write_pct
2026-04-03T20:56:21.981914-07:00,read,key-2,9.562,22,false,leaderless,50
2026-04-03T20:56:21.981835-07:00,read,key-2,9.641,22,false,leaderless,50
2026-04-03T20:56:21.982037-07:00,read,key-6,9.473,19,false,leaderless,50
2026-04-03T20:56:21.981812-07:00,read,key-3,9.717,14,false,leaderless,50
2026-04-03T20:56:21.982099-07:00,read,key-0,9.432,23,false,leaderless,50
2026-04-03T20:56:21.982068-07:00,read,key-8,9.467,17,false,leaderless,50
2026-04-03T20:56:21.981916-07:00,read,key-7,9.640,20,false,leaderless,50
2026-04-03T20:56:21.981833-07:00,read,key-5,9.726,37,false,leaderless,50
2026-04-03T20:56:21.982098-07:00,read,key-3,9.476,13,false,leaderless,50
2026-04-03T20:56:21.982106-07:00,read,key-8,9.496,17,false,leaderless,50
2026-04-03T20:56:21.982112-07:00,read,key-7,9.491,20,false,leaderless,50
2026-04-03T20:56:21.991559-07:00,read,key-2,0.933,22,false,leaderless,50
2026-04-03T20:56:21.991604-07:00,read,key-7,1.128,20,false,leaderless,50
2026-04-03T20:56:21.991532-07:00,read,key-5,3.900,37,false,leaderless,50
2026-04-03T20:56:21.991477-07:00,read,key-0,4.239,25,false,leaderless,50
2026-04-03T20:56:21.995719-07:00,read,key-4,0.500,28,false,leaderless,50
2026-04-03T20:56:21.996225-07:00,read,key-9,0.363,21,false,leaderless,50
2026-04-03T20:56:21.982055-07:00,write,key-5,820.612,38,false,leaderless,50
2026-04-03T20:56:21.981962-07:00,write,key-3,820.768,14,false,leaderless,50
2026-04-03T20:56:21.98219-07:00,write,key-5,820.694,39,false,leaderless,50
2026-04-03T20:56:22.80273-07:00,read,key-6,2.191,19,false,leaderless,50
2026-04-03T20:56:22.802721-07:00,read,key-2,2.200,22,false,leaderless,50
2026-04-03T20:56:21.982088-07:00,write,key-1,822.977,31,false,leaderless,50
2026-04-03T20:56:21.991511-07:00,write,key-4,813.594,30,false,leaderless,50
2026-04-03T20:56:21.991478-07:00,write,key-4,813.656,29,false,leaderless,50
2026-04-03T20:56:22.804926-07:00,read,key-1,0.647,34,false,leaderless,50
2026-04-03T20:56:21.996589-07:00,write,key-9,809.401,23,false,leaderless,50
2026-04-03T20:56:22.805133-07:00,read,key-3,0.868,15,false,leaderless,50
2026-04-03T20:56:21.991557-07:00,write,key-3,814.490,15,false,leaderless,50
2026-04-03T20:56:21.992494-07:00,write,key-9,813.689,22,false,leaderless,50
2026-04-03T20:56:21.995492-07:00,write,key-0,810.756,26,false,leaderless,50
2026-04-03T20:56:21.991622-07:00,write,key-1,814.729,32,false,leaderless,50
2026-04-03T20:56:21.981919-07:00,write,key-8,824.596,18,false,leaderless,50
2026-04-03T20:56:21.991536-07:00,write,key-1,815.162,34,false,leaderless,50
2026-04-03T20:56:21.982119-07:00,write,key-8,824.608,19,false,leaderless,50
2026-04-03T20:56:21.991579-07:00,write,key-7,815.192,22,false,leaderless,50
2026-04-03T20:56:21.982013-07:00,write,key-0,824.814,24,false,leaderless,50
2026-04-03T20:56:21.982189-07:00,write,key-0,824.790,25,false,leaderless,50
2026-04-03T20:56:21.982008-07:00,write,key-7,824.972,21,false,leaderless,50
2026-04-03T20:56:21.992733-07:00,write,key-1,814.290,33,false,leaderless,50
2026-04-03T20:56:21.991604-07:00,write,key-5,815.420,40,false,leaderless,50
2026-04-03T20:56:22.80635-07:00,read,key-8,0.763,19,false,leaderless,50
2026-04-03T20:56:22.806836-07:00,read,key-7,1.221,22,false,leaderless,50
2026-04-03T20:56:22.807032-07:00,read,key-4,1.056,30,false,leaderless,50
2026-04-03T20:56:22.806979-07:00,read,key-9,1.151,23,false,leaderless,50
2026-04-03T20:56:22.806727-07:00,read,key-7,1.430,22,false,leaderless,50
2026-04-03T20:56:22.808159-07:00,read,key-3,0.484,15,false,leaderless,50
2026-04-03T20:56:22.80809-07:00,read,key-2,0.582,22,false,leaderless,50
2026-04-03T20:56:22.808674-07:00,read,key-2,0.468,22,false,leaderless,50
2026-04-03T20:56:22.808645-07:00,read,key-6,0.546,19,false,leaderless,50
2026-04-03T20:56:22.809193-07:00,read,key-0,2.182,29,false,leaderless,50
2026-04-03T20:56:22.811379-07:00,read,key-3,0.637,15,false,leaderless,50
2026-04-03T20:56:22.812017-07:00,read,key-7,0.390,22,false,leaderless,50
2026-04-03T20:56:22.812409-07:00,read,key-8,0.321,19,false,leaderless,50
2026-04-03T20:56:22.812732-07:00,read,key-9,0.299,23,false,leaderless,50
2026-04-03T20:56:22.813032-07:00,read,key-5,0.248,40,false,leaderless,50
2026-04-03T20:56:22.813282-07:00,read,key-9,0.264,23,false,leaderless,50
2026-04-03T20:56:22.813547-07:00,read,key-8,0.242,19,false,leaderless,50
2026-04-03T20:56:22.81379-07:00,read,key-5,0.283,40,false,leaderless,50
2026-04-03T20:56:22.806003-07:00,write,key-1,810.611,37,false,leaderless,50
2026-04-03T20:56:22.806247-07:00,write,key-4,810.578,32,false,leaderless,50
2026-04-03T20:56:22.806979-07:00,write,key-0,809.889,29,false,leaderless,50
2026-04-03T20:56:22.807032-07:00,write,key-0,809.884,28,false,leaderless,50
2026-04-03T20:56:22.809143-07:00,write,key-1,807.829,38,false,leaderless,50
2026-04-03T20:56:22.805105-07:00,write,key-0,811.902,27,false,leaderless,50
2026-04-03T20:56:22.805576-07:00,write,key-8,811.483,20,false,leaderless,50
2026-04-03T20:56:22.805065-07:00,write,key-4,812.030,31,false,leaderless,50
2026-04-03T20:56:22.806046-07:00,write,key-1,811.100,36,false,leaderless,50
2026-04-03T20:56:22.808131-07:00,write,key-4,809.046,33,false,leaderless,50
2026-04-03T20:56:22.804925-07:00,write,key-6,812.355,20,false,leaderless,50
2026-04-03T20:56:22.806697-07:00,write,key-9,810.607,24,false,leaderless,50
2026-04-03T20:56:22.802883-07:00,write,key-2,814.464,23,false,leaderless,50
2026-04-03T20:56:22.806771-07:00,write,key-2,810.593,25,false,leaderless,50
2026-04-03T20:56:22.80599-07:00,write,key-2,811.412,24,false,leaderless,50
2026-04-03T20:56:22.806514-07:00,write,key-1,810.900,35,false,leaderless,50
2026-04-03T20:56:22.806182-07:00,write,key-8,811.304,21,false,leaderless,50
2026-04-03T20:56:22.807115-07:00,write,key-9,815.659,25,false,leaderless,50
2026-04-03T20:56:22.808061-07:00,write,key-8,814.895,22,false,leaderless,50
2026-04-03T20:56:22.814074-07:00,write,key-8,810.187,23,false,leaderless,50
2026-04-03T20:56:23.616631-07:00,read,key-5,8.609,40,false,leaderless,50
2026-04-03T20:56:23.617176-07:00,read,key-0,8.206,29,false,leaderless,50
2026-04-03T20:56:23.617362-07:00,read,key-4,8.082,33,false,leaderless,50
2026-04-03T20:56:23.617304-07:00,read,key-4,8.449,33,false,leaderless,50
2026-04-03T20:56:23.622777-07:00,read,key-0,2.981,29,false,leaderless,50
2026-04-03T20:56:23.616914-07:00,read,key-6,9.098,20,false,leaderless,50
2026-04-03T20:56:23.625385-07:00,read,key-1,1.191,38,false,leaderless,50
2026-04-03T20:56:23.617413-07:00,read,key-8,9.224,23,false,leaderless,50
2026-04-03T20:56:23.625757-07:00,read,key-8,0.975,23,false,leaderless,50
2026-04-03T20:56:23.626641-07:00,read,key-1,0.607,38,false,leaderless,50
2026-04-03T20:56:23.626579-07:00,read,key-3,4.123,18,false,leaderless,50
2026-04-03T20:56:23.630703-07:00,read,key-7,0.312,22,false,leaderless,50
2026-04-03T20:56:23.631018-07:00,read,key-5,0.343,40,false,leaderless,50
2026-04-03T20:56:23.625448-07:00,write,key-3,813.158,18,false,leaderless,50
2026-04-03T20:56:23.617007-07:00,write,key-2,821.652,29,false,leaderless,50
2026-04-03T20:56:23.62725-07:00,write,key-0,811.506,31,false,leaderless,50
2026-04-03T20:56:23.624305-07:00,write,key-5,814.591,41,false,leaderless,50
2026-04-03T20:56:23.622955-07:00,write,key-2,815.975,26,false,leaderless,50
2026-04-03T20:56:23.61728-07:00,write,key-9,821.744,27,false,leaderless,50
2026-04-03T20:56:23.616971-07:00,write,key-3,822.097,17,false,leaderless,50
2026-04-03T20:56:23.617145-07:00,write,key-8,822.016,24,false,leaderless,50
2026-04-03T20:56:23.616825-07:00,write,key-9,822.413,26,false,leaderless,50
2026-04-03T20:56:23.617485-07:00,write,key-0,821.780,30,false,leaderless,50
2026-04-03T20:56:23.626016-07:00,write,key-6,813.333,22,false,leaderless,50
2026-04-03T20:56:23.617401-07:00,write,key-6,822.060,21,false,leaderless,50
2026-04-03T20:56:23.617058-07:00,write,key-2,822.587,27,false,leaderless,50
2026-04-03T20:56:23.616868-07:00,write,key-3,822.808,16,false,leaderless,50
2026-04-03T20:56:23.631363-07:00,write,key-5,808.333,42,false,leaderless,50
2026-04-03T20:56:23.625249-07:00,write,key-8,814.528,26,false,leaderless,50
2026-04-03T20:56:23.617346-07:00,write,key-8,822.438,25,false,leaderless,50
2026-04-03T20:56:23.625761-07:00,write,key-6,814.075,24,false,leaderless,50
2026-04-03T20:56:23.617094-07:00,write,key-2,822.770,28,false,leaderless,50
2026-04-03T20:56:23.626734-07:00,write,key-6,813.170,23,false,leaderless,50
2026-04-03T20:56:24.43916-07:00,read,key-0,3.026,31,false,leaderless,50
2026-04-03T20:56:24.43946-07:00,read,key-1,2.777,38,false,leaderless,50
2026-04-03T20:56:24.439777-07:00,read,key-7,2.577,22,false,leaderless,50
2026-04-03T20:56:24.439238-07:00,read,key-4,3.151,33,false,leaderless,50
2026-04-03T20:56:24.439349-07:00,read,key-8,3.064,26,false,leaderless,50
2026-04-03T20:56:24.439644-07:00,read,key-9,2.821,27,false,leaderless,50
2026-04-03T20:56:24.438619-07:00,read,key-9,3.851,27,false,leaderless,50
2026-04-03T20:56:24.438756-07:00,read,key-9,3.739,27,false,leaderless,50
2026-04-03T20:56:24.439023-07:00,read,key-2,3.488,29,false,leaderless,50
2026-04-03T20:56:24.442242-07:00,read,key-0,1.763,31,false,leaderless,50
2026-04-03T20:56:24.442499-07:00,read,key-8,1.599,26,false,leaderless,50
2026-04-03T20:56:24.442393-07:00,read,key-8,1.715,26,false,leaderless,50
2026-04-03T20:56:24.439265-07:00,read,key-7,4.904,22,false,leaderless,50
2026-04-03T20:56:24.439784-07:00,read,key-8,4.387,26,false,leaderless,50
2026-04-03T20:56:24.439864-07:00,read,key-6,4.354,24,false,leaderless,50
2026-04-03T20:56:24.444009-07:00,read,key-1,0.969,38,false,leaderless,50
2026-04-03T20:56:24.444979-07:00,read,key-9,0.714,27,false,leaderless,50
2026-04-03T20:56:24.444222-07:00,read,key-9,1.497,27,false,leaderless,50
2026-04-03T20:56:24.442416-07:00,read,key-2,3.363,29,false,leaderless,50
2026-04-03T20:56:24.442472-07:00,read,key-8,3.354,26,false,leaderless,50
2026-04-03T20:56:24.445781-07:00,read,key-5,0.616,42,false,leaderless,50
2026-04-03T20:56:24.445828-07:00,read,key-3,0.711,18,false,leaderless,50
2026-04-03T20:56:24.446398-07:00,read,key-3,0.449,18,false,leaderless,50
2026-04-03T20:56:24.446849-07:00,read,key-2,0.443,29,false,leaderless,50
2026-04-03T20:56:24.447294-07:00,read,key-4,0.366,33,false,leaderless,50
2026-04-03T20:56:24.438929-07:00,write,key-2,820.343,30,false,leaderless,50
2026-04-03T20:56:24.439675-07:00,write,key-6,820.214,25,false,leaderless,50
2026-04-03T20:56:24.447662-07:00,write,key-5,812.316,45,false,leaderless,50
2026-04-03T20:56:24.4441-07:00,write,key-9,815.969,28,false,leaderless,50
2026-04-03T20:56:24.439903-07:00,write,key-3,820.210,20,false,leaderless,50
2026-04-03T20:56:24.442357-07:00,write,key-5,817.834,43,false,leaderless,50
2026-04-03T20:56:24.442476-07:00,write,key-3,817.831,21,false,leaderless,50
2026-04-03T20:56:24.438661-07:00,write,key-8,821.676,28,false,leaderless,50
2026-04-03T20:56:24.438896-07:00,write,key-3,825.752,19,false,leaderless,50
2026-04-03T20:56:24.439695-07:00,write,key-8,824.953,27,false,leaderless,50
2026-04-03T20:56:24.442192-07:00,write,key-1,822.533,39,false,leaderless,50
2026-04-03T20:56:25.260113-07:00,read,key-1,4.708,43,false,leaderless,50
2026-04-03T20:56:24.445694-07:00,write,key-6,819.139,26,false,leaderless,50
2026-04-03T20:56:24.444172-07:00,write,key-1,820.742,43,false,leaderless,50
2026-04-03T20:56:25.260307-07:00,read,key-4,4.613,33,false,leaderless,50
2026-04-03T20:56:24.444111-07:00,write,key-1,820.870,41,false,leaderless,50
2026-04-03T20:56:24.444179-07:00,write,key-1,820.821,42,false,leaderless,50
2026-04-03T20:56:24.442514-07:00,write,key-1,822.546,40,false,leaderless,50
2026-04-03T20:56:24.445721-07:00,write,key-6,819.350,27,false,leaderless,50
2026-04-03T20:56:24.439836-07:00,write,key-7,825.284,23,false,leaderless,50
2026-04-03T20:56:24.44654-07:00,write,key-5,818.607,44,false,leaderless,50
2026-04-03T20:56:25.26498-07:00,read,key-4,1.617,33,false,leaderless,50
2026-04-03T20:56:25.264833-07:00,read,key-8,1.812,28,false,leaderless,50
2026-04-03T20:56:25.260337-07:00,read,key-4,6.794,33,false,leaderless,50
2026-04-03T20:56:24.439068-07:00,write,key-0,828.143,32,false,leaderless,50
2026-04-03T20:56:25.265059-07:00,read,key-7,2.306,23,false,leaderless,50
2026-04-03T20:56:25.26721-07:00,read,key-8,0.794,28,false,leaderless,50
2026-04-03T20:56:25.265164-07:00,read,key-4,2.910,33,false,leaderless,50
2026-04-03T20:56:25.267134-07:00,read,key-1,1.011,43,false,leaderless,50
2026-04-03T20:56:25.267367-07:00,read,key-0,0.981,32,false,leaderless,50
2026-04-03T20:56:25.266647-07:00,read,key-9,1.758,28,false,leaderless,50
2026-04-03T20:56:25.268006-07:00,read,key-1,1.061,43,false,leaderless,50
2026-04-03T20:56:25.268407-07:00,read,key-7,0.688,23,false,leaderless,50
2026-04-03T20:56:25.264827-07:00,write,key-9,813.251,30,false,leaderless,50
2026-04-03T20:56:25.264921-07:00,write,key-2,813.235,31,false,leaderless,50
2026-04-03T20:56:25.264652-07:00,write,key-6,813.434,28,false,leaderless,50
2026-04-03T20:56:25.259283-07:00,write,key-5,818.795,46,false,leaderless,50
2026-04-03T20:56:25.264999-07:00,write,key-1,813.370,46,false,leaderless,50
2026-04-03T20:56:25.268076-07:00,write,key-0,810.302,33,false,leaderless,50
2026-04-03T20:56:25.259979-07:00,write,key-9,818.516,29,false,leaderless,50
2026-04-03T20:56:25.260191-07:00,write,key-3,818.306,23,false,leaderless,50
2026-04-03T20:56:25.264913-07:00,write,key-1,813.720,45,false,leaderless,50
2026-04-03T20:56:25.264725-07:00,write,key-8,814.022,29,false,leaderless,50
2026-04-03T20:56:25.26512-07:00,write,key-5,813.677,48,false,leaderless,50
2026-04-03T20:56:25.269097-07:00,write,key-4,809.759,34,false,leaderless,50
2026-04-03T20:56:25.264652-07:00,write,key-5,814.241,47,false,leaderless,50
2026-04-03T20:56:25.25989-07:00,write,key-1,819.134,44,false,leaderless,50
2026-04-03T20:56:25.26007-07:00,write,key-3,819.134,22,false,leaderless,50
2026-04-03T20:56:25.265071-07:00,write,key-7,816.087,24,false,leaderless,50
2026-04-03T20:56:25.268147-07:00,write,key-7,813.028,25,false,leaderless,50
2026-04-03T20:56:25.2666-07:00,write,key-3,814.636,24,false,leaderless,50
2026-04-03T20:56:25.269069-07:00,write,key-1,812.249,47,false,leaderless,50
2026-04-03T20:56:25.268349-07:00,write,key-6,813.095,29,false,leaderless,50
2026-04-03T20:56:26.078633-07:00,read,key-7,6.606,25,false,leaderless,50
2026-04-03T20:56:26.079024-07:00,read,key-7,6.325,25,false,leaderless,50
2026-04-03T20:56:26.078379-07:00,read,key-3,7.013,24,false,leaderless,50
2026-04-03T20:56:26.078368-07:00,read,key-5,7.059,48,false,leaderless,50
2026-04-03T20:56:26.078091-07:00,read,key-0,7.360,33,false,leaderless,50
2026-04-03T20:56:26.078199-07:00,read,key-1,7.293,47,false,leaderless,50
2026-04-03T20:56:26.078797-07:00,read,key-1,6.781,47,false,leaderless,50
2026-04-03T20:56:26.085245-07:00,read,key-9,1.134,30,false,leaderless,50
2026-04-03T20:56:26.08543-07:00,read,key-6,0.950,29,false,leaderless,50
2026-04-03T20:56:26.081175-07:00,read,key-4,5.294,34,false,leaderless,50
2026-04-03T20:56:26.085456-07:00,read,key-1,1.052,47,false,leaderless,50
2026-04-03T20:56:26.081318-07:00,read,key-8,5.365,29,false,leaderless,50
2026-04-03T20:56:26.085394-07:00,read,key-0,1.445,33,false,leaderless,50
2026-04-03T20:56:26.08651-07:00,read,key-4,0.750,34,false,leaderless,50
2026-04-03T20:56:26.086471-07:00,read,key-6,0.834,29,false,leaderless,50
2026-04-03T20:56:26.087262-07:00,read,key-0,0.558,33,false,leaderless,50
2026-04-03T20:56:26.087308-07:00,read,key-6,0.666,29,false,leaderless,50
2026-04-03T20:56:26.078157-07:00,write,key-1,823.915,50,false,leaderless,50
2026-04-03T20:56:26.085495-07:00,write,key-0,816.619,34,false,leaderless,50
2026-04-03T20:56:26.081159-07:00,write,key-4,820.997,35,false,leaderless,50
2026-04-03T20:56:26.086685-07:00,write,key-7,815.523,26,false,leaderless,50
2026-04-03T20:56:26.078497-07:00,write,key-6,823.718,30,false,leaderless,50
2026-04-03T20:56:26.079204-07:00,write,key-2,823.060,32,false,leaderless,50
2026-04-03T20:56:26.087975-07:00,write,key-6,814.310,32,false,leaderless,50
2026-04-03T20:56:26.08558-07:00,write,key-8,816.744,31,false,leaderless,50
2026-04-03T20:56:26.086383-07:00,write,key-0,815.980,35,false,leaderless,50
2026-04-03T20:56:26.081444-07:00,write,key-4,820.950,37,false,leaderless,50
2026-04-03T20:56:26.078855-07:00,write,key-5,823.607,49,false,leaderless,50
2026-04-03T20:56:26.081236-07:00,write,key-1,821.347,49,false,leaderless,50
2026-04-03T20:56:26.078272-07:00,write,key-6,824.467,31,false,leaderless,50
2026-04-03T20:56:26.086841-07:00,write,key-5,815.970,50,false,leaderless,50
2026-04-03T20:56:26.085352-07:00,write,key-2,817.471,33,false,leaderless,50
2026-04-03T20:56:26.086384-07:00,write,key-3,816.477,25,false,leaderless,50
2026-04-03T20:56:26.078495-07:00,write,key-1,824.381,48,false,leaderless,50
2026-04-03T20:56:26.078893-07:00,write,key-4,824.030,36,false,leaderless,50
2026-04-03T20:56:26.078746-07:00,write,key-8,824.203,30,false,leaderless,50
2026-04-03T20:56:26.087821-07:00,write,key-2,815.148,34,false,leaderless,50
2026-04-03T20:56:26.902461-07:00,read,key-1,2.498,50,false,leaderless,50
2026-04-03T20:56:26.902822-07:00,read,key-0,2.202,35,false,leaderless,50
2026-04-03T20:56:26.902264-07:00,read,key-0,2.779,35,false,leaderless,50
2026-04-03T20:56:26.902968-07:00,read,key-4,2.296,37,false,leaderless,50
2026-04-03T20:56:26.902362-07:00,read,key-5,3.033,50,false,leaderless,50
2026-04-03T20:56:26.902875-07:00,read,key-3,2.600,25,false,leaderless,50
2026-04-03T20:56:26.902949-07:00,read,key-8,2.576,31,false,leaderless,50
2026-04-03T20:56:26.902215-07:00,read,key-1,3.312,50,false,leaderless,50
2026-04-03T20:56:26.905477-07:00,read,key-7,1.067,26,false,leaderless,50
2026-04-03T20:56:26.905266-07:00,read,key-0,1.289,35,false,leaderless,50
2026-04-03T20:56:26.905044-07:00,read,key-2,1.580,34,false,leaderless,50
2026-04-03T20:56:26.906556-07:00,read,key-5,0.438,50,false,leaderless,50
2026-04-03T20:56:26.906546-07:00,read,key-3,0.744,25,false,leaderless,50
2026-04-03T20:56:26.907292-07:00,read,key-3,2.533,25,false,leaderless,50
2026-04-03T20:56:26.909828-07:00,read,key-3,0.497,25,false,leaderless,50
2026-04-03T20:56:26.910327-07:00,read,key-0,0.819,35,false,leaderless,50
2026-04-03T20:56:26.911148-07:00,read,key-2,0.505,34,false,leaderless,50
2026-04-03T20:56:26.911655-07:00,read,key-7,0.619,26,false,leaderless,50
2026-04-03T20:56:26.912275-07:00,read,key-5,0.449,50,false,leaderless,50
2026-04-03T20:56:26.912726-07:00,read,key-7,0.250,30,false,leaderless,50
2026-04-03T20:56:26.912978-07:00,read,key-9,0.406,30,false,leaderless,50
2026-04-03T20:56:26.902922-07:00,write,key-4,814.574,39,false,leaderless,50
2026-04-03T20:56:26.905529-07:00,write,key-5,812.198,53,false,leaderless,50
2026-04-03T20:56:26.902155-07:00,write,key-1,815.752,51,false,leaderless,50
2026-04-03T20:56:26.905526-07:00,write,key-5,812.484,52,false,leaderless,50
2026-04-03T20:56:26.905397-07:00,write,key-7,812.695,30,false,leaderless,50
2026-04-03T20:56:26.902208-07:00,write,key-5,816.636,51,false,leaderless,50
2026-04-03T20:56:26.902393-07:00,write,key-4,816.507,40,false,leaderless,50
2026-04-03T20:56:26.902074-07:00,write,key-8,816.873,32,false,leaderless,50
2026-04-03T20:56:26.906996-07:00,write,key-6,812.012,35,false,leaderless,50
2026-04-03T20:56:26.906626-07:00,write,key-6,812.437,36,false,leaderless,50
2026-04-03T20:56:26.902113-07:00,write,key-8,817.255,33,false,leaderless,50
2026-04-03T20:56:26.905026-07:00,write,key-0,814.451,36,false,leaderless,50
2026-04-03T20:56:27.718092-07:00,read,key-9,1.477,30,false,leaderless,50
2026-04-03T20:56:26.913385-07:00,write,key-3,806.266,26,false,leaderless,50
2026-04-03T20:56:27.717727-07:00,read,key-2,2.162,34,false,leaderless,50
2026-04-03T20:56:26.902323-07:00,write,key-6,817.624,34,false,leaderless,50
2026-04-03T20:56:26.902285-07:00,write,key-6,817.706,33,false,leaderless,50
2026-04-03T20:56:26.904962-07:00,write,key-4,815.082,41,false,leaderless,50
2026-04-03T20:56:26.902861-07:00,write,key-7,817.226,28,false,leaderless,50
2026-04-03T20:56:27.719476-07:00,read,key-6,0.672,36,false,leaderless,50
2026-04-03T20:56:27.718844-07:00,read,key-1,1.317,51,false,leaderless,50
2026-04-03T20:56:27.719368-07:00,read,key-9,0.869,30,false,leaderless,50
2026-04-03T20:56:26.902739-07:00,write,key-7,817.548,27,false,leaderless,50
2026-04-03T20:56:26.902582-07:00,write,key-4,817.744,38,false,leaderless,50
2026-04-03T20:56:26.902811-07:00,write,key-7,817.548,29,false,leaderless,50
2026-04-03T20:56:27.719008-07:00,read,key-5,1.441,53,false,leaderless,50
2026-04-03T20:56:27.720151-07:00,read,key-2,0.867,34,false,leaderless,50
2026-04-03T20:56:27.720239-07:00,read,key-1,0.924,51,false,leaderless,50
2026-04-03T20:56:27.720043-07:00,read,key-2,1.168,34,false,leaderless,50
2026-04-03T20:56:27.720086-07:00,read,key-3,1.133,26,false,leaderless,50
2026-04-03T20:56:27.720451-07:00,read,key-5,0.768,53,false,leaderless,50
2026-04-03T20:56:27.720358-07:00,read,key-5,0.861,53,false,leaderless,50
2026-04-03T20:56:27.721223-07:00,read,key-6,0.591,36,false,leaderless,50
2026-04-03T20:56:27.720287-07:00,read,key-6,1.545,36,false,leaderless,50
2026-04-03T20:56:27.721165-07:00,read,key-7,0.692,30,false,leaderless,50
2026-04-03T20:56:27.721216-07:00,read,key-5,0.763,53,false,leaderless,50
2026-04-03T20:56:27.721223-07:00,read,key-1,3.940,52,false,leaderless,50
2026-04-03T20:56:27.719894-07:00,read,key-3,5.286,26,false,leaderless,50
2026-04-03T20:56:27.721222-07:00,read,key-2,3.961,38,false,leaderless,50
2026-04-03T20:56:27.725165-07:00,read,key-2,0.414,34,false,leaderless,50
2026-04-03T20:56:27.725187-07:00,read,key-1,0.395,51,false,leaderless,50
2026-04-03T20:56:27.725181-07:00,read,key-5,0.453,53,false,leaderless,50
2026-04-03T20:56:27.725581-07:00,read,key-9,0.438,31,false,leaderless,50
2026-04-03T20:56:27.725637-07:00,read,key-6,0.408,36,false,leaderless,50
2026-04-03T20:56:27.72602-07:00,write,key-3,804.572,28,false,leaderless,50
2026-04-03T20:56:27.717908-07:00,write,key-9,812.742,31,false,leaderless,50
2026-04-03T20:56:27.71801-07:00,write,key-8,812.683,34,false,leaderless,50
2026-04-03T20:56:27.717508-07:00,write,key-4,813.223,42,false,leaderless,50
2026-04-03T20:56:27.718947-07:00,write,key-8,811.807,35,false,leaderless,50
2026-04-03T20:56:27.721834-07:00,write,key-0,808.962,38,false,leaderless,50
2026-04-03T20:56:27.719572-07:00,write,key-2,811.294,36,false,leaderless,50
2026-04-03T20:56:27.721981-07:00,write,key-1,808.931,52,false,leaderless,50
2026-04-03T20:56:27.719651-07:00,write,key-6,811.274,37,false,leaderless,50
2026-04-03T20:56:27.721816-07:00,write,key-3,809.155,27,false,leaderless,50
2026-04-03T20:56:27.719947-07:00,write,key-2,811.053,37,false,leaderless,50
2026-04-03T20:56:27.72186-07:00,write,key-0,809.192,39,false,leaderless,50
2026-04-03T20:56:27.71999-07:00,write,key-2,811.071,38,false,leaderless,50
2026-04-03T20:56:27.718899-07:00,write,key-0,812.191,37,false,leaderless,50
2026-04-03T20:56:27.719063-07:00,write,key-2,812.046,35,false,leaderless,50
2026-04-03T20:56:27.721021-07:00,write,key-2,810.103,39,false,leaderless,50
2026-04-03T20:56:27.720164-07:00,write,key-1,810.997,53,false,leaderless,50
2026-04-03T20:56:27.720325-07:00,write,key-8,810.882,36,false,leaderless,50
2026-04-03T20:56:27.725584-07:00,write,key-6,805.009,38,false,leaderless,50
2026-04-03T20:56:27.726047-07:00,write,key-5,806.806,54,false,leaderless,50
2026-04-03T20:56:28.531123-07:00,read,key-4,2.340,42,false,leaderless,50
2026-04-03T20:56:28.531283-07:00,read,key-3,2.287,29,false,leaderless,50
2026-04-03T20:56:28.530795-07:00,read,key-7,2.816,30,false,leaderless,50
2026-04-03T20:56:28.530753-07:00,read,key-4,2.885,42,false,leaderless,50
2026-04-03T20:56:28.53116-07:00,read,key-7,2.504,30,false,leaderless,50
2026-04-03T20:56:28.53097-07:00,read,key-9,2.739,31,false,leaderless,50
2026-04-03T20:56:28.530865-07:00,read,key-4,2.878,44,false,leaderless,50
2026-04-03T20:56:28.530693-07:00,read,key-8,3.071,36,false,leaderless,50
2026-04-03T20:56:28.530999-07:00,read,key-7,2.809,32,false,leaderless,50
2026-04-03T20:56:28.530912-07:00,read,key-3,2.914,28,false,leaderless,50
2026-04-03T20:56:28.533465-07:00,read,key-8,0.491,36,false,leaderless,50
2026-04-03T20:56:28.533765-07:00,read,key-6,0.481,38,false,leaderless,50
2026-04-03T20:56:28.533745-07:00,read,key-5,0.564,54,false,leaderless,50
2026-04-03T20:56:28.533613-07:00,read,key-2,0.747,40,false,leaderless,50
2026-04-03T20:56:28.533707-07:00,read,key-1,0.712,53,false,leaderless,50
2026-04-03T20:56:28.531206-07:00,read,key-6,3.315,38,false,leaderless,50
2026-04-03T20:56:28.53431-07:00,read,key-1,0.406,53,false,leaderless,50
2026-04-03T20:56:28.534361-07:00,read,key-6,0.404,38,false,leaderless,50
2026-04-03T20:56:28.534421-07:00,read,key-1,0.838,53,false,leaderless,50
2026-04-03T20:56:28.534717-07:00,read,key-5,0.637,54,false,leaderless,50
2026-04-03T20:56:28.534523-07:00,read,key-9,0.880,31,false,leaderless,50
2026-04-03T20:56:28.533809-07:00,read,key-1,2.169,53,false,leaderless,50
2026-04-03T20:56:28.53526-07:00,read,key-2,0.776,41,false,leaderless,50
2026-04-03T20:56:28.535404-07:00,read,key-7,0.676,30,false,leaderless,50
2026-04-03T20:56:28.53598-07:00,read,key-8,0.467,36,false,leaderless,50
2026-04-03T20:56:28.535356-07:00,write,key-6,818.861,42,false,leaderless,50
2026-04-03T20:56:28.530924-07:00,write,key-6,823.521,40,false,leaderless,50
2026-04-03T20:56:28.533827-07:00,write,key-4,820.726,45,false,leaderless,50
2026-04-03T20:56:28.532854-07:00,write,key-9,821.815,32,false,leaderless,50
2026-04-03T20:56:28.531109-07:00,write,key-7,823.646,31,false,leaderless,50
2026-04-03T20:56:28.534248-07:00,write,key-0,820.582,41,false,leaderless,50
2026-04-03T20:56:28.534765-07:00,write,key-7,820.182,33,false,leaderless,50
2026-04-03T20:56:28.53109-07:00,write,key-6,823.875,39,false,leaderless,50
2026-04-03T20:56:28.531051-07:00,write,key-6,824.042,41,false,leaderless,50
2026-04-03T20:56:28.530595-07:00,write,key-7,824.633,32,false,leaderless,50
2026-04-03T20:56:28.531061-07:00,write,key-4,824.201,43,false,leaderless,50
2026-04-03T20:56:28.536082-07:00,write,key-1,821.500,54,false,leaderless,50
2026-04-03T20:56:28.533958-07:00,write,key-2,823.745,41,false,leaderless,50
2026-04-03T20:56:28.536037-07:00,write,key-7,822.696,34,false,leaderless,50
2026-04-03T20:56:28.533572-07:00,write,key-0,825.189,40,false,leaderless,50
2026-04-03T20:56:28.53645-07:00,write,key-2,822.411,42,false,leaderless,50
2026-04-03T20:56:28.53065-07:00,write,key-4,828.237,44,false,leaderless,50
2026-04-03T20:56:28.530731-07:00,write,key-3,828.212,29,false,leaderless,50
2026-04-03T20:56:28.533679-07:00,write,key-2,825.291,40,false,leaderless,50
2026-04-03T20:56:28.53371-07:00,write,key-5,825.313,55,false,leaderless,50
2026-04-03T20:56:29.357584-07:00,read,key-0,2.567,41,false,leaderless,50
2026-04-03T20:56:29.355094-07:00,read,key-8,5.118,36,false,leaderless,50
2026-04-03T20:56:29.355261-07:00,read,key-4,4.992,45,false,leaderless,50
2026-04-03T20:56:29.354966-07:00,read,key-3,5.342,29,false,leaderless,50
2026-04-03T20:56:29.354947-07:00,read,key-4,5.439,45,false,leaderless,50
2026-04-03T20:56:29.35897-07:00,read,key-9,1.517,34,false,leaderless,50
2026-04-03T20:56:29.358761-07:00,read,key-2,1.809,42,false,leaderless,50
2026-04-03T20:56:29.357702-07:00,read,key-5,3.154,55,false,leaderless,50
2026-04-03T20:56:29.360489-07:00,read,key-6,0.949,42,false,leaderless,50
2026-04-03T20:56:29.360391-07:00,read,key-1,1.124,54,false,leaderless,50
2026-04-03T20:56:29.360314-07:00,read,key-8,1.282,36,false,leaderless,50
2026-04-03T20:56:29.361598-07:00,read,key-8,1.136,36,false,leaderless,50
2026-04-03T20:56:29.362736-07:00,read,key-0,0.561,41,false,leaderless,50
2026-04-03T20:56:29.361518-07:00,read,key-2,2.660,43,false,leaderless,50
2026-04-03T20:56:29.354554-07:00,write,key-3,825.417,30,false,leaderless,50
2026-04-03T20:56:29.35467-07:00,write,key-1,825.323,56,false,leaderless,50
2026-04-03T20:56:29.360155-07:00,write,key-9,819.843,37,false,leaderless,50
2026-04-03T20:56:29.354832-07:00,write,key-1,825.193,55,false,leaderless,50
2026-04-03T20:56:29.355228-07:00,write,key-5,824.854,56,false,leaderless,50
2026-04-03T20:56:29.358735-07:00,write,key-9,821.393,34,false,leaderless,50
2026-04-03T20:56:29.360256-07:00,write,key-9,819.930,36,false,leaderless,50
2026-04-03T20:56:29.36144-07:00,write,key-4,818.751,46,false,leaderless,50
2026-04-03T20:56:29.358942-07:00,write,key-7,821.257,35,false,leaderless,50
2026-04-03T20:56:29.360858-07:00,write,key-6,819.350,44,false,leaderless,50
2026-04-03T20:56:29.358886-07:00,write,key-6,821.351,43,false,leaderless,50
2026-04-03T20:56:29.35423-07:00,write,key-0,826.330,42,false,leaderless,50
2026-04-03T20:56:29.359022-07:00,write,key-9,821.795,35,false,leaderless,50
2026-04-03T20:56:29.354755-07:00,write,key-9,826.400,33,false,leaderless,50
2026-04-03T20:56:29.360572-07:00,write,key-0,820.590,44,false,leaderless,50
2026-04-03T20:56:29.360215-07:00,write,key-2,820.984,43,false,leaderless,50
2026-04-03T20:56:29.36418-07:00,write,key-5,817.033,57,false,leaderless,50
2026-04-03T20:56:29.354446-07:00,write,key-8,826.779,37,false,leaderless,50
2026-04-03T20:56:29.35886-07:00,write,key-0,822.375,43,false,leaderless,50
2026-04-03T20:56:29.363299-07:00,write,key-7,817.952,36,false,leaderless,50
2026-04-03T20:56:30.181156-07:00,read,key-6,2.010,44,false,leaderless,50
2026-04-03T20:56:30.180186-07:00,read,key-9,2.990,37,false,leaderless,50
2026-04-03T20:56:30.180128-07:00,read,key-4,3.065,47,false,leaderless,50
2026-04-03T20:56:30.180818-07:00,read,key-0,2.376,44,false,leaderless,50
2026-04-03T20:56:30.180236-07:00,read,key-3,2.983,30,false,leaderless,50
2026-04-03T20:56:30.18116-07:00,read,key-1,2.066,56,false,leaderless,50
2026-04-03T20:56:30.183196-07:00,read,key-5,1.040,57,false,leaderless,50
2026-04-03T20:56:30.181224-07:00,read,key-8,3.043,37,false,leaderless,50
2026-04-03T20:56:30.181234-07:00,read,key-8,3.102,37,false,leaderless,50
2026-04-03T20:56:30.183167-07:00,read,key-8,1.185,37,false,leaderless,50
2026-04-03T20:56:30.184269-07:00,read,key-3,0.818,30,false,leaderless,50
2026-04-03T20:56:30.183195-07:00,write,key-7,818.985,40,false,leaderless,50
2026-04-03T20:56:30.180208-07:00,write,key-9,825.295,38,false,leaderless,50
2026-04-03T20:56:30.180025-07:00,write,key-4,826.196,48,false,leaderless,50
2026-04-03T20:56:30.179999-07:00,write,key-1,826.347,58,false,leaderless,50
2026-04-03T20:56:30.184354-07:00,write,key-7,822.087,41,false,leaderless,50
2026-04-03T20:56:30.185088-07:00,write,key-1,821.492,61,false,leaderless,50
2026-04-03T20:56:30.184337-07:00,write,key-3,822.366,32,false,leaderless,50
2026-04-03T20:56:30.180191-07:00,write,key-0,826.620,45,false,leaderless,50
2026-04-03T20:56:30.179974-07:00,write,key-4,826.916,47,false,leaderless,50
2026-04-03T20:56:30.183179-07:00,write,key-1,823.766,59,false,leaderless,50
2026-04-03T20:56:30.179995-07:00,write,key-8,826.963,38,false,leaderless,50
2026-04-03T20:56:30.183221-07:00,write,key-1,823.777,60,false,leaderless,50
2026-04-03T20:56:30.181211-07:00,write,key-7,825.883,37,false,leaderless,50
2026-04-03T20:56:30.181249-07:00,write,key-7,825.890,39,false,leaderless,50
2026-04-03T20:56:30.181198-07:00,write,key-7,826.000,38,false,leaderless,50
2026-04-03T20:56:30.184237-07:00,write,key-8,823.061,39,false,leaderless,50
2026-04-03T20:56:30.18056-07:00,write,key-9,826.815,39,false,leaderless,50
2026-04-03T20:56:30.183228-07:00,write,key-9,824.191,40,false,leaderless,50
2026-04-03T20:56:30.180199-07:00,write,key-3,827.381,31,false,leaderless,50
2026-04-03T20:56:30.180082-07:00,write,key-1,827.528,57,false,leaderless,50
2026-04-03T20:56:31.005505-07:00,read,key-4,4.067,48,false,leaderless,50
2026-04-03T20:56:31.007197-07:00,read,key-2,2.406,43,false,leaderless,50
2026-04-03T20:56:31.006346-07:00,read,key-5,3.313,57,false,leaderless,50
2026-04-03T20:56:31.007138-07:00,read,key-5,2.560,57,false,leaderless,50
2026-04-03T20:56:31.006221-07:00,read,key-5,3.618,57,false,leaderless,50
2026-04-03T20:56:31.002191-07:00,read,key-1,7.682,61,false,leaderless,50
2026-04-03T20:56:31.00658-07:00,read,key-2,3.321,43,false,leaderless,50
2026-04-03T20:56:31.006441-07:00,read,key-7,3.560,41,false,leaderless,50
2026-04-03T20:56:31.007579-07:00,read,key-1,2.966,61,false,leaderless,50
2026-04-03T20:56:31.010002-07:00,read,key-9,0.572,40,false,leaderless,50
2026-04-03T20:56:31.009577-07:00,read,key-9,1.022,40,false,leaderless,50
2026-04-03T20:56:31.010576-07:00,read,key-5,1.231,57,false,leaderless,50
2026-04-03T20:56:31.009606-07:00,read,key-1,2.203,61,false,leaderless,50
2026-04-03T20:56:31.007094-07:00,read,key-4,6.053,48,false,leaderless,50
2026-04-03T20:56:31.010602-07:00,read,key-0,3.015,47,false,leaderless,50
2026-04-03T20:56:31.0097-07:00,read,key-1,3.981,63,false,leaderless,50
2026-04-03T20:56:31.009903-07:00,read,key-2,3.790,44,false,leaderless,50
2026-04-03T20:56:31.013695-07:00,read,key-5,0.464,57,false,leaderless,50
2026-04-03T20:56:31.006811-07:00,write,key-9,816.492,41,false,leaderless,50
2026-04-03T20:56:31.009877-07:00,write,key-7,813.537,43,false,leaderless,50
2026-04-03T20:56:31.007375-07:00,write,key-8,816.107,40,false,leaderless,50
2026-04-03T20:56:31.006944-07:00,write,key-0,816.596,46,false,leaderless,50
2026-04-03T20:56:31.009842-07:00,write,key-3,814.054,33,false,leaderless,50
2026-04-03T20:56:31.006998-07:00,write,key-6,816.934,45,false,leaderless,50
2026-04-03T20:56:31.011809-07:00,write,key-5,812.159,58,false,leaderless,50
2026-04-03T20:56:31.013619-07:00,write,key-4,810.386,49,false,leaderless,50
2026-04-03T20:56:31.011812-07:00,write,key-9,812.234,43,false,leaderless,50
2026-04-03T20:56:31.014161-07:00,write,key-7,809.921,45,false,leaderless,50
2026-04-03T20:56:31.006703-07:00,write,key-2,817.610,44,false,leaderless,50
2026-04-03T20:56:31.007609-07:00,write,key-6,816.737,46,false,leaderless,50
2026-04-03T20:56:31.013683-07:00,write,key-0,810.724,48,false,leaderless,50
2026-04-03T20:56:31.007418-07:00,write,key-0,817.008,47,false,leaderless,50
2026-04-03T20:56:31.013149-07:00,write,key-2,811.314,45,false,leaderless,50
2026-04-03T20:56:31.006959-07:00,write,key-1,817.561,63,false,leaderless,50
2026-04-03T20:56:31.010548-07:00,write,key-7,813.975,42,false,leaderless,50
2026-04-03T20:56:31.007299-07:00,write,key-9,817.262,42,false,leaderless,50
2026-04-03T20:56:31.006889-07:00,write,key-1,817.675,62,false,leaderless,50
2026-04-03T20:56:31.009663-07:00,write,key-7,814.946,44,false,leaderless,50
2026-04-03T20:56:31.823968-07:00,read,key-2,8.343,45,false,leaderless,50
2026-04-03T20:56:31.823305-07:00,read,key-0,9.010,48,false,leaderless,50
2026-04-03T20:56:31.823895-07:00,read,key-2,8.481,45,false,leaderless,50
2026-04-03T20:56:31.824425-07:00,read,key-7,8.088,45,false,leaderless,50
2026-04-03T20:56:31.824004-07:00,read,key-1,8.572,63,false,leaderless,50
2026-04-03T20:56:31.823539-07:00,read,key-2,9.041,45,false,leaderless,50
2026-04-03T20:56:31.824609-07:00,read,key-3,8.034,33,false,leaderless,50
2026-04-03T20:56:31.824406-07:00,read,key-5,7.905,58,false,leaderless,50
2026-04-03T20:56:31.824312-07:00,read,key-6,9.609,47,false,leaderless,50
2026-04-03T20:56:31.832316-07:00,read,key-5,1.751,58,false,leaderless,50
2026-04-03T20:56:31.82456-07:00,read,key-3,9.678,33,false,leaderless,50
2026-04-03T20:56:31.824462-07:00,read,key-9,9.837,43,false,leaderless,50
2026-04-03T20:56:31.832645-07:00,read,key-0,1.657,48,false,leaderless,50
2026-04-03T20:56:31.832578-07:00,read,key-0,1.755,48,false,leaderless,50
2026-04-03T20:56:31.824522-07:00,read,key-5,9.857,58,false,leaderless,50
2026-04-03T20:56:31.824346-07:00,read,key-0,10.038,48,false,leaderless,50
2026-04-03T20:56:31.832582-07:00,read,key-0,1.950,48,false,leaderless,50
2026-04-03T20:56:31.833923-07:00,read,key-3,0.618,33,false,leaderless,50
2026-04-03T20:56:31.834069-07:00,read,key-7,0.515,45,false,leaderless,50
2026-04-03T20:56:31.834303-07:00,read,key-6,0.444,46,false,leaderless,50
2026-04-03T20:56:31.834302-07:00,read,key-5,0.473,58,false,leaderless,50
2026-04-03T20:56:31.834749-07:00,read,key-1,0.741,63,false,leaderless,50
2026-04-03T20:56:31.834542-07:00,read,key-6,3.984,48,false,leaderless,50
2026-04-03T20:56:31.823932-07:00,write,key-6,829.834,47,false,leaderless,50
2026-04-03T20:56:31.823481-07:00,write,key-7,830.370,46,false,leaderless,50
2026-04-03T20:56:31.824563-07:00,write,key-4,829.437,50,false,leaderless,50
2026-04-03T20:56:31.834334-07:00,write,key-1,819.735,66,false,leaderless,50
2026-04-03T20:56:31.834585-07:00,write,key-5,819.525,60,false,leaderless,50
2026-04-03T20:56:31.824519-07:00,write,key-2,829.645,46,false,leaderless,50
2026-04-03T20:56:31.834386-07:00,write,key-2,819.788,47,false,leaderless,50
2026-04-03T20:56:31.834239-07:00,write,key-0,820.012,50,false,leaderless,50
2026-04-03T20:56:31.834382-07:00,write,key-0,819.948,49,false,leaderless,50
2026-04-03T20:56:31.834533-07:00,write,key-7,819.918,47,false,leaderless,50
2026-04-03T20:56:31.838527-07:00,write,key-6,815.992,49,false,leaderless,50
2026-04-03T20:56:31.824045-07:00,write,key-4,830.519,51,false,leaderless,50
2026-04-03T20:56:31.832318-07:00,write,key-6,822.302,48,false,leaderless,50
2026-04-03T20:56:31.835491-07:00,write,key-9,819.155,45,false,leaderless,50
2026-04-03T20:56:31.832515-07:00,write,key-9,822.197,44,false,leaderless,50
2026-04-03T20:56:31.832684-07:00,write,key-1,822.045,65,false,leaderless,50
2026-04-03T20:56:31.834776-07:00,write,key-0,819.991,51,false,leaderless,50
2026-04-03T20:56:31.823414-07:00,write,key-1,831.387,64,false,leaderless,50
2026-04-03T20:56:31.832378-07:00,write,key-5,822.466,59,false,leaderless,50
2026-04-03T20:56:31.824081-07:00,write,key-4,830.805,52,false,leaderless,50
2026-04-03T20:56:32.65433-07:00,read,key-0,4.965,51,false,leaderless,50
2026-04-03T20:56:32.653999-07:00,read,key-5,5.444,60,false,leaderless,50
2026-04-03T20:56:32.654565-07:00,read,key-2,4.989,47,false,leaderless,50
2026-04-03T20:56:32.654071-07:00,read,key-4,5.530,55,false,leaderless,50
2026-04-03T20:56:32.653852-07:00,read,key-9,5.745,46,false,leaderless,50
2026-04-03T20:56:32.654174-07:00,read,key-8,5.480,40,false,leaderless,50
2026-04-03T20:56:32.659605-07:00,read,key-8,1.129,40,false,leaderless,50
2026-04-03T20:56:32.654767-07:00,read,key-7,6.019,47,false,leaderless,50
2026-04-03T20:56:32.659298-07:00,read,key-8,1.516,40,false,leaderless,50
2026-04-03T20:56:32.659656-07:00,read,key-1,1.886,66,false,leaderless,50
2026-04-03T20:56:32.660737-07:00,read,key-7,1.130,47,false,leaderless,50
2026-04-03T20:56:32.659603-07:00,read,key-1,3.781,66,false,leaderless,50
2026-04-03T20:56:32.663388-07:00,read,key-3,0.678,33,false,leaderless,50
2026-04-03T20:56:32.664068-07:00,read,key-4,0.540,52,false,leaderless,50
2026-04-03T20:56:32.654451-07:00,write,key-4,827.435,53,false,leaderless,50
2026-04-03T20:56:32.654712-07:00,write,key-6,827.298,50,false,leaderless,50
2026-04-03T20:56:32.660789-07:00,write,key-9,821.287,47,false,leaderless,50
2026-04-03T20:56:32.65378-07:00,write,key-4,828.355,55,false,leaderless,50
2026-04-03T20:56:32.654886-07:00,write,key-8,827.304,42,false,leaderless,50
2026-04-03T20:56:32.654801-07:00,write,key-5,827.436,61,false,leaderless,50
2026-04-03T20:56:32.654728-07:00,write,key-8,827.561,41,false,leaderless,50
2026-04-03T20:56:32.654619-07:00,write,key-9,827.729,46,false,leaderless,50
2026-04-03T20:56:32.65411-07:00,write,key-6,828.290,51,false,leaderless,50
2026-04-03T20:56:32.66461-07:00,write,key-7,817.828,50,false,leaderless,50
2026-04-03T20:56:32.654518-07:00,write,key-3,827.998,34,false,leaderless,50
2026-04-03T20:56:32.659555-07:00,write,key-5,823.002,62,false,leaderless,50
2026-04-03T20:56:32.65425-07:00,write,key-4,828.313,54,false,leaderless,50
2026-04-03T20:56:32.654164-07:00,write,key-3,828.477,35,false,leaderless,50
2026-04-03T20:56:32.661544-07:00,write,key-1,821.167,67,false,leaderless,50
2026-04-03T20:56:32.660816-07:00,write,key-6,821.981,52,false,leaderless,50
2026-04-03T20:56:32.659446-07:00,write,key-8,823.483,43,false,leaderless,50
2026-04-03T20:56:32.661869-07:00,write,key-5,821.165,63,false,leaderless,50
2026-04-03T20:56:32.654647-07:00,write,key-7,828.472,48,false,leaderless,50
2026-04-03T20:56:32.654844-07:00,write,key-7,828.905,49,false,leaderless,50
2026-04-03T20:56:33.482134-07:00,read,key-9,5.803,47,false,leaderless,50
2026-04-03T20:56:33.482516-07:00,read,key-0,5.444,51,false,leaderless,50
2026-04-03T20:56:33.482288-07:00,read,key-7,5.693,50,false,leaderless,50
2026-04-03T20:56:33.482711-07:00,read,key-9,5.291,47,false,leaderless,50
2026-04-03T20:56:33.482641-07:00,read,key-3,5.381,35,false,leaderless,50
2026-04-03T20:56:33.482012-07:00,read,key-8,6.021,43,false,leaderless,50
2026-04-03T20:56:33.482438-07:00,read,key-2,5.630,47,false,leaderless,50
2026-04-03T20:56:33.482076-07:00,read,key-1,6.023,67,false,leaderless,50
2026-04-03T20:56:33.488004-07:00,read,key-6,1.118,54,false,leaderless,50
2026-04-03T20:56:33.487983-07:00,read,key-3,1.178,35,false,leaderless,50
2026-04-03T20:56:33.487962-07:00,read,key-2,1.416,48,false,leaderless,50
2026-04-03T20:56:33.482927-07:00,read,key-4,6.965,55,false,leaderless,50
2026-04-03T20:56:33.489164-07:00,read,key-9,0.952,47,false,leaderless,50
2026-04-03T20:56:33.489125-07:00,read,key-6,1.058,52,false,leaderless,50
2026-04-03T20:56:33.488037-07:00,read,key-1,2.157,67,false,leaderless,50
2026-04-03T20:56:33.48807-07:00,read,key-0,2.915,52,false,leaderless,50
2026-04-03T20:56:33.489381-07:00,read,key-8,2.329,45,false,leaderless,50
2026-04-03T20:56:33.490119-07:00,read,key-8,1.976,45,false,leaderless,50
2026-04-03T20:56:33.489894-07:00,read,key-4,2.469,56,false,leaderless,50
2026-04-03T20:56:33.492096-07:00,read,key-8,0.348,45,false,leaderless,50
2026-04-03T20:56:33.492448-07:00,read,key-1,0.435,67,false,leaderless,50
2026-04-03T20:56:33.482191-07:00,write,key-0,820.579,52,false,leaderless,50
2026-04-03T20:56:33.482557-07:00,write,key-8,820.539,44,false,leaderless,50
2026-04-03T20:56:33.491712-07:00,write,key-4,811.817,56,false,leaderless,50
2026-04-03T20:56:33.483034-07:00,write,key-7,820.498,51,false,leaderless,50
2026-04-03T20:56:33.482563-07:00,write,key-8,821.033,45,false,leaderless,50
2026-04-03T20:56:33.482236-07:00,write,key-9,821.453,48,false,leaderless,50
2026-04-03T20:56:33.483749-07:00,write,key-6,820.033,53,false,leaderless,50
2026-04-03T20:56:33.488103-07:00,write,key-0,815.698,53,false,leaderless,50
2026-04-03T20:56:33.487941-07:00,write,key-2,815.896,49,false,leaderless,50
2026-04-03T20:56:33.492884-07:00,write,key-8,811.001,46,false,leaderless,50
2026-04-03T20:56:33.483118-07:00,write,key-5,820.884,64,false,leaderless,50
2026-04-03T20:56:33.490987-07:00,write,key-0,813.151,54,false,leaderless,50
2026-04-03T20:56:33.482797-07:00,write,key-6,821.410,54,false,leaderless,50
2026-04-03T20:56:33.481896-07:00,write,key-2,822.402,48,false,leaderless,50
2026-04-03T20:56:33.490198-07:00,write,key-6,814.177,55,false,leaderless,50
2026-04-03T20:56:33.490185-07:00,write,key-5,814.264,66,false,leaderless,50
2026-04-03T20:56:33.488024-07:00,write,key-9,816.456,49,false,leaderless,50
2026-04-03T20:56:33.492365-07:00,write,key-4,812.217,57,false,leaderless,50
2026-04-03T20:56:33.482348-07:00,write,key-5,822.237,65,false,leaderless,50
2026-04-03T20:56:33.4824-07:00,write,key-7,822.223,52,false,leaderless,50
2026-04-03T20:56:34.304206-07:00,read,key-0,1.028,54,false,leaderless,50
2026-04-03T20:56:34.303595-07:00,read,key-3,1.737,35,false,leaderless,50
2026-04-03T20:56:34.303529-07:00,read,key-1,1.909,67,false,leaderless,50
2026-04-03T20:56:34.303096-07:00,read,key-0,2.429,54,false,leaderless,50
2026-04-03T20:56:34.30448-07:00,read,key-9,1.372,49,false,leaderless,50
2026-04-03T20:56:34.304585-07:00,read,key-7,1.617,52,false,leaderless,50
2026-04-03T20:56:34.305238-07:00,read,key-4,1.074,57,false,leaderless,50
2026-04-03T20:56:34.304298-07:00,read,key-0,2.030,54,false,leaderless,50
2026-04-03T20:56:34.306313-07:00,read,key-8,3.945,48,false,leaderless,50
2026-04-03T20:56:34.31026-07:00,read,key-8,0.457,46,false,leaderless,50
2026-04-03T20:56:34.303837-07:00,write,key-7,818.675,53,false,leaderless,50
2026-04-03T20:56:34.3038-07:00,write,key-0,818.768,55,false,leaderless,50
2026-04-03T20:56:34.303781-07:00,write,key-6,818.881,56,false,leaderless,50
2026-04-03T20:56:34.304581-07:00,write,key-1,818.144,68,false,leaderless,50
2026-04-03T20:56:34.303689-07:00,write,key-5,819.093,67,false,leaderless,50
2026-04-03T20:56:34.305854-07:00,write,key-1,817.012,69,false,leaderless,50
2026-04-03T20:56:34.30553-07:00,write,key-8,817.359,48,false,leaderless,50
2026-04-03T20:56:34.304001-07:00,write,key-9,818.947,50,false,leaderless,50
2026-04-03T20:56:34.304375-07:00,write,key-7,818.601,55,false,leaderless,50
2026-04-03T20:56:34.306205-07:00,write,key-9,816.829,52,false,leaderless,50
2026-04-03T20:56:34.304138-07:00,write,key-8,819.019,47,false,leaderless,50
2026-04-03T20:56:34.304448-07:00,write,key-7,818.967,54,false,leaderless,50
2026-04-03T20:56:34.30633-07:00,write,key-9,817.129,51,false,leaderless,50
2026-04-03T20:56:34.304623-07:00,write,key-6,818.884,57,false,leaderless,50
2026-04-03T20:56:34.310719-07:00,write,key-5,812.876,68,false,leaderless,50
2026-04-03T20:56:34.305441-07:00,write,key-3,818.250,38,false,leaderless,50
2026-04-03T20:56:34.302781-07:00,write,key-3,820.915,37,false,leaderless,50
2026-04-03T20:56:34.303886-07:00,write,key-3,819.897,36,false,leaderless,50
2026-04-03T20:56:34.303532-07:00,write,key-0,820.273,56,false,leaderless,50
2026-04-03T20:56:34.305335-07:00,write,key-7,818.487,56,false,leaderless,50
2026-04-03T20:56:35.122569-07:00,read,key-5,1.317,68,false,leaderless,50
2026-04-03T20:56:35.122725-07:00,read,key-9,1.311,52,false,leaderless,50
2026-04-03T20:56:35.122948-07:00,read,key-0,1.093,56,false,leaderless,50
2026-04-03T20:56:35.122521-07:00,read,key-9,1.615,52,false,leaderless,50
2026-04-03T20:56:35.123506-07:00,read,key-9,1.523,52,false,leaderless,50
2026-04-03T20:56:35.123458-07:00,read,key-7,1.635,56,false,leaderless,50
2026-04-03T20:56:35.123594-07:00,read,key-1,1.554,69,false,leaderless,50
2026-04-03T20:56:35.124043-07:00,read,key-9,1.245,52,false,leaderless,50
2026-04-03T20:56:35.123782-07:00,read,key-6,1.555,57,false,leaderless,50
2026-04-03T20:56:35.123696-07:00,read,key-7,1.650,56,false,leaderless,50
2026-04-03T20:56:35.123691-07:00,read,key-9,1.722,52,false,leaderless,50
2026-04-03T20:56:35.123156-07:00,read,key-3,2.273,38,false,leaderless,50
2026-04-03T20:56:35.123821-07:00,read,key-6,1.875,57,false,leaderless,50
2026-04-03T20:56:35.12414-07:00,read,key-2,1.822,49,false,leaderless,50
2026-04-03T20:56:35.125349-07:00,read,key-9,0.686,52,false,leaderless,50
2026-04-03T20:56:35.125431-07:00,read,key-7,0.649,56,false,leaderless,50
2026-04-03T20:56:35.1257-07:00,read,key-5,0.603,68,false,leaderless,50
2026-04-03T20:56:35.126082-07:00,read,key-5,0.242,68,false,leaderless,50
2026-04-03T20:56:35.125339-07:00,read,key-0,1.005,56,false,leaderless,50
2026-04-03T20:56:35.125993-07:00,read,key-0,0.411,56,false,leaderless,50
2026-04-03T20:56:35.126345-07:00,read,key-1,0.571,69,false,leaderless,50
2026-04-03T20:56:35.126918-07:00,read,key-9,0.840,52,false,leaderless,50
2026-04-03T20:56:35.125031-07:00,read,key-1,3.827,72,false,leaderless,50
2026-04-03T20:56:35.125095-07:00,read,key-2,3.952,51,false,leaderless,50
2026-04-03T20:56:35.128882-07:00,read,key-0,0.465,56,false,leaderless,50
2026-04-03T20:56:35.129048-07:00,read,key-7,0.520,56,false,leaderless,50
2026-04-03T20:56:35.12957-07:00,read,key-8,0.328,48,false,leaderless,50
2026-04-03T20:56:35.124038-07:00,write,key-8,818.271,52,false,leaderless,50
2026-04-03T20:56:35.122976-07:00,write,key-1,819.392,71,false,leaderless,50
2026-04-03T20:56:35.123889-07:00,write,key-0,818.502,57,false,leaderless,50
2026-04-03T20:56:35.123804-07:00,write,key-2,818.763,51,false,leaderless,50
2026-04-03T20:56:35.12515-07:00,write,key-1,817.461,72,false,leaderless,50
2026-04-03T20:56:35.122866-07:00,write,key-1,819.748,70,false,leaderless,50
2026-04-03T20:56:35.1299-07:00,write,key-5,813.030,72,false,leaderless,50
2026-04-03T20:56:35.12776-07:00,write,key-5,815.248,71,false,leaderless,50
2026-04-03T20:56:35.126304-07:00,write,key-5,816.804,70,false,leaderless,50
2026-04-03T20:56:35.126407-07:00,write,key-0,816.834,58,false,leaderless,50
2026-04-03T20:56:35.125415-07:00,write,key-8,817.943,51,false,leaderless,50
2026-04-03T20:56:35.126037-07:00,write,key-7,817.372,57,false,leaderless,50
2026-04-03T20:56:35.122662-07:00,write,key-2,821.555,50,false,leaderless,50
2026-04-03T20:56:35.129348-07:00,write,key-0,814.939,59,false,leaderless,50
2026-04-03T20:56:35.123414-07:00,write,key-3,820.904,39,false,leaderless,50
2026-04-03T20:56:35.122889-07:00,write,key-8,821.473,50,false,leaderless,50
2026-04-03T20:56:35.122782-07:00,write,key-6,821.621,58,false,leaderless,50
2026-04-03T20:56:35.12529-07:00,write,key-5,819.186,69,false,leaderless,50
2026-04-03T20:56:35.126325-07:00,write,key-8,818.165,53,false,leaderless,50
2026-04-03T20:56:35.123033-07:00,write,key-8,821.475,49,false,leaderless,50
2026-04-03T20:56:35.943356-07:00,read,key-8,4.069,53,false,leaderless,50
2026-04-03T20:56:35.942929-07:00,read,key-5,4.642,72,false,leaderless,50
2026-04-03T20:56:35.943108-07:00,read,key-4,4.558,57,false,leaderless,50
2026-04-03T20:56:35.943409-07:00,read,key-0,4.301,59,false,leaderless,50
2026-04-03T20:56:35.942566-07:00,read,key-0,5.249,59,false,leaderless,50
2026-04-03T20:56:35.944402-07:00,read,key-4,8.098,57,false,leaderless,50
2026-04-03T20:56:35.944475-07:00,read,key-1,8.117,72,false,leaderless,50
2026-04-03T20:56:35.947817-07:00,read,key-5,5.081,72,false,leaderless,50
2026-04-03T20:56:35.944488-07:00,read,key-0,8.582,59,false,leaderless,50
2026-04-03T20:56:35.952899-07:00,read,key-5,1.480,72,false,leaderless,50
2026-04-03T20:56:35.953073-07:00,read,key-4,1.858,57,false,leaderless,50
2026-04-03T20:56:35.954381-07:00,read,key-4,0.958,57,false,leaderless,50
2026-04-03T20:56:35.947712-07:00,read,key-9,8.094,52,false,leaderless,50
2026-04-03T20:56:35.947426-07:00,read,key-6,8.514,59,false,leaderless,50
2026-04-03T20:56:35.952503-07:00,read,key-5,3.444,72,false,leaderless,50
2026-04-03T20:56:35.955942-07:00,read,key-0,1.409,59,false,leaderless,50
2026-04-03T20:56:35.95595-07:00,read,key-2,1.498,51,false,leaderless,50
2026-04-03T20:56:35.95581-07:00,read,key-9,1.758,52,false,leaderless,50
2026-04-03T20:56:35.957353-07:00,read,key-9,1.491,52,false,leaderless,50
2026-04-03T20:56:35.958846-07:00,read,key-4,1.186,57,false,leaderless,50
2026-04-03T20:56:35.960034-07:00,read,key-6,0.800,58,false,leaderless,50
2026-04-03T20:56:35.944317-07:00,write,key-8,814.855,54,false,leaderless,50
2026-04-03T20:56:35.942367-07:00,write,key-7,816.896,58,false,leaderless,50
2026-04-03T20:56:35.943006-07:00,write,key-3,816.308,40,false,leaderless,50
2026-04-03T20:56:35.944286-07:00,write,key-3,815.065,42,false,leaderless,50
2026-04-03T20:56:35.944361-07:00,write,key-4,815.002,59,false,leaderless,50
2026-04-03T20:56:35.942389-07:00,write,key-4,817.050,58,false,leaderless,50
2026-04-03T20:56:35.942613-07:00,write,key-0,816.828,61,false,leaderless,50
2026-04-03T20:56:35.942311-07:00,write,key-2,817.190,52,false,leaderless,50
2026-04-03T20:56:35.944215-07:00,write,key-6,815.334,59,false,leaderless,50
2026-04-03T20:56:35.94261-07:00,write,key-7,817.007,59,false,leaderless,50
2026-04-03T20:56:35.943241-07:00,write,key-0,816.423,60,false,leaderless,50
2026-04-03T20:56:35.944506-07:00,write,key-3,815.205,41,false,leaderless,50
2026-04-03T20:56:35.95745-07:00,write,key-3,804.520,45,false,leaderless,50
2026-04-03T20:56:35.955341-07:00,write,key-3,806.712,43,false,leaderless,50
2026-04-03T20:56:35.95757-07:00,write,key-3,804.557,44,false,leaderless,50
2026-04-03T20:56:35.952594-07:00,write,key-9,809.589,53,false,leaderless,50
2026-04-03T20:56:35.947668-07:00,write,key-6,814.581,60,false,leaderless,50
2026-04-03T20:56:36.759351-07:00,read,key-9,2.960,53,false,leaderless,50
2026-04-03T20:56:36.759439-07:00,read,key-3,2.898,45,false,leaderless,50
2026-04-03T20:56:35.954941-07:00,write,key-0,807.422,62,false,leaderless,50
2026-04-03T20:56:35.947573-07:00,write,key-4,814.852,60,false,leaderless,50
2026-04-03T20:56:36.759709-07:00,read,key-5,3.682,73,false,leaderless,50
2026-04-03T20:56:36.759549-07:00,read,key-8,3.906,54,false,leaderless,50
2026-04-03T20:56:36.759362-07:00,read,key-9,4.345,53,false,leaderless,50
2026-04-03T20:56:36.759441-07:00,read,key-1,4.361,72,false,leaderless,50
2026-04-03T20:56:36.761971-07:00,read,key-0,1.880,63,false,leaderless,50
2026-04-03T20:56:36.762423-07:00,read,key-2,1.503,52,false,leaderless,50
2026-04-03T20:56:36.762362-07:00,read,key-1,1.640,72,false,leaderless,50
2026-04-03T20:56:36.762182-07:00,read,key-7,1.827,59,false,leaderless,50
2026-04-03T20:56:36.762052-07:00,read,key-1,1.968,72,false,leaderless,50
2026-04-03T20:56:36.763803-07:00,read,key-0,0.537,62,false,leaderless,50
2026-04-03T20:56:36.763708-07:00,read,key-8,0.643,54,false,leaderless,50
2026-04-03T20:56:36.763927-07:00,read,key-3,0.563,45,false,leaderless,50
2026-04-03T20:56:36.764341-07:00,read,key-5,0.416,73,false,leaderless,50
2026-04-03T20:56:36.764353-07:00,read,key-0,0.424,62,false,leaderless,50
2026-04-03T20:56:36.764492-07:00,read,key-5,0.659,73,false,leaderless,50
2026-04-03T20:56:36.764778-07:00,read,key-6,0.402,60,false,leaderless,50
2026-04-03T20:56:36.765153-07:00,read,key-5,0.247,73,false,leaderless,50
2026-04-03T20:56:36.765401-07:00,read,key-1,0.297,72,false,leaderless,50
2026-04-03T20:56:36.7657-07:00,read,key-6,0.232,60,false,leaderless,50
2026-04-03T20:56:36.765933-07:00,read,key-3,0.212,45,false,leaderless,50
2026-04-03T20:56:36.766145-07:00,read,key-5,0.206,73,false,leaderless,50
2026-04-03T20:56:36.766352-07:00,read,key-8,0.338,54,false,leaderless,50
2026-04-03T20:56:35.960835-07:00,write,key-5,806.433,73,false,leaderless,50
2026-04-03T20:56:36.764004-07:00,read,key-5,3.557,74,false,leaderless,50
2026-04-03T20:56:36.767562-07:00,read,key-2,0.246,52,false,leaderless,50
2026-04-03T20:56:36.767268-07:00,read,key-8,0.601,54,false,leaderless,50
2026-04-03T20:56:36.767871-07:00,read,key-8,0.284,55,false,leaderless,50
2026-04-03T20:56:36.759263-07:00,write,key-9,822.611,54,false,leaderless,50
2026-04-03T20:56:36.764759-07:00,write,key-7,817.115,63,false,leaderless,50
2026-04-03T20:56:36.762126-07:00,write,key-4,819.992,62,false,leaderless,50
2026-04-03T20:56:36.763456-07:00,write,key-8,818.683,55,false,leaderless,50
2026-04-03T20:56:36.759173-07:00,write,key-7,823.018,61,false,leaderless,50
2026-04-03T20:56:36.759616-07:00,write,key-4,822.612,61,false,leaderless,50
2026-04-03T20:56:36.762247-07:00,write,key-6,820.031,62,false,leaderless,50
2026-04-03T20:56:36.765181-07:00,write,key-0,817.131,64,false,leaderless,50
2026-04-03T20:56:36.759313-07:00,write,key-0,823.175,63,false,leaderless,50
2026-04-03T20:56:36.768156-07:00,write,key-6,814.466,64,false,leaderless,50
2026-04-03T20:56:36.759501-07:00,write,key-9,823.166,55,false,leaderless,50
2026-04-03T20:56:36.764011-07:00,write,key-5,818.690,74,false,leaderless,50
2026-04-03T20:56:36.762339-07:00,write,key-6,820.410,61,false,leaderless,50
2026-04-03T20:56:36.759663-07:00,write,key-7,823.133,60,false,leaderless,50
2026-04-03T20:56:36.767809-07:00,write,key-3,814.990,46,false,leaderless,50
2026-04-03T20:56:36.763394-07:00,write,key-2,819.449,53,false,leaderless,50
2026-04-03T20:56:36.766692-07:00,write,key-2,816.177,54,false,leaderless,50
2026-04-03T20:56:36.762313-07:00,write,key-7,820.559,62,false,leaderless,50
2026-04-03T20:56:36.764021-07:00,write,key-5,818.933,75,false,leaderless,50
2026-04-03T20:56:36.763853-07:00,write,key-6,819.138,63,false,leaderless,50
2026-04-03T20:56:37.582487-07:00,read,key-7,1.563,63,false,leaderless,50
2026-04-03T20:56:37.582278-07:00,read,key-5,1.936,75,false,leaderless,50
2026-04-03T20:56:37.581885-07:00,read,key-7,2.396,63,false,leaderless,50
2026-04-03T20:56:37.582701-07:00,read,key-0,1.631,64,false,leaderless,50
2026-04-03T20:56:37.582749-07:00,read,key-7,1.656,63,false,leaderless,50
2026-04-03T20:56:37.582117-07:00,read,key-9,2.647,55,false,leaderless,50
2026-04-03T20:56:37.582868-07:00,read,key-1,1.965,72,false,leaderless,50
2026-04-03T20:56:37.584407-07:00,read,key-1,0.617,72,false,leaderless,50
2026-04-03T20:56:37.584286-07:00,read,key-5,0.874,75,false,leaderless,50
2026-04-03T20:56:37.585025-07:00,read,key-4,2.363,62,false,leaderless,50
2026-04-03T20:56:37.584217-07:00,read,key-4,3.751,65,false,leaderless,50
2026-04-03T20:56:37.584054-07:00,read,key-2,4.229,56,false,leaderless,50
2026-04-03T20:56:37.582843-07:00,write,key-4,814.818,65,false,leaderless,50
2026-04-03T20:56:37.582228-07:00,write,key-4,815.565,63,false,leaderless,50
2026-04-03T20:56:37.584836-07:00,write,key-2,813.029,56,false,leaderless,50
2026-04-03T20:56:37.582872-07:00,write,key-6,815.451,68,false,leaderless,50
2026-04-03T20:56:37.582799-07:00,write,key-7,815.618,64,false,leaderless,50
2026-04-03T20:56:37.58739-07:00,write,key-9,811.079,56,false,leaderless,50
2026-04-03T20:56:37.582667-07:00,write,key-4,815.834,64,false,leaderless,50
2026-04-03T20:56:37.582191-07:00,write,key-8,816.337,56,false,leaderless,50
2026-04-03T20:56:37.587971-07:00,write,key-4,810.571,67,false,leaderless,50
2026-04-03T20:56:37.582954-07:00,write,key-8,815.614,57,false,leaderless,50
2026-04-03T20:56:37.582621-07:00,write,key-6,816.005,66,false,leaderless,50
2026-04-03T20:56:37.584767-07:00,write,key-7,813.937,65,false,leaderless,50
2026-04-03T20:56:37.58299-07:00,write,key-1,815.788,74,false,leaderless,50
2026-04-03T20:56:37.582139-07:00,write,key-6,816.692,65,false,leaderless,50
2026-04-03T20:56:37.582071-07:00,write,key-1,816.797,73,false,leaderless,50
2026-04-03T20:56:37.588284-07:00,write,key-2,810.640,57,false,leaderless,50
2026-04-03T20:56:37.585162-07:00,write,key-6,813.787,69,false,leaderless,50
2026-04-03T20:56:37.582312-07:00,write,key-2,816.657,55,false,leaderless,50
2026-04-03T20:56:37.584334-07:00,write,key-4,814.671,66,false,leaderless,50
2026-04-03T20:56:37.582797-07:00,write,key-6,816.243,67,false,leaderless,50
2026-04-03T20:56:38.398527-07:00,read,key-4,1.780,67,false,leaderless,50
2026-04-03T20:56:38.398323-07:00,read,key-3,2.022,46,false,leaderless,50
2026-04-03T20:56:38.398703-07:00,read,key-4,1.713,67,false,leaderless,50
2026-04-03T20:56:38.397664-07:00,read,key-0,2.773,64,false,leaderless,50
2026-04-03T20:56:38.398777-07:00,read,key-6,1.699,69,false,leaderless,50
2026-04-03T20:56:38.398968-07:00,read,key-2,1.545,57,false,leaderless,50
2026-04-03T20:56:38.397865-07:00,read,key-9,2.653,56,false,leaderless,50
2026-04-03T20:56:38.398541-07:00,read,key-4,2.038,67,false,leaderless,50
2026-04-03T20:56:38.398868-07:00,read,key-9,2.293,56,false,leaderless,50
2026-04-03T20:56:38.398923-07:00,read,key-4,2.265,67,false,leaderless,50
2026-04-03T20:56:38.398625-07:00,read,key-8,2.570,57,false,leaderless,50
2026-04-03T20:56:38.398568-07:00,read,key-5,2.628,75,false,leaderless,50
2026-04-03T20:56:38.400514-07:00,read,key-0,0.701,64,false,leaderless,50
2026-04-03T20:56:38.399004-07:00,read,key-2,2.218,57,false,leaderless,50
2026-04-03T20:56:38.398948-07:00,read,key-3,3.159,46,false,leaderless,50
2026-04-03T20:56:38.401163-07:00,read,key-3,0.955,46,false,leaderless,50
2026-04-03T20:56:38.400478-07:00,read,key-3,1.667,46,false,leaderless,50
2026-04-03T20:56:38.401225-07:00,read,key-9,0.924,56,false,leaderless,50
2026-04-03T20:56:38.401199-07:00,read,key-0,1.267,64,false,leaderless,50
2026-04-03T20:56:38.400519-07:00,read,key-7,2.047,65,false,leaderless,50
2026-04-03T20:56:38.402568-07:00,read,key-8,0.676,57,false,leaderless,50
2026-04-03T20:56:38.402152-07:00,read,key-0,1.249,64,false,leaderless,50
2026-04-03T20:56:38.403246-07:00,read,key-2,1.378,57,false,leaderless,50
2026-04-03T20:56:38.401217-07:00,read,key-4,3.408,67,false,leaderless,50
2026-04-03T20:56:38.400581-07:00,read,key-4,4.090,67,false,leaderless,50
2026-04-03T20:56:38.401191-07:00,read,key-9,3.551,56,false,leaderless,50
2026-04-03T20:56:38.402121-07:00,read,key-9,2.637,56,false,leaderless,50
2026-04-03T20:56:38.402147-07:00,read,key-0,2.631,64,false,leaderless,50
2026-04-03T20:56:38.404625-07:00,read,key-2,0.696,57,false,leaderless,50
2026-04-03T20:56:38.404629-07:00,read,key-3,0.736,47,false,leaderless,50
2026-04-03T20:56:38.404761-07:00,read,key-5,0.652,75,false,leaderless,50
2026-04-03T20:56:38.405367-07:00,read,key-7,0.498,65,false,leaderless,50
2026-04-03T20:56:38.404672-07:00,read,key-1,1.234,75,false,leaderless,50
2026-04-03T20:56:38.405866-07:00,read,key-0,0.356,64,false,leaderless,50
2026-04-03T20:56:38.404744-07:00,read,key-4,1.502,70,false,leaderless,50
2026-04-03T20:56:38.406224-07:00,read,key-1,1.182,74,false,leaderless,50
2026-04-03T20:56:38.406248-07:00,read,key-2,1.178,57,false,leaderless,50
2026-04-03T20:56:38.407427-07:00,read,key-4,0.674,67,false,leaderless,50
2026-04-03T20:56:38.408102-07:00,read,key-0,0.445,64,false,leaderless,50
2026-04-03T20:56:38.403402-07:00,write,key-5,808.603,78,false,leaderless,50
2026-04-03T20:56:38.402109-07:00,write,key-0,809.932,65,false,leaderless,50
2026-04-03T20:56:38.397792-07:00,write,key-5,814.213,76,false,leaderless,50
2026-04-03T20:56:38.398469-07:00,write,key-1,813.633,75,false,leaderless,50
2026-04-03T20:56:38.3985-07:00,write,key-5,813.637,77,false,leaderless,50
2026-04-03T20:56:38.39883-07:00,write,key-4,813.339,69,false,leaderless,50
2026-04-03T20:56:38.399038-07:00,write,key-4,813.160,68,false,leaderless,50
2026-04-03T20:56:38.401198-07:00,write,key-8,811.020,58,false,leaderless,50
2026-04-03T20:56:38.408551-07:00,write,key-9,807.271,58,false,leaderless,50
2026-04-03T20:56:38.405415-07:00,write,key-6,810.505,72,false,leaderless,50
2026-04-03T20:56:38.40478-07:00,write,key-4,811.202,71,false,leaderless,50
2026-04-03T20:56:39.212007-07:00,read,key-5,4.026,79,false,leaderless,50
2026-04-03T20:56:38.40044-07:00,write,key-2,815.651,58,false,leaderless,50
2026-04-03T20:56:38.400347-07:00,write,key-4,815.800,70,false,leaderless,50
2026-04-03T20:56:38.402468-07:00,write,key-8,813.730,59,false,leaderless,50
2026-04-03T20:56:38.398417-07:00,write,key-6,817.835,70,false,leaderless,50
2026-04-03T20:56:38.40031-07:00,write,key-2,816.006,59,false,leaderless,50
2026-04-03T20:56:38.400418-07:00,write,key-3,815.953,47,false,leaderless,50
2026-04-03T20:56:38.407408-07:00,write,key-9,808.994,57,false,leaderless,50
2026-04-03T20:56:38.405322-07:00,write,key-5,811.096,79,false,leaderless,50
2026-04-03T20:56:39.212077-07:00,read,key-4,4.376,71,false,leaderless,50
2026-04-03T20:56:38.405907-07:00,write,key-6,810.567,71,false,leaderless,50
2026-04-03T20:56:39.215919-07:00,read,key-3,0.791,47,false,leaderless,50
2026-04-03T20:56:39.216455-07:00,read,key-8,0.495,59,false,leaderless,50
2026-04-03T20:56:39.216473-07:00,read,key-7,0.550,65,false,leaderless,50
2026-04-03T20:56:39.216952-07:00,read,key-8,3.197,60,false,leaderless,50
2026-04-03T20:56:39.22015-07:00,read,key-4,0.380,71,false,leaderless,50
2026-04-03T20:56:39.216197-07:00,write,key-9,820.177,59,false,leaderless,50
2026-04-03T20:56:39.21637-07:00,write,key-6,820.195,73,false,leaderless,50
2026-04-03T20:56:39.216401-07:00,write,key-0,820.241,67,false,leaderless,50
2026-04-03T20:56:39.21598-07:00,write,key-9,820.717,60,false,leaderless,50
2026-04-03T20:56:39.212041-07:00,write,key-3,824.713,48,false,leaderless,50
2026-04-03T20:56:39.212217-07:00,write,key-7,825.118,66,false,leaderless,50
2026-04-03T20:56:39.216146-07:00,write,key-4,821.224,72,false,leaderless,50
2026-04-03T20:56:39.212101-07:00,write,key-5,825.307,80,false,leaderless,50
2026-04-03T20:56:39.216251-07:00,write,key-7,821.201,67,false,leaderless,50
2026-04-03T20:56:39.217024-07:00,write,key-4,820.464,73,false,leaderless,50
2026-04-03T20:56:39.21609-07:00,write,key-2,821.660,60,false,leaderless,50
2026-04-03T20:56:40.036564-07:00,read,key-0,1.285,67,false,leaderless,50
2026-04-03T20:56:40.036754-07:00,read,key-7,1.153,68,false,leaderless,50
2026-04-03T20:56:40.036697-07:00,read,key-7,1.251,68,false,leaderless,50
2026-04-03T20:56:39.212197-07:00,write,key-0,825.835,66,false,leaderless,50
2026-04-03T20:56:39.220533-07:00,write,key-2,817.526,61,false,leaderless,50
2026-04-03T20:56:39.212136-07:00,write,key-8,825.949,60,false,leaderless,50
2026-04-03T20:56:39.216315-07:00,write,key-9,821.794,61,false,leaderless,50
2026-04-03T20:56:39.216417-07:00,write,key-9,821.716,62,false,leaderless,50
2026-04-03T20:56:39.215824-07:00,write,key-5,822.469,82,false,leaderless,50
2026-04-03T20:56:39.212168-07:00,write,key-5,826.164,81,false,leaderless,50
2026-04-03T20:56:39.216036-07:00,write,key-1,822.323,76,false,leaderless,50
2026-04-03T20:56:39.216711-07:00,write,key-7,821.704,68,false,leaderless,50
2026-04-03T20:56:40.037407-07:00,read,key-4,1.072,73,false,leaderless,50
2026-04-03T20:56:40.03737-07:00,read,key-8,1.152,60,false,leaderless,50
2026-04-03T20:56:40.037749-07:00,read,key-0,0.836,67,false,leaderless,50
2026-04-03T20:56:40.038132-07:00,read,key-3,0.498,48,false,leaderless,50
2026-04-03T20:56:40.037853-07:00,read,key-9,0.826,63,false,leaderless,50
2026-04-03T20:56:40.038414-07:00,read,key-3,0.745,48,false,leaderless,50
2026-04-03T20:56:40.039161-07:00,read,key-8,6.217,60,false,leaderless,50
2026-04-03T20:56:40.045381-07:00,read,key-0,0.521,67,false,leaderless,50
2026-04-03T20:56:40.038292-07:00,read,key-7,12.181,68,false,leaderless,50
2026-04-03T20:56:40.050476-07:00,read,key-4,0.357,73,false,leaderless,50
2026-04-03T20:56:40.038332-07:00,read,key-0,13.259,70,false,leaderless,50
2026-04-03T20:56:40.038632-07:00,write,key-3,814.661,50,false,leaderless,50
2026-04-03T20:56:40.038084-07:00,write,key-9,815.320,64,false,leaderless,50
2026-04-03T20:56:40.03868-07:00,write,key-5,814.887,84,false,leaderless,50
2026-04-03T20:56:40.038032-07:00,write,key-0,815.613,70,false,leaderless,50
2026-04-03T20:56:40.037949-07:00,write,key-0,815.771,68,false,leaderless,50
2026-04-03T20:56:40.038058-07:00,write,key-8,815.732,61,false,leaderless,50
2026-04-03T20:56:40.045905-07:00,write,key-7,807.952,69,false,leaderless,50
2026-04-03T20:56:40.036642-07:00,write,key-3,817.291,49,false,leaderless,50
2026-04-03T20:56:40.03638-07:00,write,key-9,817.616,63,false,leaderless,50
2026-04-03T20:56:40.037451-07:00,write,key-1,817.093,78,false,leaderless,50
2026-04-03T20:56:40.038108-07:00,write,key-0,816.439,69,false,leaderless,50
2026-04-03T20:56:40.038481-07:00,write,key-1,816.149,79,false,leaderless,50
2026-04-03T20:56:40.037488-07:00,write,key-5,817.198,83,false,leaderless,50
2026-04-03T20:56:40.038357-07:00,write,key-3,816.380,51,false,leaderless,50
2026-04-03T20:56:40.038523-07:00,write,key-8,816.267,62,false,leaderless,50
2026-04-03T20:56:40.037908-07:00,write,key-4,816.932,74,false,leaderless,50
2026-04-03T20:56:40.037335-07:00,write,key-1,817.566,77,false,leaderless,50
2026-04-03T20:56:40.853566-07:00,read,key-7,2.914,69,false,leaderless,50
2026-04-03T20:56:40.853644-07:00,read,key-7,2.876,69,false,leaderless,50
2026-04-03T20:56:40.853932-07:00,read,key-3,2.661,52,false,leaderless,50
2026-04-03T20:56:40.853719-07:00,read,key-5,2.893,84,false,leaderless,50
2026-04-03T20:56:40.85379-07:00,read,key-8,2.896,63,false,leaderless,50
2026-04-03T20:56:40.854789-07:00,read,key-0,2.358,70,false,leaderless,50
2026-04-03T20:56:40.853995-07:00,read,key-1,4.865,79,false,leaderless,50
2026-04-03T20:56:40.854544-07:00,read,key-5,4.452,84,false,leaderless,50
2026-04-03T20:56:40.856614-07:00,read,key-9,2.426,64,false,leaderless,50
2026-04-03T20:56:40.853403-07:00,read,key-6,5.646,73,false,leaderless,50
2026-04-03T20:56:40.854685-07:00,read,key-6,4.411,73,false,leaderless,50
2026-04-03T20:56:40.856522-07:00,read,key-5,2.610,84,false,leaderless,50
2026-04-03T20:56:40.854736-07:00,read,key-1,4.401,80,false,leaderless,50
2026-04-03T20:56:40.854899-07:00,read,key-5,4.289,84,false,leaderless,50
2026-04-03T20:56:40.859134-07:00,read,key-0,0.780,70,false,leaderless,50
2026-04-03T20:56:40.859139-07:00,read,key-3,0.864,52,false,leaderless,50
2026-04-03T20:56:40.856688-07:00,read,key-9,3.337,64,false,leaderless,50
2026-04-03T20:56:40.038587-07:00,write,key-8,821.486,63,false,leaderless,50
2026-04-03T20:56:40.85484-07:00,read,key-4,5.352,74,false,leaderless,50
2026-04-03T20:56:40.856484-07:00,read,key-2,3.714,62,false,leaderless,50
2026-04-03T20:56:40.859042-07:00,read,key-2,1.172,62,false,leaderless,50
2026-04-03T20:56:40.050834-07:00,write,key-3,809.420,52,false,leaderless,50
2026-04-03T20:56:40.859051-07:00,read,key-3,1.204,52,false,leaderless,50
2026-04-03T20:56:40.051593-07:00,write,key-2,808.727,62,false,leaderless,50
2026-04-03T20:56:40.859915-07:00,read,key-6,0.590,73,false,leaderless,50
2026-04-03T20:56:40.860004-07:00,read,key-3,1.169,52,false,leaderless,50
2026-04-03T20:56:40.860319-07:00,read,key-0,0.878,70,false,leaderless,50
2026-04-03T20:56:40.8602-07:00,read,key-1,1.000,79,false,leaderless,50
2026-04-03T20:56:40.860257-07:00,read,key-0,0.961,70,false,leaderless,50
2026-04-03T20:56:40.861201-07:00,read,key-1,0.443,79,false,leaderless,50
2026-04-03T20:56:40.8612-07:00,read,key-3,0.451,52,false,leaderless,50
2026-04-03T20:56:40.861221-07:00,read,key-6,0.590,73,false,leaderless,50
2026-04-03T20:56:40.861646-07:00,read,key-6,0.406,73,false,leaderless,50
2026-04-03T20:56:40.861652-07:00,read,key-6,0.431,73,false,leaderless,50
2026-04-03T20:56:40.862085-07:00,read,key-7,0.590,69,false,leaderless,50
2026-04-03T20:56:40.862677-07:00,read,key-0,0.551,70,false,leaderless,50
2026-04-03T20:56:40.861175-07:00,read,key-1,2.283,81,false,leaderless,50
2026-04-03T20:56:40.859097-07:00,write,key-7,821.192,71,false,leaderless,50
2026-04-03T20:56:40.858863-07:00,write,key-2,821.605,64,false,leaderless,50
2026-04-03T20:56:40.860026-07:00,write,key-0,820.506,72,false,leaderless,50
2026-04-03T20:56:40.860506-07:00,write,key-4,820.079,77,false,leaderless,50
2026-04-03T20:56:40.854547-07:00,write,key-7,826.097,70,false,leaderless,50
2026-04-03T20:56:40.860216-07:00,write,key-2,820.616,65,false,leaderless,50
2026-04-03T20:56:40.857149-07:00,write,key-6,823.751,74,false,leaderless,50
2026-04-03T20:56:40.862054-07:00,write,key-8,819.125,65,false,leaderless,50
2026-04-03T20:56:40.854629-07:00,write,key-2,826.551,63,false,leaderless,50
2026-04-03T20:56:40.85919-07:00,write,key-6,822.027,75,false,leaderless,50
2026-04-03T20:56:40.860253-07:00,write,key-4,820.984,76,false,leaderless,50
2026-04-03T20:56:40.86323-07:00,write,key-0,818.028,73,false,leaderless,50
2026-04-03T20:56:40.853294-07:00,write,key-1,828.000,80,false,leaderless,50
2026-04-03T20:56:40.858998-07:00,write,key-0,822.298,71,false,leaderless,50
2026-04-03T20:56:40.860073-07:00,write,key-5,821.258,85,false,leaderless,50
2026-04-03T20:56:40.856594-07:00,write,key-1,824.758,81,false,leaderless,50
2026-04-03T20:56:40.860193-07:00,write,key-8,821.194,64,false,leaderless,50
2026-04-03T20:56:40.863459-07:00,write,key-7,817.966,72,false,leaderless,50
2026-04-03T20:56:40.861812-07:00,write,key-2,819.671,66,false,leaderless,50
2026-04-03T20:56:40.853856-07:00,write,key-4,827.645,75,false,leaderless,50
2026-04-03T20:56:41.680899-07:00,read,key-9,0.668,64,false,leaderless,50
2026-04-03T20:56:41.681483-07:00,read,key-2,0.882,66,false,leaderless,50
2026-04-03T20:56:41.681294-07:00,read,key-2,1.086,66,false,leaderless,50
2026-04-03T20:56:41.681237-07:00,read,key-1,1.200,81,false,leaderless,50
2026-04-03T20:56:41.681216-07:00,read,key-9,1.228,65,false,leaderless,50
2026-04-03T20:56:41.681257-07:00,read,key-5,1.250,85,false,leaderless,50
2026-04-03T20:56:41.681179-07:00,read,key-8,1.350,65,false,leaderless,50
2026-04-03T20:56:41.681386-07:00,read,key-3,1.164,52,false,leaderless,50
2026-04-03T20:56:41.681424-07:00,read,key-8,1.172,65,false,leaderless,50
2026-04-03T20:56:41.68157-07:00,read,key-5,1.286,85,false,leaderless,50
2026-04-03T20:56:41.682598-07:00,read,key-4,0.455,77,false,leaderless,50
2026-04-03T20:56:41.682367-07:00,read,key-0,0.744,73,false,leaderless,50
2026-04-03T20:56:41.682552-07:00,read,key-6,0.660,75,false,leaderless,50
2026-04-03T20:56:41.683112-07:00,read,key-2,2.454,68,false,leaderless,50
2026-04-03T20:56:41.681351-07:00,write,key-2,828.709,67,false,leaderless,50
2026-04-03T20:56:41.683214-07:00,write,key-4,826.865,80,false,leaderless,50
2026-04-03T20:56:41.682438-07:00,write,key-8,827.951,67,false,leaderless,50
2026-04-03T20:56:41.682532-07:00,write,key-5,828.263,89,false,leaderless,50
2026-04-03T20:56:41.680831-07:00,write,key-5,830.004,87,false,leaderless,50
2026-04-03T20:56:41.680292-07:00,write,key-9,830.590,65,false,leaderless,50
2026-04-03T20:56:41.685569-07:00,write,key-1,825.349,82,false,leaderless,50
2026-04-03T20:56:41.682446-07:00,write,key-2,828.511,68,false,leaderless,50
2026-04-03T20:56:41.680643-07:00,write,key-6,830.343,77,false,leaderless,50
2026-04-03T20:56:41.680532-07:00,write,key-5,830.518,86,false,leaderless,50
2026-04-03T20:56:41.680583-07:00,write,key-6,830.511,76,false,leaderless,50
2026-04-03T20:56:41.681178-07:00,write,key-4,829.966,78,false,leaderless,50
2026-04-03T20:56:41.68133-07:00,write,key-4,829.878,79,false,leaderless,50
2026-04-03T20:56:41.681295-07:00,write,key-3,829.965,53,false,leaderless,50
2026-04-03T20:56:41.682508-07:00,write,key-2,828.797,69,false,leaderless,50
2026-04-03T20:56:41.6815-07:00,write,key-8,829.847,66,false,leaderless,50
2026-04-03T20:56:41.680468-07:00,write,key-7,830.892,73,false,leaderless,50
2026-04-03T20:56:41.682382-07:00,write,key-5,829.027,88,false,leaderless,50
2026-04-03T20:56:41.682857-07:00,write,key-2,828.585,70,false,leaderless,50
2026-04-03T20:56:41.683054-07:00,write,key-6,828.442,78,false,leaderless,50
2026-04-03T20:56:42.51039-07:00,read,key-5,1.479,89,false,leaderless,50
2026-04-03T20:56:42.510079-07:00,read,key-8,1.967,67,false,leaderless,50
2026-04-03T20:56:42.510068-07:00,read,key-1,2.031,82,false,leaderless,50
2026-04-03T20:56:42.510986-07:00,read,key-6,1.232,78,false,leaderless,50
2026-04-03T20:56:42.511441-07:00,read,key-4,1.351,80,false,leaderless,50
2026-04-03T20:56:42.51105-07:00,read,key-3,1.797,53,false,leaderless,50
2026-04-03T20:56:42.51136-07:00,read,key-8,2.056,67,false,leaderless,50
2026-04-03T20:56:42.511873-07:00,read,key-6,1.581,78,false,leaderless,50
2026-04-03T20:56:42.512221-07:00,read,key-6,1.288,78,false,leaderless,50
2026-04-03T20:56:42.511094-07:00,read,key-2,2.426,70,false,leaderless,50
2026-04-03T20:56:42.51285-07:00,read,key-4,1.299,80,false,leaderless,50
2026-04-03T20:56:42.513456-07:00,read,key-3,0.775,53,false,leaderless,50
2026-04-03T20:56:42.513522-07:00,read,key-4,0.766,80,false,leaderless,50
2026-04-03T20:56:42.51351-07:00,read,key-3,0.881,53,false,leaderless,50
2026-04-03T20:56:42.514393-07:00,read,key-2,0.573,70,false,leaderless,50
2026-04-03T20:56:42.514151-07:00,read,key-9,1.031,65,false,leaderless,50
2026-04-03T20:56:42.515183-07:00,read,key-7,1.296,73,false,leaderless,50
2026-04-03T20:56:42.516512-07:00,read,key-5,0.873,89,false,leaderless,50
2026-04-03T20:56:42.512104-07:00,read,key-6,5.488,78,false,leaderless,50
2026-04-03T20:56:42.512796-07:00,read,key-9,4.816,66,false,leaderless,50
2026-04-03T20:56:42.517613-07:00,write,key-6,809.445,81,false,leaderless,50
2026-04-03T20:56:42.514289-07:00,write,key-1,812.813,84,false,leaderless,50
2026-04-03T20:56:42.517594-07:00,write,key-5,809.663,93,false,leaderless,50
2026-04-03T20:56:42.511407-07:00,write,key-5,815.959,92,false,leaderless,50
2026-04-03T20:56:42.511305-07:00,write,key-6,816.104,79,false,leaderless,50
2026-04-03T20:56:42.510883-07:00,write,key-9,816.585,66,false,leaderless,50
2026-04-03T20:56:42.511144-07:00,write,key-4,816.373,81,false,leaderless,50
2026-04-03T20:56:42.517388-07:00,write,key-6,810.166,80,false,leaderless,50
2026-04-03T20:56:42.510957-07:00,write,key-5,816.623,90,false,leaderless,50
2026-04-03T20:56:42.511259-07:00,write,key-5,817.195,91,false,leaderless,50
2026-04-03T20:56:42.514969-07:00,write,key-0,813.528,74,false,leaderless,50
2026-04-03T20:56:42.511495-07:00,write,key-4,817.030,82,false,leaderless,50
2026-04-03T20:56:42.510794-07:00,write,key-3,817.792,54,false,leaderless,50
2026-04-03T20:56:42.511208-07:00,write,key-8,817.414,68,false,leaderless,50
2026-04-03T20:56:42.513418-07:00,write,key-4,815.220,83,false,leaderless,50
2026-04-03T20:56:42.510835-07:00,write,key-1,817.831,83,false,leaderless,50
2026-04-03T20:56:42.510916-07:00,write,key-2,817.763,71,false,leaderless,50
2026-04-03T20:56:42.512048-07:00,write,key-8,816.636,69,false,leaderless,50
2026-04-03T20:56:42.514233-07:00,write,key-7,814.471,74,false,leaderless,50
2026-04-03T20:56:42.511347-07:00,write,key-2,817.502,72,false,leaderless,50
2026-04-03T20:56:43.327516-07:00,read,key-8,2.270,69,false,leaderless,50
2026-04-03T20:56:43.328684-07:00,read,key-6,1.194,81,false,leaderless,50
2026-04-03T20:56:43.327365-07:00,read,key-8,2.515,69,false,leaderless,50
2026-04-03T20:56:43.328496-07:00,read,key-2,1.388,72,false,leaderless,50
2026-04-03T20:56:43.327553-07:00,read,key-6,2.355,81,false,leaderless,50
2026-04-03T20:56:43.327257-07:00,read,key-0,2.657,74,false,leaderless,50
2026-04-03T20:56:43.328524-07:00,read,key-5,1.402,93,false,leaderless,50
2026-04-03T20:56:43.328637-07:00,read,key-6,1.764,81,false,leaderless,50
2026-04-03T20:56:43.328666-07:00,read,key-4,1.765,83,false,leaderless,50
2026-04-03T20:56:43.329881-07:00,read,key-6,0.616,81,false,leaderless,50
2026-04-03T20:56:43.328679-07:00,read,key-1,2.135,84,false,leaderless,50
2026-04-03T20:56:43.330431-07:00,read,key-0,0.397,74,false,leaderless,50
2026-04-03T20:56:43.329908-07:00,read,key-4,0.939,83,false,leaderless,50
2026-04-03T20:56:43.330403-07:00,read,key-2,0.459,72,false,leaderless,50
2026-04-03T20:56:43.33083-07:00,write,key-3,817.651,56,false,leaderless,50
2026-04-03T20:56:43.327578-07:00,write,key-7,821.002,77,false,leaderless,50
2026-04-03T20:56:43.328621-07:00,write,key-2,820.024,73,false,leaderless,50
2026-04-03T20:56:43.328586-07:00,write,key-1,820.411,85,false,leaderless,50
2026-04-03T20:56:43.329806-07:00,write,key-3,819.277,55,false,leaderless,50
2026-04-03T20:56:43.327104-07:00,write,key-7,822.052,75,false,leaderless,50
2026-04-03T20:56:43.329916-07:00,write,key-5,819.301,96,false,leaderless,50
2026-04-03T20:56:43.327467-07:00,write,key-9,821.816,68,false,leaderless,50
2026-04-03T20:56:43.32993-07:00,write,key-6,819.407,83,false,leaderless,50
2026-04-03T20:56:43.330816-07:00,write,key-0,818.577,75,false,leaderless,50
2026-04-03T20:56:43.327059-07:00,write,key-5,822.479,94,false,leaderless,50
2026-04-03T20:56:43.328849-07:00,write,key-5,820.863,95,false,leaderless,50
2026-04-03T20:56:43.327407-07:00,write,key-4,822.336,84,false,leaderless,50
2026-04-03T20:56:43.328703-07:00,write,key-9,821.074,67,false,leaderless,50
2026-04-03T20:56:43.328452-07:00,write,key-7,821.352,76,false,leaderless,50
2026-04-03T20:56:43.330501-07:00,write,key-6,819.352,82,false,leaderless,50
2026-04-03T20:56:43.329881-07:00,write,key-7,820.008,78,false,leaderless,50
2026-04-03T20:56:43.330851-07:00,write,key-6,819.067,84,false,leaderless,50
2026-04-03T20:56:43.330863-07:00,write,key-1,819.211,86,false,leaderless,50
2026-04-03T20:56:43.329886-07:00,write,key-2,820.291,74,false,leaderless,50
2026-04-03T20:56:44.149536-07:00,read,key-9,1.935,68,false,leaderless,50
2026-04-03T20:56:44.149083-07:00,read,key-4,2.488,84,false,leaderless,50
2026-04-03T20:56:44.14858-07:00,read,key-9,3.083,68,false,leaderless,50
2026-04-03T20:56:44.148997-07:00,read,key-6,2.721,84,false,leaderless,50
2026-04-03T20:56:44.149852-07:00,read,key-3,1.885,56,false,leaderless,50
2026-04-03T20:56:44.148643-07:00,read,key-9,3.140,68,false,leaderless,50
2026-04-03T20:56:44.149216-07:00,read,key-3,2.597,56,false,leaderless,50
2026-04-03T20:56:44.150073-07:00,read,key-1,1.758,86,false,leaderless,50
2026-04-03T20:56:44.151572-07:00,read,key-2,0.398,74,false,leaderless,50
2026-04-03T20:56:44.149888-07:00,read,key-0,2.216,75,false,leaderless,50
2026-04-03T20:56:44.149711-07:00,read,key-9,2.437,68,false,leaderless,50
2026-04-03T20:56:44.149917-07:00,read,key-5,2.284,96,false,leaderless,50
2026-04-03T20:56:44.149393-07:00,read,key-9,2.869,68,false,leaderless,50
2026-04-03T20:56:44.149777-07:00,read,key-1,2.557,86,false,leaderless,50
2026-04-03T20:56:44.152105-07:00,read,key-1,0.448,86,false,leaderless,50
2026-04-03T20:56:44.149803-07:00,read,key-3,3.367,56,false,leaderless,50
2026-04-03T20:56:44.152264-07:00,read,key-0,0.964,75,false,leaderless,50
2026-04-03T20:56:44.151474-07:00,read,key-0,3.642,75,false,leaderless,50
2026-04-03T20:56:44.155118-07:00,read,key-8,0.382,69,false,leaderless,50
2026-04-03T20:56:44.155502-07:00,read,key-8,0.336,71,false,leaderless,50
2026-04-03T20:56:44.15584-07:00,read,key-8,0.364,71,false,leaderless,50
2026-04-03T20:56:44.156207-07:00,read,key-7,0.384,78,false,leaderless,50
2026-04-03T20:56:44.156593-07:00,read,key-2,0.313,74,false,leaderless,50
2026-04-03T20:56:44.156907-07:00,read,key-6,0.313,84,false,leaderless,50
2026-04-03T20:56:44.152335-07:00,write,key-9,811.381,70,false,leaderless,50
2026-04-03T20:56:44.151815-07:00,write,key-5,811.997,97,false,leaderless,50
2026-04-03T20:56:44.152556-07:00,write,key-9,811.321,72,false,leaderless,50
2026-04-03T20:56:44.153171-07:00,write,key-3,810.775,57,false,leaderless,50
2026-04-03T20:56:44.151832-07:00,write,key-4,812.160,87,false,leaderless,50
2026-04-03T20:56:44.149742-07:00,write,key-6,814.309,85,false,leaderless,50
2026-04-03T20:56:44.151719-07:00,write,key-9,812.387,71,false,leaderless,50
2026-04-03T20:56:44.149337-07:00,write,key-8,814.829,70,false,leaderless,50
2026-04-03T20:56:44.151739-07:00,write,key-9,812.497,73,false,leaderless,50
2026-04-03T20:56:44.152203-07:00,write,key-9,812.294,74,false,leaderless,50
2026-04-03T20:56:44.148483-07:00,write,key-9,816.051,69,false,leaderless,50
2026-04-03T20:56:44.151972-07:00,write,key-2,812.599,76,false,leaderless,50
2026-04-03T20:56:44.151785-07:00,write,key-4,812.931,86,false,leaderless,50
2026-04-03T20:56:44.149156-07:00,write,key-4,815.595,85,false,leaderless,50
2026-04-03T20:56:44.15215-07:00,write,key-5,812.640,98,false,leaderless,50
2026-04-03T20:56:44.153229-07:00,write,key-0,811.952,76,false,leaderless,50
2026-04-03T20:56:44.151665-07:00,write,key-8,813.550,71,false,leaderless,50
2026-04-03T20:56:44.150176-07:00,write,key-2,815.097,75,false,leaderless,50
2026-04-03T20:56:44.157222-07:00,write,key-2,808.076,77,false,leaderless,50
2026-04-03T20:56:44.149282-07:00,write,key-1,816.494,87,false,leaderless,50
2026-04-03T20:56:44.96475-07:00,read,key-4,2.163,87,false,leaderless,50
2026-04-03T20:56:44.964236-07:00,read,key-1,2.701,87,false,leaderless,50
2026-04-03T20:56:44.965776-07:00,read,key-2,1.137,77,false,leaderless,50
2026-04-03T20:56:44.965298-07:00,read,key-0,1.733,76,false,leaderless,50
2026-04-03T20:56:44.963721-07:00,read,key-4,3.321,90,false,leaderless,50
2026-04-03T20:56:44.963946-07:00,read,key-0,3.129,76,false,leaderless,50
2026-04-03T20:56:44.967076-07:00,read,key-6,0.673,85,false,leaderless,50
2026-04-03T20:56:44.967045-07:00,read,key-0,0.809,77,false,leaderless,50
2026-04-03T20:56:44.965272-07:00,read,key-0,2.619,76,false,leaderless,50
2026-04-03T20:56:44.964789-07:00,read,key-6,3.137,85,false,leaderless,50
2026-04-03T20:56:44.966988-07:00,read,key-8,0.941,71,false,leaderless,50
2026-04-03T20:56:44.966921-07:00,read,key-4,1.033,87,false,leaderless,50
2026-04-03T20:56:44.967956-07:00,read,key-0,1.113,76,false,leaderless,50
2026-04-03T20:56:44.967033-07:00,read,key-8,2.036,71,false,leaderless,50
2026-04-03T20:56:44.967894-07:00,read,key-7,1.200,78,false,leaderless,50
2026-04-03T20:56:44.967856-07:00,read,key-4,1.270,87,false,leaderless,50
2026-04-03T20:56:44.969071-07:00,read,key-4,0.631,87,false,leaderless,50
2026-04-03T20:56:44.969703-07:00,read,key-8,0.791,71,false,leaderless,50
2026-04-03T20:56:44.967751-07:00,write,key-9,814.658,76,false,leaderless,50
2026-04-03T20:56:44.967928-07:00,write,key-4,814.605,91,false,leaderless,50
2026-04-03T20:56:44.96907-07:00,write,key-7,815.724,80,false,leaderless,50
2026-04-03T20:56:44.964165-07:00,write,key-0,820.705,77,false,leaderless,50
2026-04-03T20:56:44.969096-07:00,write,key-7,815.830,79,false,leaderless,50
2026-04-03T20:56:44.964533-07:00,write,key-9,820.510,75,false,leaderless,50
2026-04-03T20:56:44.965215-07:00,write,key-2,819.861,78,false,leaderless,50
2026-04-03T20:56:44.964051-07:00,write,key-5,821.076,101,false,leaderless,50
2026-04-03T20:56:44.966938-07:00,write,key-8,818.242,72,false,leaderless,50
2026-04-03T20:56:44.96457-07:00,write,key-3,820.766,58,false,leaderless,50
2026-04-03T20:56:44.969128-07:00,write,key-4,816.259,92,false,leaderless,50
2026-04-03T20:56:44.963991-07:00,write,key-4,821.442,90,false,leaderless,50
2026-04-03T20:56:44.970497-07:00,write,key-4,814.985,93,false,leaderless,50
2026-04-03T20:56:44.963811-07:00,write,key-1,821.731,88,false,leaderless,50
2026-04-03T20:56:44.964106-07:00,write,key-5,829.693,102,false,leaderless,50
2026-04-03T20:56:44.964716-07:00,write,key-4,829.188,89,false,leaderless,50
2026-04-03T20:56:44.965181-07:00,write,key-5,828.784,100,false,leaderless,50
2026-04-03T20:56:44.964497-07:00,write,key-5,829.534,99,false,leaderless,50
2026-04-03T20:56:45.782411-07:00,read,key-7,17.892,80,false,leaderless,50
2026-04-03T20:56:44.963877-07:00,write,key-4,836.891,88,false,leaderless,50
2026-04-03T20:56:44.967932-07:00,write,key-9,832.911,77,false,leaderless,50
2026-04-03T20:56:45.785126-07:00,read,key-1,15.770,88,false,leaderless,50
2026-04-03T20:56:45.784924-07:00,read,key-9,19.114,77,false,leaderless,50
2026-04-03T20:56:45.78548-07:00,read,key-1,18.565,88,false,leaderless,50
2026-04-03T20:56:45.78518-07:00,read,key-5,18.882,102,false,leaderless,50
2026-04-03T20:56:45.785541-07:00,read,key-5,18.533,102,false,leaderless,50
2026-04-03T20:56:45.793802-07:00,read,key-7,10.298,80,false,leaderless,50
2026-04-03T20:56:45.794031-07:00,read,key-3,10.125,61,false,leaderless,50
2026-04-03T20:56:45.793964-07:00,read,key-0,10.194,77,false,leaderless,50
2026-04-03T20:56:45.804076-07:00,read,key-7,2.349,80,false,leaderless,50
2026-04-03T20:56:45.80404-07:00,read,key-9,2.406,77,false,leaderless,50
2026-04-03T20:56:45.800308-07:00,read,key-9,6.150,77,false,leaderless,50
2026-04-03T20:56:45.804048-07:00,read,key-8,2.560,72,false,leaderless,50
2026-04-03T20:56:45.804161-07:00,read,key-0,3.181,77,false,leaderless,50
2026-04-03T20:56:45.806448-07:00,read,key-3,0.932,58,false,leaderless,50
2026-04-03T20:56:45.80661-07:00,read,key-6,0.788,85,false,leaderless,50
2026-04-03T20:56:45.807344-07:00,read,key-1,0.409,88,false,leaderless,50
2026-04-03T20:56:45.807755-07:00,read,key-5,0.374,102,false,leaderless,50
2026-04-03T20:56:45.807401-07:00,read,key-7,5.785,80,false,leaderless,50
2026-04-03T20:56:45.813189-07:00,read,key-9,1.823,77,false,leaderless,50
2026-04-03T20:56:45.806427-07:00,write,key-0,809.582,78,false,leaderless,50
2026-04-03T20:56:45.800897-07:00,write,key-6,815.422,86,false,leaderless,50
2026-04-03T20:56:45.804104-07:00,write,key-2,812.337,81,false,leaderless,50
2026-04-03T20:56:45.800767-07:00,write,key-2,815.802,79,false,leaderless,50
2026-04-03T20:56:45.800842-07:00,write,key-8,815.833,73,false,leaderless,50
2026-04-03T20:56:45.785432-07:00,write,key-3,831.692,59,false,leaderless,50
2026-04-03T20:56:45.785075-07:00,write,key-8,832.108,74,false,leaderless,50
2026-04-03T20:56:45.785386-07:00,write,key-9,831.850,78,false,leaderless,50
2026-04-03T20:56:45.806459-07:00,write,key-8,810.833,75,false,leaderless,50
2026-04-03T20:56:45.80813-07:00,write,key-9,809.512,79,false,leaderless,50
2026-04-03T20:56:45.782532-07:00,write,key-6,835.229,88,false,leaderless,50
2026-04-03T20:56:45.804063-07:00,write,key-3,813.766,62,false,leaderless,50
2026-04-03T20:56:45.793903-07:00,write,key-3,823.939,61,false,leaderless,50
2026-04-03T20:56:45.785335-07:00,write,key-6,832.803,87,false,leaderless,50
2026-04-03T20:56:45.807381-07:00,write,key-4,810.813,94,false,leaderless,50
2026-04-03T20:56:45.804157-07:00,write,key-5,814.083,104,false,leaderless,50
2026-04-03T20:56:45.78487-07:00,write,key-3,833.424,60,false,leaderless,50
2026-04-03T20:56:45.784795-07:00,write,key-5,833.536,103,false,leaderless,50
2026-04-03T20:56:46.616018-07:00,read,key-5,3.075,104,false,leaderless,50
2026-04-03T20:56:46.616675-07:00,read,key-9,2.554,79,false,leaderless,50
2026-04-03T20:56:46.61644-07:00,read,key-4,2.814,94,false,leaderless,50
2026-04-03T20:56:46.616321-07:00,read,key-6,2.992,88,false,leaderless,50
2026-04-03T20:56:46.617642-07:00,read,key-5,1.718,104,false,leaderless,50
2026-04-03T20:56:45.785043-07:00,write,key-2,834.342,80,false,leaderless,50
2026-04-03T20:56:46.617123-07:00,read,key-5,2.330,104,false,leaderless,50
2026-04-03T20:56:46.618194-07:00,read,key-5,1.270,104,false,leaderless,50
2026-04-03T20:56:45.815016-07:00,write,key-7,804.884,81,false,leaderless,50
2026-04-03T20:56:46.61824-07:00,read,key-7,2.096,81,false,leaderless,50
2026-04-03T20:56:46.619363-07:00,read,key-9,1.060,79,false,leaderless,50
2026-04-03T20:56:46.619467-07:00,read,key-9,1.011,79,false,leaderless,50
2026-04-03T20:56:46.618137-07:00,read,key-6,2.424,88,false,leaderless,50
2026-04-03T20:56:46.617842-07:00,read,key-2,2.776,81,false,leaderless,50
2026-04-03T20:56:46.618293-07:00,read,key-4,2.601,94,false,leaderless,50
2026-04-03T20:56:46.620424-07:00,read,key-6,0.648,88,false,leaderless,50
2026-04-03T20:56:46.618331-07:00,read,key-6,2.813,88,false,leaderless,50
2026-04-03T20:56:46.620646-07:00,read,key-1,2.167,88,false,leaderless,50
2026-04-03T20:56:46.620896-07:00,read,key-6,2.550,88,false,leaderless,50
2026-04-03T20:56:46.620564-07:00,read,key-0,2.930,78,false,leaderless,50
2026-04-03T20:56:46.619315-07:00,write,key-1,815.036,89,false,leaderless,50
2026-04-03T20:56:46.621148-07:00,write,key-5,813.549,106,false,leaderless,50
2026-04-03T20:56:46.622816-07:00,write,key-7,811.966,83,false,leaderless,50
2026-04-03T20:56:46.619384-07:00,write,key-0,816.010,81,false,leaderless,50
2026-04-03T20:56:46.619256-07:00,write,key-2,816.208,82,false,leaderless,50
2026-04-03T20:56:46.619231-07:00,write,key-5,816.269,105,false,leaderless,50
2026-04-03T20:56:46.617234-07:00,write,key-9,818.298,80,false,leaderless,50
2026-04-03T20:56:46.621073-07:00,write,key-0,814.513,82,false,leaderless,50
2026-04-03T20:56:46.617292-07:00,write,key-0,818.323,80,false,leaderless,50
2026-04-03T20:56:46.623449-07:00,write,key-6,812.200,89,false,leaderless,50
2026-04-03T20:56:46.623495-07:00,write,key-8,812.338,78,false,leaderless,50
2026-04-03T20:56:46.617183-07:00,write,key-7,818.691,82,false,leaderless,50
2026-04-03T20:56:46.619455-07:00,write,key-3,816.428,63,false,leaderless,50
2026-04-03T20:56:46.616568-07:00,write,key-8,819.339,76,false,leaderless,50
2026-04-03T20:56:46.617829-07:00,write,key-0,818.101,79,false,leaderless,50
2026-04-03T20:56:46.619097-07:00,write,key-2,816.840,83,false,leaderless,50
2026-04-03T20:56:46.620338-07:00,write,key-9,815.628,81,false,leaderless,50
2026-04-03T20:56:46.6199-07:00,write,key-4,816.083,96,false,leaderless,50
2026-04-03T20:56:46.620479-07:00,write,key-8,815.504,77,false,leaderless,50
2026-04-03T20:56:46.617761-07:00,write,key-4,818.247,95,false,leaderless,50
2026-04-03T20:56:47.435586-07:00,read,key-9,1.081,81,false,leaderless,50
2026-04-03T20:56:47.4355-07:00,read,key-2,1.218,83,false,leaderless,50
2026-04-03T20:56:47.435615-07:00,read,key-0,1.124,82,false,leaderless,50
2026-04-03T20:56:47.43554-07:00,read,key-5,1.274,106,false,leaderless,50
2026-04-03T20:56:47.434783-07:00,read,key-8,2.045,78,false,leaderless,50
2026-04-03T20:56:47.434362-07:00,read,key-2,2.514,83,false,leaderless,50
2026-04-03T20:56:47.435647-07:00,read,key-9,1.655,81,false,leaderless,50
2026-04-03T20:56:47.436669-07:00,read,key-5,0.907,106,false,leaderless,50
2026-04-03T20:56:47.435882-07:00,read,key-6,1.709,89,false,leaderless,50
2026-04-03T20:56:47.435873-07:00,read,key-3,1.760,63,false,leaderless,50
2026-04-03T20:56:47.435983-07:00,read,key-1,1.734,89,false,leaderless,50
2026-04-03T20:56:47.437305-07:00,read,key-8,0.609,78,false,leaderless,50
2026-04-03T20:56:47.43674-07:00,read,key-1,1.383,89,false,leaderless,50
2026-04-03T20:56:47.437635-07:00,read,key-0,0.552,82,false,leaderless,50
2026-04-03T20:56:47.438188-07:00,read,key-0,1.200,82,false,leaderless,50
2026-04-03T20:56:47.438126-07:00,read,key-9,1.286,81,false,leaderless,50
2026-04-03T20:56:47.437577-07:00,read,key-6,4.050,90,false,leaderless,50
2026-04-03T20:56:47.437593-07:00,read,key-4,4.153,99,false,leaderless,50
2026-04-03T20:56:47.441748-07:00,read,key-4,0.481,96,false,leaderless,50
2026-04-03T20:56:47.437915-07:00,write,key-3,813.698,65,false,leaderless,50
2026-04-03T20:56:47.435907-07:00,write,key-8,815.753,79,false,leaderless,50
2026-04-03T20:56:47.437718-07:00,write,key-4,814.006,99,false,leaderless,50
2026-04-03T20:56:47.435981-07:00,write,key-4,815.787,100,false,leaderless,50
2026-04-03T20:56:47.439391-07:00,write,key-4,812.443,101,false,leaderless,50
2026-04-03T20:56:47.435394-07:00,write,key-6,816.484,90,false,leaderless,50
2026-04-03T20:56:47.436881-07:00,write,key-6,815.047,91,false,leaderless,50
2026-04-03T20:56:47.442231-07:00,write,key-3,809.716,66,false,leaderless,50
2026-04-03T20:56:47.436831-07:00,write,key-1,815.155,91,false,leaderless,50
2026-04-03T20:56:47.436007-07:00,write,key-1,816.010,90,false,leaderless,50
2026-04-03T20:56:47.435936-07:00,write,key-2,816.110,84,false,leaderless,50
2026-04-03T20:56:47.435463-07:00,write,key-4,816.613,97,false,leaderless,50
2026-04-03T20:56:47.435965-07:00,write,key-0,816.120,83,false,leaderless,50
2026-04-03T20:56:47.436721-07:00,write,key-4,815.403,98,false,leaderless,50
2026-04-03T20:56:47.435929-07:00,write,key-7,816.206,84,false,leaderless,50
2026-04-03T20:56:47.436816-07:00,write,key-0,815.346,84,false,leaderless,50
2026-04-03T20:56:47.439415-07:00,write,key-4,812.796,102,false,leaderless,50
2026-04-03T20:56:47.44163-07:00,write,key-5,810.780,107,false,leaderless,50
2026-04-03T20:56:47.434698-07:00,write,key-3,818.412,64,false,leaderless,50
2026-04-03T20:56:47.435834-07:00,write,key-8,817.299,80,false,leaderless,50
2026-04-03T20:56:48.252134-07:00,read,key-2,2.491,84,false,leaderless,50
2026-04-03T20:56:48.252211-07:00,read,key-1,2.424,91,false,leaderless,50
2026-04-03T20:56:48.251617-07:00,read,key-5,3.093,107,false,leaderless,50
2026-04-03T20:56:48.251985-07:00,read,key-8,2.727,80,false,leaderless,50
2026-04-03T20:56:48.252085-07:00,read,key-7,2.677,84,false,leaderless,50
2026-04-03T20:56:48.25166-07:00,read,key-2,3.115,84,false,leaderless,50
2026-04-03T20:56:48.252161-07:00,read,key-3,2.661,67,false,leaderless,50
2026-04-03T20:56:48.251928-07:00,read,key-3,2.908,66,false,leaderless,50
2026-04-03T20:56:48.251724-07:00,read,key-6,3.153,91,false,leaderless,50
2026-04-03T20:56:48.251768-07:00,read,key-6,3.159,91,false,leaderless,50
2026-04-03T20:56:48.254824-07:00,read,key-3,0.913,66,false,leaderless,50
2026-04-03T20:56:48.25311-07:00,read,key-2,2.711,84,false,leaderless,50
2026-04-03T20:56:48.254879-07:00,read,key-6,0.943,92,false,leaderless,50
2026-04-03T20:56:48.254764-07:00,read,key-7,1.095,84,false,leaderless,50
2026-04-03T20:56:48.254714-07:00,read,key-3,1.147,66,false,leaderless,50
2026-04-03T20:56:48.252409-07:00,read,key-2,3.506,84,false,leaderless,50
2026-04-03T20:56:48.254837-07:00,read,key-1,1.459,91,false,leaderless,50
2026-04-03T20:56:48.255822-07:00,read,key-1,1.108,91,false,leaderless,50
2026-04-03T20:56:48.255739-07:00,read,key-3,1.239,66,false,leaderless,50
2026-04-03T20:56:48.254929-07:00,read,key-4,2.077,102,false,leaderless,50
2026-04-03T20:56:48.256297-07:00,read,key-5,0.744,107,false,leaderless,50
2026-04-03T20:56:48.254777-07:00,read,key-7,2.284,84,false,leaderless,50
2026-04-03T20:56:48.257062-07:00,read,key-9,0.680,81,false,leaderless,50
2026-04-03T20:56:48.257042-07:00,read,key-4,0.730,102,false,leaderless,50
2026-04-03T20:56:48.257743-07:00,read,key-5,0.252,107,false,leaderless,50
2026-04-03T20:56:48.257996-07:00,read,key-8,0.572,80,false,leaderless,50
2026-04-03T20:56:48.257774-07:00,read,key-9,1.820,82,false,leaderless,50
2026-04-03T20:56:48.25698-07:00,read,key-7,2.864,88,false,leaderless,50
2026-04-03T20:56:48.254637-07:00,write,key-2,812.394,85,false,leaderless,50
2026-04-03T20:56:49.067043-07:00,read,key-6,1.528,93,false,leaderless,50
2026-04-03T20:56:48.255862-07:00,write,key-6,820.884,93,false,leaderless,50
2026-04-03T20:56:48.252016-07:00,write,key-8,824.787,82,false,leaderless,50
2026-04-03T20:56:48.252046-07:00,write,key-8,824.899,81,false,leaderless,50
2026-04-03T20:56:48.251878-07:00,write,key-7,825.133,86,false,leaderless,50
2026-04-03T20:56:48.255863-07:00,write,key-5,821.214,109,false,leaderless,50
2026-04-03T20:56:48.257008-07:00,write,key-8,820.102,83,false,leaderless,50
2026-04-03T20:56:48.256931-07:00,write,key-9,820.233,83,false,leaderless,50
2026-04-03T20:56:48.252123-07:00,write,key-7,825.073,85,false,leaderless,50
2026-04-03T20:56:48.251833-07:00,write,key-9,825.418,82,false,leaderless,50
2026-04-03T20:56:48.255917-07:00,write,key-3,821.426,69,false,leaderless,50
2026-04-03T20:56:48.258571-07:00,write,key-3,818.851,70,false,leaderless,50
2026-04-03T20:56:48.251947-07:00,write,key-5,825.521,108,false,leaderless,50
2026-04-03T20:56:48.252075-07:00,write,key-6,825.427,92,false,leaderless,50
2026-04-03T20:56:48.259596-07:00,write,key-1,817.952,92,false,leaderless,50
2026-04-03T20:56:48.254629-07:00,write,key-3,822.958,68,false,leaderless,50
2026-04-03T20:56:48.255823-07:00,write,key-7,821.789,88,false,leaderless,50
2026-04-03T20:56:48.253132-07:00,write,key-3,824.506,67,false,leaderless,50
2026-04-03T20:56:48.254712-07:00,write,key-7,823.015,87,false,leaderless,50
2026-04-03T20:56:48.259845-07:00,write,key-4,820.791,103,false,leaderless,50
2026-04-03T20:56:49.076804-07:00,read,key-0,4.623,84,false,leaderless,50
2026-04-03T20:56:49.077467-07:00,read,key-6,3.964,93,false,leaderless,50
2026-04-03T20:56:49.07701-07:00,read,key-9,4.524,83,false,leaderless,50
2026-04-03T20:56:49.077163-07:00,read,key-9,4.390,83,false,leaderless,50
2026-04-03T20:56:49.076748-07:00,read,key-5,4.907,109,false,leaderless,50
2026-04-03T20:56:49.077422-07:00,read,key-9,4.252,83,false,leaderless,50
2026-04-03T20:56:49.080638-07:00,read,key-4,1.287,103,false,leaderless,50
2026-04-03T20:56:49.081658-07:00,read,key-7,0.915,88,false,leaderless,50
2026-04-03T20:56:49.081928-07:00,read,key-6,0.703,93,false,leaderless,50
2026-04-03T20:56:49.081556-07:00,read,key-3,1.142,70,false,leaderless,50
2026-04-03T20:56:49.082632-07:00,read,key-7,0.702,88,false,leaderless,50
2026-04-03T20:56:49.083337-07:00,read,key-9,1.476,83,false,leaderless,50
2026-04-03T20:56:49.084815-07:00,read,key-4,0.828,103,false,leaderless,50
2026-04-03T20:56:49.082699-07:00,read,key-9,3.025,84,false,leaderless,50
2026-04-03T20:56:49.081537-07:00,read,key-8,4.350,83,false,leaderless,50
2026-04-03T20:56:49.081434-07:00,read,key-2,4.476,86,false,leaderless,50
2026-04-03T20:56:49.082576-07:00,read,key-6,3.454,94,false,leaderless,50
2026-04-03T20:56:49.085726-07:00,read,key-4,0.590,105,false,leaderless,50
2026-04-03T20:56:49.086032-07:00,read,key-3,0.785,70,false,leaderless,50
2026-04-03T20:56:49.086319-07:00,read,key-1,0.735,94,false,leaderless,50
2026-04-03T20:56:49.086819-07:00,read,key-8,0.510,83,false,leaderless,50
2026-04-03T20:56:49.087057-07:00,read,key-0,0.513,84,false,leaderless,50
2026-04-03T20:56:49.087573-07:00,read,key-2,0.420,85,false,leaderless,50
2026-04-03T20:56:49.087994-07:00,read,key-4,0.353,105,false,leaderless,50
2026-04-03T20:56:49.07711-07:00,write,key-6,809.124,94,false,leaderless,50
2026-04-03T20:56:49.077077-07:00,write,key-0,809.278,85,false,leaderless,50
2026-04-03T20:56:49.068578-07:00,write,key-7,817.904,89,false,leaderless,50
2026-04-03T20:56:49.077727-07:00,write,key-2,808.878,86,false,leaderless,50
2026-04-03T20:56:49.077251-07:00,write,key-4,809.462,105,false,leaderless,50
2026-04-03T20:56:49.077548-07:00,write,key-1,809.253,93,false,leaderless,50
2026-04-03T20:56:49.085891-07:00,write,key-5,803.774,113,false,leaderless,50
2026-04-03T20:56:49.077502-07:00,write,key-4,812.248,104,false,leaderless,50
2026-04-03T20:56:49.077613-07:00,write,key-9,812.302,84,false,leaderless,50
2026-04-03T20:56:49.077586-07:00,write,key-7,812.360,90,false,leaderless,50
2026-04-03T20:56:49.076945-07:00,write,key-5,813.039,111,false,leaderless,50
2026-04-03T20:56:49.085912-07:00,write,key-5,804.076,112,false,leaderless,50
2026-04-03T20:56:49.085647-07:00,write,key-3,804.377,71,false,leaderless,50
2026-04-03T20:56:49.081677-07:00,write,key-7,808.368,91,false,leaderless,50
2026-04-03T20:56:49.077342-07:00,write,key-1,812.719,94,false,leaderless,50
2026-04-03T20:56:49.886236-07:00,read,key-3,3.862,71,false,leaderless,50
2026-04-03T20:56:49.081431-07:00,write,key-2,808.684,87,false,leaderless,50
2026-04-03T20:56:49.077196-07:00,write,key-5,812.957,110,false,leaderless,50
2026-04-03T20:56:49.077638-07:00,write,key-0,812.586,86,false,leaderless,50
2026-04-03T20:56:49.088349-07:00,write,key-5,803.969,114,false,leaderless,50
2026-04-03T20:56:49.886482-07:00,read,key-9,5.927,85,false,leaderless,50
2026-04-03T20:56:49.886605-07:00,read,key-8,5.896,83,false,leaderless,50
2026-04-03T20:56:49.087331-07:00,write,key-9,806.884,85,false,leaderless,50
2026-04-03T20:56:49.890101-07:00,read,key-5,4.864,114,false,leaderless,50
2026-04-03T20:56:49.890114-07:00,read,key-2,4.877,88,false,leaderless,50
2026-04-03T20:56:49.889984-07:00,read,key-2,5.070,87,false,leaderless,50
2026-04-03T20:56:49.88975-07:00,read,key-0,5.312,86,false,leaderless,50
2026-04-03T20:56:49.892318-07:00,read,key-1,2.784,94,false,leaderless,50
2026-04-03T20:56:49.890024-07:00,read,key-0,5.087,86,false,leaderless,50
2026-04-03T20:56:49.889946-07:00,read,key-8,5.222,83,false,leaderless,50
2026-04-03T20:56:49.890061-07:00,read,key-8,5.122,83,false,leaderless,50
2026-04-03T20:56:49.892503-07:00,read,key-9,2.715,85,false,leaderless,50
2026-04-03T20:56:49.895064-07:00,read,key-1,0.601,94,false,leaderless,50
2026-04-03T20:56:49.895104-07:00,read,key-6,0.640,94,false,leaderless,50
2026-04-03T20:56:49.895112-07:00,read,key-2,0.731,87,false,leaderless,50
2026-04-03T20:56:49.895667-07:00,read,key-0,0.360,86,false,leaderless,50
2026-04-03T20:56:49.895746-07:00,read,key-7,0.282,91,false,leaderless,50
2026-04-03T20:56:49.895219-07:00,read,key-7,2.885,94,false,leaderless,50
2026-04-03T20:56:49.898106-07:00,read,key-4,0.304,105,false,leaderless,50
2026-04-03T20:56:49.892411-07:00,write,key-5,814.606,115,false,leaderless,50
2026-04-03T20:56:49.889666-07:00,write,key-9,817.459,87,false,leaderless,50
2026-04-03T20:56:49.895878-07:00,write,key-0,811.313,89,false,leaderless,50
2026-04-03T20:56:49.886713-07:00,write,key-0,820.839,87,false,leaderless,50
2026-04-03T20:56:49.894967-07:00,write,key-0,812.620,88,false,leaderless,50
2026-04-03T20:56:49.89603-07:00,write,key-4,811.592,107,false,leaderless,50
2026-04-03T20:56:49.895055-07:00,write,key-1,812.607,95,false,leaderless,50
2026-04-03T20:56:49.890152-07:00,write,key-8,817.540,84,false,leaderless,50
2026-04-03T20:56:49.890223-07:00,write,key-6,817.834,95,false,leaderless,50
2026-04-03T20:56:49.894993-07:00,write,key-8,813.116,85,false,leaderless,50
2026-04-03T20:56:49.886356-07:00,write,key-9,822.302,86,false,leaderless,50
2026-04-03T20:56:49.895184-07:00,write,key-1,813.540,96,false,leaderless,50
2026-04-03T20:56:49.889915-07:00,write,key-4,818.867,106,false,leaderless,50
2026-04-03T20:56:49.898411-07:00,write,key-0,810.435,91,false,leaderless,50
2026-04-03T20:56:50.707125-07:00,read,key-3,1.787,71,false,leaderless,50
2026-04-03T20:56:49.896028-07:00,write,key-0,812.928,90,false,leaderless,50
2026-04-03T20:56:49.894215-07:00,write,key-7,814.777,94,false,leaderless,50
2026-04-03T20:56:49.886801-07:00,write,key-2,822.226,88,false,leaderless,50
2026-04-03T20:56:49.895169-07:00,write,key-8,813.890,86,false,leaderless,50
2026-04-03T20:56:49.889987-07:00,write,key-7,819.097,93,false,leaderless,50
2026-04-03T20:56:50.707191-07:00,read,key-2,1.935,88,false,leaderless,50
2026-04-03T20:56:49.890044-07:00,write,key-7,819.140,92,false,leaderless,50
2026-04-03T20:56:50.707661-07:00,read,key-2,1.573,88,false,leaderless,50
2026-04-03T20:56:50.707586-07:00,read,key-4,1.695,107,false,leaderless,50
2026-04-03T20:56:50.708108-07:00,read,key-3,1.903,71,false,leaderless,50
2026-04-03T20:56:50.707692-07:00,read,key-3,2.388,71,false,leaderless,50
2026-04-03T20:56:50.708057-07:00,read,key-0,2.086,91,false,leaderless,50
2026-04-03T20:56:50.708658-07:00,read,key-9,1.839,87,false,leaderless,50
2026-04-03T20:56:50.708914-07:00,read,key-0,1.647,91,false,leaderless,50
2026-04-03T20:56:50.708955-07:00,read,key-6,1.681,95,false,leaderless,50
2026-04-03T20:56:50.709127-07:00,read,key-3,1.599,71,false,leaderless,50
2026-04-03T20:56:50.709236-07:00,read,key-7,1.510,94,false,leaderless,50
2026-04-03T20:56:50.708846-07:00,read,key-6,1.910,95,false,leaderless,50
2026-04-03T20:56:50.708724-07:00,read,key-7,2.057,95,false,leaderless,50
2026-04-03T20:56:50.710748-07:00,read,key-9,0.544,87,false,leaderless,50
2026-04-03T20:56:50.709026-07:00,read,key-4,2.299,107,false,leaderless,50
2026-04-03T20:56:50.710727-07:00,read,key-8,0.631,86,false,leaderless,50
2026-04-03T20:56:50.708781-07:00,read,key-5,2.585,115,false,leaderless,50
2026-04-03T20:56:50.710144-07:00,read,key-7,1.249,94,false,leaderless,50
2026-04-03T20:56:50.710012-07:00,read,key-4,2.649,107,false,leaderless,50
2026-04-03T20:56:50.711359-07:00,read,key-5,2.426,115,false,leaderless,50
2026-04-03T20:56:50.709184-07:00,read,key-2,4.672,88,false,leaderless,50
2026-04-03T20:56:50.711368-07:00,read,key-4,2.610,107,false,leaderless,50
2026-04-03T20:56:50.710783-07:00,read,key-6,3.533,95,false,leaderless,50
2026-04-03T20:56:50.710563-07:00,read,key-9,4.253,88,false,leaderless,50
2026-04-03T20:56:50.713857-07:00,read,key-7,0.987,94,false,leaderless,50
2026-04-03T20:56:50.713786-07:00,read,key-9,1.170,87,false,leaderless,50
2026-04-03T20:56:50.713979-07:00,read,key-1,1.391,98,false,leaderless,50
2026-04-03T20:56:50.714817-07:00,read,key-4,1.387,107,false,leaderless,50
2026-04-03T20:56:50.714845-07:00,read,key-4,1.399,110,false,leaderless,50
2026-04-03T20:56:50.715371-07:00,read,key-9,0.991,87,false,leaderless,50
2026-04-03T20:56:50.716205-07:00,read,key-1,0.439,99,false,leaderless,50
2026-04-03T20:56:50.716245-07:00,read,key-6,2.850,96,false,leaderless,50
2026-04-03T20:56:50.716646-07:00,read,key-5,4.039,117,false,leaderless,50
2026-04-03T20:56:50.707621-07:00,write,key-4,809.999,108,false,leaderless,50
2026-04-03T20:56:50.711326-07:00,write,key-5,806.319,117,false,leaderless,50
2026-04-03T20:56:50.708992-07:00,write,key-1,808.743,97,false,leaderless,50
2026-04-03T20:56:50.707551-07:00,write,key-7,810.216,95,false,leaderless,50
2026-04-03T20:56:50.712664-07:00,write,key-4,805.147,110,false,leaderless,50
2026-04-03T20:56:50.710498-07:00,write,key-6,807.337,96,false,leaderless,50
2026-04-03T20:56:50.709083-07:00,write,key-4,808.778,109,false,leaderless,50
2026-04-03T20:56:50.709283-07:00,write,key-8,808.613,87,false,leaderless,50
2026-04-03T20:56:50.707019-07:00,write,key-9,810.926,88,false,leaderless,50
2026-04-03T20:56:50.710081-07:00,write,key-1,807.888,98,false,leaderless,50
2026-04-03T20:56:50.711294-07:00,write,key-7,806.693,96,false,leaderless,50
2026-04-03T20:56:50.709058-07:00,write,key-3,809.041,72,false,leaderless,50
2026-04-03T20:56:50.714318-07:00,write,key-0,803.815,92,false,leaderless,50
2026-04-03T20:56:50.710758-07:00,write,key-1,807.378,99,false,leaderless,50
2026-04-03T20:56:50.711394-07:00,write,key-7,806.769,97,false,leaderless,50
2026-04-03T20:56:50.710638-07:00,write,key-5,807.546,116,false,leaderless,50
2026-04-03T20:56:51.517735-07:00,read,key-9,0.640,90,false,leaderless,50
2026-04-03T20:56:51.517767-07:00,read,key-4,0.676,110,false,leaderless,50
2026-04-03T20:56:51.51781-07:00,read,key-9,0.945,90,false,leaderless,50
2026-04-03T20:56:51.518379-07:00,read,key-3,0.897,72,false,leaderless,50
2026-04-03T20:56:51.517944-07:00,read,key-4,1.337,110,false,leaderless,50
2026-04-03T20:56:50.714958-07:00,write,key-9,804.385,89,false,leaderless,50
2026-04-03T20:56:51.518757-07:00,read,key-7,0.592,100,false,leaderless,50
2026-04-03T20:56:51.518132-07:00,read,key-7,1.260,98,false,leaderless,50
2026-04-03T20:56:51.517645-07:00,read,key-9,1.750,90,false,leaderless,50
2026-04-03T20:56:51.518444-07:00,read,key-4,1.003,110,false,leaderless,50
2026-04-03T20:56:51.517986-07:00,read,key-7,1.486,98,false,leaderless,50
2026-04-03T20:56:51.518183-07:00,read,key-6,1.302,96,false,leaderless,50
2026-04-03T20:56:51.518135-07:00,read,key-4,1.385,110,false,leaderless,50
2026-04-03T20:56:51.518162-07:00,read,key-4,1.848,110,false,leaderless,50
2026-04-03T20:56:51.519283-07:00,read,key-8,0.780,88,false,leaderless,50
2026-04-03T20:56:51.519395-07:00,read,key-2,0.875,88,false,leaderless,50
2026-04-03T20:56:51.519448-07:00,read,key-1,0.925,100,false,leaderless,50
2026-04-03T20:56:51.520012-07:00,read,key-0,0.739,92,false,leaderless,50
2026-04-03T20:56:51.519475-07:00,read,key-3,1.683,72,false,leaderless,50
2026-04-03T20:56:51.520064-07:00,read,key-1,1.318,100,false,leaderless,50
2026-04-03T20:56:51.520753-07:00,read,key-1,1.161,100,false,leaderless,50
2026-04-03T20:56:50.716363-07:00,write,key-7,806.001,98,false,leaderless,50
2026-04-03T20:56:50.71911-07:00,write,key-1,808.940,100,false,leaderless,50
2026-04-03T20:56:50.720686-07:00,write,key-9,807.455,90,false,leaderless,50
2026-04-03T20:56:51.522364-07:00,write,key-3,810.359,75,false,leaderless,50
2026-04-03T20:56:51.519398-07:00,write,key-0,813.497,94,false,leaderless,50
2026-04-03T20:56:51.520271-07:00,write,key-9,812.683,92,false,leaderless,50
2026-04-03T20:56:51.517626-07:00,write,key-8,815.477,88,false,leaderless,50
2026-04-03T20:56:51.519277-07:00,write,key-7,813.926,101,false,leaderless,50
2026-04-03T20:56:51.521916-07:00,write,key-7,811.343,103,false,leaderless,50
2026-04-03T20:56:51.517835-07:00,write,key-0,815.477,93,false,leaderless,50
2026-04-03T20:56:51.517968-07:00,write,key-7,815.403,100,false,leaderless,50
2026-04-03T20:56:51.520375-07:00,write,key-3,813.045,74,false,leaderless,50
2026-04-03T20:56:51.51935-07:00,write,key-6,814.133,97,false,leaderless,50
2026-04-03T20:56:51.519522-07:00,write,key-1,814.010,101,false,leaderless,50
2026-04-03T20:56:51.52116-07:00,write,key-3,812.443,73,false,leaderless,50
2026-04-03T20:56:51.521384-07:00,write,key-2,812.286,89,false,leaderless,50
2026-04-03T20:56:51.518099-07:00,write,key-9,815.639,91,false,leaderless,50
2026-04-03T20:56:51.51786-07:00,write,key-7,816.041,99,false,leaderless,50
2026-04-03T20:56:51.519487-07:00,write,key-7,814.528,102,false,leaderless,50
2026-04-03T20:56:51.519342-07:00,write,key-4,814.744,111,false,leaderless,50
2026-04-03T20:56:51.517896-07:00,write,key-5,816.245,118,false,leaderless,50
2026-04-03T20:56:51.52814-07:00,write,key-1,807.086,102,false,leaderless,50
2026-04-03T20:56:51.528051-07:00,write,key-6,807.248,98,false,leaderless,50
2026-04-03T20:56:52.333603-07:00,read,key-1,3.063,102,false,leaderless,50
2026-04-03T20:56:52.333482-07:00,read,key-0,3.189,94,false,leaderless,50
2026-04-03T20:56:52.333737-07:00,read,key-5,2.973,118,false,leaderless,50
2026-04-03T20:56:52.33414-07:00,read,key-3,2.598,75,false,leaderless,50
2026-04-03T20:56:52.332726-07:00,read,key-5,4.081,118,false,leaderless,50
2026-04-03T20:56:52.333103-07:00,read,key-8,3.756,90,false,leaderless,50
2026-04-03T20:56:52.333371-07:00,read,key-0,3.499,94,false,leaderless,50
2026-04-03T20:56:52.333532-07:00,read,key-9,3.392,92,false,leaderless,50
2026-04-03T20:56:52.332954-07:00,read,key-4,3.986,111,false,leaderless,50
2026-04-03T20:56:52.336926-07:00,read,key-1,0.695,102,false,leaderless,50
2026-04-03T20:56:52.33674-07:00,read,key-0,0.897,94,false,leaderless,50
2026-04-03T20:56:52.33686-07:00,read,key-1,0.817,102,false,leaderless,50
2026-04-03T20:56:52.336811-07:00,read,key-7,0.897,103,false,leaderless,50
2026-04-03T20:56:52.337678-07:00,read,key-5,0.319,118,false,leaderless,50
2026-04-03T20:56:52.33771-07:00,read,key-0,0.626,94,false,leaderless,50
2026-04-03T20:56:52.338089-07:00,read,key-4,0.331,111,false,leaderless,50
2026-04-03T20:56:52.338337-07:00,read,key-8,0.276,88,false,leaderless,50
2026-04-03T20:56:52.338614-07:00,read,key-9,0.340,92,false,leaderless,50
2026-04-03T20:56:52.338956-07:00,read,key-4,0.508,111,false,leaderless,50
2026-04-03T20:56:52.336872-07:00,write,key-8,813.809,91,false,leaderless,50
2026-04-03T20:56:52.337622-07:00,write,key-9,813.857,94,false,leaderless,50
2026-04-03T20:56:52.333419-07:00,write,key-2,818.123,90,false,leaderless,50
2026-04-03T20:56:52.333258-07:00,write,key-6,818.486,99,false,leaderless,50
2026-04-03T20:56:52.334014-07:00,write,key-2,817.769,91,false,leaderless,50
2026-04-03T20:56:52.333203-07:00,write,key-7,818.611,104,false,leaderless,50
2026-04-03T20:56:52.333669-07:00,write,key-3,818.177,77,false,leaderless,50
2026-04-03T20:56:52.333901-07:00,write,key-2,817.952,92,false,leaderless,50
2026-04-03T20:56:52.332895-07:00,write,key-3,818.990,78,false,leaderless,50
2026-04-03T20:56:52.336669-07:00,write,key-9,815.217,93,false,leaderless,50
2026-04-03T20:56:52.339465-07:00,write,key-4,812.455,112,false,leaderless,50
2026-04-03T20:56:52.335226-07:00,write,key-8,816.726,90,false,leaderless,50
2026-04-03T20:56:52.336942-07:00,write,key-6,815.081,100,false,leaderless,50
2026-04-03T20:56:52.335299-07:00,write,key-8,816.774,89,false,leaderless,50
2026-04-03T20:56:52.333312-07:00,write,key-1,818.808,103,false,leaderless,50
2026-04-03T20:56:52.334085-07:00,write,key-3,818.082,76,false,leaderless,50
2026-04-03T20:56:52.337639-07:00,write,key-9,814.562,95,false,leaderless,50
2026-04-03T20:56:52.336712-07:00,write,key-1,815.521,104,false,leaderless,50
2026-04-03T20:56:52.336673-07:00,write,key-3,816.024,79,false,leaderless,50
2026-04-03T20:56:52.338421-07:00,write,key-2,814.314,93,false,leaderless,50
2026-04-03T20:56:53.150688-07:00,read,key-7,2.940,104,false,leaderless,50
2026-04-03T20:56:53.151782-07:00,read,key-5,2.664,118,false,leaderless,50
2026-04-03T20:56:53.152232-07:00,read,key-8,2.329,91,false,leaderless,50
2026-04-03T20:56:53.151744-07:00,read,key-4,2.840,112,false,leaderless,50
2026-04-03T20:56:53.151479-07:00,read,key-7,3.133,105,false,leaderless,50
2026-04-03T20:56:53.151852-07:00,read,key-9,2.807,95,false,leaderless,50
2026-04-03T20:56:53.151884-07:00,read,key-7,2.790,104,false,leaderless,50
2026-04-03T20:56:53.1522-07:00,read,key-4,2.582,112,false,leaderless,50
2026-04-03T20:56:53.151542-07:00,read,key-3,3.286,79,false,leaderless,50
2026-04-03T20:56:53.151951-07:00,read,key-1,3.285,104,false,leaderless,50
2026-04-03T20:56:53.154562-07:00,read,key-7,0.702,105,false,leaderless,50
2026-04-03T20:56:53.152166-07:00,read,key-3,3.150,79,false,leaderless,50
2026-04-03T20:56:53.154614-07:00,read,key-5,1.494,118,false,leaderless,50
2026-04-03T20:56:53.152696-07:00,read,key-4,3.424,112,false,leaderless,50
2026-04-03T20:56:53.152072-07:00,read,key-2,4.137,93,false,leaderless,50
2026-04-03T20:56:53.154783-07:00,read,key-5,2.601,118,false,leaderless,50
2026-04-03T20:56:53.155317-07:00,read,key-0,2.326,95,false,leaderless,50
2026-04-03T20:56:53.157645-07:00,read,key-1,0.621,104,false,leaderless,50
2026-04-03T20:56:53.158268-07:00,read,key-3,0.426,79,false,leaderless,50
2026-04-03T20:56:53.152118-07:00,write,key-5,818.228,119,false,leaderless,50
2026-04-03T20:56:53.151845-07:00,write,key-2,818.976,94,false,leaderless,50
2026-04-03T20:56:53.154661-07:00,write,key-9,816.241,97,false,leaderless,50
2026-04-03T20:56:53.153632-07:00,write,key-1,817.886,106,false,leaderless,50
2026-04-03T20:56:53.154585-07:00,write,key-9,817.006,96,false,leaderless,50
2026-04-03T20:56:53.156211-07:00,write,key-3,815.433,83,false,leaderless,50
2026-04-03T20:56:53.157387-07:00,write,key-5,814.329,120,false,leaderless,50
2026-04-03T20:56:53.155237-07:00,write,key-1,816.560,107,false,leaderless,50
2026-04-03T20:56:53.152734-07:00,write,key-6,819.072,101,false,leaderless,50
2026-04-03T20:56:53.151919-07:00,write,key-1,819.935,105,false,leaderless,50
2026-04-03T20:56:53.152022-07:00,write,key-7,819.899,105,false,leaderless,50
2026-04-03T20:56:53.156108-07:00,write,key-9,815.876,98,false,leaderless,50
2026-04-03T20:56:53.158696-07:00,write,key-2,813.290,95,false,leaderless,50
2026-04-03T20:56:53.155267-07:00,write,key-7,816.762,106,false,leaderless,50
2026-04-03T20:56:53.15483-07:00,write,key-4,817.242,113,false,leaderless,50
2026-04-03T20:56:53.151813-07:00,write,key-0,820.318,95,false,leaderless,50
2026-04-03T20:56:53.151885-07:00,write,key-3,820.276,80,false,leaderless,50
2026-04-03T20:56:53.156122-07:00,write,key-1,816.063,108,false,leaderless,50
2026-04-03T20:56:53.154449-07:00,write,key-3,817.762,81,false,leaderless,50
2026-04-03T20:56:53.154677-07:00,write,key-3,817.554,82,false,leaderless,50
2026-04-03T20:56:53.972071-07:00,read,key-8,3.406,91,false,leaderless,50
2026-04-03T20:56:53.971518-07:00,read,key-8,3.961,91,false,leaderless,50
2026-04-03T20:56:53.970902-07:00,read,key-3,4.747,83,false,leaderless,50
2026-04-03T20:56:53.971984-07:00,read,key-8,3.727,91,false,leaderless,50
2026-04-03T20:56:53.970349-07:00,read,key-4,5.355,113,false,leaderless,50
2026-04-03T20:56:53.971716-07:00,read,key-7,4.044,106,false,leaderless,50
2026-04-03T20:56:53.97159-07:00,read,key-2,4.277,95,false,leaderless,50
2026-04-03T20:56:53.971643-07:00,read,key-9,4.305,98,false,leaderless,50
2026-04-03T20:56:53.97192-07:00,read,key-2,4.321,95,false,leaderless,50
2026-04-03T20:56:53.972184-07:00,read,key-8,4.148,91,false,leaderless,50
2026-04-03T20:56:53.971806-07:00,read,key-2,4.554,95,false,leaderless,50
2026-04-03T20:56:53.97223-07:00,read,key-0,4.151,95,false,leaderless,50
2026-04-03T20:56:53.97565-07:00,read,key-4,0.783,113,false,leaderless,50
2026-04-03T20:56:53.975869-07:00,read,key-7,1.044,106,false,leaderless,50
2026-04-03T20:56:53.976434-07:00,read,key-1,0.506,108,false,leaderless,50
2026-04-03T20:56:53.976333-07:00,read,key-1,0.617,108,false,leaderless,50
2026-04-03T20:56:53.971854-07:00,read,key-6,5.115,101,false,leaderless,50
2026-04-03T20:56:53.97216-07:00,read,key-3,4.814,83,false,leaderless,50
2026-04-03T20:56:53.97595-07:00,read,key-0,1.027,95,false,leaderless,50
2026-04-03T20:56:53.976983-07:00,read,key-6,0.564,101,false,leaderless,50
2026-04-03T20:56:53.976943-07:00,read,key-3,0.624,83,false,leaderless,50
2026-04-03T20:56:53.976362-07:00,read,key-9,3.576,98,false,leaderless,50
2026-04-03T20:56:53.976915-07:00,read,key-8,3.038,91,false,leaderless,50
2026-04-03T20:56:53.975714-07:00,read,key-8,4.322,91,false,leaderless,50
2026-04-03T20:56:53.979955-07:00,read,key-7,0.570,106,false,leaderless,50
2026-04-03T20:56:53.980038-07:00,read,key-3,0.518,83,false,leaderless,50
2026-04-03T20:56:53.980527-07:00,read,key-0,0.308,96,false,leaderless,50
2026-04-03T20:56:53.980557-07:00,read,key-1,0.308,108,false,leaderless,50
2026-04-03T20:56:53.97548-07:00,write,key-6,816.895,103,false,leaderless,50
2026-04-03T20:56:53.97213-07:00,write,key-7,820.264,107,false,leaderless,50
2026-04-03T20:56:53.976243-07:00,write,key-3,816.132,85,false,leaderless,50
2026-04-03T20:56:53.976978-07:00,write,key-9,815.446,99,false,leaderless,50
2026-04-03T20:56:53.975761-07:00,write,key-5,816.671,125,false,leaderless,50
2026-04-03T20:56:53.976953-07:00,write,key-4,815.491,115,false,leaderless,50
2026-04-03T20:56:53.975712-07:00,write,key-0,816.736,96,false,leaderless,50
2026-04-03T20:56:53.977567-07:00,write,key-5,814.959,123,false,leaderless,50
2026-04-03T20:56:53.976976-07:00,write,key-2,815.558,97,false,leaderless,50
2026-04-03T20:56:53.97994-07:00,write,key-2,812.623,99,false,leaderless,50
2026-04-03T20:56:53.980866-07:00,write,key-8,811.713,92,false,leaderless,50
2026-04-03T20:56:54.792394-07:00,read,key-9,1.155,99,false,leaderless,50
2026-04-03T20:56:54.792376-07:00,read,key-0,1.173,97,false,leaderless,50
2026-04-03T20:56:54.792443-07:00,read,key-6,1.142,103,false,leaderless,50
2026-04-03T20:56:53.971985-07:00,write,key-6,821.649,102,false,leaderless,50
2026-04-03T20:56:53.970821-07:00,write,key-2,822.825,96,false,leaderless,50
2026-04-03T20:56:54.792432-07:00,read,key-4,1.233,115,false,leaderless,50
2026-04-03T20:56:53.97548-07:00,write,key-3,818.223,84,false,leaderless,50
2026-04-03T20:56:53.972209-07:00,write,key-5,821.536,122,false,leaderless,50
2026-04-03T20:56:53.977549-07:00,write,key-5,816.222,124,false,leaderless,50
2026-04-03T20:56:53.980836-07:00,write,key-0,812.952,97,false,leaderless,50
2026-04-03T20:56:53.976383-07:00,write,key-2,817.430,98,false,leaderless,50
2026-04-03T20:56:53.972029-07:00,write,key-4,821.878,114,false,leaderless,50
2026-04-03T20:56:53.971797-07:00,write,key-5,822.117,121,false,leaderless,50
2026-04-03T20:56:54.792562-07:00,read,key-7,1.409,107,false,leaderless,50
2026-04-03T20:56:54.793646-07:00,read,key-3,0.921,86,false,leaderless,50
2026-04-03T20:56:54.793551-07:00,read,key-9,1.018,99,false,leaderless,50
2026-04-03T20:56:54.793913-07:00,read,key-1,0.699,108,false,leaderless,50
2026-04-03T20:56:54.792533-07:00,read,key-1,2.118,108,false,leaderless,50
2026-04-03T20:56:54.793974-07:00,read,key-8,0.708,94,false,leaderless,50
2026-04-03T20:56:54.79355-07:00,read,key-9,1.173,99,false,leaderless,50
2026-04-03T20:56:54.794684-07:00,read,key-8,0.765,92,false,leaderless,50
2026-04-03T20:56:54.793666-07:00,read,key-3,1.783,85,false,leaderless,50
2026-04-03T20:56:54.794613-07:00,read,key-9,0.953,99,false,leaderless,50
2026-04-03T20:56:54.793586-07:00,read,key-3,2.045,85,false,leaderless,50
2026-04-03T20:56:54.795567-07:00,read,key-0,0.645,97,false,leaderless,50
2026-04-03T20:56:54.796214-07:00,read,key-0,0.661,97,false,leaderless,50
2026-04-03T20:56:54.792425-07:00,write,key-9,817.273,100,false,leaderless,50
2026-04-03T20:56:54.794725-07:00,write,key-3,815.956,87,false,leaderless,50
2026-04-03T20:56:54.793633-07:00,write,key-6,817.082,104,false,leaderless,50
2026-04-03T20:56:54.793703-07:00,write,key-2,817.091,100,false,leaderless,50
2026-04-03T20:56:54.795632-07:00,write,key-0,815.235,99,false,leaderless,50
2026-04-03T20:56:54.794653-07:00,write,key-4,816.240,118,false,leaderless,50
2026-04-03T20:56:54.793788-07:00,write,key-8,817.139,94,false,leaderless,50
2026-04-03T20:56:54.792578-07:00,write,key-0,818.428,98,false,leaderless,50
2026-04-03T20:56:54.796876-07:00,write,key-7,814.211,109,false,leaderless,50
2026-04-03T20:56:54.792526-07:00,write,key-1,818.640,109,false,leaderless,50
2026-04-03T20:56:54.793771-07:00,write,key-4,817.418,117,false,leaderless,50
2026-04-03T20:56:54.793906-07:00,write,key-4,817.329,116,false,leaderless,50
2026-04-03T20:56:54.79545-07:00,write,key-3,815.829,88,false,leaderless,50
2026-04-03T20:56:54.793811-07:00,write,key-9,817.521,101,false,leaderless,50
2026-04-03T20:56:54.795451-07:00,write,key-3,815.887,89,false,leaderless,50
2026-04-03T20:56:54.792451-07:00,write,key-3,818.926,86,false,leaderless,50
2026-04-03T20:56:54.79457-07:00,write,key-7,816.823,108,false,leaderless,50
2026-04-03T20:56:54.793744-07:00,write,key-8,817.662,95,false,leaderless,50
2026-04-03T20:56:54.79241-07:00,write,key-8,819.040,93,false,leaderless,50
2026-04-03T20:56:54.794571-07:00,write,key-2,816.881,101,false,leaderless,50
2026-04-03T20:56:55.610715-07:00,read,key-5,3.193,125,false,leaderless,50
2026-04-03T20:56:55.610793-07:00,read,key-3,3.205,89,false,leaderless,50
2026-04-03T20:56:55.611086-07:00,read,key-4,2.990,118,false,leaderless,50
2026-04-03T20:56:55.610926-07:00,read,key-3,3.197,89,false,leaderless,50
2026-04-03T20:56:55.611405-07:00,read,key-6,2.782,104,false,leaderless,50
2026-04-03T20:56:55.611188-07:00,read,key-9,4.825,101,false,leaderless,50
2026-04-03T20:56:55.616016-07:00,read,key-4,0.662,119,false,leaderless,50
2026-04-03T20:56:55.609701-07:00,write,key-6,814.917,105,false,leaderless,50
2026-04-03T20:56:55.614125-07:00,write,key-9,810.493,105,false,leaderless,50
2026-04-03T20:56:55.610892-07:00,write,key-5,813.799,127,false,leaderless,50
2026-04-03T20:56:55.611392-07:00,write,key-0,813.349,101,false,leaderless,50
2026-04-03T20:56:55.611449-07:00,write,key-7,813.312,110,false,leaderless,50
2026-04-03T20:56:55.611337-07:00,write,key-0,813.456,100,false,leaderless,50
2026-04-03T20:56:55.611451-07:00,write,key-9,813.360,106,false,leaderless,50
2026-04-03T20:56:55.61668-07:00,write,key-9,808.161,107,false,leaderless,50
2026-04-03T20:56:55.613913-07:00,write,key-1,810.947,110,false,leaderless,50
2026-04-03T20:56:55.610866-07:00,write,key-5,814.038,126,false,leaderless,50
2026-04-03T20:56:55.61068-07:00,write,key-2,814.251,103,false,leaderless,50
2026-04-03T20:56:55.614188-07:00,write,key-1,810.763,111,false,leaderless,50
2026-04-03T20:56:55.611165-07:00,write,key-2,813.815,102,false,leaderless,50
2026-04-03T20:56:55.614078-07:00,write,key-9,810.931,104,false,leaderless,50
2026-04-03T20:56:55.614-07:00,write,key-4,811.012,119,false,leaderless,50
2026-04-03T20:56:55.611006-07:00,write,key-3,814.038,90,false,leaderless,50
2026-04-03T20:56:55.611234-07:00,write,key-9,813.837,102,false,leaderless,50
2026-04-03T20:56:55.611331-07:00,write,key-5,813.773,128,false,leaderless,50
2026-04-03T20:56:55.611279-07:00,write,key-9,813.837,103,false,leaderless,50
2026-04-03T20:56:55.611375-07:00,write,key-0,813.775,102,false,leaderless,50
2026-04-03T20:56:56.425115-07:00,read,key-5,4.412,128,false,leaderless,50
2026-04-03T20:56:56.42484-07:00,read,key-2,4.830,103,false,leaderless,50
2026-04-03T20:56:56.42481-07:00,read,key-9,4.885,108,false,leaderless,50
2026-04-03T20:56:56.424979-07:00,read,key-4,4.766,119,false,leaderless,50
2026-04-03T20:56:56.425009-07:00,read,key-0,4.765,102,false,leaderless,50
2026-04-03T20:56:56.425043-07:00,read,key-2,4.770,103,false,leaderless,50
2026-04-03T20:56:56.424904-07:00,read,key-3,4.913,90,false,leaderless,50
2026-04-03T20:56:56.424859-07:00,read,key-9,4.995,107,false,leaderless,50
2026-04-03T20:56:56.429671-07:00,read,key-7,1.795,112,false,leaderless,50
2026-04-03T20:56:56.429855-07:00,read,key-6,1.611,105,false,leaderless,50
2026-04-03T20:56:56.424691-07:00,write,key-4,821.187,120,false,leaderless,50
2026-04-03T20:56:56.42953-07:00,write,key-4,816.430,121,false,leaderless,50
2026-04-03T20:56:56.424686-07:00,write,key-7,821.320,112,false,leaderless,50
2026-04-03T20:56:56.429697-07:00,write,key-5,816.351,130,false,leaderless,50
2026-04-03T20:56:56.425011-07:00,write,key-6,821.075,107,false,leaderless,50
2026-04-03T20:56:56.42476-07:00,write,key-0,821.586,103,false,leaderless,50
2026-04-03T20:56:56.42474-07:00,write,key-7,821.685,111,false,leaderless,50
2026-04-03T20:56:56.424791-07:00,write,key-9,821.712,108,false,leaderless,50
2026-04-03T20:56:56.431469-07:00,write,key-5,815.083,131,false,leaderless,50
2026-04-03T20:56:56.431469-07:00,write,key-7,815.136,114,false,leaderless,50
2026-04-03T20:56:56.429746-07:00,write,key-7,816.912,113,false,leaderless,50
2026-04-03T20:56:56.42515-07:00,write,key-6,821.572,106,false,leaderless,50
2026-04-03T20:56:56.424621-07:00,write,key-5,822.196,129,false,leaderless,50
2026-04-03T20:56:56.429819-07:00,write,key-0,817.030,104,false,leaderless,50
2026-04-03T20:56:56.425104-07:00,write,key-2,821.777,104,false,leaderless,50
2026-04-03T20:56:56.429776-07:00,write,key-1,817.129,114,false,leaderless,50
2026-04-03T20:56:56.424931-07:00,write,key-1,821.994,112,false,leaderless,50
2026-04-03T20:56:56.42507-07:00,write,key-6,821.878,108,false,leaderless,50
2026-04-03T20:56:56.42495-07:00,write,key-1,822.026,113,false,leaderless,50
2026-04-03T20:56:56.429815-07:00,write,key-0,817.196,105,false,leaderless,50
2026-04-03T20:56:57.246047-07:00,read,key-6,3.179,108,false,leaderless,50
2026-04-03T20:56:57.246424-07:00,read,key-3,2.912,90,false,leaderless,50
2026-04-03T20:56:57.245959-07:00,read,key-5,3.464,131,false,leaderless,50
2026-04-03T20:56:57.246657-07:00,read,key-4,2.799,121,false,leaderless,50
2026-04-03T20:56:57.246552-07:00,read,key-8,2.924,95,false,leaderless,50
2026-04-03T20:56:57.246816-07:00,read,key-3,2.726,90,false,leaderless,50
2026-04-03T20:56:57.246721-07:00,read,key-9,3.601,108,false,leaderless,50
2026-04-03T20:56:57.24701-07:00,read,key-0,3.378,105,false,leaderless,50
2026-04-03T20:56:57.246903-07:00,read,key-6,3.582,110,false,leaderless,50
2026-04-03T20:56:57.249458-07:00,read,key-1,1.036,114,false,leaderless,50
2026-04-03T20:56:57.246503-07:00,read,key-0,4.009,105,false,leaderless,50
2026-04-03T20:56:57.24923-07:00,read,key-8,2.261,95,false,leaderless,50
2026-04-03T20:56:57.250514-07:00,read,key-7,1.133,114,false,leaderless,50
2026-04-03T20:56:57.250496-07:00,read,key-4,1.175,121,false,leaderless,50
2026-04-03T20:56:57.251493-07:00,read,key-5,0.890,131,false,leaderless,50
2026-04-03T20:56:57.251648-07:00,read,key-5,1.119,131,false,leaderless,50
2026-04-03T20:56:57.252386-07:00,read,key-5,1.188,131,false,leaderless,50
2026-04-03T20:56:57.251672-07:00,read,key-2,1.903,104,false,leaderless,50
2026-04-03T20:56:57.246924-07:00,write,key-1,818.821,115,false,leaderless,50
2026-04-03T20:56:57.246848-07:00,write,key-9,819.085,109,false,leaderless,50
2026-04-03T20:56:57.252768-07:00,write,key-9,813.197,112,false,leaderless,50
2026-04-03T20:56:57.246005-07:00,write,key-7,820.027,115,false,leaderless,50
2026-04-03T20:56:57.249477-07:00,write,key-8,816.575,97,false,leaderless,50
2026-04-03T20:56:57.24588-07:00,write,key-6,820.234,110,false,leaderless,50
2026-04-03T20:56:57.249426-07:00,write,key-6,816.780,111,false,leaderless,50
2026-04-03T20:56:57.250324-07:00,write,key-7,815.954,117,false,leaderless,50
2026-04-03T20:56:57.253576-07:00,write,key-5,812.732,132,false,leaderless,50
2026-04-03T20:56:57.249544-07:00,write,key-2,816.824,105,false,leaderless,50
2026-04-03T20:56:57.253577-07:00,write,key-1,812.826,117,false,leaderless,50
2026-04-03T20:56:57.246605-07:00,write,key-8,819.851,96,false,leaderless,50
2026-04-03T20:56:57.246086-07:00,write,key-7,820.391,116,false,leaderless,50
2026-04-03T20:56:57.246947-07:00,write,key-0,819.659,106,false,leaderless,50
2026-04-03T20:56:57.246345-07:00,write,key-6,820.352,109,false,leaderless,50
2026-04-03T20:56:57.246975-07:00,write,key-1,819.729,116,false,leaderless,50
2026-04-03T20:56:57.25039-07:00,write,key-9,816.351,111,false,leaderless,50
2026-04-03T20:56:57.249338-07:00,write,key-3,817.491,91,false,leaderless,50
2026-04-03T20:56:57.250486-07:00,write,key-7,816.419,118,false,leaderless,50
2026-04-03T20:56:57.246881-07:00,write,key-9,820.063,110,false,leaderless,50
2026-04-03T20:56:58.066277-07:00,read,key-2,1.633,105,false,leaderless,50
2026-04-03T20:56:58.066829-07:00,read,key-7,1.181,118,false,leaderless,50
2026-04-03T20:56:58.066367-07:00,read,key-6,1.706,111,false,leaderless,50
2026-04-03T20:56:58.066053-07:00,read,key-3,2.086,91,false,leaderless,50
2026-04-03T20:56:58.065933-07:00,read,key-8,2.224,97,false,leaderless,50
2026-04-03T20:56:58.066704-07:00,read,key-8,1.674,98,false,leaderless,50
2026-04-03T20:56:58.066942-07:00,read,key-7,1.505,118,false,leaderless,50
2026-04-03T20:56:58.067913-07:00,read,key-1,1.108,117,false,leaderless,50
2026-04-03T20:56:58.068012-07:00,read,key-8,1.017,97,false,leaderless,50
2026-04-03T20:56:58.06838-07:00,read,key-0,0.699,106,false,leaderless,50
2026-04-03T20:56:58.066455-07:00,write,key-5,816.549,133,false,leaderless,50
2026-04-03T20:56:58.06903-07:00,write,key-6,814.138,112,false,leaderless,50
2026-04-03T20:56:58.065965-07:00,write,key-0,817.039,109,false,leaderless,50
2026-04-03T20:56:58.068076-07:00,write,key-2,815.198,108,false,leaderless,50
2026-04-03T20:56:58.066308-07:00,write,key-1,816.999,118,false,leaderless,50
2026-04-03T20:56:58.066402-07:00,write,key-5,816.949,135,false,leaderless,50
2026-04-03T20:56:58.066205-07:00,write,key-7,817.185,120,false,leaderless,50
2026-04-03T20:56:58.066476-07:00,write,key-5,816.963,134,false,leaderless,50
2026-04-03T20:56:58.066606-07:00,write,key-0,816.861,108,false,leaderless,50
2026-04-03T20:56:58.069081-07:00,write,key-9,814.438,113,false,leaderless,50
2026-04-03T20:56:58.069024-07:00,write,key-0,814.534,110,false,leaderless,50
2026-04-03T20:56:58.066904-07:00,write,key-2,816.696,106,false,leaderless,50
2026-04-03T20:56:58.066114-07:00,write,key-3,817.539,92,false,leaderless,50
2026-04-03T20:56:58.068141-07:00,write,key-3,815.773,93,false,leaderless,50
2026-04-03T20:56:58.065756-07:00,write,key-7,818.187,119,false,leaderless,50
2026-04-03T20:56:58.066033-07:00,write,key-0,817.948,107,false,leaderless,50
2026-04-03T20:56:58.066697-07:00,write,key-8,817.317,98,false,leaderless,50
2026-04-03T20:56:58.066741-07:00,write,key-4,817.287,122,false,leaderless,50
2026-04-03T20:56:58.068161-07:00,write,key-2,815.906,107,false,leaderless,50
2026-04-03T20:56:58.06845-07:00,write,key-9,815.618,114,false,leaderless,50
2026-04-03T20:56:58.883169-07:00,read,key-6,1.523,112,false,leaderless,50
2026-04-03T20:56:58.883273-07:00,read,key-1,1.525,118,false,leaderless,50
2026-04-03T20:56:58.883599-07:00,read,key-0,1.293,110,false,leaderless,50
2026-04-03T20:56:58.883466-07:00,read,key-8,1.524,98,false,leaderless,50
2026-04-03T20:56:58.884066-07:00,read,key-2,1.338,108,false,leaderless,50
2026-04-03T20:56:58.883914-07:00,read,key-4,1.586,122,false,leaderless,50
2026-04-03T20:56:58.884028-07:00,read,key-8,1.530,99,false,leaderless,50
2026-04-03T20:56:58.884992-07:00,read,key-6,0.667,112,false,leaderless,50
2026-04-03T20:56:58.884013-07:00,read,key-9,1.807,114,false,leaderless,50
2026-04-03T20:56:58.883188-07:00,read,key-6,2.639,112,false,leaderless,50
2026-04-03T20:56:58.883558-07:00,read,key-1,2.340,119,false,leaderless,50
2026-04-03T20:56:58.883652-07:00,read,key-3,2.281,93,false,leaderless,50
2026-04-03T20:56:58.8859-07:00,read,key-1,0.958,118,false,leaderless,50
2026-04-03T20:56:58.885407-07:00,read,key-5,1.558,135,false,leaderless,50
2026-04-03T20:56:58.885502-07:00,read,key-6,1.474,112,false,leaderless,50
2026-04-03T20:56:58.88583-07:00,read,key-4,1.167,122,false,leaderless,50
2026-04-03T20:56:58.884895-07:00,read,key-9,2.133,114,false,leaderless,50
2026-04-03T20:56:58.886978-07:00,read,key-6,0.553,112,false,leaderless,50
2026-04-03T20:56:58.885823-07:00,read,key-6,3.972,112,false,leaderless,50
2026-04-03T20:56:58.885661-07:00,read,key-8,4.200,99,false,leaderless,50
2026-04-03T20:56:58.889863-07:00,read,key-7,0.544,121,false,leaderless,50
2026-04-03T20:56:58.889798-07:00,read,key-2,0.635,108,false,leaderless,50
2026-04-03T20:56:58.890434-07:00,read,key-5,0.285,135,false,leaderless,50
2026-04-03T20:56:58.890409-07:00,read,key-7,0.330,121,false,leaderless,50
2026-04-03T20:56:58.890721-07:00,read,key-2,0.381,108,false,leaderless,50
2026-04-03T20:56:58.891104-07:00,read,key-7,0.267,120,false,leaderless,50
2026-04-03T20:56:58.890739-07:00,write,key-8,812.337,100,false,leaderless,50
2026-04-03T20:56:58.883389-07:00,write,key-9,819.999,115,false,leaderless,50
2026-04-03T20:56:58.885561-07:00,write,key-2,817.931,110,false,leaderless,50
2026-04-03T20:56:58.884801-07:00,write,key-5,818.808,136,false,leaderless,50
2026-04-03T20:56:58.883351-07:00,write,key-4,820.351,125,false,leaderless,50
2026-04-03T20:56:58.887-07:00,write,key-7,818.211,121,false,leaderless,50
2026-04-03T20:56:58.887029-07:00,write,key-9,818.256,116,false,leaderless,50
2026-04-03T20:56:58.883519-07:00,write,key-1,821.822,119,false,leaderless,50
2026-04-03T20:56:58.883942-07:00,write,key-4,822.641,124,false,leaderless,50
2026-04-03T20:56:58.886967-07:00,write,key-2,819.749,111,false,leaderless,50
2026-04-03T20:56:58.883439-07:00,write,key-0,823.355,111,false,leaderless,50
2026-04-03T20:56:58.883013-07:00,write,key-4,823.853,123,false,leaderless,50
2026-04-03T20:56:58.883307-07:00,write,key-2,823.633,109,false,leaderless,50
2026-04-03T20:56:58.883981-07:00,write,key-8,823.006,99,false,leaderless,50
2026-04-03T20:56:58.886861-07:00,write,key-0,820.199,112,false,leaderless,50
2026-04-03T20:56:58.884697-07:00,write,key-3,822.381,94,false,leaderless,50
2026-04-03T20:56:58.884068-07:00,write,key-4,823.065,126,false,leaderless,50
2026-04-03T20:56:58.891373-07:00,write,key-8,815.800,101,false,leaderless,50
2026-04-03T20:56:58.885936-07:00,write,key-0,821.291,113,false,leaderless,50
2026-04-03T20:56:58.887534-07:00,write,key-1,819.734,120,false,leaderless,50
2026-04-03T20:56:59.706583-07:00,read,key-3,5.578,94,false,leaderless,50
2026-04-03T20:56:59.706716-07:00,read,key-6,5.455,112,false,leaderless,50
2026-04-03T20:56:59.707267-07:00,read,key-9,4.953,116,false,leaderless,50
2026-04-03T20:56:59.707172-07:00,read,key-7,5.110,121,false,leaderless,50
2026-04-03T20:56:59.707077-07:00,read,key-0,5.339,113,false,leaderless,50
2026-04-03T20:56:59.703085-07:00,read,key-3,9.388,94,false,leaderless,50
2026-04-03T20:56:59.703388-07:00,read,key-1,9.114,120,false,leaderless,50
2026-04-03T20:56:59.703702-07:00,read,key-7,8.830,121,false,leaderless,50
2026-04-03T20:56:59.706793-07:00,read,key-1,5.745,120,false,leaderless,50
2026-04-03T20:56:59.707226-07:00,read,key-0,6.506,113,false,leaderless,50
2026-04-03T20:56:59.712285-07:00,read,key-8,1.469,101,false,leaderless,50
2026-04-03T20:56:59.707132-07:00,read,key-8,6.632,101,false,leaderless,50
2026-04-03T20:56:59.706987-07:00,read,key-3,6.972,94,false,leaderless,50
2026-04-03T20:56:59.71254-07:00,read,key-0,1.509,113,false,leaderless,50
2026-04-03T20:56:59.713756-07:00,read,key-5,0.678,136,false,leaderless,50
2026-04-03T20:56:59.714436-07:00,read,key-5,0.736,136,false,leaderless,50
2026-04-03T20:56:59.712533-07:00,read,key-1,3.557,121,false,leaderless,50
2026-04-03T20:56:59.712504-07:00,read,key-4,3.817,127,false,leaderless,50
2026-04-03T20:56:59.712477-07:00,read,key-0,3.985,113,false,leaderless,50
2026-04-03T20:56:59.713962-07:00,read,key-8,2.527,104,false,leaderless,50
2026-04-03T20:56:59.716323-07:00,read,key-4,0.367,127,false,leaderless,50
2026-04-03T20:56:59.716491-07:00,read,key-2,0.427,111,false,leaderless,50
2026-04-03T20:56:59.716466-07:00,read,key-7,0.506,121,false,leaderless,50
2026-04-03T20:56:59.716919-07:00,read,key-1,0.341,123,false,leaderless,50
2026-04-03T20:56:59.703609-07:00,write,key-6,820.504,114,false,leaderless,50
2026-04-03T20:56:59.716692-07:00,write,key-8,807.620,105,false,leaderless,50
2026-04-03T20:56:59.712166-07:00,write,key-1,812.245,121,false,leaderless,50
2026-04-03T20:56:59.714051-07:00,write,key-9,810.511,118,false,leaderless,50
2026-04-03T20:56:59.712222-07:00,write,key-6,812.438,115,false,leaderless,50
2026-04-03T20:56:59.706866-07:00,write,key-2,817.890,112,false,leaderless,50
2026-04-03T20:56:59.717262-07:00,write,key-5,808.988,138,false,leaderless,50
2026-04-03T20:56:59.705212-07:00,write,key-8,823.608,102,false,leaderless,50
2026-04-03T20:56:59.713734-07:00,write,key-2,815.184,113,false,leaderless,50
2026-04-03T20:56:59.70534-07:00,write,key-3,823.640,95,false,leaderless,50
2026-04-03T20:56:59.716974-07:00,write,key-9,812.067,119,false,leaderless,50
2026-04-03T20:56:59.716091-07:00,write,key-1,812.985,123,false,leaderless,50
2026-04-03T20:56:59.71377-07:00,write,key-2,815.355,114,false,leaderless,50
2026-04-03T20:56:59.712174-07:00,write,key-9,816.987,117,false,leaderless,50
2026-04-03T20:56:59.705285-07:00,write,key-8,823.909,103,false,leaderless,50
2026-04-03T20:56:59.715174-07:00,write,key-1,814.140,122,false,leaderless,50
2026-04-03T20:56:59.70694-07:00,write,key-6,822.475,113,false,leaderless,50
2026-04-03T20:56:59.712421-07:00,write,key-8,817.122,104,false,leaderless,50
2026-04-03T20:56:59.70706-07:00,write,key-4,822.593,127,false,leaderless,50
2026-04-03T20:56:59.703492-07:00,write,key-5,826.255,137,false,leaderless,50
2026-04-03T20:57:00.528823-07:00,read,key-6,1.039,115,false,leaderless,50
2026-04-03T20:57:00.524659-07:00,read,key-7,5.266,121,false,leaderless,50
2026-04-03T20:57:00.524756-07:00,read,key-0,5.230,113,false,leaderless,50
2026-04-03T20:57:00.524411-07:00,read,key-1,5.649,123,false,leaderless,50
2026-04-03T20:57:00.524121-07:00,read,key-3,5.992,95,false,leaderless,50
2026-04-03T20:57:00.529542-07:00,read,key-8,0.720,105,false,leaderless,50
2026-04-03T20:57:00.529989-07:00,read,key-2,0.742,114,false,leaderless,50
2026-04-03T20:57:00.52625-07:00,read,key-9,4.565,119,false,leaderless,50
2026-04-03T20:57:00.530264-07:00,read,key-4,0.839,127,false,leaderless,50
2026-04-03T20:57:00.530817-07:00,read,key-5,1.468,138,false,leaderless,50
2026-04-03T20:57:00.531109-07:00,read,key-7,2.853,122,false,leaderless,50
2026-04-03T20:57:00.529076-07:00,write,key-0,812.992,115,false,leaderless,50
2026-04-03T20:57:00.524312-07:00,write,key-5,817.812,139,false,leaderless,50
2026-04-03T20:57:00.529314-07:00,write,key-8,812.866,107,false,leaderless,50
2026-04-03T20:57:00.524561-07:00,write,key-0,817.932,114,false,leaderless,50
2026-04-03T20:57:00.532289-07:00,write,key-6,810.266,117,false,leaderless,50
2026-04-03T20:57:00.529928-07:00,write,key-3,812.643,99,false,leaderless,50
2026-04-03T20:57:00.529193-07:00,write,key-7,813.425,122,false,leaderless,50
2026-04-03T20:57:00.529414-07:00,write,key-5,813.223,141,false,leaderless,50
2026-04-03T20:57:00.530734-07:00,write,key-1,811.943,124,false,leaderless,50
2026-04-03T20:57:00.529159-07:00,write,key-2,813.586,116,false,leaderless,50
2026-04-03T20:57:00.52898-07:00,write,key-8,813.792,106,false,leaderless,50
2026-04-03T20:57:00.529125-07:00,write,key-5,813.682,140,false,leaderless,50
2026-04-03T20:57:00.530116-07:00,write,key-2,812.709,117,false,leaderless,50
2026-04-03T20:57:00.528918-07:00,write,key-3,813.984,96,false,leaderless,50
2026-04-03T20:57:00.529865-07:00,write,key-0,813.068,116,false,leaderless,50
2026-04-03T20:57:00.529653-07:00,write,key-3,813.291,97,false,leaderless,50
2026-04-03T20:57:00.533964-07:00,write,key-6,809.007,118,false,leaderless,50
2026-04-03T20:57:00.529747-07:00,write,key-6,813.236,116,false,leaderless,50
2026-04-03T20:57:00.530063-07:00,write,key-3,812.957,98,false,leaderless,50
2026-04-03T20:57:00.52904-07:00,write,key-2,814.017,115,false,leaderless,50
2026-04-03T20:57:01.342179-07:00,read,key-6,1.632,118,false,leaderless,50
2026-04-03T20:57:01.34207-07:00,read,key-5,2.826,141,false,leaderless,50
2026-04-03T20:57:01.342124-07:00,read,key-5,2.856,141,false,leaderless,50
2026-04-03T20:57:01.342825-07:00,read,key-3,2.343,99,false,leaderless,50
2026-04-03T20:57:01.342618-07:00,read,key-4,2.555,127,false,leaderless,50
2026-04-03T20:57:01.343019-07:00,read,key-0,2.201,116,false,leaderless,50
2026-04-03T20:57:01.342676-07:00,read,key-5,3.136,141,false,leaderless,50
2026-04-03T20:57:01.342554-07:00,read,key-4,3.350,127,false,leaderless,50
2026-04-03T20:57:01.342983-07:00,read,key-2,3.034,117,false,leaderless,50
2026-04-03T20:57:01.345175-07:00,read,key-9,1.104,119,false,leaderless,50
2026-04-03T20:57:01.346019-07:00,read,key-4,0.834,127,false,leaderless,50
2026-04-03T20:57:01.345169-07:00,read,key-1,1.710,124,false,leaderless,50
2026-04-03T20:57:01.342942-07:00,write,key-0,811.774,117,false,leaderless,50
2026-04-03T20:57:01.34277-07:00,write,key-4,812.323,129,false,leaderless,50
2026-04-03T20:57:01.342932-07:00,write,key-1,812.236,126,false,leaderless,50
2026-04-03T20:57:01.342744-07:00,write,key-0,812.604,118,false,leaderless,50
2026-04-03T20:57:01.34257-07:00,write,key-4,812.833,128,false,leaderless,50
2026-04-03T20:57:01.34628-07:00,write,key-7,809.187,125,false,leaderless,50
2026-04-03T20:57:01.342806-07:00,write,key-7,812.773,123,false,leaderless,50
2026-04-03T20:57:01.342901-07:00,write,key-4,812.748,130,false,leaderless,50
2026-04-03T20:57:01.343055-07:00,write,key-1,812.636,127,false,leaderless,50
2026-04-03T20:57:01.343816-07:00,write,key-4,811.948,131,false,leaderless,50
2026-04-03T20:57:01.344899-07:00,write,key-5,810.920,142,false,leaderless,50
2026-04-03T20:57:01.342492-07:00,write,key-1,813.491,125,false,leaderless,50
2026-04-03T20:57:01.346882-07:00,write,key-2,809.153,119,false,leaderless,50
2026-04-03T20:57:01.344981-07:00,write,key-7,811.100,124,false,leaderless,50
2026-04-03T20:57:01.346854-07:00,write,key-4,809.276,132,false,leaderless,50
2026-04-03T20:57:01.345906-07:00,write,key-2,810.440,118,false,leaderless,50
2026-04-03T20:57:01.34297-07:00,write,key-5,813.409,143,false,leaderless,50
2026-04-03T20:57:01.345814-07:00,write,key-5,810.596,144,false,leaderless,50
2026-04-03T20:57:01.342636-07:00,write,key-8,813.804,108,false,leaderless,50
2026-04-03T20:57:01.345222-07:00,write,key-9,811.276,120,false,leaderless,50
2026-04-03T20:57:02.155763-07:00,read,key-3,5.906,99,false,leaderless,50
2026-04-03T20:57:02.156497-07:00,read,key-4,5.188,132,false,leaderless,50
2026-04-03T20:57:02.154718-07:00,read,key-2,7.091,120,false,leaderless,50
2026-04-03T20:57:02.155691-07:00,read,key-5,6.147,144,false,leaderless,50
2026-04-03T20:57:02.15644-07:00,read,key-1,5.432,127,false,leaderless,50
2026-04-03T20:57:02.156378-07:00,read,key-4,5.527,132,false,leaderless,50
2026-04-03T20:57:02.155402-07:00,read,key-7,6.542,125,false,leaderless,50
2026-04-03T20:57:02.155819-07:00,read,key-0,6.137,118,false,leaderless,50
2026-04-03T20:57:02.156345-07:00,read,key-6,5.661,118,false,leaderless,50
2026-04-03T20:57:02.161839-07:00,read,key-9,0.498,120,false,leaderless,50
2026-04-03T20:57:02.156129-07:00,read,key-5,6.289,144,false,leaderless,50
2026-04-03T20:57:02.161873-07:00,read,key-6,0.595,118,false,leaderless,50
2026-04-03T20:57:02.161945-07:00,read,key-6,0.582,118,false,leaderless,50
2026-04-03T20:57:02.161687-07:00,read,key-0,0.873,118,false,leaderless,50
2026-04-03T20:57:02.161907-07:00,read,key-5,0.800,144,false,leaderless,50
2026-04-03T20:57:02.162007-07:00,read,key-2,3.355,120,false,leaderless,50
2026-04-03T20:57:02.162339-07:00,read,key-5,4.184,145,false,leaderless,50
2026-04-03T20:57:02.15608-07:00,write,key-3,820.484,101,false,leaderless,50
2026-04-03T20:57:02.155579-07:00,write,key-3,821.129,102,false,leaderless,50
2026-04-03T20:57:02.156409-07:00,write,key-6,820.390,119,false,leaderless,50
2026-04-03T20:57:02.166525-07:00,write,key-4,810.341,134,false,leaderless,50
2026-04-03T20:57:02.162469-07:00,write,key-2,814.514,121,false,leaderless,50
2026-04-03T20:57:02.155982-07:00,write,key-1,821.025,129,false,leaderless,50
2026-04-03T20:57:02.155093-07:00,write,key-4,821.929,133,false,leaderless,50
2026-04-03T20:57:02.155167-07:00,write,key-5,821.897,145,false,leaderless,50
2026-04-03T20:57:02.161812-07:00,write,key-3,815.283,103,false,leaderless,50
2026-04-03T20:57:02.161957-07:00,write,key-0,815.163,120,false,leaderless,50
2026-04-03T20:57:02.165366-07:00,write,key-9,811.784,121,false,leaderless,50
2026-04-03T20:57:02.162708-07:00,write,key-1,814.467,130,false,leaderless,50
2026-04-03T20:57:02.155466-07:00,write,key-2,821.754,120,false,leaderless,50
2026-04-03T20:57:02.162561-07:00,write,key-2,814.674,122,false,leaderless,50
2026-04-03T20:57:02.156035-07:00,write,key-3,821.230,100,false,leaderless,50
2026-04-03T20:57:02.162529-07:00,write,key-9,814.743,122,false,leaderless,50
2026-04-03T20:57:02.162419-07:00,write,key-7,814.904,126,false,leaderless,50
2026-04-03T20:57:02.161673-07:00,write,key-9,815.684,123,false,leaderless,50
2026-04-03T20:57:02.155648-07:00,write,key-1,821.744,128,false,leaderless,50
2026-04-03T20:57:02.155347-07:00,write,key-0,822.098,119,false,leaderless,50
2026-04-03T20:57:02.977007-07:00,read,key-4,2.834,134,false,leaderless,50
2026-04-03T20:57:02.976866-07:00,read,key-6,3.101,119,false,leaderless,50
2026-04-03T20:57:02.977219-07:00,read,key-6,2.793,119,false,leaderless,50
2026-04-03T20:57:02.976708-07:00,read,key-5,3.367,145,false,leaderless,50
2026-04-03T20:57:02.977149-07:00,read,key-2,2.988,122,false,leaderless,50
2026-04-03T20:57:02.976799-07:00,read,key-3,3.344,103,false,leaderless,50
2026-04-03T20:57:02.977391-07:00,read,key-1,2.802,130,false,leaderless,50
2026-04-03T20:57:02.977264-07:00,read,key-2,4.108,122,false,leaderless,50
2026-04-03T20:57:02.980139-07:00,read,key-4,1.307,134,false,leaderless,50
2026-04-03T20:57:02.981374-07:00,read,key-1,0.385,130,false,leaderless,50
2026-04-03T20:57:02.980194-07:00,read,key-3,2.468,103,false,leaderless,50
2026-04-03T20:57:02.979844-07:00,read,key-3,3.440,105,false,leaderless,50
2026-04-03T20:57:02.983286-07:00,read,key-9,0.428,123,false,leaderless,50
2026-04-03T20:57:02.982664-07:00,read,key-0,1.646,120,false,leaderless,50
2026-04-03T20:57:02.984312-07:00,read,key-1,0.295,134,false,leaderless,50
2026-04-03T20:57:02.984609-07:00,read,key-8,0.387,108,false,leaderless,50
2026-04-03T20:57:02.984997-07:00,read,key-6,0.355,119,false,leaderless,50
2026-04-03T20:57:02.985353-07:00,read,key-9,0.201,123,false,leaderless,50
2026-04-03T20:57:02.977064-07:00,write,key-7,831.938,127,false,leaderless,50
2026-04-03T20:57:02.980077-07:00,write,key-2,829.001,125,false,leaderless,50
2026-04-03T20:57:02.980145-07:00,write,key-8,828.973,110,false,leaderless,50
2026-04-03T20:57:02.976567-07:00,write,key-1,832.580,132,false,leaderless,50
2026-04-03T20:57:02.981447-07:00,write,key-4,827.715,135,false,leaderless,50
2026-04-03T20:57:02.977356-07:00,write,key-8,831.836,109,false,leaderless,50
2026-04-03T20:57:02.980014-07:00,write,key-3,829.196,106,false,leaderless,50
2026-04-03T20:57:02.977272-07:00,write,key-2,832.045,124,false,leaderless,50
2026-04-03T20:57:02.976983-07:00,write,key-3,832.337,104,false,leaderless,50
2026-04-03T20:57:02.979968-07:00,write,key-3,829.355,105,false,leaderless,50
2026-04-03T20:57:02.977022-07:00,write,key-5,832.330,146,false,leaderless,50
2026-04-03T20:57:02.977444-07:00,write,key-1,831.911,134,false,leaderless,50
2026-04-03T20:57:02.98176-07:00,write,key-7,827.599,129,false,leaderless,50
2026-04-03T20:57:02.977323-07:00,write,key-1,832.042,133,false,leaderless,50
2026-04-03T20:57:02.977175-07:00,write,key-2,832.225,123,false,leaderless,50
2026-04-03T20:57:02.97712-07:00,write,key-7,832.283,128,false,leaderless,50
2026-04-03T20:57:02.977235-07:00,write,key-1,832.212,131,false,leaderless,50
2026-04-03T20:57:02.977095-07:00,write,key-9,832.360,124,false,leaderless,50
2026-04-03T20:57:02.983715-07:00,write,key-7,825.767,130,false,leaderless,50
2026-04-03T20:57:02.985556-07:00,write,key-2,824.476,126,false,leaderless,50
2026-04-03T20:57:03.809006-07:00,write,key-7,817.106,131,false,leaderless,50
