timestamp,type,key,latency_ms,version,stale_read,db_type,write_pct
2026-04-03T20:52:53.962183-07:00,write,key-9,11.143,23,false,leader-w1r5,50
2026-04-03T20:52:53.962053-07:00,write,key-4,11.276,21,false,leader-w1r5,50
2026-04-03T20:52:53.962022-07:00,write,key-0,11.317,22,false,leader-w1r5,50
2026-04-03T20:52:53.962126-07:00,write,key-2,11.223,15,false,leader-w1r5,50
2026-04-03T20:52:53.962179-07:00,write,key-5,11.182,20,false,leader-w1r5,50
2026-04-03T20:52:53.962284-07:00,write,key-3,11.087,18,false,leader-w1r5,50
2026-04-03T20:52:53.973328-07:00,write,key-2,1.681,16,false,leader-w1r5,50
2026-04-03T20:52:53.97334-07:00,write,key-9,1.695,24,false,leader-w1r5,50
2026-04-03T20:52:53.962102-07:00,write,key-4,12.961,22,false,leader-w1r5,50
2026-04-03T20:52:53.973331-07:00,write,key-7,1.762,27,false,leader-w1r5,50
2026-04-03T20:52:53.975011-07:00,write,key-3,0.575,19,false,leader-w1r5,50
2026-04-03T20:52:53.973374-07:00,write,key-9,2.977,25,false,leader-w1r5,50
2026-04-03T20:52:53.973364-07:00,write,key-8,3.071,22,false,leader-w1r5,50
2026-04-03T20:52:53.975036-07:00,write,key-0,1.731,23,false,leader-w1r5,50
2026-04-03T20:52:53.976353-07:00,write,key-1,1.848,13,false,leader-w1r5,50
2026-04-03T20:52:53.975095-07:00,write,key-4,3.135,23,false,leader-w1r5,50
2026-04-03T20:52:53.975589-07:00,write,key-0,2.658,24,false,leader-w1r5,50
2026-04-03T20:52:53.978249-07:00,write,key-5,0.873,21,false,leader-w1r5,50
2026-04-03T20:52:53.979131-07:00,write,key-8,0.768,23,false,leader-w1r5,50
2026-04-03T20:52:53.962294-07:00,read,key-2,64.645,16,false,leader-w1r5,50
2026-04-03T20:52:53.962326-07:00,read,key-4,64.627,23,false,leader-w1r5,50
2026-04-03T20:52:53.962262-07:00,read,key-2,64.713,16,false,leader-w1r5,50
2026-04-03T20:52:53.96227-07:00,read,key-9,64.770,23,true,leader-w1r5,50
2026-04-03T20:52:53.962201-07:00,read,key-8,64.841,21,true,leader-w1r5,50
2026-04-03T20:52:53.962047-07:00,read,key-6,65.019,16,false,leader-w1r5,50
2026-04-03T20:52:53.962253-07:00,read,key-4,64.844,23,false,leader-w1r5,50
2026-04-03T20:52:53.96218-07:00,read,key-3,64.924,19,false,leader-w1r5,50
2026-04-03T20:52:53.962051-07:00,read,key-2,65.082,15,true,leader-w1r5,50
2026-04-03T20:52:53.962224-07:00,read,key-1,64.997,13,false,leader-w1r5,50
2026-04-03T20:52:53.962212-07:00,read,key-4,65.841,23,false,leader-w1r5,50
2026-04-03T20:52:53.962083-07:00,read,key-2,65.993,16,false,leader-w1r5,50
2026-04-03T20:52:53.962214-07:00,read,key-8,65.918,21,true,leader-w1r5,50
2026-04-03T20:52:53.975072-07:00,read,key-3,53.368,19,false,leader-w1r5,50
2026-04-03T20:52:54.027105-07:00,write,key-9,1.365,26,false,leader-w1r5,50
2026-04-03T20:52:54.027099-07:00,write,key-4,1.605,24,false,leader-w1r5,50
2026-04-03T20:52:54.026955-07:00,write,key-2,1.790,17,false,leader-w1r5,50
2026-04-03T20:52:54.02847-07:00,write,key-9,0.766,27,false,leader-w1r5,50
2026-04-03T20:52:53.976775-07:00,read,key-3,52.475,19,false,leader-w1r5,50
2026-04-03T20:52:54.028134-07:00,write,key-4,1.122,25,false,leader-w1r5,50
2026-04-03T20:52:53.973351-07:00,read,key-1,55.918,13,false,leader-w1r5,50
2026-04-03T20:52:54.028055-07:00,write,key-3,1.220,21,false,leader-w1r5,50
2026-04-03T20:52:54.027223-07:00,write,key-3,2.080,20,false,leader-w1r5,50
2026-04-03T20:52:54.028705-07:00,write,key-0,0.669,25,false,leader-w1r5,50
2026-04-03T20:52:54.029329-07:00,write,key-2,0.737,19,false,leader-w1r5,50
2026-04-03T20:52:54.029237-07:00,write,key-2,1.121,18,false,leader-w1r5,50
2026-04-03T20:52:54.029253-07:00,write,key-8,1.120,24,false,leader-w1r5,50
2026-04-03T20:52:54.029281-07:00,write,key-7,1.129,28,false,leader-w1r5,50
2026-04-03T20:52:53.978232-07:00,read,key-2,52.195,16,true,leader-w1r5,50
2026-04-03T20:52:54.030374-07:00,write,key-8,0.929,25,false,leader-w1r5,50
2026-04-03T20:52:54.03036-07:00,write,key-9,0.961,28,false,leader-w1r5,50
2026-04-03T20:52:54.030068-07:00,write,key-0,1.285,26,false,leader-w1r5,50
2026-04-03T20:52:54.031323-07:00,write,key-2,1.624,20,false,leader-w1r5,50
2026-04-03T20:52:53.978203-07:00,read,key-1,54.755,13,false,leader-w1r5,50
2026-04-03T20:52:53.976436-07:00,read,key-8,56.527,25,false,leader-w1r5,50
2026-04-03T20:52:53.9799-07:00,read,key-4,55.284,25,false,leader-w1r5,50
2026-04-03T20:52:54.03296-07:00,write,key-5,2.231,22,false,leader-w1r5,50
2026-04-03T20:52:54.032947-07:00,write,key-3,2.262,22,false,leader-w1r5,50
2026-04-03T20:52:54.03521-07:00,write,key-5,1.226,23,false,leader-w1r5,50
2026-04-03T20:52:54.027043-07:00,read,key-0,52.090,26,false,leader-w1r5,50
2026-04-03T20:52:54.026976-07:00,read,key-3,52.234,22,false,leader-w1r5,50
2026-04-03T20:52:54.026941-07:00,read,key-9,52.446,28,false,leader-w1r5,50
2026-04-03T20:52:54.028077-07:00,read,key-3,51.447,22,false,leader-w1r5,50
2026-04-03T20:52:54.028442-07:00,read,key-1,51.653,13,false,leader-w1r5,50
2026-04-03T20:52:54.079135-07:00,write,key-0,0.968,27,false,leader-w1r5,50
2026-04-03T20:52:54.027134-07:00,read,key-7,52.995,28,false,leader-w1r5,50
2026-04-03T20:52:54.02704-07:00,read,key-4,53.090,25,false,leader-w1r5,50
2026-04-03T20:52:54.028746-07:00,read,key-5,51.399,23,false,leader-w1r5,50
2026-04-03T20:52:54.080105-07:00,write,key-3,0.438,23,false,leader-w1r5,50
2026-04-03T20:52:54.029277-07:00,read,key-3,51.342,21,true,leader-w1r5,50
2026-04-03T20:52:54.080096-07:00,write,key-9,0.537,29,false,leader-w1r5,50
2026-04-03T20:52:54.080146-07:00,write,key-8,0.999,26,false,leader-w1r5,50
2026-04-03T20:52:54.080132-07:00,write,key-0,1.024,28,false,leader-w1r5,50
2026-04-03T20:52:54.08062-07:00,write,key-3,0.962,24,false,leader-w1r5,50
2026-04-03T20:52:54.080545-07:00,write,key-9,1.071,30,false,leader-w1r5,50
2026-04-03T20:52:54.080636-07:00,write,key-2,1.688,21,false,leader-w1r5,50
2026-04-03T20:52:54.081158-07:00,write,key-1,1.167,14,false,leader-w1r5,50
2026-04-03T20:52:54.030411-07:00,read,key-3,52.710,24,false,leader-w1r5,50
2026-04-03T20:52:54.031354-07:00,read,key-4,51.799,25,false,leader-w1r5,50
2026-04-03T20:52:54.081584-07:00,write,key-4,1.581,26,false,leader-w1r5,50
2026-04-03T20:52:54.083171-07:00,write,key-3,0.944,25,false,leader-w1r5,50
2026-04-03T20:52:54.083122-07:00,write,key-4,1.368,27,false,leader-w1r5,50
2026-04-03T20:52:54.083154-07:00,write,key-7,1.359,29,false,leader-w1r5,50
2026-04-03T20:52:54.082326-07:00,write,key-3,2.245,26,false,leader-w1r5,50
2026-04-03T20:52:54.027067-07:00,read,key-9,57.895,30,false,leader-w1r5,50
2026-04-03T20:52:54.029257-07:00,read,key-8,56.114,26,false,leader-w1r5,50
2026-04-03T20:52:54.031305-07:00,read,key-2,54.103,21,false,leader-w1r5,50
2026-04-03T20:52:54.084116-07:00,write,key-9,1.297,31,false,leader-w1r5,50
2026-04-03T20:52:54.084578-07:00,write,key-4,0.842,28,false,leader-w1r5,50
2026-04-03T20:52:54.084963-07:00,write,key-0,0.673,29,false,leader-w1r5,50
2026-04-03T20:52:54.032965-07:00,read,key-3,52.716,26,false,leader-w1r5,50
2026-04-03T20:52:54.030428-07:00,read,key-2,55.488,21,false,leader-w1r5,50
2026-04-03T20:52:54.029376-07:00,read,key-8,56.567,26,false,leader-w1r5,50
2026-04-03T20:52:54.085917-07:00,write,key-2,0.708,22,false,leader-w1r5,50
2026-04-03T20:52:54.035186-07:00,read,key-7,52.656,29,false,leader-w1r5,50
2026-04-03T20:52:54.087843-07:00,write,key-9,0.541,32,false,leader-w1r5,50
2026-04-03T20:52:54.035192-07:00,read,key-7,53.404,29,false,leader-w1r5,50
2026-04-03T20:52:54.088597-07:00,write,key-1,0.362,15,false,leader-w1r5,50
2026-04-03T20:52:54.036437-07:00,read,key-5,54.669,23,false,leader-w1r5,50
2026-04-03T20:52:54.091108-07:00,write,key-8,0.454,27,false,leader-w1r5,50
2026-04-03T20:52:54.08013-07:00,read,key-3,51.978,23,true,leader-w1r5,50
2026-04-03T20:52:54.079389-07:00,read,key-3,52.753,26,false,leader-w1r5,50
2026-04-03T20:52:54.079212-07:00,read,key-5,53.048,23,false,leader-w1r5,50
2026-04-03T20:52:54.081147-07:00,read,key-6,51.368,16,false,leader-w1r5,50
2026-04-03T20:52:54.132264-07:00,write,key-0,0.535,30,false,leader-w1r5,50
2026-04-03T20:52:54.132801-07:00,write,key-1,0.355,16,false,leader-w1r5,50
2026-04-03T20:52:54.133157-07:00,write,key-3,0.297,27,false,leader-w1r5,50
2026-04-03T20:52:54.133472-07:00,write,key-1,0.385,17,false,leader-w1r5,50
2026-04-03T20:52:54.081617-07:00,read,key-7,52.359,29,false,leader-w1r5,50
2026-04-03T20:52:54.133858-07:00,write,key-6,0.294,17,false,leader-w1r5,50
2026-04-03T20:52:54.133977-07:00,write,key-0,0.495,31,false,leader-w1r5,50
2026-04-03T20:52:54.134153-07:00,write,key-7,0.646,30,false,leader-w1r5,50
2026-04-03T20:52:54.134474-07:00,write,key-2,0.723,23,false,leader-w1r5,50
2026-04-03T20:52:54.1348-07:00,write,key-8,0.651,28,false,leader-w1r5,50
2026-04-03T20:52:54.135198-07:00,write,key-5,0.701,24,false,leader-w1r5,50
2026-04-03T20:52:54.084492-07:00,read,key-8,51.524,28,false,leader-w1r5,50
2026-04-03T20:52:54.079525-07:00,read,key-2,56.509,22,true,leader-w1r5,50
2026-04-03T20:52:54.1359-07:00,write,key-2,0.841,24,false,leader-w1r5,50
2026-04-03T20:52:54.082327-07:00,read,key-2,55.133,24,false,leader-w1r5,50
2026-04-03T20:52:54.085637-07:00,read,key-6,51.826,17,false,leader-w1r5,50
2026-04-03T20:52:54.085422-07:00,read,key-6,52.188,17,false,leader-w1r5,50
2026-04-03T20:52:54.084514-07:00,read,key-4,53.632,28,false,leader-w1r5,50
2026-04-03T20:52:54.137461-07:00,write,key-8,0.700,29,false,leader-w1r5,50
2026-04-03T20:52:54.085415-07:00,read,key-2,52.827,24,false,leader-w1r5,50
2026-04-03T20:52:54.085409-07:00,read,key-9,52.881,32,false,leader-w1r5,50
2026-04-03T20:52:54.138162-07:00,write,key-4,0.864,29,false,leader-w1r5,50
2026-04-03T20:52:54.138148-07:00,write,key-2,0.952,25,false,leader-w1r5,50
2026-04-03T20:52:54.136035-07:00,write,key-4,3.078,30,false,leader-w1r5,50
2026-04-03T20:52:54.085944-07:00,read,key-0,53.628,31,false,leader-w1r5,50
2026-04-03T20:52:54.085372-07:00,read,key-6,54.995,16,true,leader-w1r5,50
2026-04-03T20:52:54.138243-07:00,write,key-4,2.142,31,false,leader-w1r5,50
2026-04-03T20:52:54.085682-07:00,read,key-5,54.729,24,false,leader-w1r5,50
2026-04-03T20:52:54.086626-07:00,read,key-4,53.795,28,true,leader-w1r5,50
2026-04-03T20:52:54.088386-07:00,read,key-2,52.042,25,false,leader-w1r5,50
2026-04-03T20:52:54.139101-07:00,write,key-1,2.133,18,false,leader-w1r5,50
2026-04-03T20:52:54.139573-07:00,write,key-5,1.860,25,false,leader-w1r5,50
2026-04-03T20:52:54.140387-07:00,write,key-2,1.099,26,false,leader-w1r5,50
2026-04-03T20:52:54.141236-07:00,write,key-3,0.866,28,false,leader-w1r5,50
2026-04-03T20:52:54.140442-07:00,write,key-5,1.667,26,false,leader-w1r5,50
2026-04-03T20:52:54.140412-07:00,write,key-2,1.708,27,false,leader-w1r5,50
2026-04-03T20:52:54.141487-07:00,write,key-8,0.661,30,false,leader-w1r5,50
2026-04-03T20:52:54.140423-07:00,write,key-1,1.737,19,false,leader-w1r5,50
2026-04-03T20:52:54.142104-07:00,write,key-2,0.904,28,false,leader-w1r5,50
2026-04-03T20:52:54.142149-07:00,write,key-4,0.992,32,false,leader-w1r5,50
2026-04-03T20:52:54.08896-07:00,read,key-0,54.200,31,false,leader-w1r5,50
2026-04-03T20:52:54.142161-07:00,write,key-4,1.750,33,false,leader-w1r5,50
2026-04-03T20:52:54.143161-07:00,write,key-7,0.760,31,false,leader-w1r5,50
2026-04-03T20:52:54.143912-07:00,write,key-5,0.432,27,false,leader-w1r5,50
2026-04-03T20:52:54.143922-07:00,write,key-2,0.448,29,false,leader-w1r5,50
2026-04-03T20:52:54.091563-07:00,read,key-3,55.653,28,false,leader-w1r5,50
2026-04-03T20:52:54.147218-07:00,write,key-7,0.403,32,false,leader-w1r5,50
2026-04-03T20:52:54.147622-07:00,write,key-3,0.300,29,false,leader-w1r5,50
2026-04-03T20:52:54.147923-07:00,write,key-7,0.309,33,false,leader-w1r5,50
2026-04-03T20:52:54.132517-07:00,read,key-8,51.976,27,true,leader-w1r5,50
2026-04-03T20:52:54.132115-07:00,read,key-9,52.467,32,false,leader-w1r5,50
2026-04-03T20:52:54.132144-07:00,read,key-0,53.040,31,false,leader-w1r5,50
2026-04-03T20:52:54.184496-07:00,write,key-6,0.921,18,false,leader-w1r5,50
2026-04-03T20:52:54.185187-07:00,write,key-2,0.287,30,false,leader-w1r5,50
2026-04-03T20:52:54.185475-07:00,write,key-0,0.317,32,false,leader-w1r5,50
2026-04-03T20:52:54.185802-07:00,write,key-3,0.372,30,false,leader-w1r5,50
2026-04-03T20:52:54.186176-07:00,write,key-9,0.372,33,false,leader-w1r5,50
2026-04-03T20:52:54.135452-07:00,read,key-8,51.098,30,false,leader-w1r5,50
2026-04-03T20:52:54.136742-07:00,read,key-3,50.844,30,false,leader-w1r5,50
2026-04-03T20:52:54.136018-07:00,read,key-3,51.586,30,false,leader-w1r5,50
2026-04-03T20:52:54.187606-07:00,write,key-1,1.974,20,false,leader-w1r5,50
2026-04-03T20:52:54.187588-07:00,write,key-3,2.002,31,false,leader-w1r5,50
2026-04-03T20:52:54.137611-07:00,read,key-6,52.527,18,false,leader-w1r5,50
2026-04-03T20:52:54.137465-07:00,read,key-4,52.754,33,false,leader-w1r5,50
2026-04-03T20:52:54.189582-07:00,write,key-3,1.004,32,false,leader-w1r5,50
2026-04-03T20:52:54.19022-07:00,write,key-9,0.789,34,false,leader-w1r5,50
2026-04-03T20:52:54.190139-07:00,write,key-9,2.045,35,false,leader-w1r5,50
2026-04-03T20:52:54.190588-07:00,write,key-5,1.663,28,false,leader-w1r5,50
2026-04-03T20:52:54.138292-07:00,read,key-8,53.978,29,true,leader-w1r5,50
2026-04-03T20:52:54.139027-07:00,read,key-5,53.246,24,true,leader-w1r5,50
2026-04-03T20:52:54.140369-07:00,read,key-4,52.428,33,false,leader-w1r5,50
2026-04-03T20:52:54.139115-07:00,read,key-1,53.807,20,false,leader-w1r5,50
2026-04-03T20:52:54.192274-07:00,write,key-7,1.202,34,false,leader-w1r5,50
2026-04-03T20:52:54.141434-07:00,read,key-5,52.074,25,true,leader-w1r5,50
2026-04-03T20:52:54.142122-07:00,read,key-0,51.390,32,false,leader-w1r5,50
2026-04-03T20:52:54.142111-07:00,read,key-7,51.425,33,true,leader-w1r5,50
2026-04-03T20:52:54.192251-07:00,write,key-9,1.296,36,false,leader-w1r5,50
2026-04-03T20:52:54.192923-07:00,write,key-8,1.115,31,false,leader-w1r5,50
2026-04-03T20:52:54.143143-07:00,read,key-3,51.353,32,false,leader-w1r5,50
2026-04-03T20:52:54.143009-07:00,read,key-2,51.524,30,false,leader-w1r5,50
2026-04-03T20:52:54.144345-07:00,read,key-4,50.804,33,false,leader-w1r5,50
2026-04-03T20:52:54.144371-07:00,read,key-7,53.851,34,false,leader-w1r5,50
2026-04-03T20:52:54.148234-07:00,read,key-7,51.231,33,true,leader-w1r5,50
2026-04-03T20:52:54.199467-07:00,write,key-1,0.452,21,false,leader-w1r5,50
2026-04-03T20:52:54.184584-07:00,read,key-8,51.834,31,false,leader-w1r5,50
2026-04-03T20:52:54.236421-07:00,write,key-1,0.365,22,false,leader-w1r5,50
2026-04-03T20:52:54.185419-07:00,read,key-5,51.663,27,true,leader-w1r5,50
2026-04-03T20:52:54.186548-07:00,read,key-1,52.498,22,false,leader-w1r5,50
2026-04-03T20:52:54.186552-07:00,read,key-1,52.501,19,true,leader-w1r5,50
2026-04-03T20:52:54.18959-07:00,read,key-4,52.698,33,false,leader-w1r5,50
2026-04-03T20:52:54.192272-07:00,read,key-0,51.609,32,false,leader-w1r5,50
2026-04-03T20:52:54.192186-07:00,read,key-3,51.746,32,false,leader-w1r5,50
2026-04-03T20:52:54.193509-07:00,read,key-3,51.228,32,false,leader-w1r5,50
2026-04-03T20:52:54.191009-07:00,read,key-8,53.923,30,true,leader-w1r5,50
2026-04-03T20:52:54.192799-07:00,read,key-8,52.174,31,false,leader-w1r5,50
2026-04-03T20:52:54.193538-07:00,read,key-9,51.539,36,false,leader-w1r5,50
2026-04-03T20:52:54.193477-07:00,read,key-4,51.803,33,false,leader-w1r5,50
2026-04-03T20:52:54.193513-07:00,read,key-9,51.790,36,false,leader-w1r5,50
2026-04-03T20:52:54.193549-07:00,read,key-1,51.763,20,true,leader-w1r5,50
2026-04-03T20:52:54.244739-07:00,write,key-8,0.755,32,false,leader-w1r5,50
2026-04-03T20:52:54.194497-07:00,read,key-3,51.014,32,false,leader-w1r5,50
2026-04-03T20:52:54.194535-07:00,read,key-3,51.839,32,false,leader-w1r5,50
2026-04-03T20:52:54.195151-07:00,read,key-0,51.327,32,false,leader-w1r5,50
2026-04-03T20:52:54.245495-07:00,write,key-5,1.132,29,false,leader-w1r5,50
2026-04-03T20:52:54.246376-07:00,write,key-1,0.730,23,false,leader-w1r5,50
2026-04-03T20:52:54.24648-07:00,write,key-2,0.717,31,false,leader-w1r5,50
2026-04-03T20:52:54.247107-07:00,write,key-9,0.732,37,false,leader-w1r5,50
2026-04-03T20:52:54.194038-07:00,read,key-1,53.815,22,true,leader-w1r5,50
2026-04-03T20:52:54.24784-07:00,write,key-3,0.589,33,false,leader-w1r5,50
2026-04-03T20:52:54.198223-07:00,read,key-0,52.879,32,false,leader-w1r5,50
2026-04-03T20:52:54.19992-07:00,read,key-2,51.191,31,false,leader-w1r5,50
2026-04-03T20:52:54.236787-07:00,read,key-9,52.324,37,false,leader-w1r5,50
2026-04-03T20:52:54.239048-07:00,read,key-4,50.838,33,false,leader-w1r5,50
2026-04-03T20:52:54.237083-07:00,read,key-6,55.073,18,false,leader-w1r5,50
2026-04-03T20:52:54.239053-07:00,read,key-1,53.694,23,false,leader-w1r5,50
2026-04-03T20:52:54.24229-07:00,read,key-0,52.829,32,false,leader-w1r5,50
2026-04-03T20:52:54.243882-07:00,read,key-9,51.279,36,true,leader-w1r5,50
2026-04-03T20:52:54.295163-07:00,write,key-8,0.245,33,false,leader-w1r5,50
2026-04-03T20:52:54.244933-07:00,read,key-9,51.323,37,false,leader-w1r5,50
2026-04-03T20:52:54.245077-07:00,read,key-0,51.219,32,false,leader-w1r5,50
2026-04-03T20:52:54.244974-07:00,read,key-5,51.390,29,false,leader-w1r5,50
2026-04-03T20:52:54.296365-07:00,write,key-3,0.392,34,false,leader-w1r5,50
2026-04-03T20:52:54.296299-07:00,write,key-5,0.647,30,false,leader-w1r5,50
2026-04-03T20:52:54.245304-07:00,read,key-0,51.918,32,false,leader-w1r5,50
2026-04-03T20:52:54.245514-07:00,read,key-7,51.720,34,false,leader-w1r5,50
2026-04-03T20:52:54.296947-07:00,write,key-5,0.402,31,false,leader-w1r5,50
2026-04-03T20:52:54.245281-07:00,read,key-8,52.976,33,false,leader-w1r5,50
2026-04-03T20:52:54.243934-07:00,read,key-3,54.339,34,false,leader-w1r5,50
2026-04-03T20:52:54.24663-07:00,read,key-4,51.790,33,false,leader-w1r5,50
2026-04-03T20:52:54.298274-07:00,write,key-5,0.476,32,false,leader-w1r5,50
2026-04-03T20:52:54.245312-07:00,read,key-5,54.210,32,false,leader-w1r5,50
2026-04-03T20:52:54.247854-07:00,read,key-0,52.252,32,false,leader-w1r5,50
2026-04-03T20:52:54.247199-07:00,read,key-6,53.012,18,false,leader-w1r5,50
2026-04-03T20:52:54.248431-07:00,read,key-0,51.925,32,false,leader-w1r5,50
2026-04-03T20:52:54.251104-07:00,read,key-0,51.755,32,false,leader-w1r5,50
2026-04-03T20:52:54.251113-07:00,read,key-2,54.881,31,false,leader-w1r5,50
2026-04-03T20:52:54.289114-07:00,read,key-7,52.003,34,false,leader-w1r5,50
2026-04-03T20:52:54.289889-07:00,read,key-0,51.910,32,false,leader-w1r5,50
2026-04-03T20:52:54.341801-07:00,write,key-0,0.409,33,false,leader-w1r5,50
2026-04-03T20:52:54.342212-07:00,write,key-5,0.346,33,false,leader-w1r5,50
2026-04-03T20:52:54.34256-07:00,write,key-0,0.280,34,false,leader-w1r5,50
2026-04-03T20:52:54.342842-07:00,write,key-8,0.327,34,false,leader-w1r5,50
2026-04-03T20:52:54.292749-07:00,read,key-2,52.672,31,false,leader-w1r5,50
2026-04-03T20:52:54.292157-07:00,read,key-5,53.982,33,false,leader-w1r5,50
2026-04-03T20:52:54.295409-07:00,read,key-3,50.842,34,false,leader-w1r5,50
2026-04-03T20:52:54.29512-07:00,read,key-4,51.822,33,false,leader-w1r5,50
2026-04-03T20:52:54.296258-07:00,read,key-5,51.178,33,false,leader-w1r5,50
2026-04-03T20:52:54.297236-07:00,read,key-8,51.995,34,false,leader-w1r5,50
2026-04-03T20:52:54.297224-07:00,read,key-1,52.064,23,false,leader-w1r5,50
2026-04-03T20:52:54.347437-07:00,write,key-7,2.179,35,false,leader-w1r5,50
2026-04-03T20:52:54.349233-07:00,write,key-2,0.764,32,false,leader-w1r5,50
2026-04-03T20:52:54.349618-07:00,write,key-4,1.092,34,false,leader-w1r5,50
2026-04-03T20:52:54.350711-07:00,write,key-8,1.004,35,false,leader-w1r5,50
2026-04-03T20:52:54.299523-07:00,read,key-0,52.212,34,false,leader-w1r5,50
2026-04-03T20:52:54.298421-07:00,read,key-6,53.318,18,false,leader-w1r5,50
2026-04-03T20:52:54.349998-07:00,write,key-2,1.748,33,false,leader-w1r5,50
2026-04-03T20:52:54.298259-07:00,read,key-7,53.894,35,false,leader-w1r5,50
2026-04-03T20:52:54.351747-07:00,write,key-2,0.959,34,false,leader-w1r5,50
2026-04-03T20:52:54.298751-07:00,read,key-2,54.111,32,true,leader-w1r5,50
2026-04-03T20:52:54.296759-07:00,read,key-3,56.127,34,false,leader-w1r5,50
2026-04-03T20:52:54.300357-07:00,read,key-4,52.828,33,true,leader-w1r5,50
2026-04-03T20:52:54.300212-07:00,read,key-2,53.151,32,true,leader-w1r5,50
2026-04-03T20:52:54.300108-07:00,read,key-1,53.335,23,false,leader-w1r5,50
2026-04-03T20:52:54.29735-07:00,read,key-4,56.136,34,false,leader-w1r5,50
2026-04-03T20:52:54.352707-07:00,write,key-1,0.806,24,false,leader-w1r5,50
2026-04-03T20:52:54.352154-07:00,write,key-1,1.466,25,false,leader-w1r5,50
2026-04-03T20:52:54.353187-07:00,write,key-2,1.192,35,false,leader-w1r5,50
2026-04-03T20:52:54.352863-07:00,write,key-5,1.565,34,false,leader-w1r5,50
2026-04-03T20:52:54.353444-07:00,write,key-6,0.992,19,false,leader-w1r5,50
2026-04-03T20:52:54.302861-07:00,read,key-9,52.128,37,false,leader-w1r5,50
2026-04-03T20:52:54.353623-07:00,write,key-8,1.860,36,false,leader-w1r5,50
2026-04-03T20:52:54.353487-07:00,write,key-1,2.008,26,false,leader-w1r5,50
2026-04-03T20:52:54.353513-07:00,write,key-0,1.997,35,false,leader-w1r5,50
2026-04-03T20:52:54.354438-07:00,write,key-0,2.913,36,false,leader-w1r5,50
2026-04-03T20:52:54.357353-07:00,write,key-6,0.438,20,false,leader-w1r5,50
2026-04-03T20:52:54.305996-07:00,read,key-4,53.174,34,false,leader-w1r5,50
2026-04-03T20:52:54.359171-07:00,write,key-0,0.319,37,false,leader-w1r5,50
2026-04-03T20:52:54.359492-07:00,write,key-7,0.481,36,false,leader-w1r5,50
2026-04-03T20:52:54.341121-07:00,read,key-7,52.143,36,false,leader-w1r5,50
2026-04-03T20:52:54.393268-07:00,write,key-0,0.431,38,false,leader-w1r5,50
2026-04-03T20:52:54.34317-07:00,read,key-3,51.247,34,false,leader-w1r5,50
2026-04-03T20:52:54.39442-07:00,write,key-0,0.487,39,false,leader-w1r5,50
2026-04-03T20:52:54.394909-07:00,write,key-4,0.342,35,false,leader-w1r5,50
2026-04-03T20:52:54.395252-07:00,write,key-9,0.645,38,false,leader-w1r5,50
2026-04-03T20:52:54.345424-07:00,read,key-0,51.657,39,false,leader-w1r5,50
2026-04-03T20:52:54.346141-07:00,read,key-1,51.500,23,true,leader-w1r5,50
2026-04-03T20:52:54.346944-07:00,read,key-5,50.731,34,false,leader-w1r5,50
2026-04-03T20:52:54.346252-07:00,read,key-8,51.450,36,false,leader-w1r5,50
2026-04-03T20:52:54.349289-07:00,read,key-6,51.828,20,false,leader-w1r5,50
2026-04-03T20:52:54.352887-07:00,read,key-0,51.555,39,false,leader-w1r5,50
2026-04-03T20:52:54.351716-07:00,read,key-9,52.835,38,false,leader-w1r5,50
2026-04-03T20:52:54.351741-07:00,read,key-7,52.877,36,false,leader-w1r5,50
2026-04-03T20:52:54.351737-07:00,read,key-8,53.002,36,false,leader-w1r5,50
2026-04-03T20:52:54.353364-07:00,read,key-2,51.753,35,false,leader-w1r5,50
2026-04-03T20:52:54.354431-07:00,read,key-1,51.310,26,false,leader-w1r5,50
2026-04-03T20:52:54.355496-07:00,read,key-6,52.066,20,false,leader-w1r5,50
2026-04-03T20:52:54.405743-07:00,write,key-8,2.056,37,false,leader-w1r5,50
2026-04-03T20:52:54.404619-07:00,write,key-9,3.297,39,false,leader-w1r5,50
2026-04-03T20:52:54.404445-07:00,write,key-4,3.490,36,false,leader-w1r5,50
2026-04-03T20:52:54.40474-07:00,write,key-7,3.231,37,false,leader-w1r5,50
2026-04-03T20:52:54.407801-07:00,write,key-6,0.390,21,false,leader-w1r5,50
2026-04-03T20:52:54.407917-07:00,write,key-0,0.597,40,false,leader-w1r5,50
2026-04-03T20:52:54.408192-07:00,write,key-2,0.394,36,false,leader-w1r5,50
2026-04-03T20:52:54.355485-07:00,read,key-5,53.340,34,false,leader-w1r5,50
2026-04-03T20:52:54.355513-07:00,read,key-4,53.606,35,true,leader-w1r5,50
2026-04-03T20:52:54.408516-07:00,write,key-0,0.659,41,false,leader-w1r5,50
2026-04-03T20:52:54.35438-07:00,read,key-4,54.819,34,true,leader-w1r5,50
2026-04-03T20:52:54.408827-07:00,write,key-5,0.485,35,false,leader-w1r5,50
2026-04-03T20:52:54.354992-07:00,read,key-7,54.379,37,false,leader-w1r5,50
2026-04-03T20:52:54.409201-07:00,write,key-4,0.584,37,false,leader-w1r5,50
2026-04-03T20:52:54.409176-07:00,write,key-6,0.682,22,false,leader-w1r5,50
2026-04-03T20:52:54.40986-07:00,write,key-3,0.450,35,false,leader-w1r5,50
2026-04-03T20:52:54.357792-07:00,read,key-6,55.415,22,false,leader-w1r5,50
2026-04-03T20:52:54.359973-07:00,read,key-0,53.242,41,false,leader-w1r5,50
2026-04-03T20:52:54.413237-07:00,write,key-2,0.459,37,false,leader-w1r5,50
2026-04-03T20:52:54.413698-07:00,write,key-5,0.316,36,false,leader-w1r5,50
2026-04-03T20:52:54.414015-07:00,write,key-5,0.254,37,false,leader-w1r5,50
2026-04-03T20:52:54.414271-07:00,write,key-9,0.229,40,false,leader-w1r5,50
2026-04-03T20:52:54.414501-07:00,write,key-0,0.276,42,false,leader-w1r5,50
2026-04-03T20:52:54.393702-07:00,read,key-2,52.645,35,true,leader-w1r5,50
2026-04-03T20:52:54.3959-07:00,read,key-0,52.498,42,false,leader-w1r5,50
2026-04-03T20:52:54.397084-07:00,read,key-0,51.372,39,true,leader-w1r5,50
2026-04-03T20:52:54.448458-07:00,write,key-3,0.311,36,false,leader-w1r5,50
2026-04-03T20:52:54.397703-07:00,read,key-3,51.298,35,true,leader-w1r5,50
2026-04-03T20:52:54.448771-07:00,write,key-6,0.430,23,false,leader-w1r5,50
2026-04-03T20:52:54.397677-07:00,read,key-3,51.842,34,true,leader-w1r5,50
2026-04-03T20:52:54.397643-07:00,read,key-3,51.951,36,false,leader-w1r5,50
2026-04-03T20:52:54.449202-07:00,write,key-7,0.416,38,false,leader-w1r5,50
2026-04-03T20:52:54.449521-07:00,write,key-8,0.360,38,false,leader-w1r5,50
2026-04-03T20:52:54.404553-07:00,read,key-1,50.941,26,false,leader-w1r5,50
2026-04-03T20:52:54.40112-07:00,read,key-5,54.465,34,true,leader-w1r5,50
2026-04-03T20:52:54.405118-07:00,read,key-8,51.035,38,false,leader-w1r5,50
2026-04-03T20:52:54.456155-07:00,write,key-8,0.260,39,false,leader-w1r5,50
2026-04-03T20:52:54.407937-07:00,read,key-2,57.623,37,false,leader-w1r5,50
2026-04-03T20:52:54.410311-07:00,read,key-5,55.295,37,false,leader-w1r5,50
2026-04-03T20:52:54.409786-07:00,read,key-3,55.905,34,true,leader-w1r5,50
2026-04-03T20:52:54.409313-07:00,read,key-6,56.383,23,false,leader-w1r5,50
2026-04-03T20:52:54.409121-07:00,read,key-4,56.594,37,false,leader-w1r5,50
2026-04-03T20:52:54.407972-07:00,read,key-4,57.743,37,false,leader-w1r5,50
2026-04-03T20:52:54.408588-07:00,read,key-3,57.151,36,false,leader-w1r5,50
2026-04-03T20:52:54.409372-07:00,read,key-1,56.366,26,false,leader-w1r5,50
2026-04-03T20:52:54.407565-07:00,read,key-3,58.202,36,false,leader-w1r5,50
2026-04-03T20:52:54.465606-07:00,write,key-4,0.937,38,false,leader-w1r5,50
2026-04-03T20:52:54.465562-07:00,write,key-2,1.004,38,false,leader-w1r5,50
2026-04-03T20:52:54.465716-07:00,write,key-2,1.603,39,false,leader-w1r5,50
2026-04-03T20:52:54.465694-07:00,write,key-3,1.640,37,false,leader-w1r5,50
2026-04-03T20:52:54.414778-07:00,read,key-4,54.742,38,false,leader-w1r5,50
2026-04-03T20:52:54.465697-07:00,write,key-7,3.853,39,false,leader-w1r5,50
2026-04-03T20:52:54.465741-07:00,write,key-1,3.823,27,false,leader-w1r5,50
2026-04-03T20:52:54.469566-07:00,write,key-0,1.181,43,false,leader-w1r5,50
2026-04-03T20:52:54.470749-07:00,write,key-5,0.992,38,false,leader-w1r5,50
2026-04-03T20:52:54.465768-07:00,write,key-2,6.083,40,false,leader-w1r5,50
2026-04-03T20:52:54.469521-07:00,write,key-5,2.345,39,false,leader-w1r5,50
2026-04-03T20:52:54.46732-07:00,write,key-0,4.580,44,false,leader-w1r5,50
2026-04-03T20:52:54.466568-07:00,write,key-6,5.358,24,false,leader-w1r5,50
2026-04-03T20:52:54.471743-07:00,write,key-3,0.986,38,false,leader-w1r5,50
2026-04-03T20:52:54.471867-07:00,write,key-4,0.927,39,false,leader-w1r5,50
2026-04-03T20:52:54.471853-07:00,write,key-6,0.956,25,false,leader-w1r5,50
2026-04-03T20:52:54.413257-07:00,read,key-5,71.462,35,true,leader-w1r5,50
2026-04-03T20:52:54.484721-07:00,write,key-5,1.212,40,false,leader-w1r5,50
2026-04-03T20:52:54.485936-07:00,write,key-3,4.809,39,false,leader-w1r5,50
2026-04-03T20:52:54.449004-07:00,read,key-4,50.954,39,false,leader-w1r5,50
2026-04-03T20:52:54.446372-07:00,read,key-4,53.587,39,false,leader-w1r5,50
2026-04-03T20:52:54.4484-07:00,read,key-2,52.095,40,false,leader-w1r5,50
2026-04-03T20:52:54.449882-07:00,read,key-0,53.949,44,false,leader-w1r5,50
2026-04-03T20:52:54.449596-07:00,read,key-9,55.376,40,false,leader-w1r5,50
2026-04-03T20:52:54.449619-07:00,read,key-0,58.030,44,false,leader-w1r5,50
2026-04-03T20:52:54.500497-07:00,write,key-7,8.541,40,false,leader-w1r5,50
2026-04-03T20:52:54.455588-07:00,read,key-0,54.608,44,false,leader-w1r5,50
2026-04-03T20:52:54.504973-07:00,write,key-5,7.197,41,false,leader-w1r5,50
2026-04-03T20:52:54.503834-07:00,write,key-7,8.371,41,false,leader-w1r5,50
2026-04-03T20:52:54.507651-07:00,write,key-1,4.812,28,false,leader-w1r5,50
2026-04-03T20:52:54.512207-07:00,write,key-9,1.209,41,false,leader-w1r5,50
2026-04-03T20:52:54.512173-07:00,write,key-7,1.279,42,false,leader-w1r5,50
2026-04-03T20:52:54.509041-07:00,write,key-6,4.678,26,false,leader-w1r5,50
2026-04-03T20:52:54.455498-07:00,read,key-1,58.541,26,true,leader-w1r5,50
2026-04-03T20:52:54.512465-07:00,write,key-5,1.930,42,false,leader-w1r5,50
2026-04-03T20:52:54.456417-07:00,read,key-8,58.747,39,false,leader-w1r5,50
2026-04-03T20:52:54.514041-07:00,write,key-7,1.697,43,false,leader-w1r5,50
2026-04-03T20:52:54.515165-07:00,write,key-5,0.598,43,false,leader-w1r5,50
2026-04-03T20:52:54.514396-07:00,write,key-4,1.411,40,false,leader-w1r5,50
2026-04-03T20:52:54.51372-07:00,write,key-8,2.137,40,false,leader-w1r5,50
2026-04-03T20:52:54.515739-07:00,write,key-3,0.580,40,false,leader-w1r5,50
2026-04-03T20:52:54.515858-07:00,write,key-8,0.494,41,false,leader-w1r5,50
2026-04-03T20:52:54.465741-07:00,read,key-4,53.252,40,false,leader-w1r5,50
2026-04-03T20:52:54.465716-07:00,read,key-6,53.343,26,false,leader-w1r5,50
2026-04-03T20:52:54.472797-07:00,read,key-5,61.646,43,false,leader-w1r5,50
2026-04-03T20:52:54.466545-07:00,read,key-7,85.582,43,false,leader-w1r5,50
2026-04-03T20:52:54.472731-07:00,read,key-6,79.517,26,false,leader-w1r5,50
2026-04-03T20:52:54.471901-07:00,read,key-8,80.348,41,false,leader-w1r5,50
2026-04-03T20:52:54.467336-07:00,read,key-8,86.534,41,false,leader-w1r5,50
2026-04-03T20:52:54.47281-07:00,read,key-8,84.718,41,false,leader-w1r5,50
2026-04-03T20:52:54.552251-07:00,write,key-3,5.688,41,false,leader-w1r5,50
2026-04-03T20:52:54.471927-07:00,read,key-6,86.017,26,false,leader-w1r5,50
2026-04-03T20:52:54.553872-07:00,write,key-0,4.101,45,false,leader-w1r5,50
2026-04-03T20:52:54.534445-07:00,write,key-0,23.530,46,false,leader-w1r5,50
2026-04-03T20:52:54.552251-07:00,write,key-4,5.960,41,false,leader-w1r5,50
2026-04-03T20:52:54.557976-07:00,write,key-1,9.949,29,false,leader-w1r5,50
2026-04-03T20:52:54.557973-07:00,write,key-3,9.967,42,false,leader-w1r5,50
2026-04-03T20:52:54.55753-07:00,write,key-2,10.428,41,false,leader-w1r5,50
2026-04-03T20:52:54.55794-07:00,write,key-5,10.098,44,false,leader-w1r5,50
2026-04-03T20:52:54.499963-07:00,read,key-5,68.300,40,true,leader-w1r5,50
2026-04-03T20:52:54.499961-07:00,read,key-0,68.444,46,false,leader-w1r5,50
2026-04-03T20:52:54.510198-07:00,read,key-2,58.222,40,true,leader-w1r5,50
2026-04-03T20:52:54.568039-07:00,write,key-8,1.597,42,false,leader-w1r5,50
2026-04-03T20:52:54.567959-07:00,write,key-9,2.128,43,false,leader-w1r5,50
2026-04-03T20:52:54.558211-07:00,write,key-3,11.890,43,false,leader-w1r5,50
2026-04-03T20:52:54.567928-07:00,write,key-9,2.183,42,false,leader-w1r5,50
2026-04-03T20:52:54.469552-07:00,read,key-0,100.566,44,true,leader-w1r5,50
2026-04-03T20:52:54.515764-07:00,read,key-5,55.716,43,true,leader-w1r5,50
2026-04-03T20:52:54.490748-07:00,read,key-4,80.987,41,false,leader-w1r5,50
2026-04-03T20:52:54.513455-07:00,read,key-6,58.315,26,false,leader-w1r5,50
2026-04-03T20:52:54.571481-07:00,write,key-3,0.481,44,false,leader-w1r5,50
2026-04-03T20:52:54.569637-07:00,write,key-5,2.347,45,false,leader-w1r5,50
2026-04-03T20:52:54.570102-07:00,write,key-1,2.010,31,false,leader-w1r5,50
2026-04-03T20:52:54.57012-07:00,write,key-7,2.030,44,false,leader-w1r5,50
2026-04-03T20:52:54.570112-07:00,write,key-1,2.070,30,false,leader-w1r5,50
2026-04-03T20:52:54.513417-07:00,read,key-8,59.096,39,true,leader-w1r5,50
2026-04-03T20:52:54.51581-07:00,read,key-8,56.722,40,true,leader-w1r5,50
2026-04-03T20:52:54.51632-07:00,read,key-2,56.239,40,true,leader-w1r5,50
2026-04-03T20:52:54.571985-07:00,write,key-2,1.196,42,false,leader-w1r5,50
2026-04-03T20:52:54.57215-07:00,write,key-6,1.070,28,false,leader-w1r5,50
2026-04-03T20:52:54.572183-07:00,write,key-1,1.069,32,false,leader-w1r5,50
2026-04-03T20:52:54.571772-07:00,write,key-6,1.482,27,false,leader-w1r5,50
2026-04-03T20:52:54.573182-07:00,write,key-8,1.399,43,false,leader-w1r5,50
2026-04-03T20:52:54.57256-07:00,write,key-8,2.070,44,false,leader-w1r5,50
2026-04-03T20:52:54.572515-07:00,write,key-0,2.666,47,false,leader-w1r5,50
2026-04-03T20:52:54.575184-07:00,write,key-6,1.389,29,false,leader-w1r5,50
2026-04-03T20:52:54.518996-07:00,read,key-7,60.807,44,false,leader-w1r5,50
2026-04-03T20:52:54.579805-07:00,write,key-3,0.367,45,false,leader-w1r5,50
2026-04-03T20:52:54.516353-07:00,read,key-0,90.045,47,false,leader-w1r5,50
2026-04-03T20:52:54.6064-07:00,write,key-3,0.374,46,false,leader-w1r5,50
2026-04-03T20:52:54.606775-07:00,write,key-6,0.333,30,false,leader-w1r5,50
2026-04-03T20:52:54.557945-07:00,read,key-4,56.692,41,false,leader-w1r5,50
2026-04-03T20:52:54.614639-07:00,write,key-0,0.317,48,false,leader-w1r5,50
2026-04-03T20:52:54.614957-07:00,write,key-7,0.316,45,false,leader-w1r5,50
2026-04-03T20:52:54.615275-07:00,write,key-3,0.407,47,false,leader-w1r5,50
2026-04-03T20:52:54.615683-07:00,write,key-0,0.325,49,false,leader-w1r5,50
2026-04-03T20:52:54.616009-07:00,write,key-5,0.522,46,false,leader-w1r5,50
2026-04-03T20:52:54.519063-07:00,read,key-7,98.092,43,true,leader-w1r5,50
2026-04-03T20:52:54.552129-07:00,read,key-9,65.084,43,false,leader-w1r5,50
2026-04-03T20:52:54.617218-07:00,write,key-4,0.753,42,false,leader-w1r5,50
2026-04-03T20:52:54.568422-07:00,read,key-1,53.858,32,false,leader-w1r5,50
2026-04-03T20:52:54.567943-07:00,read,key-2,54.365,42,false,leader-w1r5,50
2026-04-03T20:52:54.568407-07:00,read,key-9,54.145,43,false,leader-w1r5,50
2026-04-03T20:52:54.568265-07:00,read,key-2,54.905,42,false,leader-w1r5,50
2026-04-03T20:52:54.572113-07:00,read,key-8,51.301,44,false,leader-w1r5,50
2026-04-03T20:52:54.623171-07:00,write,key-5,0.537,47,false,leader-w1r5,50
2026-04-03T20:52:54.571736-07:00,read,key-9,52.756,43,false,leader-w1r5,50
2026-04-03T20:52:54.573255-07:00,read,key-2,51.301,42,false,leader-w1r5,50
2026-04-03T20:52:54.623415-07:00,write,key-9,1.208,44,false,leader-w1r5,50
2026-04-03T20:52:54.573252-07:00,read,key-8,51.582,44,false,leader-w1r5,50
2026-04-03T20:52:54.572534-07:00,read,key-2,52.321,42,false,leader-w1r5,50
2026-04-03T20:52:54.570089-07:00,read,key-7,54.847,43,true,leader-w1r5,50
2026-04-03T20:52:54.624624-07:00,write,key-8,1.323,45,false,leader-w1r5,50
2026-04-03T20:52:54.624856-07:00,write,key-0,1.241,50,false,leader-w1r5,50
2026-04-03T20:52:54.624496-07:00,write,key-6,1.639,31,false,leader-w1r5,50
2026-04-03T20:52:54.571963-07:00,read,key-1,54.458,32,false,leader-w1r5,50
2026-04-03T20:52:54.626099-07:00,write,key-1,0.943,33,false,leader-w1r5,50
2026-04-03T20:52:54.626423-07:00,write,key-6,0.638,33,false,leader-w1r5,50
2026-04-03T20:52:54.624835-07:00,write,key-6,2.264,32,false,leader-w1r5,50
2026-04-03T20:52:54.627062-07:00,write,key-0,0.719,51,false,leader-w1r5,50
2026-04-03T20:52:54.627044-07:00,write,key-4,0.774,43,false,leader-w1r5,50
2026-04-03T20:52:54.627099-07:00,write,key-1,0.724,34,false,leader-w1r5,50
2026-04-03T20:52:54.573221-07:00,read,key-7,54.830,45,false,leader-w1r5,50
2026-04-03T20:52:54.627819-07:00,write,key-0,1.130,52,false,leader-w1r5,50
2026-04-03T20:52:54.574631-07:00,read,key-0,54.352,47,true,leader-w1r5,50
2026-04-03T20:52:54.627825-07:00,write,key-9,1.192,45,false,leader-w1r5,50
2026-04-03T20:52:54.574582-07:00,read,key-8,55.394,45,false,leader-w1r5,50
2026-04-03T20:52:54.576574-07:00,read,key-5,53.882,47,false,leader-w1r5,50
2026-04-03T20:52:54.628984-07:00,write,key-7,1.526,46,false,leader-w1r5,50
2026-04-03T20:52:54.629977-07:00,write,key-0,1.333,53,false,leader-w1r5,50
2026-04-03T20:52:54.580173-07:00,read,key-5,51.761,47,false,leader-w1r5,50
2026-04-03T20:52:54.631312-07:00,write,key-6,0.630,34,false,leader-w1r5,50
2026-04-03T20:52:54.631937-07:00,write,key-6,0.428,35,false,leader-w1r5,50
2026-04-03T20:52:54.60711-07:00,read,key-3,53.338,47,false,leader-w1r5,50
2026-04-03T20:52:54.660451-07:00,write,key-5,0.468,48,false,leader-w1r5,50
2026-04-03T20:52:54.66092-07:00,write,key-7,0.579,47,false,leader-w1r5,50
2026-04-03T20:52:54.6615-07:00,write,key-6,0.500,36,false,leader-w1r5,50
2026-04-03T20:52:54.662004-07:00,write,key-7,0.670,48,false,leader-w1r5,50
2026-04-03T20:52:54.617158-07:00,read,key-6,52.161,30,true,leader-w1r5,50
2026-04-03T20:52:54.617972-07:00,read,key-7,51.999,48,false,leader-w1r5,50
2026-04-03T20:52:54.616532-07:00,read,key-6,55.423,36,false,leader-w1r5,50
2026-04-03T20:52:54.671957-07:00,write,key-9,0.242,46,false,leader-w1r5,50
2026-04-03T20:52:54.6722-07:00,write,key-3,0.246,48,false,leader-w1r5,50
2026-04-03T20:52:54.672447-07:00,write,key-4,0.186,44,false,leader-w1r5,50
2026-04-03T20:52:54.672634-07:00,write,key-4,0.242,45,false,leader-w1r5,50
2026-04-03T20:52:54.672877-07:00,write,key-3,0.259,49,false,leader-w1r5,50
2026-04-03T20:52:54.62231-07:00,read,key-0,51.721,53,false,leader-w1r5,50
2026-04-03T20:52:54.622553-07:00,read,key-4,51.504,45,false,leader-w1r5,50
2026-04-03T20:52:54.622282-07:00,read,key-8,51.861,45,false,leader-w1r5,50
2026-04-03T20:52:54.674032-07:00,write,key-2,0.461,43,false,leader-w1r5,50
2026-04-03T20:52:54.624937-07:00,read,key-9,52.211,46,false,leader-w1r5,50
2026-04-03T20:52:54.62371-07:00,read,key-0,53.474,53,false,leader-w1r5,50
2026-04-03T20:52:54.677149-07:00,write,key-3,0.422,50,false,leader-w1r5,50
2026-04-03T20:52:54.677185-07:00,write,key-9,0.764,47,false,leader-w1r5,50
2026-04-03T20:52:54.625949-07:00,read,key-2,52.061,43,false,leader-w1r5,50
2026-04-03T20:52:54.678011-07:00,write,key-7,0.251,49,false,leader-w1r5,50
2026-04-03T20:52:54.678263-07:00,write,key-1,0.477,35,false,leader-w1r5,50
2026-04-03T20:52:54.678741-07:00,write,key-6,0.443,37,false,leader-w1r5,50
2026-04-03T20:52:54.624558-07:00,read,key-8,54.766,45,false,leader-w1r5,50
2026-04-03T20:52:54.679185-07:00,write,key-2,0.848,44,false,leader-w1r5,50
2026-04-03T20:52:54.679325-07:00,write,key-5,1.502,49,false,leader-w1r5,50
2026-04-03T20:52:54.627782-07:00,read,key-8,53.252,45,false,leader-w1r5,50
2026-04-03T20:52:54.681035-07:00,write,key-5,0.987,50,false,leader-w1r5,50
2026-04-03T20:52:54.680828-07:00,write,key-4,1.200,46,false,leader-w1r5,50
2026-04-03T20:52:54.626136-07:00,read,key-3,56.811,50,false,leader-w1r5,50
2026-04-03T20:52:54.628052-07:00,read,key-6,55.028,37,false,leader-w1r5,50
2026-04-03T20:52:54.682037-07:00,write,key-7,1.059,50,false,leader-w1r5,50
2026-04-03T20:52:54.628951-07:00,read,key-3,54.156,50,false,leader-w1r5,50
2026-04-03T20:52:54.630512-07:00,read,key-4,52.675,43,true,leader-w1r5,50
2026-04-03T20:52:54.631944-07:00,read,key-6,51.261,37,false,leader-w1r5,50
2026-04-03T20:52:54.629018-07:00,read,key-7,54.201,45,true,leader-w1r5,50
2026-04-03T20:52:54.630459-07:00,read,key-0,53.859,53,false,leader-w1r5,50
2026-04-03T20:52:54.632366-07:00,read,key-8,51.972,45,false,leader-w1r5,50
2026-04-03T20:52:54.683097-07:00,write,key-4,1.222,47,false,leader-w1r5,50
2026-04-03T20:52:54.683108-07:00,write,key-9,1.269,48,false,leader-w1r5,50
2026-04-03T20:52:54.683206-07:00,write,key-8,1.120,46,false,leader-w1r5,50
2026-04-03T20:52:54.683189-07:00,write,key-5,1.158,51,false,leader-w1r5,50
2026-04-03T20:52:54.68434-07:00,write,key-6,0.609,38,false,leader-w1r5,50
2026-04-03T20:52:54.684323-07:00,write,key-9,0.697,49,false,leader-w1r5,50
2026-04-03T20:52:54.684378-07:00,write,key-6,1.079,39,false,leader-w1r5,50
2026-04-03T20:52:54.684368-07:00,write,key-5,1.249,52,false,leader-w1r5,50
2026-04-03T20:52:54.6844-07:00,write,key-4,1.840,48,false,leader-w1r5,50
2026-04-03T20:52:54.684383-07:00,write,key-7,1.934,51,false,leader-w1r5,50
2026-04-03T20:52:54.685023-07:00,write,key-2,1.845,45,false,leader-w1r5,50
2026-04-03T20:52:54.686869-07:00,write,key-4,1.336,49,false,leader-w1r5,50
2026-04-03T20:52:54.688207-07:00,write,key-7,0.657,52,false,leader-w1r5,50
2026-04-03T20:52:54.662675-07:00,read,key-4,53.550,49,false,leader-w1r5,50
2026-04-03T20:52:54.669321-07:00,read,key-5,52.970,48,true,leader-w1r5,50
2026-04-03T20:52:54.669973-07:00,read,key-5,52.323,52,false,leader-w1r5,50
2026-04-03T20:52:54.722298-07:00,write,key-4,0.622,50,false,leader-w1r5,50
2026-04-03T20:52:54.722294-07:00,write,key-9,0.638,50,false,leader-w1r5,50
2026-04-03T20:52:54.722922-07:00,write,key-5,0.490,53,false,leader-w1r5,50
2026-04-03T20:52:54.673137-07:00,read,key-9,51.338,50,false,leader-w1r5,50
2026-04-03T20:52:54.724476-07:00,write,key-1,0.459,36,false,leader-w1r5,50
2026-04-03T20:52:54.674494-07:00,read,key-1,51.062,36,false,leader-w1r5,50
2026-04-03T20:52:54.674058-07:00,read,key-3,51.537,50,false,leader-w1r5,50
2026-04-03T20:52:54.674144-07:00,read,key-1,51.479,35,true,leader-w1r5,50
2026-04-03T20:52:54.725596-07:00,write,key-0,2.837,54,false,leader-w1r5,50
2026-04-03T20:52:54.728434-07:00,write,key-5,0.392,54,false,leader-w1r5,50
2026-04-03T20:52:54.67795-07:00,read,key-7,51.107,52,false,leader-w1r5,50
2026-04-03T20:52:54.680035-07:00,read,key-7,52.272,52,false,leader-w1r5,50
2026-04-03T20:52:54.677573-07:00,read,key-8,54.744,46,false,leader-w1r5,50
2026-04-03T20:52:54.683082-07:00,read,key-3,52.431,50,false,leader-w1r5,50
2026-04-03T20:52:54.682024-07:00,read,key-3,53.542,50,false,leader-w1r5,50
2026-04-03T20:52:54.682948-07:00,read,key-1,52.621,36,false,leader-w1r5,50
2026-04-03T20:52:54.68322-07:00,read,key-3,52.803,50,false,leader-w1r5,50
2026-04-03T20:52:54.68495-07:00,read,key-2,51.551,45,false,leader-w1r5,50
2026-04-03T20:52:54.732318-07:00,write,key-2,4.274,46,false,leader-w1r5,50
2026-04-03T20:52:54.685458-07:00,read,key-3,51.705,50,false,leader-w1r5,50
2026-04-03T20:52:54.68562-07:00,read,key-4,51.548,50,false,leader-w1r5,50
2026-04-03T20:52:54.735515-07:00,write,key-5,3.244,55,false,leader-w1r5,50
2026-04-03T20:52:54.686318-07:00,read,key-8,53.249,46,false,leader-w1r5,50
2026-04-03T20:52:54.73717-07:00,write,key-5,3.978,56,false,leader-w1r5,50
2026-04-03T20:52:54.736503-07:00,write,key-8,4.727,47,false,leader-w1r5,50
2026-04-03T20:52:54.735568-07:00,write,key-7,5.718,53,false,leader-w1r5,50
2026-04-03T20:52:54.736025-07:00,write,key-2,5.281,47,false,leader-w1r5,50
2026-04-03T20:52:54.735571-07:00,write,key-6,5.735,40,false,leader-w1r5,50
2026-04-03T20:52:54.686242-07:00,read,key-8,55.604,46,true,leader-w1r5,50
2026-04-03T20:52:54.741308-07:00,write,key-7,1.314,54,false,leader-w1r5,50
2026-04-03T20:52:54.688865-07:00,read,key-7,54.096,54,false,leader-w1r5,50
2026-04-03T20:52:54.741847-07:00,write,key-6,1.195,41,false,leader-w1r5,50
2026-04-03T20:52:54.716231-07:00,read,key-3,55.017,50,false,leader-w1r5,50
2026-04-03T20:52:54.723413-07:00,read,key-7,51.958,52,true,leader-w1r5,50
2026-04-03T20:52:54.722934-07:00,read,key-6,53.149,41,false,leader-w1r5,50
2026-04-03T20:52:54.776085-07:00,write,key-2,0.524,48,false,leader-w1r5,50
2026-04-03T20:52:54.77661-07:00,write,key-9,0.346,51,false,leader-w1r5,50
2026-04-03T20:52:54.776958-07:00,write,key-2,0.271,49,false,leader-w1r5,50
2026-04-03T20:52:54.725558-07:00,read,key-2,52.319,48,true,leader-w1r5,50
2026-04-03T20:52:54.724938-07:00,read,key-8,52.960,46,true,leader-w1r5,50
2026-04-03T20:52:54.725624-07:00,read,key-9,52.385,50,true,leader-w1r5,50
2026-04-03T20:52:54.77788-07:00,write,key-4,0.331,51,false,leader-w1r5,50
2026-04-03T20:52:54.7779-07:00,write,key-1,0.333,37,false,leader-w1r5,50
2026-04-03T20:52:54.778011-07:00,write,key-3,0.568,51,false,leader-w1r5,50
2026-04-03T20:52:54.778234-07:00,write,key-6,0.374,42,false,leader-w1r5,50
2026-04-03T20:52:54.778609-07:00,write,key-5,0.431,57,false,leader-w1r5,50
2026-04-03T20:52:54.77858-07:00,write,key-9,0.466,52,false,leader-w1r5,50
2026-04-03T20:52:54.779042-07:00,write,key-2,0.234,50,false,leader-w1r5,50
2026-04-03T20:52:54.728827-07:00,read,key-6,53.153,39,true,leader-w1r5,50
2026-04-03T20:52:54.729058-07:00,read,key-7,54.278,52,true,leader-w1r5,50
2026-04-03T20:52:54.732331-07:00,read,key-2,55.878,45,true,leader-w1r5,50
2026-04-03T20:52:54.788223-07:00,write,key-1,0.595,38,false,leader-w1r5,50
2026-04-03T20:52:54.788819-07:00,write,key-2,0.463,51,false,leader-w1r5,50
2026-04-03T20:52:54.789284-07:00,write,key-6,0.522,43,false,leader-w1r5,50
2026-04-03T20:52:54.737164-07:00,read,key-6,53.455,42,true,leader-w1r5,50
2026-04-03T20:52:54.73876-07:00,read,key-4,52.179,51,false,leader-w1r5,50
2026-04-03T20:52:54.790621-07:00,write,key-5,0.492,58,false,leader-w1r5,50
2026-04-03T20:52:54.791114-07:00,write,key-6,0.713,44,false,leader-w1r5,50
2026-04-03T20:52:54.736594-07:00,read,key-5,55.439,55,true,leader-w1r5,50
2026-04-03T20:52:54.739569-07:00,read,key-5,52.658,55,true,leader-w1r5,50
2026-04-03T20:52:54.791829-07:00,write,key-6,0.553,45,false,leader-w1r5,50
2026-04-03T20:52:54.741149-07:00,read,key-9,52.969,52,false,leader-w1r5,50
2026-04-03T20:52:54.741231-07:00,read,key-8,52.893,47,false,leader-w1r5,50
2026-04-03T20:52:54.741287-07:00,read,key-3,52.945,51,false,leader-w1r5,50
2026-04-03T20:52:54.743044-07:00,read,key-2,51.609,47,true,leader-w1r5,50
2026-04-03T20:52:54.741308-07:00,read,key-8,53.382,47,false,leader-w1r5,50
2026-04-03T20:52:54.742964-07:00,read,key-8,51.727,47,false,leader-w1r5,50
2026-04-03T20:52:54.794125-07:00,write,key-9,1.059,53,false,leader-w1r5,50
2026-04-03T20:52:54.794654-07:00,write,key-1,0.975,39,false,leader-w1r5,50
2026-04-03T20:52:54.742625-07:00,read,key-8,53.093,47,false,leader-w1r5,50
2026-04-03T20:52:54.79563-07:00,write,key-8,0.904,48,false,leader-w1r5,50
2026-04-03T20:52:54.771251-07:00,read,key-5,55.911,56,true,leader-w1r5,50
2026-04-03T20:52:54.775373-07:00,read,key-6,51.836,45,false,leader-w1r5,50
2026-04-03T20:52:54.777231-07:00,read,key-1,50.720,39,false,leader-w1r5,50
2026-04-03T20:52:54.778212-07:00,read,key-8,52.049,48,false,leader-w1r5,50
2026-04-03T20:52:54.779049-07:00,read,key-0,52.211,54,false,leader-w1r5,50
2026-04-03T20:52:54.779279-07:00,read,key-8,52.010,48,false,leader-w1r5,50
2026-04-03T20:52:54.831262-07:00,write,key-3,0.534,52,false,leader-w1r5,50
2026-04-03T20:52:54.783338-07:00,read,key-9,51.833,53,false,leader-w1r5,50
2026-04-03T20:52:54.781982-07:00,read,key-9,53.346,53,false,leader-w1r5,50
2026-04-03T20:52:54.835174-07:00,write,key-4,0.467,52,false,leader-w1r5,50
2026-04-03T20:52:54.835329-07:00,write,key-8,0.612,49,false,leader-w1r5,50
2026-04-03T20:52:54.789807-07:00,read,key-8,52.324,47,true,leader-w1r5,50
2026-04-03T20:52:54.842133-07:00,write,key-5,0.473,59,false,leader-w1r5,50
2026-04-03T20:52:54.792035-07:00,read,key-1,51.201,39,false,leader-w1r5,50
2026-04-03T20:52:54.790941-07:00,read,key-6,52.329,45,false,leader-w1r5,50
2026-04-03T20:52:54.794693-07:00,read,key-7,52.490,54,false,leader-w1r5,50
2026-04-03T20:52:54.794233-07:00,read,key-4,53.018,51,true,leader-w1r5,50
2026-04-03T20:52:54.794119-07:00,read,key-2,53.154,51,false,leader-w1r5,50
2026-04-03T20:52:54.794694-07:00,read,key-3,52.631,52,false,leader-w1r5,50
2026-04-03T20:52:54.795185-07:00,read,key-4,52.313,52,false,leader-w1r5,50
2026-04-03T20:52:54.792383-07:00,read,key-6,56.060,45,false,leader-w1r5,50
2026-04-03T20:52:54.792228-07:00,read,key-4,56.430,52,false,leader-w1r5,50
2026-04-03T20:52:54.795722-07:00,read,key-9,52.985,53,false,leader-w1r5,50
2026-04-03T20:52:54.847254-07:00,write,key-7,1.530,55,false,leader-w1r5,50
2026-04-03T20:52:54.847326-07:00,write,key-0,2.065,55,false,leader-w1r5,50
2026-04-03T20:52:54.847276-07:00,write,key-7,3.213,56,false,leader-w1r5,50
2026-04-03T20:52:54.847499-07:00,write,key-0,3.035,56,false,leader-w1r5,50
2026-04-03T20:52:54.796536-07:00,read,key-4,55.062,52,false,leader-w1r5,50
2026-04-03T20:52:54.848659-07:00,write,key-0,3.536,57,false,leader-w1r5,50
2026-04-03T20:52:54.851602-07:00,write,key-1,0.721,41,false,leader-w1r5,50
2026-04-03T20:52:54.848785-07:00,write,key-1,3.589,40,false,leader-w1r5,50
2026-04-03T20:52:54.852335-07:00,write,key-4,0.625,53,false,leader-w1r5,50
2026-04-03T20:52:54.852377-07:00,write,key-9,0.966,54,false,leader-w1r5,50
2026-04-03T20:52:54.827952-07:00,read,key-3,51.925,51,true,leader-w1r5,50
2026-04-03T20:52:54.827164-07:00,read,key-7,52.713,56,false,leader-w1r5,50
2026-04-03T20:52:54.82721-07:00,read,key-5,52.693,59,false,leader-w1r5,50
2026-04-03T20:52:54.879905-07:00,write,key-0,0.441,58,false,leader-w1r5,50
2026-04-03T20:52:54.87988-07:00,write,key-1,0.680,42,false,leader-w1r5,50
2026-04-03T20:52:54.880561-07:00,write,key-9,0.288,55,false,leader-w1r5,50
2026-04-03T20:52:54.830275-07:00,read,key-4,52.720,53,false,leader-w1r5,50
2026-04-03T20:52:54.831798-07:00,read,key-7,52.377,56,false,leader-w1r5,50
2026-04-03T20:52:54.831291-07:00,read,key-6,52.906,45,false,leader-w1r5,50
2026-04-03T20:52:54.884198-07:00,write,key-6,0.449,46,false,leader-w1r5,50
2026-04-03T20:52:54.835943-07:00,read,key-9,52.290,55,false,leader-w1r5,50
2026-04-03T20:52:54.835642-07:00,read,key-8,53.187,49,false,leader-w1r5,50
2026-04-03T20:52:54.843238-07:00,read,key-2,50.908,51,false,leader-w1r5,50
2026-04-03T20:52:54.842607-07:00,read,key-5,51.539,59,false,leader-w1r5,50
2026-04-03T20:52:54.894147-07:00,write,key-4,0.511,54,false,leader-w1r5,50
2026-04-03T20:52:54.894659-07:00,write,key-7,0.377,57,false,leader-w1r5,50
2026-04-03T20:52:54.843274-07:00,read,key-7,51.853,54,true,leader-w1r5,50
2026-04-03T20:52:54.895128-07:00,write,key-1,0.342,43,false,leader-w1r5,50
2026-04-03T20:52:54.895037-07:00,write,key-8,0.451,50,false,leader-w1r5,50
2026-04-03T20:52:54.895471-07:00,write,key-5,0.533,60,false,leader-w1r5,50
2026-04-03T20:52:54.89549-07:00,write,key-2,0.572,52,false,leader-w1r5,50
2026-04-03T20:52:54.847186-07:00,read,key-7,52.031,54,true,leader-w1r5,50
2026-04-03T20:52:54.848708-07:00,read,key-6,51.162,46,false,leader-w1r5,50
2026-04-03T20:52:54.899871-07:00,write,key-1,0.271,44,false,leader-w1r5,50
2026-04-03T20:52:54.850506-07:00,read,key-7,51.797,57,false,leader-w1r5,50
2026-04-03T20:52:54.849394-07:00,read,key-8,52.916,50,false,leader-w1r5,50
2026-04-03T20:52:54.902305-07:00,write,key-2,0.261,53,false,leader-w1r5,50
2026-04-03T20:52:54.902568-07:00,write,key-2,0.352,54,false,leader-w1r5,50
2026-04-03T20:52:54.90292-07:00,write,key-6,0.425,47,false,leader-w1r5,50
2026-04-03T20:52:54.848444-07:00,read,key-4,55.472,52,true,leader-w1r5,50
2026-04-03T20:52:54.852961-07:00,read,key-9,51.216,55,false,leader-w1r5,50
2026-04-03T20:52:54.852196-07:00,read,key-9,52.019,55,false,leader-w1r5,50
2026-04-03T20:52:54.853345-07:00,read,key-6,51.556,47,false,leader-w1r5,50
2026-04-03T20:52:54.904216-07:00,write,key-0,0.718,59,false,leader-w1r5,50
2026-04-03T20:52:54.850536-07:00,read,key-5,55.579,60,false,leader-w1r5,50
2026-04-03T20:52:54.879894-07:00,read,key-1,52.308,44,false,leader-w1r5,50
2026-04-03T20:52:54.88085-07:00,read,key-5,51.865,59,true,leader-w1r5,50
2026-04-03T20:52:54.932717-07:00,write,key-5,0.388,61,false,leader-w1r5,50
2026-04-03T20:52:54.880347-07:00,read,key-7,54.914,57,false,leader-w1r5,50
2026-04-03T20:52:54.884176-07:00,read,key-2,51.106,54,false,leader-w1r5,50
2026-04-03T20:52:54.882997-07:00,read,key-6,52.387,47,false,leader-w1r5,50
2026-04-03T20:52:54.935262-07:00,write,key-2,0.577,55,false,leader-w1r5,50
2026-04-03T20:52:54.88467-07:00,read,key-7,53.340,57,false,leader-w1r5,50
2026-04-03T20:52:54.888234-07:00,read,key-5,50.947,61,false,leader-w1r5,50
2026-04-03T20:52:54.939183-07:00,write,key-9,0.442,56,false,leader-w1r5,50
2026-04-03T20:52:54.888831-07:00,read,key-5,52.150,61,false,leader-w1r5,50
2026-04-03T20:52:54.940983-07:00,write,key-4,0.224,55,false,leader-w1r5,50
2026-04-03T20:52:54.894147-07:00,read,key-0,51.125,59,false,leader-w1r5,50
2026-04-03T20:52:54.945273-07:00,write,key-3,0.349,53,false,leader-w1r5,50
2026-04-03T20:52:54.896063-07:00,read,key-7,52.120,57,false,leader-w1r5,50
2026-04-03T20:52:54.896024-07:00,read,key-0,52.209,58,true,leader-w1r5,50
2026-04-03T20:52:54.899219-07:00,read,key-6,51.932,46,true,leader-w1r5,50
2026-04-03T20:52:54.900143-07:00,read,key-0,51.712,59,false,leader-w1r5,50
2026-04-03T20:52:54.903347-07:00,read,key-2,50.700,55,false,leader-w1r5,50
2026-04-03T20:52:54.903918-07:00,read,key-3,51.391,53,false,leader-w1r5,50
2026-04-03T20:52:54.904178-07:00,read,key-9,51.195,56,false,leader-w1r5,50
2026-04-03T20:52:54.904903-07:00,read,key-0,51.174,59,false,leader-w1r5,50
2026-04-03T20:52:54.956078-07:00,write,key-7,0.200,58,false,leader-w1r5,50
2026-04-03T20:52:54.956279-07:00,write,key-6,0.296,48,false,leader-w1r5,50
2026-04-03T20:52:54.906116-07:00,read,key-3,51.092,53,false,leader-w1r5,50
2026-04-03T20:52:54.902311-07:00,read,key-3,54.923,53,false,leader-w1r5,50
2026-04-03T20:52:54.957209-07:00,write,key-7,0.292,59,false,leader-w1r5,50
2026-04-03T20:52:54.957235-07:00,write,key-4,0.425,56,false,leader-w1r5,50
2026-04-03T20:52:54.95766-07:00,write,key-3,0.512,54,false,leader-w1r5,50
2026-04-03T20:52:54.958173-07:00,write,key-7,0.687,60,false,leader-w1r5,50
2026-04-03T20:52:54.904935-07:00,read,key-1,53.946,44,false,leader-w1r5,50
2026-04-03T20:52:54.958862-07:00,write,key-0,0.342,60,false,leader-w1r5,50
2026-04-03T20:52:54.958882-07:00,write,key-3,0.440,55,false,leader-w1r5,50
2026-04-03T20:52:54.959206-07:00,write,key-1,0.311,45,false,leader-w1r5,50
2026-04-03T20:52:54.959323-07:00,write,key-3,0.300,56,false,leader-w1r5,50
2026-04-03T20:52:54.959517-07:00,write,key-9,0.449,57,false,leader-w1r5,50
2026-04-03T20:52:54.959624-07:00,write,key-9,0.455,58,false,leader-w1r5,50
2026-04-03T20:52:54.959968-07:00,write,key-2,0.407,56,false,leader-w1r5,50
2026-04-03T20:52:54.960377-07:00,write,key-2,0.438,57,false,leader-w1r5,50
2026-04-03T20:52:54.960817-07:00,write,key-1,0.342,46,false,leader-w1r5,50
2026-04-03T20:52:54.96116-07:00,write,key-3,0.210,57,false,leader-w1r5,50
2026-04-03T20:52:54.961371-07:00,write,key-8,0.423,51,false,leader-w1r5,50
2026-04-03T20:52:54.933106-07:00,read,key-1,51.385,44,true,leader-w1r5,50
2026-04-03T20:52:54.932204-07:00,read,key-4,52.286,56,false,leader-w1r5,50
2026-04-03T20:52:54.984493-07:00,write,key-4,0.465,57,false,leader-w1r5,50
2026-04-03T20:52:54.98496-07:00,write,key-9,0.281,59,false,leader-w1r5,50
2026-04-03T20:52:54.93584-07:00,read,key-2,51.355,57,false,leader-w1r5,50
2026-04-03T20:52:54.935386-07:00,read,key-3,52.291,57,false,leader-w1r5,50
2026-04-03T20:52:54.987197-07:00,write,key-4,0.644,58,false,leader-w1r5,50
2026-04-03T20:52:54.935284-07:00,read,key-2,52.599,57,false,leader-w1r5,50
2026-04-03T20:52:54.987677-07:00,write,key-9,0.550,60,false,leader-w1r5,50
2026-04-03T20:52:54.987885-07:00,write,key-1,0.642,47,false,leader-w1r5,50
2026-04-03T20:52:54.988228-07:00,write,key-9,0.614,61,false,leader-w1r5,50
2026-04-03T20:52:54.988843-07:00,write,key-7,0.348,61,false,leader-w1r5,50
2026-04-03T20:52:54.98853-07:00,write,key-7,0.757,62,false,leader-w1r5,50
2026-04-03T20:52:54.938012-07:00,read,key-4,52.116,58,false,leader-w1r5,50
2026-04-03T20:52:54.941208-07:00,read,key-4,52.787,58,false,leader-w1r5,50
2026-04-03T20:52:54.939626-07:00,read,key-7,54.394,62,false,leader-w1r5,50
2026-04-03T20:52:54.993997-07:00,write,key-4,0.380,59,false,leader-w1r5,50
2026-04-03T20:52:54.945624-07:00,read,key-5,51.668,61,false,leader-w1r5,50
2026-04-03T20:52:54.948185-07:00,read,key-6,51.842,48,false,leader-w1r5,50
2026-04-03T20:52:54.948234-07:00,read,key-8,51.846,51,false,leader-w1r5,50
2026-04-03T20:52:55.000081-07:00,write,key-3,2.991,58,false,leader-w1r5,50
2026-04-03T20:52:54.951152-07:00,read,key-8,52.238,51,false,leader-w1r5,50
2026-04-03T20:52:54.951857-07:00,read,key-6,51.548,48,false,leader-w1r5,50
2026-04-03T20:52:55.003407-07:00,write,key-1,0.473,48,false,leader-w1r5,50
2026-04-03T20:52:55.003881-07:00,write,key-0,0.235,61,false,leader-w1r5,50
2026-04-03T20:52:54.954048-07:00,read,key-8,52.341,51,false,leader-w1r5,50
2026-04-03T20:52:54.95531-07:00,read,key-1,52.869,48,false,leader-w1r5,50
2026-04-03T20:52:54.956576-07:00,read,key-4,51.825,59,false,leader-w1r5,50
2026-04-03T20:52:54.955374-07:00,read,key-2,54.235,57,false,leader-w1r5,50
2026-04-03T20:52:54.957503-07:00,read,key-6,52.379,48,false,leader-w1r5,50
2026-04-03T20:52:55.006391-07:00,write,key-5,3.946,62,false,leader-w1r5,50
2026-04-03T20:52:55.008402-07:00,write,key-8,2.326,52,false,leader-w1r5,50
2026-04-03T20:52:55.009883-07:00,write,key-1,1.292,50,false,leader-w1r5,50
2026-04-03T20:52:55.01034-07:00,write,key-1,0.874,49,false,leader-w1r5,50
2026-04-03T20:52:55.011216-07:00,write,key-3,0.393,60,false,leader-w1r5,50
2026-04-03T20:52:55.011177-07:00,write,key-3,0.449,59,false,leader-w1r5,50
2026-04-03T20:52:54.96008-07:00,read,key-0,51.858,61,false,leader-w1r5,50
2026-04-03T20:52:55.01161-07:00,write,key-8,0.464,53,false,leader-w1r5,50
2026-04-03T20:52:54.961794-07:00,read,key-3,55.257,60,false,leader-w1r5,50
2026-04-03T20:52:54.984526-07:00,read,key-1,52.548,50,false,leader-w1r5,50
2026-04-03T20:52:55.037076-07:00,write,key-3,0.387,61,false,leader-w1r5,50
2026-04-03T20:52:54.985243-07:00,read,key-1,54.929,50,false,leader-w1r5,50
2026-04-03T20:52:54.987842-07:00,read,key-2,52.368,57,false,leader-w1r5,50
2026-04-03T20:52:54.989194-07:00,read,key-9,51.165,61,false,leader-w1r5,50
2026-04-03T20:52:55.040212-07:00,write,key-5,0.298,63,false,leader-w1r5,50
2026-04-03T20:52:55.040174-07:00,write,key-9,0.361,62,false,leader-w1r5,50
2026-04-03T20:52:55.040361-07:00,write,key-8,0.636,54,false,leader-w1r5,50
2026-04-03T20:52:54.989289-07:00,read,key-4,52.779,58,true,leader-w1r5,50
2026-04-03T20:52:54.990129-07:00,read,key-6,52.964,48,false,leader-w1r5,50
2026-04-03T20:52:55.043096-07:00,write,key-8,0.861,55,false,leader-w1r5,50
2026-04-03T20:52:55.043959-07:00,write,key-6,0.249,49,false,leader-w1r5,50
2026-04-03T20:52:54.994022-07:00,read,key-4,50.837,59,false,leader-w1r5,50
2026-04-03T20:52:55.04486-07:00,write,key-3,0.301,62,false,leader-w1r5,50
2026-04-03T20:52:55.045162-07:00,write,key-9,0.350,63,false,leader-w1r5,50
2026-04-03T20:52:55.045513-07:00,write,key-9,0.380,64,false,leader-w1r5,50
2026-04-03T20:52:54.994378-07:00,read,key-9,51.719,61,true,leader-w1r5,50
2026-04-03T20:52:55.045896-07:00,write,key-3,0.455,63,false,leader-w1r5,50
2026-04-03T20:52:55.046099-07:00,write,key-6,0.295,50,false,leader-w1r5,50
2026-04-03T20:52:54.997294-07:00,read,key-8,51.778,55,false,leader-w1r5,50
2026-04-03T20:52:55.003392-07:00,read,key-4,51.685,59,false,leader-w1r5,50
2026-04-03T20:52:55.003074-07:00,read,key-2,52.117,57,false,leader-w1r5,50
2026-04-03T20:52:55.000028-07:00,read,key-3,55.174,58,true,leader-w1r5,50
2026-04-03T20:52:55.055203-07:00,write,key-0,0.370,62,false,leader-w1r5,50
2026-04-03T20:52:55.055193-07:00,write,key-0,0.390,63,false,leader-w1r5,50
2026-04-03T20:52:55.055575-07:00,write,key-8,0.253,56,false,leader-w1r5,50
2026-04-03T20:52:55.055829-07:00,write,key-2,0.279,58,false,leader-w1r5,50
2026-04-03T20:52:55.004118-07:00,read,key-9,52.163,61,true,leader-w1r5,50
2026-04-03T20:52:55.056109-07:00,write,key-3,0.295,64,false,leader-w1r5,50
2026-04-03T20:52:55.056282-07:00,write,key-1,0.427,51,false,leader-w1r5,50
2026-04-03T20:52:55.008181-07:00,read,key-3,52.241,64,false,leader-w1r5,50
2026-04-03T20:52:55.009611-07:00,read,key-9,52.649,64,false,leader-w1r5,50
2026-04-03T20:52:55.062261-07:00,write,key-7,0.523,63,false,leader-w1r5,50
2026-04-03T20:52:55.01073-07:00,read,key-3,52.368,64,false,leader-w1r5,50
2026-04-03T20:52:55.011626-07:00,read,key-2,51.482,58,false,leader-w1r5,50
2026-04-03T20:52:55.012075-07:00,read,key-3,51.187,64,false,leader-w1r5,50
2026-04-03T20:52:55.062785-07:00,write,key-0,0.507,64,false,leader-w1r5,50
2026-04-03T20:52:55.011939-07:00,read,key-7,51.367,62,true,leader-w1r5,50
2026-04-03T20:52:55.06311-07:00,write,key-7,0.486,64,false,leader-w1r5,50
2026-04-03T20:52:55.063308-07:00,write,key-0,0.515,66,false,leader-w1r5,50
2026-04-03T20:52:55.063294-07:00,write,key-0,0.584,65,false,leader-w1r5,50
2026-04-03T20:52:55.063596-07:00,write,key-1,0.372,52,false,leader-w1r5,50
2026-04-03T20:52:55.063824-07:00,write,key-2,0.371,59,false,leader-w1r5,50
2026-04-03T20:52:55.064196-07:00,write,key-9,0.377,65,false,leader-w1r5,50
2026-04-03T20:52:55.017054-07:00,read,key-2,52.123,59,false,leader-w1r5,50
2026-04-03T20:52:55.037464-07:00,read,key-8,52.516,56,false,leader-w1r5,50
2026-04-03T20:52:55.040999-07:00,read,key-9,51.350,65,false,leader-w1r5,50
2026-04-03T20:52:55.040511-07:00,read,key-3,52.033,61,true,leader-w1r5,50
2026-04-03T20:52:55.040535-07:00,read,key-8,52.035,54,true,leader-w1r5,50
2026-04-03T20:52:55.042069-07:00,read,key-1,51.002,52,false,leader-w1r5,50
2026-04-03T20:52:55.092572-07:00,write,key-7,0.549,65,false,leader-w1r5,50
2026-04-03T20:52:55.092546-07:00,write,key-2,0.652,60,false,leader-w1r5,50
2026-04-03T20:52:55.093072-07:00,write,key-8,0.687,57,false,leader-w1r5,50
2026-04-03T20:52:55.093761-07:00,write,key-1,0.564,53,false,leader-w1r5,50
2026-04-03T20:52:55.094327-07:00,write,key-3,0.295,65,false,leader-w1r5,50
2026-04-03T20:52:55.044209-07:00,read,key-7,53.221,62,true,leader-w1r5,50
2026-04-03T20:52:55.046352-07:00,read,key-7,51.662,62,true,leader-w1r5,50
2026-04-03T20:52:55.046395-07:00,read,key-1,51.845,53,false,leader-w1r5,50
2026-04-03T20:52:55.098016-07:00,write,key-5,0.447,64,false,leader-w1r5,50
2026-04-03T20:52:55.098243-07:00,write,key-7,0.635,66,false,leader-w1r5,50
2026-04-03T20:52:55.049073-07:00,read,key-3,52.371,65,false,leader-w1r5,50
2026-04-03T20:52:55.101446-07:00,write,key-6,0.382,51,false,leader-w1r5,50
2026-04-03T20:52:55.055078-07:00,read,key-1,52.018,53,false,leader-w1r5,50
2026-04-03T20:52:55.055583-07:00,read,key-4,52.132,59,false,leader-w1r5,50
2026-04-03T20:52:55.107717-07:00,write,key-8,0.334,58,false,leader-w1r5,50
2026-04-03T20:52:55.056711-07:00,read,key-2,51.420,60,false,leader-w1r5,50
2026-04-03T20:52:55.056405-07:00,read,key-7,56.960,66,false,leader-w1r5,50
2026-04-03T20:52:55.060423-07:00,read,key-2,52.949,60,false,leader-w1r5,50
2026-04-03T20:52:55.113367-07:00,write,key-3,0.528,66,false,leader-w1r5,50
2026-04-03T20:52:55.113374-07:00,write,key-1,1.070,54,false,leader-w1r5,50
2026-04-03T20:52:55.063264-07:00,read,key-3,51.640,66,false,leader-w1r5,50
2026-04-03T20:52:55.114446-07:00,write,key-5,0.475,65,false,leader-w1r5,50
2026-04-03T20:52:55.063099-07:00,read,key-9,51.850,65,false,leader-w1r5,50
2026-04-03T20:52:55.064573-07:00,read,key-0,51.096,66,false,leader-w1r5,50
2026-04-03T20:52:55.114922-07:00,write,key-7,1.807,67,false,leader-w1r5,50
2026-04-03T20:52:55.116732-07:00,write,key-0,0.412,67,false,leader-w1r5,50
2026-04-03T20:52:55.117145-07:00,write,key-3,0.359,67,false,leader-w1r5,50
2026-04-03T20:52:55.117506-07:00,write,key-4,0.390,60,false,leader-w1r5,50
2026-04-03T20:52:55.063969-07:00,read,key-3,55.467,67,false,leader-w1r5,50
2026-04-03T20:52:55.063878-07:00,read,key-1,55.592,54,false,leader-w1r5,50
2026-04-03T20:52:55.119438-07:00,write,key-8,0.595,59,false,leader-w1r5,50
2026-04-03T20:52:55.119471-07:00,write,key-4,0.572,61,false,leader-w1r5,50
2026-04-03T20:52:55.120044-07:00,write,key-3,0.373,68,false,leader-w1r5,50
2026-04-03T20:52:55.120034-07:00,write,key-3,0.390,69,false,leader-w1r5,50
2026-04-03T20:52:55.120426-07:00,write,key-3,0.446,70,false,leader-w1r5,50
2026-04-03T20:52:55.120418-07:00,write,key-8,0.597,60,false,leader-w1r5,50
2026-04-03T20:52:55.120874-07:00,write,key-5,0.332,66,false,leader-w1r5,50
2026-04-03T20:52:55.121016-07:00,write,key-9,0.666,66,false,leader-w1r5,50
2026-04-03T20:52:55.121684-07:00,write,key-1,0.735,55,false,leader-w1r5,50
2026-04-03T20:52:55.069178-07:00,read,key-2,53.673,60,false,leader-w1r5,50
2026-04-03T20:52:55.12242-07:00,write,key-2,0.611,61,false,leader-w1r5,50
2026-04-03T20:52:55.089986-07:00,read,key-1,52.350,55,false,leader-w1r5,50
2026-04-03T20:52:55.142339-07:00,write,key-3,0.406,71,false,leader-w1r5,50
2026-04-03T20:52:55.092351-07:00,read,key-7,51.600,67,false,leader-w1r5,50
2026-04-03T20:52:55.093123-07:00,read,key-2,50.895,61,false,leader-w1r5,50
2026-04-03T20:52:55.093199-07:00,read,key-2,50.971,61,false,leader-w1r5,50
2026-04-03T20:52:55.144019-07:00,write,key-2,3.170,62,false,leader-w1r5,50
2026-04-03T20:52:55.144173-07:00,write,key-5,3.131,67,false,leader-w1r5,50
2026-04-03T20:52:55.14719-07:00,write,key-3,0.338,72,false,leader-w1r5,50
2026-04-03T20:52:55.147529-07:00,write,key-2,0.356,63,false,leader-w1r5,50
2026-04-03T20:52:55.147887-07:00,write,key-6,0.317,52,false,leader-w1r5,50
2026-04-03T20:52:55.148204-07:00,write,key-3,0.250,73,false,leader-w1r5,50
2026-04-03T20:52:55.148455-07:00,write,key-8,0.239,61,false,leader-w1r5,50
2026-04-03T20:52:55.148695-07:00,write,key-5,0.246,68,false,leader-w1r5,50
2026-04-03T20:52:55.097432-07:00,read,key-7,51.965,67,false,leader-w1r5,50
2026-04-03T20:52:55.094622-07:00,read,key-5,54.837,67,true,leader-w1r5,50
2026-04-03T20:52:55.098465-07:00,read,key-4,53.902,61,false,leader-w1r5,50
2026-04-03T20:52:55.09888-07:00,read,key-8,53.662,61,false,leader-w1r5,50
2026-04-03T20:52:55.10183-07:00,read,key-3,54.843,73,false,leader-w1r5,50
2026-04-03T20:52:55.156675-07:00,write,key-2,0.454,64,false,leader-w1r5,50
2026-04-03T20:52:55.107097-07:00,read,key-6,51.653,51,true,leader-w1r5,50
2026-04-03T20:52:55.108132-07:00,read,key-6,51.971,52,false,leader-w1r5,50
2026-04-03T20:52:55.108052-07:00,read,key-2,52.141,64,false,leader-w1r5,50
2026-04-03T20:52:55.160195-07:00,write,key-4,0.528,62,false,leader-w1r5,50
2026-04-03T20:52:55.113897-07:00,read,key-3,52.289,73,false,leader-w1r5,50
2026-04-03T20:52:55.166187-07:00,write,key-1,0.316,56,false,leader-w1r5,50
2026-04-03T20:52:55.11567-07:00,read,key-9,51.604,66,false,leader-w1r5,50
2026-04-03T20:52:55.114905-07:00,read,key-9,52.387,65,true,leader-w1r5,50
2026-04-03T20:52:55.11495-07:00,read,key-8,52.372,61,false,leader-w1r5,50
2026-04-03T20:52:55.167324-07:00,write,key-6,0.677,53,false,leader-w1r5,50
2026-04-03T20:52:55.168002-07:00,write,key-4,0.379,63,false,leader-w1r5,50
2026-04-03T20:52:55.121207-07:00,read,key-0,51.145,67,false,leader-w1r5,50
2026-04-03T20:52:55.117898-07:00,read,key-5,55.066,68,false,leader-w1r5,50
2026-04-03T20:52:55.123032-07:00,read,key-0,53.159,67,false,leader-w1r5,50
2026-04-03T20:52:55.122852-07:00,read,key-8,53.338,60,true,leader-w1r5,50
2026-04-03T20:52:55.176193-07:00,write,key-4,0.815,64,false,leader-w1r5,50
2026-04-03T20:52:55.177009-07:00,write,key-8,0.397,62,false,leader-w1r5,50
2026-04-03T20:52:55.177407-07:00,write,key-7,0.534,68,false,leader-w1r5,50
2026-04-03T20:52:55.142746-07:00,read,key-4,52.494,61,true,leader-w1r5,50
2026-04-03T20:52:55.143953-07:00,read,key-6,51.308,53,false,leader-w1r5,50
2026-04-03T20:52:55.195242-07:00,write,key-5,0.513,69,false,leader-w1r5,50
2026-04-03T20:52:55.147304-07:00,read,key-6,51.081,53,false,leader-w1r5,50
2026-04-03T20:52:55.148942-07:00,read,key-3,52.289,73,false,leader-w1r5,50
2026-04-03T20:52:55.149461-07:00,read,key-4,51.773,64,false,leader-w1r5,50
2026-04-03T20:52:55.149398-07:00,read,key-6,51.865,53,false,leader-w1r5,50
2026-04-03T20:52:55.201233-07:00,write,key-6,0.584,54,false,leader-w1r5,50
2026-04-03T20:52:55.201237-07:00,write,key-9,0.607,67,false,leader-w1r5,50
2026-04-03T20:52:55.201264-07:00,write,key-5,0.989,70,false,leader-w1r5,50
2026-04-03T20:52:55.201818-07:00,write,key-0,0.452,68,false,leader-w1r5,50
2026-04-03T20:52:55.201846-07:00,write,key-3,0.815,74,false,leader-w1r5,50
2026-04-03T20:52:55.202255-07:00,write,key-1,0.429,57,false,leader-w1r5,50
2026-04-03T20:52:55.202271-07:00,write,key-9,0.799,68,false,leader-w1r5,50
2026-04-03T20:52:55.152369-07:00,read,key-6,55.752,54,false,leader-w1r5,50
2026-04-03T20:52:55.152542-07:00,read,key-1,55.586,57,false,leader-w1r5,50
2026-04-03T20:52:55.208123-07:00,write,key-6,0.753,55,false,leader-w1r5,50
2026-04-03T20:52:55.157131-07:00,read,key-4,52.182,64,false,leader-w1r5,50
2026-04-03T20:52:55.158752-07:00,read,key-9,53.271,68,false,leader-w1r5,50
2026-04-03T20:52:55.160724-07:00,read,key-8,51.545,62,false,leader-w1r5,50
2026-04-03T20:52:55.160105-07:00,read,key-2,52.184,64,false,leader-w1r5,50
2026-04-03T20:52:55.212024-07:00,write,key-2,0.469,65,false,leader-w1r5,50
2026-04-03T20:52:55.212291-07:00,write,key-8,0.369,63,false,leader-w1r5,50
2026-04-03T20:52:55.212494-07:00,write,key-2,0.417,66,false,leader-w1r5,50
2026-04-03T20:52:55.212912-07:00,write,key-8,0.727,64,false,leader-w1r5,50
2026-04-03T20:52:55.167276-07:00,read,key-0,51.268,68,false,leader-w1r5,50
2026-04-03T20:52:55.166505-07:00,read,key-6,52.082,52,true,leader-w1r5,50
2026-04-03T20:52:55.167293-07:00,read,key-5,51.307,70,false,leader-w1r5,50
2026-04-03T20:52:55.218546-07:00,write,key-9,0.526,69,false,leader-w1r5,50
2026-04-03T20:52:55.218588-07:00,write,key-8,0.484,65,false,leader-w1r5,50
2026-04-03T20:52:55.218601-07:00,write,key-0,0.518,69,false,leader-w1r5,50
2026-04-03T20:52:55.219074-07:00,write,key-0,1.094,70,false,leader-w1r5,50
2026-04-03T20:52:55.168382-07:00,read,key-7,52.015,68,false,leader-w1r5,50
2026-04-03T20:52:55.220398-07:00,write,key-0,0.879,71,false,leader-w1r5,50
2026-04-03T20:52:55.172354-07:00,read,key-8,52.233,65,false,leader-w1r5,50
2026-04-03T20:52:55.172966-07:00,read,key-8,51.626,65,false,leader-w1r5,50
2026-04-03T20:52:55.224593-07:00,write,key-2,0.425,67,false,leader-w1r5,50
2026-04-03T20:52:55.224589-07:00,write,key-4,0.444,65,false,leader-w1r5,50
2026-04-03T20:52:55.177942-07:00,read,key-4,54.289,65,false,leader-w1r5,50
2026-04-03T20:52:55.176193-07:00,read,key-8,56.106,65,false,leader-w1r5,50
2026-04-03T20:52:55.195262-07:00,read,key-3,51.183,74,false,leader-w1r5,50
2026-04-03T20:52:55.198387-07:00,read,key-5,52.758,70,false,leader-w1r5,50
2026-04-03T20:52:55.195757-07:00,read,key-9,55.429,69,false,leader-w1r5,50
2026-04-03T20:52:55.251147-07:00,write,key-3,0.369,75,false,leader-w1r5,50
2026-04-03T20:52:55.202685-07:00,read,key-5,51.397,70,false,leader-w1r5,50
2026-04-03T20:52:55.202663-07:00,read,key-1,51.631,57,false,leader-w1r5,50
2026-04-03T20:52:55.203071-07:00,read,key-6,54.703,55,false,leader-w1r5,50
2026-04-03T20:52:55.257775-07:00,write,key-2,0.425,68,false,leader-w1r5,50
2026-04-03T20:52:55.258201-07:00,write,key-6,0.346,56,false,leader-w1r5,50
2026-04-03T20:52:55.208877-07:00,read,key-5,51.138,70,false,leader-w1r5,50
2026-04-03T20:52:55.209314-07:00,read,key-4,50.794,65,false,leader-w1r5,50
2026-04-03T20:52:55.20813-07:00,read,key-5,55.724,70,false,leader-w1r5,50
2026-04-03T20:52:55.212662-07:00,read,key-2,52.719,68,false,leader-w1r5,50
2026-04-03T20:52:55.21227-07:00,read,key-4,53.116,65,false,leader-w1r5,50
2026-04-03T20:52:55.213641-07:00,read,key-4,52.383,65,false,leader-w1r5,50
2026-04-03T20:52:55.263857-07:00,write,key-0,2.808,72,false,leader-w1r5,50
2026-04-03T20:52:55.266025-07:00,write,key-8,1.015,66,false,leader-w1r5,50
2026-04-03T20:52:55.219104-07:00,read,key-7,53.323,68,false,leader-w1r5,50
2026-04-03T20:52:55.221278-07:00,read,key-0,51.175,72,false,leader-w1r5,50
2026-04-03T20:52:55.21912-07:00,read,key-8,53.337,66,false,leader-w1r5,50
2026-04-03T20:52:55.220169-07:00,read,key-8,52.349,66,false,leader-w1r5,50
2026-04-03T20:52:55.272454-07:00,write,key-0,0.543,73,false,leader-w1r5,50
2026-04-03T20:52:55.272429-07:00,write,key-9,0.581,70,false,leader-w1r5,50
2026-04-03T20:52:55.272458-07:00,write,key-3,1.034,76,false,leader-w1r5,50
2026-04-03T20:52:55.272998-07:00,write,key-7,0.993,69,false,leader-w1r5,50
2026-04-03T20:52:55.273012-07:00,write,key-3,1.283,77,false,leader-w1r5,50
2026-04-03T20:52:55.273493-07:00,write,key-8,1.080,67,false,leader-w1r5,50
2026-04-03T20:52:55.274296-07:00,write,key-9,0.922,71,false,leader-w1r5,50
2026-04-03T20:52:55.275219-07:00,write,key-1,0.891,58,false,leader-w1r5,50
2026-04-03T20:52:55.274575-07:00,write,key-4,2.086,66,false,leader-w1r5,50
2026-04-03T20:52:55.225019-07:00,read,key-9,52.389,69,true,leader-w1r5,50
2026-04-03T20:52:55.276662-07:00,write,key-6,0.754,57,false,leader-w1r5,50
2026-04-03T20:52:55.277418-07:00,write,key-3,0.437,78,false,leader-w1r5,50
2026-04-03T20:52:55.225034-07:00,read,key-9,55.096,71,false,leader-w1r5,50
2026-04-03T20:52:55.280132-07:00,write,key-7,3.550,70,false,leader-w1r5,50
2026-04-03T20:52:55.283684-07:00,write,key-8,0.507,68,false,leader-w1r5,50
2026-04-03T20:52:55.232302-07:00,read,key-0,52.580,73,false,leader-w1r5,50
2026-04-03T20:52:55.232234-07:00,read,key-8,52.814,67,true,leader-w1r5,50
2026-04-03T20:52:55.284884-07:00,write,key-8,0.635,69,false,leader-w1r5,50
2026-04-03T20:52:55.285521-07:00,write,key-9,0.555,72,false,leader-w1r5,50
2026-04-03T20:52:55.246447-07:00,read,key-8,52.760,69,false,leader-w1r5,50
2026-04-03T20:52:55.29921-07:00,write,key-9,0.305,73,false,leader-w1r5,50
2026-04-03T20:52:55.299516-07:00,write,key-5,0.282,71,false,leader-w1r5,50
2026-04-03T20:52:55.251517-07:00,read,key-3,52.912,78,false,leader-w1r5,50
2026-04-03T20:52:55.251187-07:00,read,key-1,53.267,57,true,leader-w1r5,50
2026-04-03T20:52:55.304456-07:00,write,key-3,0.402,79,false,leader-w1r5,50
2026-04-03T20:52:55.254084-07:00,read,key-8,51.499,69,false,leader-w1r5,50
2026-04-03T20:52:55.254296-07:00,read,key-6,51.329,57,false,leader-w1r5,50
2026-04-03T20:52:55.30486-07:00,write,key-5,0.775,72,false,leader-w1r5,50
2026-04-03T20:52:55.305627-07:00,write,key-6,0.768,58,false,leader-w1r5,50
2026-04-03T20:52:55.306396-07:00,write,key-3,0.460,80,false,leader-w1r5,50
2026-04-03T20:52:55.306857-07:00,write,key-2,0.294,69,false,leader-w1r5,50
2026-04-03T20:52:55.307152-07:00,write,key-4,0.263,67,false,leader-w1r5,50
2026-04-03T20:52:55.258548-07:00,read,key-3,52.419,80,false,leader-w1r5,50
2026-04-03T20:52:55.260017-07:00,read,key-0,51.164,71,true,leader-w1r5,50
2026-04-03T20:52:55.260109-07:00,read,key-1,53.779,58,false,leader-w1r5,50
2026-04-03T20:52:55.265388-07:00,read,key-2,51.504,69,false,leader-w1r5,50
2026-04-03T20:52:55.265382-07:00,read,key-2,51.557,69,false,leader-w1r5,50
2026-04-03T20:52:55.266667-07:00,read,key-2,51.294,69,false,leader-w1r5,50
2026-04-03T20:52:55.267042-07:00,read,key-6,51.071,58,false,leader-w1r5,50
2026-04-03T20:52:55.272519-07:00,read,key-7,53.661,68,true,leader-w1r5,50
2026-04-03T20:52:55.273993-07:00,read,key-6,54.292,58,false,leader-w1r5,50
2026-04-03T20:52:55.276111-07:00,read,key-2,52.194,69,false,leader-w1r5,50
2026-04-03T20:52:55.328287-07:00,write,key-5,0.316,73,false,leader-w1r5,50
2026-04-03T20:52:55.277411-07:00,read,key-2,51.675,68,true,leader-w1r5,50
2026-04-03T20:52:55.328307-07:00,write,key-6,0.792,59,false,leader-w1r5,50
2026-04-03T20:52:55.329087-07:00,write,key-4,0.284,68,false,leader-w1r5,50
2026-04-03T20:52:55.328604-07:00,write,key-9,0.796,74,false,leader-w1r5,50
2026-04-03T20:52:55.277856-07:00,read,key-5,52.376,70,true,leader-w1r5,50
2026-04-03T20:52:55.330233-07:00,write,key-4,0.344,69,false,leader-w1r5,50
2026-04-03T20:52:55.330578-07:00,write,key-9,0.614,75,false,leader-w1r5,50
2026-04-03T20:52:55.331193-07:00,write,key-0,0.891,74,false,leader-w1r5,50
2026-04-03T20:52:55.284193-07:00,read,key-8,51.125,69,false,leader-w1r5,50
2026-04-03T20:52:55.286077-07:00,read,key-5,51.467,73,false,leader-w1r5,50
2026-04-03T20:52:55.28505-07:00,read,key-6,52.606,59,false,leader-w1r5,50
2026-04-03T20:52:55.299798-07:00,read,key-5,51.629,73,false,leader-w1r5,50
2026-04-03T20:52:55.304431-07:00,read,key-9,52.108,75,false,leader-w1r5,50
2026-04-03T20:52:55.356541-07:00,write,key-3,0.361,81,false,leader-w1r5,50
2026-04-03T20:52:55.356903-07:00,write,key-4,0.321,70,false,leader-w1r5,50
2026-04-03T20:52:55.357225-07:00,write,key-3,0.323,82,false,leader-w1r5,50
2026-04-03T20:52:55.357549-07:00,write,key-0,0.418,75,false,leader-w1r5,50
2026-04-03T20:52:55.305635-07:00,read,key-9,52.519,75,false,leader-w1r5,50
2026-04-03T20:52:55.305584-07:00,read,key-4,52.601,69,true,leader-w1r5,50
2026-04-03T20:52:55.357968-07:00,write,key-4,0.299,71,false,leader-w1r5,50
2026-04-03T20:52:55.358269-07:00,write,key-5,3.061,74,false,leader-w1r5,50
2026-04-03T20:52:55.361332-07:00,write,key-2,0.562,70,false,leader-w1r5,50
2026-04-03T20:52:55.361895-07:00,write,key-8,0.396,70,false,leader-w1r5,50
2026-04-03T20:52:55.362292-07:00,write,key-1,0.359,59,false,leader-w1r5,50
2026-04-03T20:52:55.310969-07:00,read,key-3,52.331,82,false,leader-w1r5,50
2026-04-03T20:52:55.307417-07:00,read,key-0,56.184,75,false,leader-w1r5,50
2026-04-03T20:52:55.363302-07:00,write,key-9,0.479,76,false,leader-w1r5,50
2026-04-03T20:52:55.363782-07:00,write,key-2,0.407,71,false,leader-w1r5,50
2026-04-03T20:52:55.36419-07:00,write,key-1,0.269,60,false,leader-w1r5,50
2026-04-03T20:52:55.311183-07:00,read,key-4,56.135,71,false,leader-w1r5,50
2026-04-03T20:52:55.313889-07:00,read,key-4,54.434,71,false,leader-w1r5,50
2026-04-03T20:52:55.316941-07:00,read,key-4,51.412,67,true,leader-w1r5,50
2026-04-03T20:52:55.368326-07:00,write,key-0,0.341,76,false,leader-w1r5,50
2026-04-03T20:52:55.368668-07:00,write,key-0,0.450,77,false,leader-w1r5,50
2026-04-03T20:52:55.317962-07:00,read,key-4,51.319,71,false,leader-w1r5,50
2026-04-03T20:52:55.318115-07:00,read,key-3,51.179,82,false,leader-w1r5,50
2026-04-03T20:52:55.36912-07:00,write,key-4,0.349,72,false,leader-w1r5,50
2026-04-03T20:52:55.369295-07:00,write,key-0,0.446,78,false,leader-w1r5,50
2026-04-03T20:52:55.369282-07:00,write,key-7,0.521,71,false,leader-w1r5,50
2026-04-03T20:52:55.369742-07:00,write,key-5,0.534,75,false,leader-w1r5,50
2026-04-03T20:52:55.369471-07:00,write,key-1,0.876,61,false,leader-w1r5,50
2026-04-03T20:52:55.370277-07:00,write,key-9,0.254,77,false,leader-w1r5,50
2026-04-03T20:52:55.370347-07:00,write,key-8,0.774,71,false,leader-w1r5,50
2026-04-03T20:52:55.316895-07:00,read,key-2,54.527,71,false,leader-w1r5,50
2026-04-03T20:52:55.371124-07:00,write,key-4,0.884,73,false,leader-w1r5,50
2026-04-03T20:52:55.326182-07:00,read,key-5,51.184,72,true,leader-w1r5,50
2026-04-03T20:52:55.377368-07:00,write,key-0,0.259,79,false,leader-w1r5,50
2026-04-03T20:52:55.377629-07:00,write,key-9,0.249,78,false,leader-w1r5,50
2026-04-03T20:52:55.377879-07:00,write,key-2,0.291,72,false,leader-w1r5,50
2026-04-03T20:52:55.329372-07:00,read,key-4,52.726,68,true,leader-w1r5,50
2026-04-03T20:52:55.382102-07:00,write,key-1,0.481,62,false,leader-w1r5,50
2026-04-03T20:52:55.382585-07:00,write,key-7,0.359,72,false,leader-w1r5,50
2026-04-03T20:52:55.3291-07:00,read,key-1,53.868,62,false,leader-w1r5,50
2026-04-03T20:52:55.332085-07:00,read,key-6,50.887,59,false,leader-w1r5,50
2026-04-03T20:52:55.329402-07:00,read,key-2,53.587,72,false,leader-w1r5,50
2026-04-03T20:52:55.382945-07:00,write,key-4,0.485,74,false,leader-w1r5,50
2026-04-03T20:52:55.38297-07:00,write,key-5,0.463,76,false,leader-w1r5,50
2026-04-03T20:52:55.33532-07:00,read,key-8,54.071,71,false,leader-w1r5,50
2026-04-03T20:52:55.337545-07:00,read,key-3,51.852,80,true,leader-w1r5,50
2026-04-03T20:52:55.337657-07:00,read,key-4,51.749,74,false,leader-w1r5,50
2026-04-03T20:52:55.35143-07:00,read,key-9,52.932,78,false,leader-w1r5,50
2026-04-03T20:52:55.358193-07:00,read,key-2,51.976,69,true,leader-w1r5,50
2026-04-03T20:52:55.410171-07:00,write,key-8,0.322,72,false,leader-w1r5,50
2026-04-03T20:52:55.410495-07:00,write,key-9,0.433,79,false,leader-w1r5,50
2026-04-03T20:52:55.358156-07:00,read,key-0,52.803,79,false,leader-w1r5,50
2026-04-03T20:52:55.41096-07:00,write,key-0,0.312,80,false,leader-w1r5,50
2026-04-03T20:52:55.411273-07:00,write,key-7,0.296,73,false,leader-w1r5,50
2026-04-03T20:52:55.411571-07:00,write,key-3,0.434,83,false,leader-w1r5,50
2026-04-03T20:52:55.412006-07:00,write,key-0,0.311,81,false,leader-w1r5,50
2026-04-03T20:52:55.363602-07:00,read,key-1,51.600,62,false,leader-w1r5,50
2026-04-03T20:52:55.362653-07:00,read,key-5,52.884,76,false,leader-w1r5,50
2026-04-03T20:52:55.415539-07:00,write,key-5,0.576,77,false,leader-w1r5,50
2026-04-03T20:52:55.36446-07:00,read,key-9,51.655,79,false,leader-w1r5,50
2026-04-03T20:52:55.416116-07:00,write,key-9,0.376,80,false,leader-w1r5,50
2026-04-03T20:52:55.416117-07:00,write,key-9,0.738,81,false,leader-w1r5,50
2026-04-03T20:52:55.416856-07:00,write,key-9,0.679,82,false,leader-w1r5,50
2026-04-03T20:52:55.36732-07:00,read,key-4,51.010,74,false,leader-w1r5,50
2026-04-03T20:52:55.368355-07:00,read,key-6,53.076,59,false,leader-w1r5,50
2026-04-03T20:52:55.421432-07:00,write,key-2,0.448,73,false,leader-w1r5,50
2026-04-03T20:52:55.370532-07:00,read,key-4,51.534,74,false,leader-w1r5,50
2026-04-03T20:52:55.371423-07:00,read,key-0,51.456,81,false,leader-w1r5,50
2026-04-03T20:52:55.42288-07:00,write,key-9,0.323,83,false,leader-w1r5,50
2026-04-03T20:52:55.423205-07:00,write,key-5,0.331,78,false,leader-w1r5,50
2026-04-03T20:52:55.423537-07:00,write,key-5,0.359,79,false,leader-w1r5,50
2026-04-03T20:52:55.423897-07:00,write,key-9,0.420,84,false,leader-w1r5,50
2026-04-03T20:52:55.424318-07:00,write,key-7,0.401,74,false,leader-w1r5,50
2026-04-03T20:52:55.36983-07:00,read,key-1,55.050,62,false,leader-w1r5,50
2026-04-03T20:52:55.424721-07:00,write,key-1,0.507,63,false,leader-w1r5,50
2026-04-03T20:52:55.372008-07:00,read,key-7,53.513,74,false,leader-w1r5,50
2026-04-03T20:52:55.42523-07:00,write,key-5,1.205,80,false,leader-w1r5,50
2026-04-03T20:52:55.426436-07:00,write,key-1,0.906,64,false,leader-w1r5,50
2026-04-03T20:52:55.378171-07:00,read,key-4,51.917,74,false,leader-w1r5,50
2026-04-03T20:52:55.38299-07:00,read,key-0,52.120,81,false,leader-w1r5,50
2026-04-03T20:52:55.382974-07:00,read,key-6,52.770,59,false,leader-w1r5,50
2026-04-03T20:52:55.383433-07:00,read,key-6,52.322,59,false,leader-w1r5,50
2026-04-03T20:52:55.435746-07:00,write,key-6,0.306,60,false,leader-w1r5,50
2026-04-03T20:52:55.435757-07:00,write,key-9,0.692,85,false,leader-w1r5,50
2026-04-03T20:52:55.436053-07:00,write,key-0,0.701,82,false,leader-w1r5,50
2026-04-03T20:52:55.436451-07:00,write,key-4,0.791,75,false,leader-w1r5,50
2026-04-03T20:52:55.436755-07:00,write,key-7,1.113,75,false,leader-w1r5,50
2026-04-03T20:52:55.383435-07:00,read,key-6,54.613,60,false,leader-w1r5,50
2026-04-03T20:52:55.389393-07:00,read,key-0,52.705,79,true,leader-w1r5,50
2026-04-03T20:52:55.389407-07:00,read,key-1,52.691,64,false,leader-w1r5,50
2026-04-03T20:52:55.389399-07:00,read,key-8,52.836,71,true,leader-w1r5,50
2026-04-03T20:52:55.404364-07:00,read,key-7,51.973,75,false,leader-w1r5,50
2026-04-03T20:52:55.410929-07:00,read,key-8,51.248,72,false,leader-w1r5,50
2026-04-03T20:52:55.416493-07:00,read,key-8,51.938,72,false,leader-w1r5,50
2026-04-03T20:52:55.412318-07:00,read,key-3,56.151,83,false,leader-w1r5,50
2026-04-03T20:52:55.417536-07:00,read,key-1,52.770,62,true,leader-w1r5,50
2026-04-03T20:52:55.415205-07:00,read,key-8,55.107,72,false,leader-w1r5,50
2026-04-03T20:52:55.470308-07:00,write,key-4,0.778,76,false,leader-w1r5,50
2026-04-03T20:52:55.471088-07:00,write,key-5,0.415,81,false,leader-w1r5,50
2026-04-03T20:52:55.422068-07:00,read,key-3,51.371,83,false,leader-w1r5,50
2026-04-03T20:52:55.418333-07:00,read,key-2,55.646,73,false,leader-w1r5,50
2026-04-03T20:52:55.421882-07:00,read,key-0,52.100,82,false,leader-w1r5,50
2026-04-03T20:52:55.473441-07:00,write,key-8,0.573,73,false,leader-w1r5,50
2026-04-03T20:52:55.473984-07:00,write,key-7,0.465,76,false,leader-w1r5,50
2026-04-03T20:52:55.474015-07:00,write,key-2,0.444,74,false,leader-w1r5,50
2026-04-03T20:52:55.47445-07:00,write,key-6,0.500,61,false,leader-w1r5,50
2026-04-03T20:52:55.47446-07:00,write,key-8,0.501,74,false,leader-w1r5,50
2026-04-03T20:52:55.474951-07:00,write,key-2,0.561,75,false,leader-w1r5,50
2026-04-03T20:52:55.474962-07:00,write,key-2,0.550,76,false,leader-w1r5,50
2026-04-03T20:52:55.424882-07:00,read,key-7,51.112,76,false,leader-w1r5,50
2026-04-03T20:52:55.475527-07:00,write,key-6,0.482,62,false,leader-w1r5,50
2026-04-03T20:52:55.475516-07:00,write,key-9,0.510,86,false,leader-w1r5,50
2026-04-03T20:52:55.476028-07:00,write,key-2,0.819,77,false,leader-w1r5,50
2026-04-03T20:52:55.475995-07:00,write,key-0,0.877,83,false,leader-w1r5,50
2026-04-03T20:52:55.476848-07:00,write,key-9,0.432,87,false,leader-w1r5,50
2026-04-03T20:52:55.477281-07:00,write,key-9,0.819,88,false,leader-w1r5,50
2026-04-03T20:52:55.427343-07:00,read,key-7,51.003,76,false,leader-w1r5,50
2026-04-03T20:52:55.425523-07:00,read,key-7,52.974,76,false,leader-w1r5,50
2026-04-03T20:52:55.478347-07:00,write,key-5,0.752,83,false,leader-w1r5,50
2026-04-03T20:52:55.478498-07:00,write,key-5,0.628,82,false,leader-w1r5,50
2026-04-03T20:52:55.479128-07:00,write,key-4,0.433,77,false,leader-w1r5,50
2026-04-03T20:52:55.4791-07:00,write,key-0,0.531,84,false,leader-w1r5,50
2026-04-03T20:52:55.479562-07:00,write,key-2,0.478,78,false,leader-w1r5,50
2026-04-03T20:52:55.479632-07:00,write,key-4,0.436,78,false,leader-w1r5,50
2026-04-03T20:52:55.480042-07:00,write,key-8,0.280,75,false,leader-w1r5,50
2026-04-03T20:52:55.43009-07:00,read,key-7,51.964,74,true,leader-w1r5,50
2026-04-03T20:52:55.435112-07:00,read,key-9,51.153,88,false,leader-w1r5,50
2026-04-03T20:52:55.486267-07:00,write,key-6,0.283,63,false,leader-w1r5,50
2026-04-03T20:52:55.486551-07:00,write,key-9,0.321,89,false,leader-w1r5,50
2026-04-03T20:52:55.438049-07:00,read,key-3,51.188,83,false,leader-w1r5,50
2026-04-03T20:52:55.437244-07:00,read,key-1,52.014,64,false,leader-w1r5,50
2026-04-03T20:52:55.489259-07:00,write,key-7,0.459,77,false,leader-w1r5,50
2026-04-03T20:52:55.43787-07:00,read,key-8,53.041,75,false,leader-w1r5,50
2026-04-03T20:52:55.442101-07:00,read,key-6,51.155,63,false,leader-w1r5,50
2026-04-03T20:52:55.442101-07:00,read,key-1,51.203,64,false,leader-w1r5,50
2026-04-03T20:52:55.442237-07:00,read,key-2,54.354,78,false,leader-w1r5,50
2026-04-03T20:52:55.496593-07:00,write,key-6,2.663,64,false,leader-w1r5,50
2026-04-03T20:52:55.45634-07:00,read,key-7,52.865,77,false,leader-w1r5,50
2026-04-03T20:52:55.509207-07:00,write,key-4,0.370,79,false,leader-w1r5,50
2026-04-03T20:52:55.509578-07:00,write,key-5,0.346,84,false,leader-w1r5,50
2026-04-03T20:52:55.462179-07:00,read,key-3,54.963,83,false,leader-w1r5,50
2026-04-03T20:52:55.517144-07:00,write,key-8,0.303,76,false,leader-w1r5,50
2026-04-03T20:52:55.517449-07:00,write,key-5,0.407,85,false,leader-w1r5,50
2026-04-03T20:52:55.468471-07:00,read,key-7,54.803,77,false,leader-w1r5,50
2026-04-03T20:52:55.471504-07:00,read,key-2,51.777,78,false,leader-w1r5,50
2026-04-03T20:52:55.470313-07:00,read,key-9,52.985,89,false,leader-w1r5,50
2026-04-03T20:52:55.523275-07:00,write,key-9,0.364,90,false,leader-w1r5,50
2026-04-03T20:52:55.523283-07:00,write,key-7,0.709,78,false,leader-w1r5,50
2026-04-03T20:52:55.468433-07:00,read,key-3,55.816,83,false,leader-w1r5,50
2026-04-03T20:52:55.523299-07:00,write,key-3,1.302,84,false,leader-w1r5,50
2026-04-03T20:52:55.47398-07:00,read,key-4,51.201,79,false,leader-w1r5,50
2026-04-03T20:52:55.476011-07:00,read,key-5,52.195,85,false,leader-w1r5,50
2026-04-03T20:52:55.476874-07:00,read,key-4,51.424,79,false,leader-w1r5,50
2026-04-03T20:52:55.528208-07:00,write,key-8,0.367,77,false,leader-w1r5,50
2026-04-03T20:52:55.528298-07:00,write,key-1,0.490,65,false,leader-w1r5,50
2026-04-03T20:52:55.478101-07:00,read,key-8,51.985,77,false,leader-w1r5,50
2026-04-03T20:52:55.480322-07:00,read,key-3,50.799,84,false,leader-w1r5,50
2026-04-03T20:52:55.480072-07:00,read,key-7,51.091,78,false,leader-w1r5,50
2026-04-03T20:52:55.531123-07:00,write,key-3,0.342,85,false,leader-w1r5,50
2026-04-03T20:52:55.482056-07:00,read,key-3,51.912,85,false,leader-w1r5,50
2026-04-03T20:52:55.533969-07:00,write,key-9,0.443,91,false,leader-w1r5,50
2026-04-03T20:52:55.534414-07:00,write,key-5,0.501,86,false,leader-w1r5,50
2026-04-03T20:52:55.486873-07:00,read,key-4,52.306,79,false,leader-w1r5,50
2026-04-03T20:52:55.489239-07:00,read,key-3,51.826,85,false,leader-w1r5,50
2026-04-03T20:52:55.541065-07:00,write,key-1,0.243,66,false,leader-w1r5,50
2026-04-03T20:52:55.54131-07:00,write,key-0,0.286,85,false,leader-w1r5,50
2026-04-03T20:52:55.541597-07:00,write,key-0,0.366,86,false,leader-w1r5,50
2026-04-03T20:52:55.490911-07:00,read,key-3,51.579,83,true,leader-w1r5,50
2026-04-03T20:52:55.493315-07:00,read,key-8,51.704,77,false,leader-w1r5,50
2026-04-03T20:52:55.493262-07:00,read,key-2,51.911,78,false,leader-w1r5,50
2026-04-03T20:52:55.545021-07:00,write,key-4,0.314,80,false,leader-w1r5,50
2026-04-03T20:52:55.545174-07:00,write,key-9,0.307,92,false,leader-w1r5,50
2026-04-03T20:52:55.545336-07:00,write,key-5,0.240,87,false,leader-w1r5,50
2026-04-03T20:52:55.489719-07:00,read,key-4,56.880,79,true,leader-w1r5,50
2026-04-03T20:52:55.546601-07:00,write,key-5,0.452,88,false,leader-w1r5,50
2026-04-03T20:52:55.499257-07:00,read,key-2,51.137,78,false,leader-w1r5,50
2026-04-03T20:52:55.550395-07:00,write,key-0,0.359,87,false,leader-w1r5,50
2026-04-03T20:52:55.550755-07:00,write,key-9,0.384,93,false,leader-w1r5,50
2026-04-03T20:52:55.551141-07:00,write,key-3,0.307,86,false,leader-w1r5,50
2026-04-03T20:52:55.509925-07:00,read,key-7,52.258,78,false,leader-w1r5,50
2026-04-03T20:52:55.517857-07:00,read,key-5,51.358,88,false,leader-w1r5,50
2026-04-03T20:52:55.569218-07:00,write,key-0,0.288,88,false,leader-w1r5,50
2026-04-03T20:52:55.569507-07:00,write,key-0,0.359,89,false,leader-w1r5,50
2026-04-03T20:52:55.524251-07:00,read,key-1,51.638,66,false,leader-w1r5,50
2026-04-03T20:52:55.524602-07:00,read,key-6,51.319,64,false,leader-w1r5,50
2026-04-03T20:52:55.52364-07:00,read,key-1,52.284,66,false,leader-w1r5,50
2026-04-03T20:52:55.575891-07:00,write,key-9,0.356,94,false,leader-w1r5,50
2026-04-03T20:52:55.575922-07:00,write,key-1,0.413,67,false,leader-w1r5,50
2026-04-03T20:52:55.523994-07:00,read,key-6,52.531,64,false,leader-w1r5,50
2026-04-03T20:52:55.576248-07:00,write,key-7,0.371,79,false,leader-w1r5,50
2026-04-03T20:52:55.576336-07:00,write,key-9,0.634,95,false,leader-w1r5,50
2026-04-03T20:52:55.525183-07:00,read,key-7,52.417,78,true,leader-w1r5,50
2026-04-03T20:52:55.528789-07:00,read,key-2,53.089,78,false,leader-w1r5,50
2026-04-03T20:52:55.530088-07:00,read,key-6,51.865,64,false,leader-w1r5,50
2026-04-03T20:52:55.528577-07:00,read,key-2,53.470,78,false,leader-w1r5,50
2026-04-03T20:52:55.58188-07:00,write,key-8,0.386,78,false,leader-w1r5,50
2026-04-03T20:52:55.581955-07:00,write,key-2,0.335,79,false,leader-w1r5,50
2026-04-03T20:52:55.582048-07:00,write,key-2,0.429,80,false,leader-w1r5,50
2026-04-03T20:52:55.582267-07:00,write,key-7,0.532,80,false,leader-w1r5,50
2026-04-03T20:52:55.582478-07:00,write,key-3,0.330,87,false,leader-w1r5,50
2026-04-03T20:52:55.582291-07:00,write,key-4,0.602,81,false,leader-w1r5,50
2026-04-03T20:52:55.5828-07:00,write,key-8,0.561,79,false,leader-w1r5,50
2026-04-03T20:52:55.582895-07:00,write,key-1,0.538,68,false,leader-w1r5,50
2026-04-03T20:52:55.531164-07:00,read,key-6,52.639,64,false,leader-w1r5,50
2026-04-03T20:52:55.583362-07:00,write,key-8,0.468,80,false,leader-w1r5,50
2026-04-03T20:52:55.531466-07:00,read,key-5,52.517,88,false,leader-w1r5,50
2026-04-03T20:52:55.583433-07:00,write,key-2,0.585,81,false,leader-w1r5,50
2026-04-03T20:52:55.584021-07:00,write,key-8,0.912,81,false,leader-w1r5,50
2026-04-03T20:52:55.584935-07:00,write,key-9,1.517,96,false,leader-w1r5,50
2026-04-03T20:52:55.534916-07:00,read,key-8,52.117,81,false,leader-w1r5,50
2026-04-03T20:52:55.539182-07:00,read,key-3,51.809,87,false,leader-w1r5,50
2026-04-03T20:52:55.590992-07:00,write,key-7,0.346,81,false,leader-w1r5,50
2026-04-03T20:52:55.542492-07:00,read,key-4,51.826,79,true,leader-w1r5,50
2026-04-03T20:52:55.541964-07:00,read,key-4,53.314,81,false,leader-w1r5,50
2026-04-03T20:52:55.545577-07:00,read,key-5,51.693,88,false,leader-w1r5,50
2026-04-03T20:52:55.545482-07:00,read,key-5,51.801,88,false,leader-w1r5,50
2026-04-03T20:52:55.547056-07:00,read,key-7,54.833,81,false,leader-w1r5,50
2026-04-03T20:52:55.551449-07:00,read,key-2,55.520,81,false,leader-w1r5,50
2026-04-03T20:52:55.606971-07:00,write,key-3,0.361,88,false,leader-w1r5,50
2026-04-03T20:52:55.607335-07:00,write,key-0,0.409,90,false,leader-w1r5,50
2026-04-03T20:52:55.562185-07:00,read,key-3,51.005,88,false,leader-w1r5,50
2026-04-03T20:52:55.569867-07:00,read,key-4,52.241,81,false,leader-w1r5,50
2026-04-03T20:52:55.62211-07:00,write,key-6,0.274,65,false,leader-w1r5,50
2026-04-03T20:52:55.575925-07:00,read,key-3,52.146,86,true,leader-w1r5,50
2026-04-03T20:52:55.57662-07:00,read,key-0,52.040,90,false,leader-w1r5,50
2026-04-03T20:52:55.576526-07:00,read,key-9,52.185,95,true,leader-w1r5,50
2026-04-03T20:52:55.576971-07:00,read,key-6,51.751,65,false,leader-w1r5,50
2026-04-03T20:52:55.577602-07:00,read,key-8,51.390,81,false,leader-w1r5,50
2026-04-03T20:52:55.628723-07:00,write,key-1,0.741,69,false,leader-w1r5,50
2026-04-03T20:52:55.628712-07:00,write,key-2,0.816,82,false,leader-w1r5,50
2026-04-03T20:52:55.628662-07:00,write,key-7,0.881,82,false,leader-w1r5,50
2026-04-03T20:52:55.62953-07:00,write,key-2,0.350,83,false,leader-w1r5,50
2026-04-03T20:52:55.629466-07:00,write,key-8,0.550,82,false,leader-w1r5,50
2026-04-03T20:52:55.629881-07:00,write,key-2,0.334,84,false,leader-w1r5,50
2026-04-03T20:52:55.582809-07:00,read,key-1,52.517,69,false,leader-w1r5,50
2026-04-03T20:52:55.583986-07:00,read,key-1,51.404,69,false,leader-w1r5,50
2026-04-03T20:52:55.583832-07:00,read,key-4,51.588,81,false,leader-w1r5,50
2026-04-03T20:52:55.583805-07:00,read,key-9,51.802,96,false,leader-w1r5,50
2026-04-03T20:52:55.635392-07:00,write,key-0,0.672,91,false,leader-w1r5,50
2026-04-03T20:52:55.635609-07:00,write,key-4,0.807,82,false,leader-w1r5,50
2026-04-03T20:52:55.636417-07:00,write,key-0,0.264,92,false,leader-w1r5,50
2026-04-03T20:52:55.586453-07:00,read,key-4,51.114,82,false,leader-w1r5,50
2026-04-03T20:52:55.587035-07:00,read,key-7,51.249,82,false,leader-w1r5,50
2026-04-03T20:52:55.637569-07:00,write,key-0,0.827,93,false,leader-w1r5,50
2026-04-03T20:52:55.59134-07:00,read,key-9,51.802,96,false,leader-w1r5,50
2026-04-03T20:52:55.643144-07:00,write,key-8,0.424,83,false,leader-w1r5,50
2026-04-03T20:52:55.643571-07:00,write,key-7,0.330,83,false,leader-w1r5,50
2026-04-03T20:52:55.59432-07:00,read,key-8,52.039,83,false,leader-w1r5,50
2026-04-03T20:52:55.59528-07:00,read,key-1,53.828,69,false,leader-w1r5,50
2026-04-03T20:52:55.597271-07:00,read,key-4,51.865,82,false,leader-w1r5,50
2026-04-03T20:52:55.597287-07:00,read,key-2,53.847,84,false,leader-w1r5,50
2026-04-03T20:52:55.651149-07:00,write,key-1,0.348,70,false,leader-w1r5,50
2026-04-03T20:52:55.601891-07:00,read,key-9,52.109,96,false,leader-w1r5,50
2026-04-03T20:52:55.654002-07:00,write,key-8,0.329,84,false,leader-w1r5,50
2026-04-03T20:52:55.607745-07:00,read,key-6,51.248,65,false,leader-w1r5,50
2026-04-03T20:52:55.658995-07:00,write,key-2,0.386,85,false,leader-w1r5,50
2026-04-03T20:52:55.659383-07:00,write,key-8,0.440,85,false,leader-w1r5,50
2026-04-03T20:52:55.613191-07:00,read,key-9,51.962,96,false,leader-w1r5,50
2026-04-03T20:52:55.622386-07:00,read,key-7,51.737,83,false,leader-w1r5,50
2026-04-03T20:52:55.674124-07:00,write,key-2,0.334,86,false,leader-w1r5,50
2026-04-03T20:52:55.628073-07:00,read,key-2,51.253,86,false,leader-w1r5,50
2026-04-03T20:52:55.630017-07:00,read,key-5,51.970,88,false,leader-w1r5,50
2026-04-03T20:52:55.630216-07:00,read,key-6,51.821,65,false,leader-w1r5,50
2026-04-03T20:52:55.681989-07:00,write,key-8,0.344,86,false,leader-w1r5,50
2026-04-03T20:52:55.682038-07:00,write,key-3,0.568,89,false,leader-w1r5,50
2026-04-03T20:52:55.629545-07:00,read,key-6,54.615,65,false,leader-w1r5,50
2026-04-03T20:52:55.628993-07:00,read,key-4,55.173,82,false,leader-w1r5,50
2026-04-03T20:52:55.684162-07:00,write,key-1,1.917,71,false,leader-w1r5,50
2026-04-03T20:52:55.68608-07:00,write,key-0,0.372,94,false,leader-w1r5,50
2026-04-03T20:52:55.635328-07:00,read,key-5,51.318,88,false,leader-w1r5,50
2026-04-03T20:52:55.636065-07:00,read,key-7,51.171,83,false,leader-w1r5,50
2026-04-03T20:52:55.635421-07:00,read,key-1,51.841,69,true,leader-w1r5,50
2026-04-03T20:52:55.687264-07:00,write,key-8,0.598,87,false,leader-w1r5,50
2026-04-03T20:52:55.636682-07:00,read,key-0,51.482,92,true,leader-w1r5,50
2026-04-03T20:52:55.688165-07:00,write,key-9,0.267,97,false,leader-w1r5,50
2026-04-03T20:52:55.688433-07:00,write,key-6,0.248,66,false,leader-w1r5,50
2026-04-03T20:52:55.638397-07:00,read,key-3,51.304,89,false,leader-w1r5,50
2026-04-03T20:52:55.638286-07:00,read,key-5,51.425,88,false,leader-w1r5,50
2026-04-03T20:52:55.689702-07:00,write,key-5,0.315,89,false,leader-w1r5,50
2026-04-03T20:52:55.690019-07:00,write,key-3,0.382,90,false,leader-w1r5,50
2026-04-03T20:52:55.690401-07:00,write,key-1,0.327,72,false,leader-w1r5,50
2026-04-03T20:52:55.643901-07:00,read,key-1,52.691,72,false,leader-w1r5,50
2026-04-03T20:52:55.696594-07:00,write,key-9,0.322,98,false,leader-w1r5,50
2026-04-03T20:52:55.64636-07:00,read,key-2,52.528,84,true,leader-w1r5,50
2026-04-03T20:52:55.698889-07:00,write,key-7,0.292,84,false,leader-w1r5,50
2026-04-03T20:52:55.699182-07:00,write,key-1,0.220,73,false,leader-w1r5,50
2026-04-03T20:52:55.649138-07:00,read,key-4,51.234,82,false,leader-w1r5,50
2026-04-03T20:52:55.64911-07:00,read,key-1,51.297,73,false,leader-w1r5,50
2026-04-03T20:52:55.651498-07:00,read,key-2,51.112,86,false,leader-w1r5,50
2026-04-03T20:52:55.654332-07:00,read,key-9,54.830,98,false,leader-w1r5,50
2026-04-03T20:52:55.659826-07:00,read,key-0,55.271,94,false,leader-w1r5,50
2026-04-03T20:52:55.715099-07:00,write,key-1,0.314,74,false,leader-w1r5,50
2026-04-03T20:52:55.665155-07:00,read,key-3,51.917,90,false,leader-w1r5,50
2026-04-03T20:52:55.674459-07:00,read,key-7,51.676,84,false,leader-w1r5,50
2026-04-03T20:52:55.726136-07:00,write,key-4,0.327,83,false,leader-w1r5,50
2026-04-03T20:52:55.679328-07:00,read,key-7,50.992,84,false,leader-w1r5,50
2026-04-03T20:52:55.730321-07:00,write,key-4,0.291,84,false,leader-w1r5,50
2026-04-03T20:52:55.682336-07:00,read,key-8,53.793,86,true,leader-w1r5,50
2026-04-03T20:52:55.684168-07:00,read,key-5,52.520,89,false,leader-w1r5,50
2026-04-03T20:52:55.682607-07:00,read,key-0,54.098,93,true,leader-w1r5,50
2026-04-03T20:52:55.686453-07:00,read,key-2,50.815,86,false,leader-w1r5,50
2026-04-03T20:52:55.686649-07:00,read,key-7,51.022,84,false,leader-w1r5,50
2026-04-03T20:52:55.737269-07:00,write,key-1,0.402,75,false,leader-w1r5,50
2026-04-03T20:52:55.737675-07:00,write,key-0,0.556,95,false,leader-w1r5,50
2026-04-03T20:52:55.737675-07:00,write,key-6,0.608,67,false,leader-w1r5,50
2026-04-03T20:52:55.687238-07:00,read,key-7,51.549,84,false,leader-w1r5,50
2026-04-03T20:52:55.687863-07:00,read,key-8,50.930,87,false,leader-w1r5,50
2026-04-03T20:52:55.738788-07:00,write,key-2,0.392,87,false,leader-w1r5,50
2026-04-03T20:52:55.738794-07:00,write,key-3,0.398,91,false,leader-w1r5,50
2026-04-03T20:52:55.739193-07:00,write,key-1,0.553,76,false,leader-w1r5,50
2026-04-03T20:52:55.739747-07:00,write,key-5,0.367,90,false,leader-w1r5,50
2026-04-03T20:52:55.688682-07:00,read,key-4,51.664,84,false,leader-w1r5,50
2026-04-03T20:52:55.740347-07:00,write,key-3,0.479,92,false,leader-w1r5,50
2026-04-03T20:52:55.689713-07:00,read,key-0,51.257,94,true,leader-w1r5,50
2026-04-03T20:52:55.690729-07:00,read,key-8,50.718,87,false,leader-w1r5,50
2026-04-03T20:52:55.741449-07:00,write,key-1,0.458,77,false,leader-w1r5,50
2026-04-03T20:52:55.741907-07:00,write,key-4,1.594,85,false,leader-w1r5,50
2026-04-03T20:52:55.696917-07:00,read,key-2,54.112,87,false,leader-w1r5,50
2026-04-03T20:52:55.751031-07:00,write,key-9,0.290,99,false,leader-w1r5,50
2026-04-03T20:52:55.700374-07:00,read,key-2,51.650,87,false,leader-w1r5,50
2026-04-03T20:52:55.700408-07:00,read,key-7,51.626,84,false,leader-w1r5,50
2026-04-03T20:52:55.699403-07:00,read,key-6,54.088,67,false,leader-w1r5,50
2026-04-03T20:52:55.702612-07:00,read,key-8,51.277,87,false,leader-w1r5,50
2026-04-03T20:52:55.709164-07:00,read,key-9,52.099,99,false,leader-w1r5,50
2026-04-03T20:52:55.717074-07:00,read,key-1,53.091,77,false,leader-w1r5,50
2026-04-03T20:52:55.715414-07:00,read,key-9,54.763,99,false,leader-w1r5,50
2026-04-03T20:52:55.770167-07:00,write,key-0,0.314,96,false,leader-w1r5,50
2026-04-03T20:52:55.730613-07:00,read,key-3,51.807,90,true,leader-w1r5,50
2026-04-03T20:52:55.726464-07:00,read,key-9,56.042,99,false,leader-w1r5,50
2026-04-03T20:52:55.782507-07:00,write,key-3,0.561,93,false,leader-w1r5,50
2026-04-03T20:52:55.736132-07:00,read,key-8,50.994,87,false,leader-w1r5,50
2026-04-03T20:52:55.736706-07:00,read,key-4,51.396,85,false,leader-w1r5,50
2026-04-03T20:52:55.73669-07:00,read,key-9,51.485,99,false,leader-w1r5,50
2026-04-03T20:52:55.738233-07:00,read,key-6,52.051,67,false,leader-w1r5,50
2026-04-03T20:52:55.790285-07:00,write,key-6,0.451,68,false,leader-w1r5,50
2026-04-03T20:52:55.739182-07:00,read,key-9,51.850,98,true,leader-w1r5,50
2026-04-03T20:52:55.738284-07:00,read,key-3,52.768,93,false,leader-w1r5,50
2026-04-03T20:52:55.790737-07:00,write,key-2,0.442,88,false,leader-w1r5,50
2026-04-03T20:52:55.740116-07:00,read,key-4,51.222,85,false,leader-w1r5,50
2026-04-03T20:52:55.740971-07:00,read,key-5,51.065,90,false,leader-w1r5,50
2026-04-03T20:52:55.740826-07:00,read,key-2,51.244,88,false,leader-w1r5,50
2026-04-03T20:52:55.79118-07:00,write,key-2,0.927,89,false,leader-w1r5,50
2026-04-03T20:52:55.792037-07:00,write,key-6,0.616,69,false,leader-w1r5,50
2026-04-03T20:52:55.792108-07:00,write,key-4,0.594,86,false,leader-w1r5,50
2026-04-03T20:52:55.792706-07:00,write,key-2,0.390,90,false,leader-w1r5,50
2026-04-03T20:52:55.792655-07:00,write,key-0,0.462,97,false,leader-w1r5,50
2026-04-03T20:52:55.743504-07:00,read,key-7,52.609,84,false,leader-w1r5,50
2026-04-03T20:52:55.796115-07:00,write,key-7,0.341,85,false,leader-w1r5,50
2026-04-03T20:52:55.796458-07:00,write,key-8,0.295,88,false,leader-w1r5,50
2026-04-03T20:52:55.796755-07:00,write,key-3,0.254,94,false,leader-w1r5,50
2026-04-03T20:52:55.751322-07:00,read,key-9,51.823,99,false,leader-w1r5,50
2026-04-03T20:52:55.803147-07:00,write,key-2,0.322,91,false,leader-w1r5,50
2026-04-03T20:52:55.752025-07:00,read,key-1,51.607,77,false,leader-w1r5,50
2026-04-03T20:52:55.80347-07:00,write,key-1,0.389,78,false,leader-w1r5,50
2026-04-03T20:52:55.803634-07:00,write,key-7,0.320,86,false,leader-w1r5,50
2026-04-03T20:52:55.803861-07:00,write,key-7,0.536,87,false,leader-w1r5,50
2026-04-03T20:52:55.803955-07:00,write,key-2,0.471,92,false,leader-w1r5,50
2026-04-03T20:52:55.752035-07:00,read,key-2,53.299,92,false,leader-w1r5,50
2026-04-03T20:52:55.75389-07:00,read,key-4,52.524,86,false,leader-w1r5,50
2026-04-03T20:52:55.753493-07:00,read,key-3,52.940,94,false,leader-w1r5,50
2026-04-03T20:52:55.806433-07:00,write,key-7,0.775,88,false,leader-w1r5,50
2026-04-03T20:52:55.80721-07:00,write,key-9,0.349,100,false,leader-w1r5,50
2026-04-03T20:52:55.761265-07:00,read,key-4,50.861,86,false,leader-w1r5,50
2026-04-03T20:52:55.812127-07:00,write,key-3,0.444,95,false,leader-w1r5,50
2026-04-03T20:52:55.812573-07:00,write,key-1,0.442,79,false,leader-w1r5,50
2026-04-03T20:52:55.813018-07:00,write,key-9,0.322,101,false,leader-w1r5,50
2026-04-03T20:52:55.81334-07:00,write,key-2,0.376,93,false,leader-w1r5,50
2026-04-03T20:52:55.813718-07:00,write,key-5,0.519,91,false,leader-w1r5,50
2026-04-03T20:52:55.77018-07:00,read,key-0,51.342,97,false,leader-w1r5,50
2026-04-03T20:52:55.770482-07:00,read,key-0,52.667,97,false,leader-w1r5,50
2026-04-03T20:52:55.821525-07:00,write,key-5,1.624,92,false,leader-w1r5,50
2026-04-03T20:52:55.78307-07:00,read,key-4,52.156,86,false,leader-w1r5,50
2026-04-03T20:52:55.782423-07:00,read,key-4,52.888,86,false,leader-w1r5,50
2026-04-03T20:52:55.835229-07:00,write,key-1,0.371,80,false,leader-w1r5,50
2026-04-03T20:52:55.787128-07:00,read,key-2,52.588,93,false,leader-w1r5,50
2026-04-03T20:52:55.788103-07:00,read,key-8,51.928,88,false,leader-w1r5,50
2026-04-03T20:52:55.840033-07:00,write,key-8,0.502,89,false,leader-w1r5,50
2026-04-03T20:52:55.791054-07:00,read,key-3,51.402,95,false,leader-w1r5,50
2026-04-03T20:52:55.791033-07:00,read,key-0,51.447,96,true,leader-w1r5,50
2026-04-03T20:52:55.788176-07:00,read,key-3,54.327,95,false,leader-w1r5,50
2026-04-03T20:52:55.791339-07:00,read,key-5,51.175,92,false,leader-w1r5,50
2026-04-03T20:52:55.842457-07:00,write,key-1,0.674,81,false,leader-w1r5,50
2026-04-03T20:52:55.842515-07:00,write,key-1,0.628,82,false,leader-w1r5,50
2026-04-03T20:52:55.793097-07:00,read,key-9,50.970,101,false,leader-w1r5,50
2026-04-03T20:52:55.792072-07:00,read,key-9,52.067,99,true,leader-w1r5,50
2026-04-03T20:52:55.793122-07:00,read,key-3,51.123,95,false,leader-w1r5,50
2026-04-03T20:52:55.844246-07:00,write,key-7,0.521,89,false,leader-w1r5,50
2026-04-03T20:52:55.844768-07:00,write,key-7,0.483,90,false,leader-w1r5,50
2026-04-03T20:52:55.797011-07:00,read,key-4,51.494,86,false,leader-w1r5,50
2026-04-03T20:52:55.804398-07:00,read,key-8,52.980,89,false,leader-w1r5,50
2026-04-03T20:52:55.804428-07:00,read,key-0,53.095,97,false,leader-w1r5,50
2026-04-03T20:52:55.807561-07:00,read,key-5,58.063,92,false,leader-w1r5,50
2026-04-03T20:52:55.805336-07:00,read,key-9,60.287,101,false,leader-w1r5,50
2026-04-03T20:52:55.806416-07:00,read,key-0,59.214,97,false,leader-w1r5,50
2026-04-03T20:52:55.814238-07:00,read,key-2,52.247,93,false,leader-w1r5,50
2026-04-03T20:52:55.866486-07:00,write,key-2,0.457,94,false,leader-w1r5,50
2026-04-03T20:52:55.866945-07:00,write,key-5,0.373,93,false,leader-w1r5,50
2026-04-03T20:52:55.823173-07:00,read,key-7,52.658,90,false,leader-w1r5,50
2026-04-03T20:52:55.823159-07:00,read,key-6,52.769,69,false,leader-w1r5,50
2026-04-03T20:52:55.87593-07:00,write,key-5,18.115,94,false,leader-w1r5,50
2026-04-03T20:52:55.835602-07:00,read,key-8,58.456,89,false,leader-w1r5,50
2026-04-03T20:52:55.840536-07:00,read,key-4,54.735,86,false,leader-w1r5,50
2026-04-03T20:52:55.842504-07:00,read,key-6,52.807,69,false,leader-w1r5,50
2026-04-03T20:52:55.839718-07:00,read,key-6,58.767,69,false,leader-w1r5,50
2026-04-03T20:52:55.84414-07:00,read,key-1,54.422,82,false,leader-w1r5,50
2026-04-03T20:52:55.843131-07:00,read,key-1,55.445,82,false,leader-w1r5,50
2026-04-03T20:52:55.842481-07:00,read,key-6,56.102,69,false,leader-w1r5,50
2026-04-03T20:52:55.894047-07:00,write,key-9,4.550,102,false,leader-w1r5,50
2026-04-03T20:52:55.835313-07:00,read,key-9,63.285,101,true,leader-w1r5,50
2026-04-03T20:52:55.898563-07:00,write,key-4,1.733,87,false,leader-w1r5,50
2026-04-03T20:52:55.898584-07:00,write,key-5,1.741,95,false,leader-w1r5,50
2026-04-03T20:52:55.845252-07:00,read,key-9,55.089,102,false,leader-w1r5,50
2026-04-03T20:52:55.843144-07:00,read,key-2,57.207,94,false,leader-w1r5,50
2026-04-03T20:52:55.895312-07:00,write,key-2,6.296,95,false,leader-w1r5,50
2026-04-03T20:52:55.900298-07:00,write,key-4,1.849,88,false,leader-w1r5,50
2026-04-03T20:52:55.900328-07:00,write,key-8,1.885,90,false,leader-w1r5,50
2026-04-03T20:52:55.844069-07:00,read,key-6,58.188,69,false,leader-w1r5,50
2026-04-03T20:52:55.901609-07:00,write,key-7,0.894,91,false,leader-w1r5,50
2026-04-03T20:52:55.902147-07:00,write,key-0,0.547,98,false,leader-w1r5,50
2026-04-03T20:52:55.902504-07:00,write,key-6,1.254,70,false,leader-w1r5,50
2026-04-03T20:52:55.848507-07:00,read,key-3,55.571,95,false,leader-w1r5,50
2026-04-03T20:52:55.90408-07:00,write,key-3,2.014,96,false,leader-w1r5,50
2026-04-03T20:52:55.906095-07:00,write,key-6,0.435,71,false,leader-w1r5,50
2026-04-03T20:52:55.85738-07:00,read,key-8,54.850,90,false,leader-w1r5,50
2026-04-03T20:52:55.857523-07:00,read,key-2,54.734,95,false,leader-w1r5,50
2026-04-03T20:52:55.912232-07:00,write,key-4,0.468,89,false,leader-w1r5,50
2026-04-03T20:52:55.912259-07:00,write,key-7,0.757,92,false,leader-w1r5,50
2026-04-03T20:52:55.912702-07:00,write,key-7,0.728,93,false,leader-w1r5,50
2026-04-03T20:52:55.913018-07:00,write,key-6,0.869,72,false,leader-w1r5,50
2026-04-03T20:52:55.913432-07:00,write,key-9,0.815,103,false,leader-w1r5,50
2026-04-03T20:52:55.865626-07:00,read,key-2,52.484,95,false,leader-w1r5,50
2026-04-03T20:52:55.865631-07:00,read,key-6,52.514,69,true,leader-w1r5,50
2026-04-03T20:52:55.875833-07:00,read,key-8,66.405,90,false,leader-w1r5,50
2026-04-03T20:52:55.942241-07:00,write,key-9,0.663,104,false,leader-w1r5,50
2026-04-03T20:52:55.942906-07:00,write,key-7,0.485,94,false,leader-w1r5,50
2026-04-03T20:52:55.943392-07:00,write,key-1,0.266,83,false,leader-w1r5,50
2026-04-03T20:52:55.943659-07:00,write,key-0,0.279,99,false,leader-w1r5,50
2026-04-03T20:52:55.943939-07:00,write,key-2,0.570,96,false,leader-w1r5,50
2026-04-03T20:52:55.94451-07:00,write,key-7,0.423,95,false,leader-w1r5,50
2026-04-03T20:52:55.944934-07:00,write,key-8,0.349,91,false,leader-w1r5,50
2026-04-03T20:52:55.945285-07:00,write,key-8,0.385,92,false,leader-w1r5,50
2026-04-03T20:52:55.945671-07:00,write,key-3,0.366,97,false,leader-w1r5,50
2026-04-03T20:52:55.867319-07:00,read,key-4,81.816,89,false,leader-w1r5,50
2026-04-03T20:52:55.89406-07:00,read,key-6,56.077,72,false,leader-w1r5,50
2026-04-03T20:52:55.865626-07:00,read,key-2,84.619,96,false,leader-w1r5,50
2026-04-03T20:52:55.950247-07:00,write,key-7,0.430,96,false,leader-w1r5,50
2026-04-03T20:52:55.95068-07:00,write,key-8,1.007,93,false,leader-w1r5,50
2026-04-03T20:52:55.951689-07:00,write,key-4,0.454,90,false,leader-w1r5,50
2026-04-03T20:52:55.895273-07:00,read,key-6,57.064,72,false,leader-w1r5,50
2026-04-03T20:52:55.898578-07:00,read,key-9,53.791,102,true,leader-w1r5,50
2026-04-03T20:52:55.898487-07:00,read,key-3,53.930,97,false,leader-w1r5,50
2026-04-03T20:52:55.900342-07:00,read,key-7,52.884,96,false,leader-w1r5,50
2026-04-03T20:52:55.952369-07:00,write,key-8,0.883,94,false,leader-w1r5,50
2026-04-03T20:52:55.902259-07:00,read,key-3,51.165,97,false,leader-w1r5,50
2026-04-03T20:52:55.953253-07:00,write,key-7,0.403,97,false,leader-w1r5,50
2026-04-03T20:52:55.900352-07:00,read,key-1,53.801,82,true,leader-w1r5,50
2026-04-03T20:52:55.953426-07:00,write,key-0,0.812,100,false,leader-w1r5,50
2026-04-03T20:52:55.953658-07:00,write,key-0,0.950,101,false,leader-w1r5,50
2026-04-03T20:52:55.902696-07:00,read,key-9,52.243,102,true,leader-w1r5,50
2026-04-03T20:52:55.95461-07:00,write,key-9,0.350,105,false,leader-w1r5,50
2026-04-03T20:52:55.95494-07:00,write,key-1,0.277,84,false,leader-w1r5,50
2026-04-03T20:52:55.954961-07:00,write,key-0,0.272,102,false,leader-w1r5,50
2026-04-03T20:52:55.955234-07:00,write,key-4,0.530,91,false,leader-w1r5,50
2026-04-03T20:52:55.8986-07:00,read,key-1,57.683,84,false,leader-w1r5,50
2026-04-03T20:52:55.8986-07:00,read,key-8,57.777,94,false,leader-w1r5,50
2026-04-03T20:52:55.955766-07:00,write,key-3,0.884,98,false,leader-w1r5,50
2026-04-03T20:52:55.90376-07:00,read,key-8,53.210,90,true,leader-w1r5,50
2026-04-03T20:52:55.956652-07:00,write,key-1,0.547,85,false,leader-w1r5,50
2026-04-03T20:52:55.956971-07:00,write,key-1,0.409,86,false,leader-w1r5,50
2026-04-03T20:52:55.957199-07:00,write,key-8,0.289,95,false,leader-w1r5,50
2026-04-03T20:52:55.906532-07:00,read,key-1,52.168,86,false,leader-w1r5,50
2026-04-03T20:52:55.902214-07:00,read,key-2,56.526,96,false,leader-w1r5,50
2026-04-03T20:52:55.958702-07:00,write,key-1,0.418,87,false,leader-w1r5,50
2026-04-03T20:52:55.958745-07:00,write,key-9,0.898,106,false,leader-w1r5,50
2026-04-03T20:52:55.959121-07:00,write,key-6,0.830,73,false,leader-w1r5,50
2026-04-03T20:52:55.914249-07:00,read,key-5,51.904,95,false,leader-w1r5,50
2026-04-03T20:52:55.913888-07:00,read,key-5,52.266,95,false,leader-w1r5,50
2026-04-03T20:52:55.966155-07:00,write,key-7,0.500,98,false,leader-w1r5,50
2026-04-03T20:52:55.918147-07:00,read,key-0,51.095,98,true,leader-w1r5,50
2026-04-03T20:52:55.918112-07:00,read,key-9,54.885,106,false,leader-w1r5,50
2026-04-03T20:52:55.946038-07:00,read,key-7,52.186,98,false,leader-w1r5,50
2026-04-03T20:52:55.949136-07:00,read,key-6,51.938,73,false,leader-w1r5,50
2026-04-03T20:52:55.950139-07:00,read,key-3,51.852,98,false,leader-w1r5,50
2026-04-03T20:52:56.001992-07:00,write,key-9,0.332,107,false,leader-w1r5,50
2026-04-03T20:52:55.952145-07:00,read,key-2,52.133,96,false,leader-w1r5,50
2026-04-03T20:52:55.953227-07:00,read,key-2,51.110,96,false,leader-w1r5,50
2026-04-03T20:52:55.952418-07:00,read,key-4,51.965,91,false,leader-w1r5,50
2026-04-03T20:52:55.95234-07:00,read,key-1,52.107,87,false,leader-w1r5,50
2026-04-03T20:52:56.004279-07:00,write,key-8,0.744,96,false,leader-w1r5,50
2026-04-03T20:52:55.954155-07:00,read,key-0,50.891,102,false,leader-w1r5,50
2026-04-03T20:52:56.004449-07:00,write,key-2,0.864,97,false,leader-w1r5,50
2026-04-03T20:52:56.005314-07:00,write,key-9,1.937,108,false,leader-w1r5,50
2026-04-03T20:52:56.005048-07:00,write,key-4,2.322,92,false,leader-w1r5,50
2026-04-03T20:52:56.007372-07:00,write,key-5,0.269,96,false,leader-w1r5,50
2026-04-03T20:52:55.955219-07:00,read,key-2,52.881,96,true,leader-w1r5,50
2026-04-03T20:52:56.007642-07:00,write,key-5,0.504,97,false,leader-w1r5,50
2026-04-03T20:52:55.956285-07:00,read,key-2,51.897,97,false,leader-w1r5,50
2026-04-03T20:52:56.008147-07:00,write,key-5,0.476,98,false,leader-w1r5,50
2026-04-03T20:52:56.008115-07:00,write,key-9,0.738,109,false,leader-w1r5,50
2026-04-03T20:52:55.954239-07:00,read,key-6,54.755,73,false,leader-w1r5,50
2026-04-03T20:52:55.957489-07:00,read,key-6,51.531,72,true,leader-w1r5,50
2026-04-03T20:52:55.957381-07:00,read,key-1,52.173,87,false,leader-w1r5,50
2026-04-03T20:52:56.009022-07:00,write,key-2,0.559,98,false,leader-w1r5,50
2026-04-03T20:52:55.956379-07:00,read,key-9,53.670,109,false,leader-w1r5,50
2026-04-03T20:52:56.009582-07:00,write,key-4,0.734,93,false,leader-w1r5,50
2026-04-03T20:52:56.010317-07:00,write,key-7,0.449,99,false,leader-w1r5,50
2026-04-03T20:52:55.959952-07:00,read,key-7,51.093,98,true,leader-w1r5,50
2026-04-03T20:52:56.010767-07:00,write,key-2,0.414,99,false,leader-w1r5,50
2026-04-03T20:52:56.011046-07:00,write,key-2,0.268,100,false,leader-w1r5,50
2026-04-03T20:52:56.011183-07:00,write,key-0,0.296,103,false,leader-w1r5,50
2026-04-03T20:52:56.011315-07:00,write,key-5,0.293,99,false,leader-w1r5,50
2026-04-03T20:52:56.011479-07:00,write,key-0,0.278,104,false,leader-w1r5,50
2026-04-03T20:52:56.011609-07:00,write,key-4,0.337,94,false,leader-w1r5,50
2026-04-03T20:52:56.011759-07:00,write,key-7,0.293,100,false,leader-w1r5,50
2026-04-03T20:52:56.012053-07:00,write,key-7,0.352,101,false,leader-w1r5,50
2026-04-03T20:52:56.011947-07:00,write,key-0,0.478,105,false,leader-w1r5,50
2026-04-03T20:52:56.012426-07:00,write,key-1,0.217,88,false,leader-w1r5,50
2026-04-03T20:52:55.959644-07:00,read,key-4,53.619,94,false,leader-w1r5,50
2026-04-03T20:52:56.013264-07:00,write,key-8,0.243,97,false,leader-w1r5,50
2026-04-03T20:52:56.013508-07:00,write,key-8,0.263,98,false,leader-w1r5,50
2026-04-03T20:52:55.966155-07:00,read,key-3,51.846,98,false,leader-w1r5,50
2026-04-03T20:52:55.966657-07:00,read,key-9,51.586,106,true,leader-w1r5,50
2026-04-03T20:52:56.018003-07:00,write,key-8,0.443,99,false,leader-w1r5,50
2026-04-03T20:52:56.018447-07:00,write,key-0,0.436,106,false,leader-w1r5,50
2026-04-03T20:52:56.018885-07:00,write,key-2,0.307,101,false,leader-w1r5,50
2026-04-03T20:52:55.969244-07:00,read,key-2,53.061,96,true,leader-w1r5,50
2026-04-03T20:52:55.972999-07:00,read,key-9,54.464,109,false,leader-w1r5,50
2026-04-03T20:52:56.027465-07:00,write,key-0,0.396,107,false,leader-w1r5,50
2026-04-03T20:52:56.027862-07:00,write,key-2,0.285,102,false,leader-w1r5,50
2026-04-03T20:52:56.028148-07:00,write,key-4,0.294,95,false,leader-w1r5,50
2026-04-03T20:52:56.002325-07:00,read,key-0,51.739,107,false,leader-w1r5,50
2026-04-03T20:52:55.998226-07:00,read,key-2,55.878,102,false,leader-w1r5,50
2026-04-03T20:52:56.001077-07:00,read,key-4,53.743,95,false,leader-w1r5,50
2026-04-03T20:52:56.004339-07:00,read,key-1,51.586,87,true,leader-w1r5,50
2026-04-03T20:52:56.004384-07:00,read,key-4,51.584,95,false,leader-w1r5,50
2026-04-03T20:52:56.005025-07:00,read,key-9,51.531,107,true,leader-w1r5,50
2026-04-03T20:52:56.055927-07:00,write,key-3,0.985,99,false,leader-w1r5,50
2026-04-03T20:52:56.007252-07:00,read,key-6,51.365,73,false,leader-w1r5,50
2026-04-03T20:52:56.008182-07:00,read,key-7,50.636,101,false,leader-w1r5,50
2026-04-03T20:52:56.058619-07:00,write,key-1,0.357,89,false,leader-w1r5,50
2026-04-03T20:52:56.058977-07:00,write,key-6,0.402,74,false,leader-w1r5,50
2026-04-03T20:52:56.008659-07:00,read,key-1,51.183,89,false,leader-w1r5,50
2026-04-03T20:52:56.05938-07:00,write,key-5,0.612,100,false,leader-w1r5,50
2026-04-03T20:52:56.008855-07:00,read,key-8,52.470,99,false,leader-w1r5,50
2026-04-03T20:52:56.008995-07:00,read,key-3,53.319,99,false,leader-w1r5,50
2026-04-03T20:52:56.009556-07:00,read,key-9,52.862,109,false,leader-w1r5,50
2026-04-03T20:52:56.01005-07:00,read,key-0,52.503,107,false,leader-w1r5,50
2026-04-03T20:52:56.062315-07:00,write,key-5,1.304,101,false,leader-w1r5,50
2026-04-03T20:52:56.059993-07:00,write,key-8,3.709,100,false,leader-w1r5,50
2026-04-03T20:52:56.062419-07:00,write,key-7,1.320,102,false,leader-w1r5,50
2026-04-03T20:52:56.012644-07:00,read,key-7,51.457,101,true,leader-w1r5,50
2026-04-03T20:52:56.062554-07:00,write,key-7,1.904,103,false,leader-w1r5,50
2026-04-03T20:52:56.012405-07:00,read,key-2,55.652,102,false,leader-w1r5,50
2026-04-03T20:52:56.013772-07:00,read,key-8,54.303,100,false,leader-w1r5,50
2026-04-03T20:52:56.068078-07:00,write,key-7,0.365,104,false,leader-w1r5,50
2026-04-03T20:52:56.068445-07:00,write,key-9,0.476,110,false,leader-w1r5,50
2026-04-03T20:52:56.068922-07:00,write,key-3,0.854,100,false,leader-w1r5,50
2026-04-03T20:52:56.018244-07:00,read,key-1,52.329,89,false,leader-w1r5,50
2026-04-03T20:52:56.069779-07:00,write,key-4,0.837,96,false,leader-w1r5,50
2026-04-03T20:52:56.070574-07:00,write,key-0,0.715,108,false,leader-w1r5,50
2026-04-03T20:52:56.071291-07:00,write,key-9,0.595,111,false,leader-w1r5,50
2026-04-03T20:52:56.07189-07:00,write,key-8,0.367,101,false,leader-w1r5,50
2026-04-03T20:52:56.019193-07:00,read,key-4,53.884,96,false,leader-w1r5,50
2026-04-03T20:52:56.022308-07:00,read,key-6,50.913,74,false,leader-w1r5,50
2026-04-03T20:52:56.028443-07:00,read,key-7,51.776,101,true,leader-w1r5,50
2026-04-03T20:52:56.054066-07:00,read,key-8,52.189,101,false,leader-w1r5,50
2026-04-03T20:52:56.054106-07:00,read,key-3,52.155,98,true,leader-w1r5,50
2026-04-03T20:52:56.05597-07:00,read,key-3,50.965,100,false,leader-w1r5,50
2026-04-03T20:52:56.054821-07:00,read,key-9,52.208,109,true,leader-w1r5,50
2026-04-03T20:52:56.056914-07:00,read,key-2,52.195,102,false,leader-w1r5,50
2026-04-03T20:52:56.056558-07:00,read,key-9,52.729,111,false,leader-w1r5,50
2026-04-03T20:52:56.05882-07:00,read,key-2,51.262,102,false,leader-w1r5,50
2026-04-03T20:52:56.061327-07:00,read,key-6,51.083,74,false,leader-w1r5,50
2026-04-03T20:52:56.059843-07:00,read,key-2,52.995,102,false,leader-w1r5,50
2026-04-03T20:52:56.112839-07:00,write,key-0,0.247,109,false,leader-w1r5,50
2026-04-03T20:52:56.113087-07:00,write,key-5,0.248,102,false,leader-w1r5,50
2026-04-03T20:52:56.063703-07:00,read,key-8,52.480,100,true,leader-w1r5,50
2026-04-03T20:52:56.063741-07:00,read,key-5,52.736,102,false,leader-w1r5,50
2026-04-03T20:52:56.116184-07:00,write,key-8,0.508,102,false,leader-w1r5,50
2026-04-03T20:52:56.06446-07:00,read,key-9,52.530,111,false,leader-w1r5,50
2026-04-03T20:52:56.063621-07:00,read,key-6,53.379,74,false,leader-w1r5,50
2026-04-03T20:52:56.064103-07:00,read,key-3,52.912,100,false,leader-w1r5,50
2026-04-03T20:52:56.116693-07:00,write,key-6,0.503,75,false,leader-w1r5,50
2026-04-03T20:52:56.116479-07:00,write,key-2,0.774,103,false,leader-w1r5,50
2026-04-03T20:52:56.117001-07:00,write,key-0,0.647,110,false,leader-w1r5,50
2026-04-03T20:52:56.117016-07:00,write,key-1,0.846,90,false,leader-w1r5,50
2026-04-03T20:52:56.117198-07:00,write,key-0,0.938,111,false,leader-w1r5,50
2026-04-03T20:52:56.118138-07:00,write,key-5,0.383,103,false,leader-w1r5,50
2026-04-03T20:52:56.070617-07:00,read,key-3,53.439,100,false,leader-w1r5,50
2026-04-03T20:52:56.072258-07:00,read,key-1,51.823,90,false,leader-w1r5,50
2026-04-03T20:52:56.073222-07:00,read,key-9,50.903,111,false,leader-w1r5,50
2026-04-03T20:52:56.068059-07:00,read,key-6,56.070,75,false,leader-w1r5,50
2026-04-03T20:52:56.07308-07:00,read,key-9,51.057,111,false,leader-w1r5,50
2026-04-03T20:52:56.124058-07:00,write,key-7,0.389,105,false,leader-w1r5,50
2026-04-03T20:52:56.124138-07:00,write,key-2,0.534,104,false,leader-w1r5,50
2026-04-03T20:52:56.124449-07:00,write,key-9,0.698,112,false,leader-w1r5,50
2026-04-03T20:52:56.080221-07:00,read,key-7,51.948,105,false,leader-w1r5,50
2026-04-03T20:52:56.106257-07:00,read,key-9,50.925,112,false,leader-w1r5,50
2026-04-03T20:52:56.106263-07:00,read,key-2,50.956,104,false,leader-w1r5,50
2026-04-03T20:52:56.157184-07:00,write,key-0,0.310,112,false,leader-w1r5,50
2026-04-03T20:52:56.15722-07:00,write,key-6,0.578,76,false,leader-w1r5,50
2026-04-03T20:52:56.10703-07:00,read,key-3,51.105,100,false,leader-w1r5,50
2026-04-03T20:52:56.1578-07:00,write,key-9,0.374,113,false,leader-w1r5,50
2026-04-03T20:52:56.158136-07:00,write,key-8,0.350,103,false,leader-w1r5,50
2026-04-03T20:52:56.158176-07:00,write,key-1,0.830,91,false,leader-w1r5,50
2026-04-03T20:52:56.109288-07:00,read,key-7,51.665,105,false,leader-w1r5,50
2026-04-03T20:52:56.10911-07:00,read,key-9,51.949,111,true,leader-w1r5,50
2026-04-03T20:52:56.106936-07:00,read,key-5,54.302,103,false,leader-w1r5,50
2026-04-03T20:52:56.112411-07:00,read,key-9,51.569,113,false,leader-w1r5,50
2026-04-03T20:52:56.110083-07:00,read,key-3,53.901,100,false,leader-w1r5,50
2026-04-03T20:52:56.163981-07:00,write,key-6,0.482,77,false,leader-w1r5,50
2026-04-03T20:52:56.11699-07:00,read,key-6,52.212,77,false,leader-w1r5,50
2026-04-03T20:52:56.113336-07:00,read,key-9,55.892,113,false,leader-w1r5,50
2026-04-03T20:52:56.117864-07:00,read,key-9,51.375,113,false,leader-w1r5,50
2026-04-03T20:52:56.118522-07:00,read,key-3,51.623,100,false,leader-w1r5,50
2026-04-03T20:52:56.170146-07:00,write,key-4,1.802,97,false,leader-w1r5,50
2026-04-03T20:52:56.117255-07:00,read,key-0,54.865,112,false,leader-w1r5,50
2026-04-03T20:52:56.117649-07:00,read,key-5,54.476,103,false,leader-w1r5,50
2026-04-03T20:52:56.172121-07:00,write,key-6,0.344,78,false,leader-w1r5,50
2026-04-03T20:52:56.124134-07:00,read,key-5,51.168,103,false,leader-w1r5,50
2026-04-03T20:52:56.124127-07:00,read,key-4,51.223,97,false,leader-w1r5,50
2026-04-03T20:52:56.124084-07:00,read,key-5,51.265,103,false,leader-w1r5,50
2026-04-03T20:52:56.175303-07:00,write,key-8,0.362,104,false,leader-w1r5,50
2026-04-03T20:52:56.175351-07:00,write,key-5,0.651,104,false,leader-w1r5,50
2026-04-03T20:52:56.125148-07:00,read,key-2,51.509,104,false,leader-w1r5,50
2026-04-03T20:52:56.124673-07:00,read,key-5,51.990,103,true,leader-w1r5,50
2026-04-03T20:52:56.176659-07:00,write,key-7,0.288,106,false,leader-w1r5,50
2026-04-03T20:52:56.176948-07:00,write,key-6,0.300,79,false,leader-w1r5,50
2026-04-03T20:52:56.132171-07:00,read,key-7,53.786,106,false,leader-w1r5,50
2026-04-03T20:52:56.185958-07:00,write,key-0,0.275,113,false,leader-w1r5,50
2026-04-03T20:52:56.157495-07:00,read,key-2,51.753,104,false,leader-w1r5,50
2026-04-03T20:52:56.209249-07:00,write,key-8,0.293,105,false,leader-w1r5,50
2026-04-03T20:52:56.158487-07:00,read,key-1,51.585,91,false,leader-w1r5,50
2026-04-03T20:52:56.159007-07:00,read,key-8,51.389,105,false,leader-w1r5,50
2026-04-03T20:52:56.210397-07:00,write,key-7,0.461,107,false,leader-w1r5,50
2026-04-03T20:52:56.160955-07:00,read,key-6,52.157,79,false,leader-w1r5,50
2026-04-03T20:52:56.16106-07:00,read,key-1,52.084,91,false,leader-w1r5,50
2026-04-03T20:52:56.161239-07:00,read,key-9,53.986,113,false,leader-w1r5,50
2026-04-03T20:52:56.163985-07:00,read,key-6,51.247,77,true,leader-w1r5,50
2026-04-03T20:52:56.215234-07:00,write,key-8,0.473,106,false,leader-w1r5,50
2026-04-03T20:52:56.164464-07:00,read,key-2,51.619,104,false,leader-w1r5,50
2026-04-03T20:52:56.216085-07:00,write,key-6,0.268,80,false,leader-w1r5,50
2026-04-03T20:52:56.216354-07:00,write,key-7,0.330,108,false,leader-w1r5,50
2026-04-03T20:52:56.169204-07:00,read,key-9,50.724,113,false,leader-w1r5,50
2026-04-03T20:52:56.21993-07:00,write,key-1,0.196,92,false,leader-w1r5,50
2026-04-03T20:52:56.220126-07:00,write,key-9,0.274,114,false,leader-w1r5,50
2026-04-03T20:52:56.220401-07:00,write,key-7,0.267,109,false,leader-w1r5,50
2026-04-03T20:52:56.169229-07:00,read,key-3,52.914,100,false,leader-w1r5,50
2026-04-03T20:52:56.222144-07:00,write,key-2,0.296,105,false,leader-w1r5,50
2026-04-03T20:52:56.172466-07:00,read,key-1,50.756,92,false,leader-w1r5,50
2026-04-03T20:52:56.169242-07:00,read,key-7,54.066,109,false,leader-w1r5,50
2026-04-03T20:52:56.172127-07:00,read,key-6,51.202,80,false,leader-w1r5,50
2026-04-03T20:52:56.17195-07:00,read,key-1,51.391,92,false,leader-w1r5,50
2026-04-03T20:52:56.22333-07:00,write,key-5,0.778,105,false,leader-w1r5,50
2026-04-03T20:52:56.22411-07:00,write,key-6,0.330,81,false,leader-w1r5,50
2026-04-03T20:52:56.175353-07:00,read,key-7,50.835,109,false,leader-w1r5,50
2026-04-03T20:52:56.175667-07:00,read,key-5,51.712,105,false,leader-w1r5,50
2026-04-03T20:52:56.176004-07:00,read,key-1,51.608,92,false,leader-w1r5,50
2026-04-03T20:52:56.176665-07:00,read,key-2,51.371,105,false,leader-w1r5,50
2026-04-03T20:52:56.17725-07:00,read,key-7,54.812,109,false,leader-w1r5,50
2026-04-03T20:52:56.186234-07:00,read,key-3,52.047,100,false,leader-w1r5,50
2026-04-03T20:52:56.210074-07:00,read,key-0,51.896,113,false,leader-w1r5,50
2026-04-03T20:52:56.209544-07:00,read,key-8,52.453,106,false,leader-w1r5,50
2026-04-03T20:52:56.210859-07:00,read,key-4,51.663,97,false,leader-w1r5,50
2026-04-03T20:52:56.213113-07:00,read,key-2,51.403,105,false,leader-w1r5,50
2026-04-03T20:52:56.213146-07:00,read,key-6,51.394,81,false,leader-w1r5,50
2026-04-03T20:52:56.261997-07:00,write,key-8,3.268,107,false,leader-w1r5,50
2026-04-03T20:52:56.264526-07:00,write,key-4,1.262,98,false,leader-w1r5,50
2026-04-03T20:52:56.265267-07:00,write,key-2,0.847,106,false,leader-w1r5,50
2026-04-03T20:52:56.215226-07:00,read,key-1,50.900,92,false,leader-w1r5,50
2026-04-03T20:52:56.266115-07:00,write,key-2,0.651,107,false,leader-w1r5,50
2026-04-03T20:52:56.215709-07:00,read,key-3,51.368,100,false,leader-w1r5,50
2026-04-03T20:52:56.266128-07:00,write,key-4,1.317,99,false,leader-w1r5,50
2026-04-03T20:52:56.267078-07:00,write,key-5,0.422,106,false,leader-w1r5,50
2026-04-03T20:52:56.267446-07:00,write,key-4,0.330,100,false,leader-w1r5,50
2026-04-03T20:52:56.267501-07:00,write,key-6,0.358,82,false,leader-w1r5,50
2026-04-03T20:52:56.267777-07:00,write,key-0,0.403,114,false,leader-w1r5,50
2026-04-03T20:52:56.268182-07:00,write,key-7,0.406,110,false,leader-w1r5,50
2026-04-03T20:52:56.268588-07:00,write,key-6,0.365,83,false,leader-w1r5,50
2026-04-03T20:52:56.216686-07:00,read,key-7,54.283,110,false,leader-w1r5,50
2026-04-03T20:52:56.223309-07:00,read,key-6,52.885,83,false,leader-w1r5,50
2026-04-03T20:52:56.223224-07:00,read,key-7,52.974,110,false,leader-w1r5,50
2026-04-03T20:52:56.223342-07:00,read,key-4,52.855,100,false,leader-w1r5,50
2026-04-03T20:52:56.222441-07:00,read,key-0,53.980,114,false,leader-w1r5,50
2026-04-03T20:52:56.22067-07:00,read,key-4,55.767,100,false,leader-w1r5,50
2026-04-03T20:52:56.276195-07:00,write,key-5,0.629,107,false,leader-w1r5,50
2026-04-03T20:52:56.227383-07:00,read,key-4,51.337,100,false,leader-w1r5,50
2026-04-03T20:52:56.224441-07:00,read,key-2,54.543,107,false,leader-w1r5,50
2026-04-03T20:52:56.227613-07:00,read,key-0,51.497,113,true,leader-w1r5,50
2026-04-03T20:52:56.226189-07:00,read,key-0,52.938,114,false,leader-w1r5,50
2026-04-03T20:52:56.228037-07:00,read,key-1,51.248,92,false,leader-w1r5,50
2026-04-03T20:52:56.279111-07:00,write,key-6,0.529,84,false,leader-w1r5,50
2026-04-03T20:52:56.276438-07:00,write,key-4,3.442,101,false,leader-w1r5,50
2026-04-03T20:52:56.276825-07:00,write,key-8,3.300,108,false,leader-w1r5,50
2026-04-03T20:52:56.276423-07:00,write,key-0,3.878,115,false,leader-w1r5,50
2026-04-03T20:52:56.279641-07:00,write,key-4,0.829,102,false,leader-w1r5,50
2026-04-03T20:52:56.232063-07:00,read,key-1,51.803,92,false,leader-w1r5,50
2026-04-03T20:52:56.238282-07:00,read,key-3,54.845,100,false,leader-w1r5,50
2026-04-03T20:52:56.261971-07:00,read,key-9,52.050,114,false,leader-w1r5,50
2026-04-03T20:52:56.314025-07:00,write,key-1,0.463,93,false,leader-w1r5,50
2026-04-03T20:52:56.31449-07:00,write,key-9,0.449,115,false,leader-w1r5,50
2026-04-03T20:52:56.31494-07:00,write,key-0,0.276,116,false,leader-w1r5,50
2026-04-03T20:52:56.264542-07:00,read,key-9,51.322,115,false,leader-w1r5,50
2026-04-03T20:52:56.262524-07:00,read,key-8,54.035,107,true,leader-w1r5,50
2026-04-03T20:52:56.31656-07:00,write,key-8,0.427,109,false,leader-w1r5,50
2026-04-03T20:52:56.265789-07:00,read,key-1,51.666,93,false,leader-w1r5,50
2026-04-03T20:52:56.266767-07:00,read,key-6,50.939,84,false,leader-w1r5,50
2026-04-03T20:52:56.317707-07:00,write,key-0,0.358,117,false,leader-w1r5,50
2026-04-03T20:52:56.318066-07:00,write,key-9,0.300,116,false,leader-w1r5,50
2026-04-03T20:52:56.26786-07:00,read,key-0,52.240,117,false,leader-w1r5,50
2026-04-03T20:52:56.320102-07:00,write,key-3,0.484,101,false,leader-w1r5,50
2026-04-03T20:52:56.268955-07:00,read,key-5,51.958,107,false,leader-w1r5,50
2026-04-03T20:52:56.320915-07:00,write,key-5,0.834,108,false,leader-w1r5,50
2026-04-03T20:52:56.27097-07:00,read,key-0,51.062,117,false,leader-w1r5,50
2026-04-03T20:52:56.321751-07:00,write,key-9,0.671,117,false,leader-w1r5,50
2026-04-03T20:52:56.322423-07:00,write,key-2,0.310,108,false,leader-w1r5,50
2026-04-03T20:52:56.276199-07:00,read,key-9,52.872,114,true,leader-w1r5,50
2026-04-03T20:52:56.329075-07:00,write,key-7,0.329,111,false,leader-w1r5,50
2026-04-03T20:52:56.276199-07:00,read,key-5,53.441,107,true,leader-w1r5,50
2026-04-03T20:52:56.279286-07:00,read,key-6,53.001,84,false,leader-w1r5,50
2026-04-03T20:52:56.278723-07:00,read,key-1,53.638,93,false,leader-w1r5,50
2026-04-03T20:52:56.278986-07:00,read,key-5,53.395,107,true,leader-w1r5,50
2026-04-03T20:52:56.280303-07:00,read,key-8,52.125,109,false,leader-w1r5,50
2026-04-03T20:52:56.280128-07:00,read,key-5,52.313,108,false,leader-w1r5,50
2026-04-03T20:52:56.279128-07:00,read,key-5,53.463,108,false,leader-w1r5,50
2026-04-03T20:52:56.27988-07:00,read,key-9,52.719,114,true,leader-w1r5,50
2026-04-03T20:52:56.332592-07:00,write,key-5,0.587,109,false,leader-w1r5,50
2026-04-03T20:52:56.332363-07:00,write,key-7,0.816,112,false,leader-w1r5,50
2026-04-03T20:52:56.280472-07:00,read,key-2,53.749,108,false,leader-w1r5,50
2026-04-03T20:52:56.283868-07:00,read,key-6,55.341,84,false,leader-w1r5,50
2026-04-03T20:52:56.339212-07:00,write,key-0,0.339,118,false,leader-w1r5,50
2026-04-03T20:52:56.293128-07:00,read,key-0,53.046,115,true,leader-w1r5,50
2026-04-03T20:52:56.346177-07:00,write,key-5,0.409,110,false,leader-w1r5,50
2026-04-03T20:52:56.346588-07:00,write,key-7,0.384,113,false,leader-w1r5,50
2026-04-03T20:52:56.315218-07:00,read,key-9,52.543,117,false,leader-w1r5,50
2026-04-03T20:52:56.315865-07:00,read,key-8,52.165,109,false,leader-w1r5,50
2026-04-03T20:52:56.367765-07:00,write,key-3,0.403,102,false,leader-w1r5,50
2026-04-03T20:52:56.368171-07:00,write,key-6,0.337,85,false,leader-w1r5,50
2026-04-03T20:52:56.36851-07:00,write,key-8,0.344,110,false,leader-w1r5,50
2026-04-03T20:52:56.316989-07:00,read,key-8,52.002,109,true,leader-w1r5,50
2026-04-03T20:52:56.368993-07:00,write,key-6,0.326,86,false,leader-w1r5,50
2026-04-03T20:52:56.369321-07:00,write,key-0,0.292,119,false,leader-w1r5,50
2026-04-03T20:52:56.322735-07:00,read,key-5,50.802,110,false,leader-w1r5,50
2026-04-03T20:52:56.322034-07:00,read,key-0,51.606,119,false,leader-w1r5,50
2026-04-03T20:52:56.317457-07:00,read,key-0,56.274,119,false,leader-w1r5,50
2026-04-03T20:52:56.320588-07:00,read,key-0,53.370,119,false,leader-w1r5,50
2026-04-03T20:52:56.373641-07:00,write,key-2,0.377,109,false,leader-w1r5,50
2026-04-03T20:52:56.37354-07:00,write,key-1,0.559,94,false,leader-w1r5,50
2026-04-03T20:52:56.318368-07:00,read,key-7,55.755,113,false,leader-w1r5,50
2026-04-03T20:52:56.37396-07:00,write,key-9,0.744,118,false,leader-w1r5,50
2026-04-03T20:52:56.373732-07:00,write,key-3,1.051,103,false,leader-w1r5,50
2026-04-03T20:52:56.374101-07:00,write,key-9,1.121,119,false,leader-w1r5,50
2026-04-03T20:52:56.374125-07:00,write,key-5,1.721,111,false,leader-w1r5,50
2026-04-03T20:52:56.374705-07:00,write,key-9,1.937,120,false,leader-w1r5,50
2026-04-03T20:52:56.376644-07:00,write,key-8,0.472,111,false,leader-w1r5,50
2026-04-03T20:52:56.374784-07:00,write,key-1,3.244,95,false,leader-w1r5,50
2026-04-03T20:52:56.377117-07:00,write,key-5,0.950,112,false,leader-w1r5,50
2026-04-03T20:52:56.375848-07:00,write,key-2,2.258,110,false,leader-w1r5,50
2026-04-03T20:52:56.329407-07:00,read,key-6,51.814,84,true,leader-w1r5,50
2026-04-03T20:52:56.378107-07:00,write,key-7,3.117,114,false,leader-w1r5,50
2026-04-03T20:52:56.381225-07:00,write,key-9,0.389,121,false,leader-w1r5,50
2026-04-03T20:52:56.381222-07:00,write,key-3,0.398,104,false,leader-w1r5,50
2026-04-03T20:52:56.3326-07:00,read,key-2,51.866,108,true,leader-w1r5,50
2026-04-03T20:52:56.332442-07:00,read,key-6,52.067,86,false,leader-w1r5,50
2026-04-03T20:52:56.33229-07:00,read,key-0,52.246,117,true,leader-w1r5,50
2026-04-03T20:52:56.333182-07:00,read,key-2,51.405,110,false,leader-w1r5,50
2026-04-03T20:52:56.332382-07:00,read,key-3,52.216,104,false,leader-w1r5,50
2026-04-03T20:52:56.329642-07:00,read,key-1,55.013,95,false,leader-w1r5,50
2026-04-03T20:52:56.332428-07:00,read,key-4,52.276,102,false,leader-w1r5,50
2026-04-03T20:52:56.384588-07:00,write,key-5,0.524,113,false,leader-w1r5,50
2026-04-03T20:52:56.384538-07:00,write,key-5,0.644,114,false,leader-w1r5,50
2026-04-03T20:52:56.384657-07:00,write,key-6,0.933,87,false,leader-w1r5,50
2026-04-03T20:52:56.385114-07:00,write,key-4,0.984,103,false,leader-w1r5,50
2026-04-03T20:52:56.334225-07:00,read,key-6,53.965,87,false,leader-w1r5,50
2026-04-03T20:52:56.333202-07:00,read,key-1,55.056,95,false,leader-w1r5,50
2026-04-03T20:52:56.388192-07:00,write,key-0,0.715,120,false,leader-w1r5,50
2026-04-03T20:52:56.388909-07:00,write,key-3,0.327,105,false,leader-w1r5,50
2026-04-03T20:52:56.339553-07:00,read,key-3,54.052,105,false,leader-w1r5,50
2026-04-03T20:52:56.346974-07:00,read,key-1,50.993,95,false,leader-w1r5,50
2026-04-03T20:52:56.368032-07:00,read,key-9,54.031,121,false,leader-w1r5,50
2026-04-03T20:52:56.369614-07:00,read,key-3,52.473,105,false,leader-w1r5,50
2026-04-03T20:52:56.368855-07:00,read,key-7,53.327,113,true,leader-w1r5,50
2026-04-03T20:52:56.422067-07:00,write,key-2,0.417,111,false,leader-w1r5,50
2026-04-03T20:52:56.422487-07:00,write,key-4,0.391,104,false,leader-w1r5,50
2026-04-03T20:52:56.37402-07:00,read,key-1,53.195,94,true,leader-w1r5,50
2026-04-03T20:52:56.375224-07:00,read,key-0,54.229,120,false,leader-w1r5,50
2026-04-03T20:52:56.378069-07:00,read,key-3,52.406,105,false,leader-w1r5,50
2026-04-03T20:52:56.429455-07:00,write,key-4,1.036,105,false,leader-w1r5,50
2026-04-03T20:52:56.37803-07:00,read,key-5,52.510,114,false,leader-w1r5,50
2026-04-03T20:52:56.381616-07:00,read,key-4,52.306,102,true,leader-w1r5,50
2026-04-03T20:52:56.381622-07:00,read,key-3,52.319,105,false,leader-w1r5,50
2026-04-03T20:52:56.385591-07:00,read,key-0,51.067,120,false,leader-w1r5,50
2026-04-03T20:52:56.385183-07:00,read,key-1,51.489,95,false,leader-w1r5,50
2026-04-03T20:52:56.384511-07:00,read,key-5,52.167,114,false,leader-w1r5,50
2026-04-03T20:52:56.384706-07:00,read,key-2,52.000,111,false,leader-w1r5,50
2026-04-03T20:52:56.384469-07:00,read,key-1,52.423,95,false,leader-w1r5,50
2026-04-03T20:52:56.3846-07:00,read,key-9,52.405,121,false,leader-w1r5,50
2026-04-03T20:52:56.436674-07:00,write,key-8,1.228,112,false,leader-w1r5,50
2026-04-03T20:52:56.436894-07:00,write,key-9,1.041,122,false,leader-w1r5,50
2026-04-03T20:52:56.3861-07:00,read,key-3,52.370,104,true,leader-w1r5,50
2026-04-03T20:52:56.437904-07:00,write,key-4,0.801,106,false,leader-w1r5,50
2026-04-03T20:52:56.438706-07:00,write,key-7,0.334,115,false,leader-w1r5,50
2026-04-03T20:52:56.438471-07:00,write,key-5,0.580,115,false,leader-w1r5,50
2026-04-03T20:52:56.439042-07:00,write,key-3,0.321,106,false,leader-w1r5,50
2026-04-03T20:52:56.388261-07:00,read,key-0,51.619,120,false,leader-w1r5,50
2026-04-03T20:52:56.439364-07:00,write,key-9,0.552,123,false,leader-w1r5,50
2026-04-03T20:52:56.439916-07:00,write,key-4,0.417,107,false,leader-w1r5,50
2026-04-03T20:52:56.440334-07:00,write,key-7,0.221,116,false,leader-w1r5,50
2026-04-03T20:52:56.393608-07:00,read,key-1,52.468,95,false,leader-w1r5,50
2026-04-03T20:52:56.389236-07:00,read,key-7,57.913,116,false,leader-w1r5,50
2026-04-03T20:52:56.447151-07:00,write,key-8,0.976,113,false,leader-w1r5,50
2026-04-03T20:52:56.44817-07:00,write,key-0,0.374,121,false,leader-w1r5,50
2026-04-03T20:52:56.448545-07:00,write,key-2,0.562,112,false,leader-w1r5,50
2026-04-03T20:52:56.449108-07:00,write,key-9,1.807,124,false,leader-w1r5,50
2026-04-03T20:52:56.397969-07:00,read,key-1,55.745,95,false,leader-w1r5,50
2026-04-03T20:52:56.422184-07:00,read,key-4,52.057,107,false,leader-w1r5,50
2026-04-03T20:52:56.422879-07:00,read,key-2,51.379,112,false,leader-w1r5,50
2026-04-03T20:52:56.474243-07:00,write,key-1,0.443,96,false,leader-w1r5,50
2026-04-03T20:52:56.474688-07:00,write,key-0,0.411,122,false,leader-w1r5,50
2026-04-03T20:52:56.422089-07:00,read,key-6,55.076,87,false,leader-w1r5,50
2026-04-03T20:52:56.427217-07:00,read,key-4,55.918,107,false,leader-w1r5,50
2026-04-03T20:52:56.430493-07:00,read,key-0,52.655,122,false,leader-w1r5,50
2026-04-03T20:52:56.430477-07:00,read,key-7,52.718,116,false,leader-w1r5,50
2026-04-03T20:52:56.483151-07:00,write,key-3,0.449,107,false,leader-w1r5,50
2026-04-03T20:52:56.430542-07:00,read,key-0,53.796,122,false,leader-w1r5,50
2026-04-03T20:52:56.483601-07:00,write,key-8,0.749,114,false,leader-w1r5,50
2026-04-03T20:52:56.484339-07:00,write,key-8,0.398,115,false,leader-w1r5,50
2026-04-03T20:52:56.484351-07:00,write,key-5,0.397,116,false,leader-w1r5,50
2026-04-03T20:52:56.484749-07:00,write,key-1,0.465,97,false,leader-w1r5,50
2026-04-03T20:52:56.433942-07:00,read,key-6,51.339,87,false,leader-w1r5,50
2026-04-03T20:52:56.485217-07:00,write,key-9,0.730,125,false,leader-w1r5,50
2026-04-03T20:52:56.485949-07:00,write,key-9,0.365,126,false,leader-w1r5,50
2026-04-03T20:52:56.486316-07:00,write,key-6,0.347,88,false,leader-w1r5,50
2026-04-03T20:52:56.43666-07:00,read,key-6,52.627,88,false,leader-w1r5,50
2026-04-03T20:52:56.436707-07:00,read,key-9,52.614,122,true,leader-w1r5,50
2026-04-03T20:52:56.437006-07:00,read,key-8,52.357,115,false,leader-w1r5,50
2026-04-03T20:52:56.436679-07:00,read,key-4,52.736,107,false,leader-w1r5,50
2026-04-03T20:52:56.433923-07:00,read,key-5,55.510,116,false,leader-w1r5,50
2026-04-03T20:52:56.489323-07:00,write,key-2,0.320,113,false,leader-w1r5,50
2026-04-03T20:52:56.437936-07:00,read,key-9,52.207,122,true,leader-w1r5,50
2026-04-03T20:52:56.489645-07:00,write,key-6,0.537,89,false,leader-w1r5,50
2026-04-03T20:52:56.489365-07:00,write,key-9,0.817,127,false,leader-w1r5,50
2026-04-03T20:52:56.439053-07:00,read,key-3,51.224,107,false,leader-w1r5,50
2026-04-03T20:52:56.490144-07:00,write,key-0,0.639,123,false,leader-w1r5,50
2026-04-03T20:52:56.490278-07:00,write,key-7,0.566,117,false,leader-w1r5,50
2026-04-03T20:52:56.439884-07:00,read,key-0,51.244,123,false,leader-w1r5,50
2026-04-03T20:52:56.490784-07:00,write,key-1,0.552,99,false,leader-w1r5,50
2026-04-03T20:52:56.490845-07:00,write,key-1,0.519,98,false,leader-w1r5,50
2026-04-03T20:52:56.491129-07:00,write,key-7,0.405,118,false,leader-w1r5,50
2026-04-03T20:52:56.491365-07:00,write,key-2,0.596,114,false,leader-w1r5,50
2026-04-03T20:52:56.491536-07:00,write,key-0,0.446,124,false,leader-w1r5,50
2026-04-03T20:52:56.491983-07:00,write,key-9,0.484,128,false,leader-w1r5,50
2026-04-03T20:52:56.492469-07:00,write,key-2,0.428,115,false,leader-w1r5,50
2026-04-03T20:52:56.492898-07:00,write,key-9,0.313,129,false,leader-w1r5,50
2026-04-03T20:52:56.440557-07:00,read,key-1,59.489,99,false,leader-w1r5,50
2026-04-03T20:52:56.446079-07:00,read,key-4,57.302,107,false,leader-w1r5,50
2026-04-03T20:52:56.450917-07:00,read,key-4,56.196,107,false,leader-w1r5,50
2026-04-03T20:52:56.507114-07:00,write,key-3,0.324,108,false,leader-w1r5,50
2026-04-03T20:52:56.507442-07:00,write,key-4,0.422,108,false,leader-w1r5,50
2026-04-03T20:52:56.453717-07:00,read,key-6,54.859,89,false,leader-w1r5,50
2026-04-03T20:52:56.508577-07:00,write,key-7,0.683,119,false,leader-w1r5,50
2026-04-03T20:52:56.509262-07:00,write,key-6,0.608,90,false,leader-w1r5,50
2026-04-03T20:52:56.509871-07:00,write,key-6,0.384,91,false,leader-w1r5,50
2026-04-03T20:52:56.510256-07:00,write,key-7,0.409,120,false,leader-w1r5,50
2026-04-03T20:52:56.474261-07:00,read,key-4,50.841,108,false,leader-w1r5,50
2026-04-03T20:52:56.525104-07:00,write,key-5,0.451,117,false,leader-w1r5,50
2026-04-03T20:52:56.525556-07:00,write,key-1,0.394,100,false,leader-w1r5,50
2026-04-03T20:52:56.477167-07:00,read,key-0,52.211,124,false,leader-w1r5,50
2026-04-03T20:52:56.475101-07:00,read,key-3,55.952,108,false,leader-w1r5,50
2026-04-03T20:52:56.52938-07:00,write,key-3,2.945,109,false,leader-w1r5,50
2026-04-03T20:52:56.531054-07:00,write,key-1,1.313,101,false,leader-w1r5,50
2026-04-03T20:52:56.532369-07:00,write,key-0,0.394,125,false,leader-w1r5,50
2026-04-03T20:52:56.532327-07:00,write,key-4,0.487,109,false,leader-w1r5,50
2026-04-03T20:52:56.532815-07:00,write,key-7,0.875,121,false,leader-w1r5,50
2026-04-03T20:52:56.533693-07:00,write,key-1,0.455,102,false,leader-w1r5,50
2026-04-03T20:52:56.53415-07:00,write,key-3,0.441,110,false,leader-w1r5,50
2026-04-03T20:52:56.48314-07:00,read,key-4,52.204,109,false,leader-w1r5,50
2026-04-03T20:52:56.483197-07:00,read,key-6,52.170,91,false,leader-w1r5,50
2026-04-03T20:52:56.484739-07:00,read,key-2,51.269,115,false,leader-w1r5,50
2026-04-03T20:52:56.53601-07:00,write,key-7,0.306,122,false,leader-w1r5,50
2026-04-03T20:52:56.536317-07:00,write,key-8,0.300,116,false,leader-w1r5,50
2026-04-03T20:52:56.485283-07:00,read,key-0,52.013,125,false,leader-w1r5,50
2026-04-03T20:52:56.537297-07:00,write,key-0,0.394,126,false,leader-w1r5,50
2026-04-03T20:52:56.537693-07:00,write,key-8,0.307,117,false,leader-w1r5,50
2026-04-03T20:52:56.486664-07:00,read,key-0,52.301,122,true,leader-w1r5,50
2026-04-03T20:52:56.538967-07:00,write,key-5,0.387,118,false,leader-w1r5,50
2026-04-03T20:52:56.48929-07:00,read,key-7,51.548,122,false,leader-w1r5,50
2026-04-03T20:52:56.489435-07:00,read,key-3,51.454,110,false,leader-w1r5,50
2026-04-03T20:52:56.489417-07:00,read,key-5,51.722,118,false,leader-w1r5,50
2026-04-03T20:52:56.540839-07:00,write,key-2,0.383,116,false,leader-w1r5,50
2026-04-03T20:52:56.54089-07:00,write,key-1,0.623,103,false,leader-w1r5,50
2026-04-03T20:52:56.490183-07:00,read,key-5,51.447,118,false,leader-w1r5,50
2026-04-03T20:52:56.490184-07:00,read,key-4,51.479,109,false,leader-w1r5,50
2026-04-03T20:52:56.54114-07:00,write,key-7,0.866,123,false,leader-w1r5,50
2026-04-03T20:52:56.541224-07:00,write,key-6,1.136,92,false,leader-w1r5,50
2026-04-03T20:52:56.541514-07:00,write,key-5,1.291,119,false,leader-w1r5,50
2026-04-03T20:52:56.491963-07:00,read,key-7,51.369,118,true,leader-w1r5,50
2026-04-03T20:52:56.541633-07:00,write,key-2,1.881,117,false,leader-w1r5,50
2026-04-03T20:52:56.543516-07:00,write,key-2,0.485,118,false,leader-w1r5,50
2026-04-03T20:52:56.542362-07:00,write,key-0,1.923,127,false,leader-w1r5,50
2026-04-03T20:52:56.543334-07:00,write,key-5,1.527,120,false,leader-w1r5,50
2026-04-03T20:52:56.541664-07:00,write,key-3,3.222,111,false,leader-w1r5,50
2026-04-03T20:52:56.544286-07:00,write,key-9,0.774,130,false,leader-w1r5,50
2026-04-03T20:52:56.493218-07:00,read,key-8,51.995,117,false,leader-w1r5,50
2026-04-03T20:52:56.544886-07:00,write,key-1,0.718,104,false,leader-w1r5,50
2026-04-03T20:52:56.545605-07:00,write,key-9,0.481,131,false,leader-w1r5,50
2026-04-03T20:52:56.546088-07:00,write,key-5,0.455,121,false,leader-w1r5,50
2026-04-03T20:52:56.546543-07:00,write,key-6,0.606,93,false,leader-w1r5,50
2026-04-03T20:52:56.547151-07:00,write,key-7,0.314,124,false,leader-w1r5,50
2026-04-03T20:52:56.491337-07:00,read,key-4,56.607,109,false,leader-w1r5,50
2026-04-03T20:52:56.500049-07:00,read,key-8,50.831,117,false,leader-w1r5,50
2026-04-03T20:52:56.503382-07:00,read,key-7,51.916,124,false,leader-w1r5,50
2026-04-03T20:52:56.507866-07:00,read,key-3,52.649,111,false,leader-w1r5,50
2026-04-03T20:52:56.510666-07:00,read,key-8,52.662,117,false,leader-w1r5,50
2026-04-03T20:52:56.525952-07:00,read,key-4,53.487,108,true,leader-w1r5,50
2026-04-03T20:52:56.532764-07:00,read,key-0,52.882,127,false,leader-w1r5,50
2026-04-03T20:52:56.535369-07:00,read,key-3,50.923,111,false,leader-w1r5,50
2026-04-03T20:52:56.534593-07:00,read,key-1,51.821,104,false,leader-w1r5,50
2026-04-03T20:52:56.535347-07:00,read,key-7,51.174,124,false,leader-w1r5,50
2026-04-03T20:52:56.586294-07:00,write,key-8,1.038,118,false,leader-w1r5,50
2026-04-03T20:52:56.536619-07:00,read,key-8,51.443,118,false,leader-w1r5,50
2026-04-03T20:52:56.588064-07:00,write,key-5,1.640,122,false,leader-w1r5,50
2026-04-03T20:52:56.587335-07:00,write,key-0,2.751,128,false,leader-w1r5,50
2026-04-03T20:52:56.590088-07:00,write,key-7,0.464,125,false,leader-w1r5,50
2026-04-03T20:52:56.538001-07:00,read,key-5,53.291,122,false,leader-w1r5,50
2026-04-03T20:52:56.590553-07:00,write,key-7,0.741,126,false,leader-w1r5,50
2026-04-03T20:52:56.539355-07:00,read,key-7,52.008,122,true,leader-w1r5,50
2026-04-03T20:52:56.591294-07:00,write,key-5,1.034,123,false,leader-w1r5,50
2026-04-03T20:52:56.591295-07:00,write,key-1,1.066,105,false,leader-w1r5,50
2026-04-03T20:52:56.591366-07:00,write,key-8,1.011,119,false,leader-w1r5,50
2026-04-03T20:52:56.592377-07:00,write,key-8,0.545,120,false,leader-w1r5,50
2026-04-03T20:52:56.592362-07:00,write,key-9,0.591,132,false,leader-w1r5,50
2026-04-03T20:52:56.542008-07:00,read,key-9,51.218,132,false,leader-w1r5,50
2026-04-03T20:52:56.592955-07:00,write,key-7,0.593,127,false,leader-w1r5,50
2026-04-03T20:52:56.593549-07:00,write,key-7,0.634,128,false,leader-w1r5,50
2026-04-03T20:52:56.544002-07:00,read,key-6,51.156,93,false,leader-w1r5,50
2026-04-03T20:52:56.59516-07:00,write,key-6,0.379,94,false,leader-w1r5,50
2026-04-03T20:52:56.545061-07:00,read,key-7,51.772,123,true,leader-w1r5,50
2026-04-03T20:52:56.545215-07:00,read,key-3,51.679,111,false,leader-w1r5,50
2026-04-03T20:52:56.544861-07:00,read,key-0,52.073,128,false,leader-w1r5,50
2026-04-03T20:52:56.542807-07:00,read,key-8,54.228,120,false,leader-w1r5,50
2026-04-03T20:52:56.596835-07:00,write,key-6,0.419,95,false,leader-w1r5,50
2026-04-03T20:52:56.596936-07:00,write,key-4,0.518,110,false,leader-w1r5,50
2026-04-03T20:52:56.597036-07:00,write,key-3,0.907,112,false,leader-w1r5,50
2026-04-03T20:52:56.597255-07:00,write,key-5,0.716,124,false,leader-w1r5,50
2026-04-03T20:52:56.597455-07:00,write,key-7,1.267,129,false,leader-w1r5,50
2026-04-03T20:52:56.597973-07:00,write,key-3,0.794,113,false,leader-w1r5,50
2026-04-03T20:52:56.598768-07:00,write,key-9,0.643,133,false,leader-w1r5,50
2026-04-03T20:52:56.599412-07:00,write,key-2,1.525,119,false,leader-w1r5,50
2026-04-03T20:52:56.600939-07:00,write,key-9,0.576,134,false,leader-w1r5,50
2026-04-03T20:52:56.547466-07:00,read,key-0,54.240,128,false,leader-w1r5,50
2026-04-03T20:52:56.547945-07:00,read,key-9,53.929,133,true,leader-w1r5,50
2026-04-03T20:52:56.550881-07:00,read,key-6,51.519,93,true,leader-w1r5,50
2026-04-03T20:52:56.5553-07:00,read,key-4,51.873,109,true,leader-w1r5,50
2026-04-03T20:52:56.560518-07:00,read,key-1,52.564,105,false,leader-w1r5,50
2026-04-03T20:52:56.56333-07:00,read,key-9,54.171,131,true,leader-w1r5,50
2026-04-03T20:52:56.579441-07:00,read,key-6,51.685,95,false,leader-w1r5,50
2026-04-03T20:52:56.631129-07:00,write,key-3,0.336,114,false,leader-w1r5,50
2026-04-03T20:52:56.631466-07:00,write,key-5,0.478,125,false,leader-w1r5,50
2026-04-03T20:52:56.631948-07:00,write,key-9,0.500,135,false,leader-w1r5,50
2026-04-03T20:52:56.632449-07:00,write,key-9,0.651,136,false,leader-w1r5,50
2026-04-03T20:52:56.633103-07:00,write,key-1,0.911,106,false,leader-w1r5,50
2026-04-03T20:52:56.634015-07:00,write,key-7,0.512,130,false,leader-w1r5,50
2026-04-03T20:52:56.585651-07:00,read,key-9,52.588,136,false,leader-w1r5,50
2026-04-03T20:52:56.586416-07:00,read,key-6,52.712,93,true,leader-w1r5,50
2026-04-03T20:52:56.586523-07:00,read,key-9,52.667,136,false,leader-w1r5,50
2026-04-03T20:52:56.589706-07:00,read,key-2,52.792,119,false,leader-w1r5,50
2026-04-03T20:52:56.63913-07:00,write,key-6,3.504,96,false,leader-w1r5,50
2026-04-03T20:52:56.639192-07:00,write,key-7,3.646,131,false,leader-w1r5,50
2026-04-03T20:52:56.642501-07:00,write,key-4,0.679,112,false,leader-w1r5,50
2026-04-03T20:52:56.642635-07:00,write,key-4,0.577,111,false,leader-w1r5,50
2026-04-03T20:52:56.643213-07:00,write,key-3,0.686,115,false,leader-w1r5,50
2026-04-03T20:52:56.59233-07:00,read,key-1,51.720,106,false,leader-w1r5,50
2026-04-03T20:52:56.593228-07:00,read,key-6,51.696,96,false,leader-w1r5,50
2026-04-03T20:52:56.592924-07:00,read,key-6,52.320,96,false,leader-w1r5,50
2026-04-03T20:52:56.594187-07:00,read,key-4,51.077,109,true,leader-w1r5,50
2026-04-03T20:52:56.644926-07:00,write,key-2,0.603,120,false,leader-w1r5,50
2026-04-03T20:52:56.645245-07:00,write,key-1,0.716,107,false,leader-w1r5,50
2026-04-03T20:52:56.64553-07:00,write,key-0,0.601,129,false,leader-w1r5,50
2026-04-03T20:52:56.59554-07:00,read,key-0,51.843,129,false,leader-w1r5,50
2026-04-03T20:52:56.647385-07:00,write,key-7,0.431,132,false,leader-w1r5,50
2026-04-03T20:52:56.596896-07:00,read,key-6,51.573,96,false,leader-w1r5,50
2026-04-03T20:52:56.597944-07:00,read,key-4,52.530,112,false,leader-w1r5,50
2026-04-03T20:52:56.598724-07:00,read,key-7,54.242,132,false,leader-w1r5,50
2026-04-03T20:52:56.601711-07:00,read,key-1,52.639,105,true,leader-w1r5,50
2026-04-03T20:52:56.601516-07:00,read,key-1,52.876,107,false,leader-w1r5,50
2026-04-03T20:52:56.601876-07:00,read,key-3,52.521,115,false,leader-w1r5,50
2026-04-03T20:52:56.602402-07:00,read,key-9,54.677,136,false,leader-w1r5,50
2026-04-03T20:52:56.607175-07:00,read,key-9,52.068,134,true,leader-w1r5,50
2026-04-03T20:52:56.613084-07:00,read,key-3,51.350,115,false,leader-w1r5,50
2026-04-03T20:52:56.617504-07:00,read,key-4,52.742,110,true,leader-w1r5,50
2026-04-03T20:52:56.634529-07:00,read,key-8,51.624,120,false,leader-w1r5,50
2026-04-03T20:52:56.638241-07:00,read,key-6,53.091,95,true,leader-w1r5,50
2026-04-03T20:52:56.642839-07:00,read,key-1,52.343,107,false,leader-w1r5,50
2026-04-03T20:52:56.6439-07:00,read,key-2,51.615,120,false,leader-w1r5,50
2026-04-03T20:52:56.645266-07:00,read,key-7,52.152,132,false,leader-w1r5,50
2026-04-03T20:52:56.644051-07:00,read,key-2,53.370,120,false,leader-w1r5,50
2026-04-03T20:52:56.645962-07:00,read,key-4,51.476,112,false,leader-w1r5,50
2026-04-03T20:52:56.64318-07:00,read,key-8,54.270,120,false,leader-w1r5,50
2026-04-03T20:52:56.647818-07:00,read,key-3,51.281,115,false,leader-w1r5,50
2026-04-03T20:52:56.646133-07:00,read,key-0,53.309,129,false,leader-w1r5,50
