timestamp,type,key,latency_ms,version,stale_read,db_type,write_pct
2026-04-03T20:50:17.709084-07:00,read,key-5,15.765,20,false,leader-w5r1,50
2026-04-03T20:50:17.709104-07:00,read,key-3,15.754,31,false,leader-w5r1,50
2026-04-03T20:50:17.709195-07:00,read,key-3,15.664,31,false,leader-w5r1,50
2026-04-03T20:50:17.709167-07:00,read,key-3,15.700,31,false,leader-w5r1,50
2026-04-03T20:50:17.70915-07:00,read,key-1,15.720,24,false,leader-w5r1,50
2026-04-03T20:50:17.708902-07:00,read,key-5,15.976,20,false,leader-w5r1,50
2026-04-03T20:50:17.709185-07:00,read,key-8,15.784,35,false,leader-w5r1,50
2026-04-03T20:50:17.709084-07:00,read,key-8,15.933,35,false,leader-w5r1,50
2026-04-03T20:50:17.709022-07:00,read,key-8,16.446,36,false,leader-w5r1,50
2026-04-03T20:50:17.708989-07:00,read,key-9,16.485,18,false,leader-w5r1,50
2026-04-03T20:50:17.724859-07:00,read,key-5,1.476,20,false,leader-w5r1,50
2026-04-03T20:50:17.72488-07:00,read,key-7,1.488,19,false,leader-w5r1,50
2026-04-03T20:50:17.724868-07:00,read,key-7,1.526,19,false,leader-w5r1,50
2026-04-03T20:50:17.725018-07:00,read,key-5,1.393,20,false,leader-w5r1,50
2026-04-03T20:50:17.708916-07:00,write,key-5,832.183,21,false,leader-w5r1,50
2026-04-03T20:50:17.724939-07:00,write,key-2,816.587,20,false,leader-w5r1,50
2026-04-03T20:50:17.709034-07:00,write,key-7,832.552,20,false,leader-w5r1,50
2026-04-03T20:50:17.708939-07:00,write,key-3,832.733,32,false,leader-w5r1,50
2026-04-03T20:50:17.709079-07:00,write,key-8,832.652,36,false,leader-w5r1,50
2026-04-03T20:50:17.709194-07:00,write,key-6,832.621,23,false,leader-w5r1,50
2026-04-03T20:50:17.726395-07:00,write,key-0,815.456,17,false,leader-w5r1,50
2026-04-03T20:50:17.724863-07:00,write,key-6,817.066,26,false,leader-w5r1,50
2026-04-03T20:50:17.725476-07:00,write,key-1,816.653,25,false,leader-w5r1,50
2026-04-03T20:50:17.709146-07:00,write,key-6,833.018,25,false,leader-w5r1,50
2026-04-03T20:50:17.725473-07:00,write,key-4,816.723,25,false,leader-w5r1,50
2026-04-03T20:50:17.726337-07:00,write,key-5,816.002,22,false,leader-w5r1,50
2026-04-03T20:50:17.724851-07:00,write,key-8,817.540,37,false,leader-w5r1,50
2026-04-03T20:50:17.709178-07:00,write,key-6,833.301,24,false,leader-w5r1,50
2026-04-03T20:50:17.70911-07:00,write,key-9,833.429,19,false,leader-w5r1,50
2026-04-03T20:50:17.72637-07:00,write,key-2,816.186,19,false,leader-w5r1,50
2026-04-03T20:50:17.708898-07:00,write,key-4,833.705,24,false,leader-w5r1,50
2026-04-03T20:50:17.726412-07:00,write,key-4,816.216,26,false,leader-w5r1,50
2026-04-03T20:50:17.709162-07:00,write,key-3,833.476,33,false,leader-w5r1,50
2026-04-03T20:50:18.541707-07:00,read,key-4,1.089,26,false,leader-w5r1,50
2026-04-03T20:50:18.54153-07:00,read,key-1,1.319,25,false,leader-w5r1,50
2026-04-03T20:50:18.541116-07:00,read,key-9,1.786,19,false,leader-w5r1,50
2026-04-03T20:50:18.541932-07:00,read,key-4,1.074,26,false,leader-w5r1,50
2026-04-03T20:50:17.72497-07:00,write,key-0,818.213,18,false,leader-w5r1,50
2026-04-03T20:50:18.542543-07:00,read,key-3,1.056,33,false,leader-w5r1,50
2026-04-03T20:50:18.542208-07:00,read,key-6,1.406,26,false,leader-w5r1,50
2026-04-03T20:50:18.542178-07:00,read,key-0,1.800,18,false,leader-w5r1,50
2026-04-03T20:50:18.542607-07:00,read,key-6,1.448,26,false,leader-w5r1,50
2026-04-03T20:50:18.542855-07:00,read,key-5,1.511,22,false,leader-w5r1,50
2026-04-03T20:50:18.542633-07:00,read,key-7,2.213,20,false,leader-w5r1,50
2026-04-03T20:50:18.544059-07:00,read,key-3,0.797,33,false,leader-w5r1,50
2026-04-03T20:50:18.544369-07:00,read,key-5,0.573,22,false,leader-w5r1,50
2026-04-03T20:50:18.544891-07:00,read,key-1,0.333,25,false,leader-w5r1,50
2026-04-03T20:50:18.542911-07:00,read,key-5,4.268,23,false,leader-w5r1,50
2026-04-03T20:50:18.543637-07:00,write,key-6,817.429,28,false,leader-w5r1,50
2026-04-03T20:50:18.543602-07:00,write,key-5,817.528,24,false,leader-w5r1,50
2026-04-03T20:50:18.54256-07:00,write,key-8,818.658,38,false,leader-w5r1,50
2026-04-03T20:50:18.542483-07:00,write,key-5,818.832,23,false,leader-w5r1,50
2026-04-03T20:50:18.541855-07:00,write,key-0,819.486,19,false,leader-w5r1,50
2026-04-03T20:50:18.542343-07:00,write,key-7,819.060,22,false,leader-w5r1,50
2026-04-03T20:50:18.541735-07:00,write,key-7,819.778,21,false,leader-w5r1,50
2026-04-03T20:50:18.547181-07:00,write,key-8,814.444,39,false,leader-w5r1,50
2026-04-03T20:50:18.544944-07:00,write,key-2,817.068,21,false,leader-w5r1,50
2026-04-03T20:50:18.542133-07:00,write,key-1,819.932,27,false,leader-w5r1,50
2026-04-03T20:50:18.542643-07:00,write,key-1,819.430,28,false,leader-w5r1,50
2026-04-03T20:50:18.543008-07:00,write,key-6,819.113,29,false,leader-w5r1,50
2026-04-03T20:50:18.54159-07:00,write,key-4,820.542,27,false,leader-w5r1,50
2026-04-03T20:50:18.541819-07:00,write,key-3,820.351,34,false,leader-w5r1,50
2026-04-03T20:50:18.542396-07:00,write,key-1,819.788,26,false,leader-w5r1,50
2026-04-03T20:50:18.545225-07:00,write,key-6,816.986,27,false,leader-w5r1,50
2026-04-03T20:50:18.542801-07:00,write,key-4,819.433,28,false,leader-w5r1,50
2026-04-03T20:50:18.543207-07:00,write,key-2,819.078,22,false,leader-w5r1,50
2026-04-03T20:50:18.544848-07:00,write,key-1,817.452,29,false,leader-w5r1,50
2026-04-03T20:50:18.543992-07:00,write,key-9,818.461,20,false,leader-w5r1,50
2026-04-03T20:50:19.361319-07:00,read,key-0,1.785,19,false,leader-w5r1,50
2026-04-03T20:50:19.361517-07:00,read,key-0,1.681,19,false,leader-w5r1,50
2026-04-03T20:50:19.362215-07:00,read,key-1,1.071,29,false,leader-w5r1,50
2026-04-03T20:50:19.361629-07:00,read,key-4,1.712,28,false,leader-w5r1,50
2026-04-03T20:50:19.362016-07:00,read,key-2,1.390,24,false,leader-w5r1,50
2026-04-03T20:50:19.362137-07:00,read,key-4,1.366,28,false,leader-w5r1,50
2026-04-03T20:50:19.361078-07:00,read,key-4,2.425,28,false,leader-w5r1,50
2026-04-03T20:50:19.362188-07:00,read,key-3,1.393,34,false,leader-w5r1,50
2026-04-03T20:50:19.363408-07:00,read,key-2,0.948,22,false,leader-w5r1,50
2026-04-03T20:50:19.361345-07:00,read,key-5,3.073,24,false,leader-w5r1,50
2026-04-03T20:50:19.362458-07:00,read,key-7,1.982,22,false,leader-w5r1,50
2026-04-03T20:50:19.363505-07:00,read,key-4,1.014,28,false,leader-w5r1,50
2026-04-03T20:50:19.362077-07:00,read,key-1,2.455,29,false,leader-w5r1,50
2026-04-03T20:50:19.363199-07:00,read,key-4,1.388,28,false,leader-w5r1,50
2026-04-03T20:50:19.363584-07:00,read,key-1,1.336,29,false,leader-w5r1,50
2026-04-03T20:50:19.36452-07:00,read,key-6,0.471,29,false,leader-w5r1,50
2026-04-03T20:50:19.364921-07:00,read,key-1,1.609,29,false,leader-w5r1,50
2026-04-03T20:50:19.366532-07:00,read,key-2,1.264,22,false,leader-w5r1,50
2026-04-03T20:50:19.367798-07:00,read,key-5,0.539,25,false,leader-w5r1,50
2026-04-03T20:50:19.364589-07:00,read,key-8,3.854,40,false,leader-w5r1,50
2026-04-03T20:50:19.363117-07:00,read,key-8,5.399,40,false,leader-w5r1,50
2026-04-03T20:50:19.368444-07:00,read,key-7,0.433,22,false,leader-w5r1,50
2026-04-03T20:50:19.36852-07:00,read,key-8,0.401,40,false,leader-w5r1,50
2026-04-03T20:50:19.368339-07:00,read,key-8,0.588,39,false,leader-w5r1,50
2026-04-03T20:50:19.368896-07:00,read,key-5,0.432,24,false,leader-w5r1,50
2026-04-03T20:50:19.36933-07:00,read,key-5,0.281,24,false,leader-w5r1,50
2026-04-03T20:50:19.369613-07:00,read,key-8,0.329,39,false,leader-w5r1,50
2026-04-03T20:50:19.368924-07:00,write,key-9,813.319,23,false,leader-w5r1,50
2026-04-03T20:50:19.362126-07:00,write,key-2,820.118,24,false,leader-w5r1,50
2026-04-03T20:50:19.362175-07:00,write,key-6,820.247,30,false,leader-w5r1,50
2026-04-03T20:50:19.362304-07:00,write,key-2,820.213,26,false,leader-w5r1,50
2026-04-03T20:50:19.363507-07:00,write,key-5,819.016,25,false,leader-w5r1,50
2026-04-03T20:50:19.361135-07:00,write,key-3,821.494,36,false,leader-w5r1,50
2026-04-03T20:50:19.361221-07:00,write,key-2,821.431,23,false,leader-w5r1,50
2026-04-03T20:50:19.364358-07:00,write,key-0,818.334,21,false,leader-w5r1,50
2026-04-03T20:50:19.364993-07:00,write,key-0,817.775,20,false,leader-w5r1,50
2026-04-03T20:50:19.364423-07:00,write,key-1,818.371,30,false,leader-w5r1,50
2026-04-03T20:50:19.364454-07:00,write,key-3,818.387,37,false,leader-w5r1,50
2026-04-03T20:50:19.362069-07:00,write,key-8,820.881,40,false,leader-w5r1,50
2026-04-03T20:50:19.363289-07:00,write,key-9,819.663,22,false,leader-w5r1,50
2026-04-03T20:50:19.368928-07:00,write,key-2,814.076,27,false,leader-w5r1,50
2026-04-03T20:50:19.36229-07:00,write,key-2,820.742,25,false,leader-w5r1,50
2026-04-03T20:50:19.362238-07:00,write,key-9,820.942,21,false,leader-w5r1,50
2026-04-03T20:50:19.369945-07:00,write,key-9,813.294,24,false,leader-w5r1,50
2026-04-03T20:50:19.364536-07:00,write,key-6,818.750,31,false,leader-w5r1,50
2026-04-03T20:50:19.361407-07:00,write,key-3,821.925,35,false,leader-w5r1,50
2026-04-03T20:50:20.182656-07:00,read,key-0,0.776,21,false,leader-w5r1,50
2026-04-03T20:50:20.182633-07:00,read,key-4,0.884,28,false,leader-w5r1,50
2026-04-03T20:50:20.182798-07:00,read,key-1,0.848,30,false,leader-w5r1,50
2026-04-03T20:50:19.363345-07:00,write,key-3,820.468,38,false,leader-w5r1,50
2026-04-03T20:50:20.182845-07:00,read,key-4,1.292,28,false,leader-w5r1,50
2026-04-03T20:50:20.183289-07:00,read,key-7,0.906,22,false,leader-w5r1,50
2026-04-03T20:50:20.182956-07:00,read,key-5,1.510,25,false,leader-w5r1,50
2026-04-03T20:50:20.183036-07:00,read,key-3,2.201,38,false,leader-w5r1,50
2026-04-03T20:50:20.184468-07:00,read,key-3,0.864,38,false,leader-w5r1,50
2026-04-03T20:50:20.183183-07:00,read,key-6,2.212,31,false,leader-w5r1,50
2026-04-03T20:50:20.183008-07:00,read,key-6,2.413,31,false,leader-w5r1,50
2026-04-03T20:50:20.183648-07:00,read,key-7,1.831,24,false,leader-w5r1,50
2026-04-03T20:50:20.185424-07:00,read,key-5,0.819,25,false,leader-w5r1,50
2026-04-03T20:50:20.183436-07:00,read,key-6,2.811,31,false,leader-w5r1,50
2026-04-03T20:50:20.185398-07:00,read,key-7,0.873,22,false,leader-w5r1,50
2026-04-03T20:50:20.185242-07:00,read,key-6,3.668,31,false,leader-w5r1,50
2026-04-03T20:50:20.188915-07:00,read,key-1,0.393,30,false,leader-w5r1,50
2026-04-03T20:50:20.189309-07:00,read,key-6,0.313,31,false,leader-w5r1,50
2026-04-03T20:50:20.189624-07:00,read,key-0,0.274,21,false,leader-w5r1,50
2026-04-03T20:50:20.189899-07:00,read,key-7,0.354,22,false,leader-w5r1,50
2026-04-03T20:50:20.190254-07:00,read,key-1,0.278,30,false,leader-w5r1,50
2026-04-03T20:50:20.190534-07:00,read,key-4,0.321,28,false,leader-w5r1,50
2026-04-03T20:50:20.184198-07:00,write,key-1,819.064,34,false,leader-w5r1,50
2026-04-03T20:50:20.190857-07:00,write,key-1,813.059,35,false,leader-w5r1,50
2026-04-03T20:50:20.182522-07:00,write,key-4,821.448,29,false,leader-w5r1,50
2026-04-03T20:50:20.182954-07:00,write,key-8,821.068,41,false,leader-w5r1,50
2026-04-03T20:50:20.182696-07:00,write,key-7,821.355,24,false,leader-w5r1,50
2026-04-03T20:50:20.183336-07:00,write,key-5,820.780,26,false,leader-w5r1,50
2026-04-03T20:50:20.186249-07:00,write,key-5,817.968,28,false,leader-w5r1,50
2026-04-03T20:50:20.183816-07:00,write,key-5,820.496,27,false,leader-w5r1,50
2026-04-03T20:50:20.182427-07:00,write,key-7,821.925,23,false,leader-w5r1,50
2026-04-03T20:50:20.18352-07:00,write,key-0,820.897,22,false,leader-w5r1,50
2026-04-03T20:50:20.185481-07:00,write,key-7,819.005,25,false,leader-w5r1,50
2026-04-03T20:50:20.186274-07:00,write,key-8,818.252,43,false,leader-w5r1,50
2026-04-03T20:50:20.185334-07:00,write,key-0,819.340,23,false,leader-w5r1,50
2026-04-03T20:50:20.183243-07:00,write,key-1,822.838,32,false,leader-w5r1,50
2026-04-03T20:50:20.186246-07:00,write,key-3,819.944,40,false,leader-w5r1,50
2026-04-03T20:50:20.182405-07:00,write,key-3,823.791,39,false,leader-w5r1,50
2026-04-03T20:50:20.182257-07:00,write,key-2,823.984,28,false,leader-w5r1,50
2026-04-03T20:50:21.004677-07:00,read,key-3,2.122,40,false,leader-w5r1,50
2026-04-03T20:50:20.182528-07:00,write,key-8,824.349,42,false,leader-w5r1,50
2026-04-03T20:50:20.182772-07:00,write,key-1,824.119,31,false,leader-w5r1,50
2026-04-03T20:50:20.18414-07:00,write,key-1,822.781,33,false,leader-w5r1,50
2026-04-03T20:50:21.003275-07:00,read,key-7,3.682,25,false,leader-w5r1,50
2026-04-03T20:50:21.004316-07:00,read,key-3,2.691,40,false,leader-w5r1,50
2026-04-03T20:50:21.00412-07:00,read,key-4,2.936,29,false,leader-w5r1,50
2026-04-03T20:50:21.004055-07:00,read,key-8,3.023,43,false,leader-w5r1,50
2026-04-03T20:50:21.004356-07:00,read,key-6,4.245,31,false,leader-w5r1,50
2026-04-03T20:50:21.00422-07:00,read,key-5,4.412,28,false,leader-w5r1,50
2026-04-03T20:50:21.006976-07:00,read,key-8,1.714,43,false,leader-w5r1,50
2026-04-03T20:50:21.007009-07:00,read,key-6,1.735,31,false,leader-w5r1,50
2026-04-03T20:50:21.007061-07:00,read,key-5,1.719,28,false,leader-w5r1,50
2026-04-03T20:50:21.006924-07:00,read,key-9,1.878,24,false,leader-w5r1,50
2026-04-03T20:50:21.008746-07:00,read,key-9,0.667,24,false,leader-w5r1,50
2026-04-03T20:50:21.006802-07:00,read,key-1,3.207,37,false,leader-w5r1,50
2026-04-03T20:50:21.006894-07:00,read,key-0,3.131,23,false,leader-w5r1,50
2026-04-03T20:50:21.008805-07:00,read,key-2,1.250,28,false,leader-w5r1,50
2026-04-03T20:50:21.00878-07:00,read,key-2,1.294,30,false,leader-w5r1,50
2026-04-03T20:50:21.009414-07:00,read,key-1,0.955,35,false,leader-w5r1,50
2026-04-03T20:50:21.010057-07:00,read,key-7,0.481,25,false,leader-w5r1,50
2026-04-03T20:50:21.010027-07:00,read,key-6,0.552,31,false,leader-w5r1,50
2026-04-03T20:50:21.010371-07:00,read,key-0,0.322,23,false,leader-w5r1,50
2026-04-03T20:50:21.010694-07:00,read,key-2,1.560,30,false,leader-w5r1,50
2026-04-03T20:50:21.01054-07:00,read,key-1,2.140,39,false,leader-w5r1,50
2026-04-03T20:50:21.004489-07:00,write,key-0,813.503,24,false,leader-w5r1,50
2026-04-03T20:50:21.008603-07:00,write,key-6,809.706,35,false,leader-w5r1,50
2026-04-03T20:50:21.004422-07:00,write,key-2,814.046,29,false,leader-w5r1,50
2026-04-03T20:50:21.004026-07:00,write,key-9,814.551,26,false,leader-w5r1,50
2026-04-03T20:50:21.00453-07:00,write,key-2,814.140,30,false,leader-w5r1,50
2026-04-03T20:50:21.00708-07:00,write,key-6,811.781,34,false,leader-w5r1,50
2026-04-03T20:50:21.010012-07:00,write,key-3,808.909,41,false,leader-w5r1,50
2026-04-03T20:50:21.006193-07:00,write,key-1,812.780,36,false,leader-w5r1,50
2026-04-03T20:50:21.008635-07:00,write,key-0,810.362,25,false,leader-w5r1,50
2026-04-03T20:50:21.01058-07:00,write,key-8,808.478,45,false,leader-w5r1,50
2026-04-03T20:50:21.00688-07:00,write,key-6,812.231,33,false,leader-w5r1,50
2026-04-03T20:50:21.012256-07:00,write,key-7,806.911,26,false,leader-w5r1,50
2026-04-03T20:50:21.008692-07:00,write,key-1,810.508,38,false,leader-w5r1,50
2026-04-03T20:50:21.012681-07:00,write,key-7,806.576,27,false,leader-w5r1,50
2026-04-03T20:50:21.006086-07:00,write,key-6,813.210,32,false,leader-w5r1,50
2026-04-03T20:50:21.003974-07:00,write,key-4,815.353,30,false,leader-w5r1,50
2026-04-03T20:50:21.006244-07:00,write,key-1,813.093,37,false,leader-w5r1,50
2026-04-03T20:50:21.00392-07:00,write,key-9,815.473,25,false,leader-w5r1,50
2026-04-03T20:50:21.0062-07:00,write,key-1,813.243,39,false,leader-w5r1,50
2026-04-03T20:50:21.010076-07:00,write,key-8,809.427,44,false,leader-w5r1,50
2026-04-03T20:50:21.818673-07:00,read,key-6,2.311,35,false,leader-w5r1,50
2026-04-03T20:50:21.819204-07:00,read,key-1,1.837,39,false,leader-w5r1,50
2026-04-03T20:50:21.818314-07:00,read,key-0,2.752,25,false,leader-w5r1,50
2026-04-03T20:50:21.818008-07:00,read,key-5,3.144,28,false,leader-w5r1,50
2026-04-03T20:50:21.818925-07:00,read,key-7,2.234,27,false,leader-w5r1,50
2026-04-03T20:50:21.81926-07:00,read,key-9,1.953,26,false,leader-w5r1,50
2026-04-03T20:50:21.821161-07:00,read,key-5,0.550,28,false,leader-w5r1,50
2026-04-03T20:50:21.81934-07:00,read,key-3,2.477,41,false,leader-w5r1,50
2026-04-03T20:50:21.82182-07:00,read,key-2,0.465,30,false,leader-w5r1,50
2026-04-03T20:50:21.821215-07:00,read,key-7,4.029,28,false,leader-w5r1,50
2026-04-03T20:50:21.819506-07:00,read,key-3,5.750,42,false,leader-w5r1,50
2026-04-03T20:50:21.825247-07:00,read,key-2,0.407,30,false,leader-w5r1,50
2026-04-03T20:50:21.821157-07:00,write,key-1,812.448,40,false,leader-w5r1,50
2026-04-03T20:50:21.821043-07:00,write,key-0,812.974,29,false,leader-w5r1,50
2026-04-03T20:50:21.825259-07:00,write,key-8,808.898,48,false,leader-w5r1,50
2026-04-03T20:50:21.819062-07:00,write,key-2,815.244,32,false,leader-w5r1,50
2026-04-03T20:50:21.818582-07:00,write,key-8,816.183,46,false,leader-w5r1,50
2026-04-03T20:50:21.820987-07:00,write,key-5,813.869,29,false,leader-w5r1,50
2026-04-03T20:50:21.818472-07:00,write,key-3,816.488,42,false,leader-w5r1,50
2026-04-03T20:50:21.818976-07:00,write,key-6,816.139,37,false,leader-w5r1,50
2026-04-03T20:50:21.81933-07:00,write,key-0,816.074,27,false,leader-w5r1,50
2026-04-03T20:50:21.821713-07:00,write,key-0,813.752,30,false,leader-w5r1,50
2026-04-03T20:50:21.81917-07:00,write,key-6,816.348,36,false,leader-w5r1,50
2026-04-03T20:50:21.822287-07:00,write,key-9,813.323,27,false,leader-w5r1,50
2026-04-03T20:50:21.825656-07:00,write,key-3,809.983,43,false,leader-w5r1,50
2026-04-03T20:50:21.821069-07:00,write,key-0,814.628,31,false,leader-w5r1,50
2026-04-03T20:50:21.819446-07:00,write,key-4,816.279,31,false,leader-w5r1,50
2026-04-03T20:50:21.818999-07:00,write,key-7,816.793,28,false,leader-w5r1,50
2026-04-03T20:50:21.819299-07:00,write,key-2,816.535,31,false,leader-w5r1,50
2026-04-03T20:50:21.818865-07:00,write,key-0,817.007,28,false,leader-w5r1,50
2026-04-03T20:50:21.819115-07:00,write,key-8,816.793,47,false,leader-w5r1,50
2026-04-03T20:50:21.819396-07:00,write,key-0,816.550,26,false,leader-w5r1,50
2026-04-03T20:50:22.635911-07:00,read,key-1,1.339,41,false,leader-w5r1,50
2026-04-03T20:50:22.634964-07:00,read,key-4,4.792,31,false,leader-w5r1,50
2026-04-03T20:50:22.634309-07:00,read,key-0,5.663,32,false,leader-w5r1,50
2026-04-03T20:50:22.634021-07:00,read,key-2,6.065,32,false,leader-w5r1,50
2026-04-03T20:50:22.635642-07:00,read,key-1,4.551,40,false,leader-w5r1,50
2026-04-03T20:50:22.635522-07:00,read,key-5,4.744,29,false,leader-w5r1,50
2026-04-03T20:50:22.635119-07:00,read,key-7,5.209,28,false,leader-w5r1,50
2026-04-03T20:50:22.635407-07:00,read,key-7,4.963,28,false,leader-w5r1,50
2026-04-03T20:50:22.639761-07:00,read,key-3,0.983,43,false,leader-w5r1,50
2026-04-03T20:50:22.639976-07:00,read,key-0,0.820,32,false,leader-w5r1,50
2026-04-03T20:50:22.640195-07:00,read,key-4,0.689,31,false,leader-w5r1,50
2026-04-03T20:50:22.640331-07:00,read,key-6,0.673,37,false,leader-w5r1,50
2026-04-03T20:50:22.640269-07:00,read,key-3,0.987,46,false,leader-w5r1,50
2026-04-03T20:50:22.640886-07:00,read,key-0,0.464,31,false,leader-w5r1,50
2026-04-03T20:50:22.641257-07:00,read,key-3,0.437,43,false,leader-w5r1,50
2026-04-03T20:50:22.641696-07:00,read,key-2,0.474,32,false,leader-w5r1,50
2026-04-03T20:50:22.635795-07:00,write,key-5,812.505,31,false,leader-w5r1,50
2026-04-03T20:50:22.634161-07:00,write,key-0,814.264,32,false,leader-w5r1,50
2026-04-03T20:50:22.640372-07:00,write,key-1,808.154,43,false,leader-w5r1,50
2026-04-03T20:50:22.635837-07:00,write,key-5,812.806,30,false,leader-w5r1,50
2026-04-03T20:50:22.640091-07:00,write,key-4,808.620,33,false,leader-w5r1,50
2026-04-03T20:50:22.63486-07:00,write,key-4,813.910,32,false,leader-w5r1,50
2026-04-03T20:50:22.634769-07:00,write,key-3,814.071,44,false,leader-w5r1,50
2026-04-03T20:50:22.635949-07:00,write,key-9,812.970,28,false,leader-w5r1,50
2026-04-03T20:50:22.635875-07:00,write,key-2,813.100,33,false,leader-w5r1,50
2026-04-03T20:50:22.637254-07:00,write,key-1,811.776,42,false,leader-w5r1,50
2026-04-03T20:50:22.635728-07:00,write,key-3,813.373,46,false,leader-w5r1,50
2026-04-03T20:50:22.635468-07:00,write,key-6,814.734,39,false,leader-w5r1,50
2026-04-03T20:50:22.633617-07:00,write,key-6,816.620,38,false,leader-w5r1,50
2026-04-03T20:50:22.6357-07:00,write,key-3,814.564,45,false,leader-w5r1,50
2026-04-03T20:50:22.635614-07:00,write,key-1,814.705,41,false,leader-w5r1,50
2026-04-03T20:50:22.640746-07:00,write,key-7,809.627,30,false,leader-w5r1,50
2026-04-03T20:50:22.641005-07:00,write,key-1,809.418,44,false,leader-w5r1,50
2026-04-03T20:50:22.642171-07:00,write,key-7,809.143,29,false,leader-w5r1,50
2026-04-03T20:50:22.640797-07:00,write,key-4,810.517,34,false,leader-w5r1,50
2026-04-03T20:50:22.641351-07:00,write,key-5,810.000,32,false,leader-w5r1,50
2026-04-03T20:50:23.448428-07:00,read,key-3,3.836,46,false,leader-w5r1,50
2026-04-03T20:50:23.44853-07:00,read,key-8,3.748,48,false,leader-w5r1,50
2026-04-03T20:50:23.448844-07:00,read,key-3,3.490,46,false,leader-w5r1,50
2026-04-03T20:50:23.44831-07:00,read,key-6,4.025,39,false,leader-w5r1,50
2026-04-03T20:50:23.449103-07:00,read,key-4,3.277,34,false,leader-w5r1,50
2026-04-03T20:50:23.448772-07:00,read,key-7,3.631,30,false,leader-w5r1,50
2026-04-03T20:50:23.448978-07:00,read,key-9,3.451,28,false,leader-w5r1,50
2026-04-03T20:50:23.449033-07:00,read,key-7,3.431,30,false,leader-w5r1,50
2026-04-03T20:50:23.450205-07:00,read,key-7,2.262,30,false,leader-w5r1,50
2026-04-03T20:50:23.450267-07:00,read,key-9,2.670,28,false,leader-w5r1,50
2026-04-03T20:50:23.450426-07:00,read,key-9,2.528,28,false,leader-w5r1,50
2026-04-03T20:50:23.451318-07:00,read,key-0,1.659,32,false,leader-w5r1,50
2026-04-03T20:50:23.451353-07:00,read,key-1,1.624,44,false,leader-w5r1,50
2026-04-03T20:50:23.452939-07:00,read,key-4,0.837,34,false,leader-w5r1,50
2026-04-03T20:50:23.452956-07:00,read,key-1,0.851,44,false,leader-w5r1,50
2026-04-03T20:50:23.452267-07:00,read,key-8,1.558,48,false,leader-w5r1,50
2026-04-03T20:50:23.452337-07:00,read,key-2,1.559,33,false,leader-w5r1,50
2026-04-03T20:50:23.453826-07:00,read,key-1,0.718,44,false,leader-w5r1,50
2026-04-03T20:50:23.453808-07:00,read,key-4,0.753,34,false,leader-w5r1,50
2026-04-03T20:50:23.452979-07:00,read,key-4,1.828,34,false,leader-w5r1,50
2026-04-03T20:50:23.452405-07:00,read,key-2,2.492,37,false,leader-w5r1,50
2026-04-03T20:50:23.454545-07:00,read,key-4,0.363,34,false,leader-w5r1,50
2026-04-03T20:50:23.45481-07:00,read,key-3,0.612,46,false,leader-w5r1,50
2026-04-03T20:50:23.454899-07:00,read,key-0,0.619,32,false,leader-w5r1,50
2026-04-03T20:50:23.454562-07:00,read,key-3,1.326,49,false,leader-w5r1,50
2026-04-03T20:50:23.448646-07:00,write,key-2,822.980,36,false,leader-w5r1,50
2026-04-03T20:50:23.45228-07:00,write,key-2,819.519,37,false,leader-w5r1,50
2026-04-03T20:50:23.453778-07:00,write,key-0,818.155,34,false,leader-w5r1,50
2026-04-03T20:50:23.455424-07:00,write,key-3,816.598,50,false,leader-w5r1,50
2026-04-03T20:50:23.448921-07:00,write,key-2,823.158,34,false,leader-w5r1,50
2026-04-03T20:50:23.452469-07:00,write,key-0,820.014,33,false,leader-w5r1,50
2026-04-03T20:50:23.450376-07:00,write,key-6,822.190,41,false,leader-w5r1,50
2026-04-03T20:50:23.452431-07:00,write,key-3,820.201,49,false,leader-w5r1,50
2026-04-03T20:50:23.450241-07:00,write,key-3,822.462,47,false,leader-w5r1,50
2026-04-03T20:50:23.451318-07:00,write,key-6,821.440,40,false,leader-w5r1,50
2026-04-03T20:50:23.455519-07:00,write,key-5,817.309,34,false,leader-w5r1,50
2026-04-03T20:50:23.448714-07:00,write,key-2,824.196,35,false,leader-w5r1,50
2026-04-03T20:50:23.453898-07:00,write,key-6,819.090,45,false,leader-w5r1,50
2026-04-03T20:50:23.452466-07:00,write,key-6,820.584,43,false,leader-w5r1,50
2026-04-03T20:50:23.45589-07:00,write,key-3,817.216,51,false,leader-w5r1,50
2026-04-03T20:50:23.45491-07:00,write,key-6,818.249,44,false,leader-w5r1,50
2026-04-03T20:50:23.452979-07:00,write,key-4,820.526,35,false,leader-w5r1,50
2026-04-03T20:50:23.452381-07:00,write,key-3,821.183,48,false,leader-w5r1,50
2026-04-03T20:50:23.450321-07:00,write,key-6,823.459,42,false,leader-w5r1,50
2026-04-03T20:50:23.452335-07:00,write,key-5,821.676,33,false,leader-w5r1,50
2026-04-03T20:50:24.272913-07:00,read,key-8,2.212,48,false,leader-w5r1,50
2026-04-03T20:50:24.271802-07:00,read,key-2,3.343,37,false,leader-w5r1,50
2026-04-03T20:50:24.273567-07:00,read,key-5,1.636,36,false,leader-w5r1,50
2026-04-03T20:50:24.272831-07:00,read,key-8,2.401,48,false,leader-w5r1,50
2026-04-03T20:50:24.272486-07:00,read,key-0,2.776,34,false,leader-w5r1,50
2026-04-03T20:50:24.272024-07:00,read,key-7,3.332,31,false,leader-w5r1,50
2026-04-03T20:50:24.272635-07:00,read,key-8,2.782,48,false,leader-w5r1,50
2026-04-03T20:50:24.271633-07:00,read,key-3,3.807,51,false,leader-w5r1,50
2026-04-03T20:50:24.274014-07:00,read,key-9,1.464,28,false,leader-w5r1,50
2026-04-03T20:50:24.272991-07:00,read,key-0,2.507,34,false,leader-w5r1,50
2026-04-03T20:50:24.275127-07:00,read,key-2,0.661,38,false,leader-w5r1,50
2026-04-03T20:50:24.273509-07:00,read,key-8,2.346,48,false,leader-w5r1,50
2026-04-03T20:50:24.275234-07:00,read,key-0,0.688,34,false,leader-w5r1,50
2026-04-03T20:50:24.273161-07:00,read,key-1,2.807,44,false,leader-w5r1,50
2026-04-03T20:50:24.273783-07:00,read,key-1,2.209,44,false,leader-w5r1,50
2026-04-03T20:50:24.275283-07:00,read,key-1,0.758,45,false,leader-w5r1,50
2026-04-03T20:50:24.27548-07:00,read,key-2,1.172,37,false,leader-w5r1,50
2026-04-03T20:50:24.275994-07:00,read,key-1,1.164,44,false,leader-w5r1,50
2026-04-03T20:50:24.275442-07:00,read,key-3,1.753,51,false,leader-w5r1,50
2026-04-03T20:50:24.277198-07:00,read,key-7,0.844,30,false,leader-w5r1,50
2026-04-03T20:50:24.277159-07:00,read,key-3,0.920,51,false,leader-w5r1,50
2026-04-03T20:50:24.278044-07:00,read,key-5,0.559,34,false,leader-w5r1,50
2026-04-03T20:50:24.27597-07:00,write,key-4,815.623,37,false,leader-w5r1,50
2026-04-03T20:50:24.271937-07:00,write,key-3,819.802,52,false,leader-w5r1,50
2026-04-03T20:50:24.273109-07:00,write,key-7,818.484,31,false,leader-w5r1,50
2026-04-03T20:50:24.272569-07:00,write,key-2,819.627,38,false,leader-w5r1,50
2026-04-03T20:50:24.278605-07:00,write,key-6,813.736,48,false,leader-w5r1,50
2026-04-03T20:50:24.275856-07:00,write,key-7,816.511,32,false,leader-w5r1,50
2026-04-03T20:50:24.273052-07:00,write,key-5,819.368,36,false,leader-w5r1,50
2026-04-03T20:50:24.275418-07:00,write,key-8,817.041,49,false,leader-w5r1,50
2026-04-03T20:50:24.272706-07:00,write,key-1,819.873,45,false,leader-w5r1,50
2026-04-03T20:50:24.272082-07:00,write,key-5,820.616,35,false,leader-w5r1,50
2026-04-03T20:50:24.27276-07:00,write,key-0,820.085,35,false,leader-w5r1,50
2026-04-03T20:50:24.27808-07:00,write,key-5,814.795,38,false,leader-w5r1,50
2026-04-03T20:50:24.275204-07:00,write,key-0,817.727,36,false,leader-w5r1,50
2026-04-03T20:50:24.275358-07:00,write,key-5,817.641,37,false,leader-w5r1,50
2026-04-03T20:50:24.2755-07:00,write,key-6,817.535,47,false,leader-w5r1,50
2026-04-03T20:50:24.276654-07:00,write,key-2,816.468,39,false,leader-w5r1,50
2026-04-03T20:50:24.275923-07:00,write,key-4,817.204,36,false,leader-w5r1,50
2026-04-03T20:50:24.275147-07:00,write,key-6,818.025,46,false,leader-w5r1,50
2026-04-03T20:50:24.27579-07:00,write,key-0,817.420,37,false,leader-w5r1,50
2026-04-03T20:50:24.276043-07:00,write,key-1,817.220,46,false,leader-w5r1,50
2026-04-03T20:50:25.091743-07:00,read,key-9,2.249,28,false,leader-w5r1,50
2026-04-03T20:50:25.091607-07:00,read,key-1,2.536,46,false,leader-w5r1,50
2026-04-03T20:50:25.093037-07:00,read,key-4,1.266,37,false,leader-w5r1,50
2026-04-03T20:50:25.093125-07:00,read,key-8,1.236,49,false,leader-w5r1,50
2026-04-03T20:50:25.092848-07:00,read,key-2,1.604,40,false,leader-w5r1,50
2026-04-03T20:50:25.092198-07:00,read,key-0,2.268,37,false,leader-w5r1,50
2026-04-03T20:50:25.092462-07:00,read,key-2,2.059,39,false,leader-w5r1,50
2026-04-03T20:50:25.0927-07:00,read,key-7,1.844,32,false,leader-w5r1,50
2026-04-03T20:50:25.093212-07:00,read,key-0,1.523,37,false,leader-w5r1,50
2026-04-03T20:50:25.092423-07:00,read,key-0,2.789,37,false,leader-w5r1,50
2026-04-03T20:50:25.093001-07:00,read,key-0,2.230,37,false,leader-w5r1,50
2026-04-03T20:50:25.094305-07:00,read,key-1,1.534,46,false,leader-w5r1,50
2026-04-03T20:50:25.094148-07:00,read,key-0,1.703,37,false,leader-w5r1,50
2026-04-03T20:50:25.094363-07:00,read,key-7,1.538,32,false,leader-w5r1,50
2026-04-03T20:50:25.094546-07:00,read,key-2,2.196,39,false,leader-w5r1,50
2026-04-03T20:50:25.095904-07:00,read,key-1,0.864,46,false,leader-w5r1,50
2026-04-03T20:50:25.096744-07:00,read,key-7,0.825,32,false,leader-w5r1,50
2026-04-03T20:50:25.095214-07:00,read,key-2,2.662,40,false,leader-w5r1,50
2026-04-03T20:50:25.095854-07:00,read,key-3,2.126,52,false,leader-w5r1,50
2026-04-03T20:50:25.095234-07:00,read,key-3,2.752,52,false,leader-w5r1,50
2026-04-03T20:50:25.097879-07:00,read,key-0,0.472,37,false,leader-w5r1,50
2026-04-03T20:50:25.09757-07:00,read,key-2,0.931,39,false,leader-w5r1,50
2026-04-03T20:50:25.097988-07:00,read,key-0,0.713,37,false,leader-w5r1,50
2026-04-03T20:50:25.092878-07:00,write,key-6,812.373,49,false,leader-w5r1,50
2026-04-03T20:50:25.092344-07:00,write,key-9,813.253,29,false,leader-w5r1,50
2026-04-03T20:50:25.093997-07:00,write,key-4,811.748,38,false,leader-w5r1,50
2026-04-03T20:50:25.094469-07:00,write,key-8,811.377,52,false,leader-w5r1,50
2026-04-03T20:50:25.094523-07:00,write,key-7,811.431,33,false,leader-w5r1,50
2026-04-03T20:50:25.096771-07:00,write,key-9,809.277,30,false,leader-w5r1,50
2026-04-03T20:50:25.098703-07:00,write,key-3,807.432,54,false,leader-w5r1,50
2026-04-03T20:50:25.092581-07:00,write,key-0,813.700,38,false,leader-w5r1,50
2026-04-03T20:50:25.097982-07:00,write,key-3,808.377,53,false,leader-w5r1,50
2026-04-03T20:50:25.094454-07:00,write,key-0,812.003,40,false,leader-w5r1,50
2026-04-03T20:50:25.093175-07:00,write,key-8,813.368,50,false,leader-w5r1,50
2026-04-03T20:50:25.098504-07:00,write,key-0,808.214,41,false,leader-w5r1,50
2026-04-03T20:50:25.093266-07:00,write,key-0,813.553,39,false,leader-w5r1,50
2026-04-03T20:50:25.091772-07:00,write,key-2,815.135,40,false,leader-w5r1,50
2026-04-03T20:50:25.098352-07:00,write,key-9,808.898,31,false,leader-w5r1,50
2026-04-03T20:50:25.095843-07:00,write,key-6,811.480,50,false,leader-w5r1,50
2026-04-03T20:50:25.09313-07:00,write,key-5,814.231,39,false,leader-w5r1,50
2026-04-03T20:50:25.092934-07:00,write,key-5,814.493,40,false,leader-w5r1,50
2026-04-03T20:50:25.094737-07:00,write,key-8,812.773,51,false,leader-w5r1,50
2026-04-03T20:50:25.092369-07:00,write,key-1,815.245,47,false,leader-w5r1,50
2026-04-03T20:50:25.907513-07:00,read,key-2,1.961,40,false,leader-w5r1,50
2026-04-03T20:50:25.906545-07:00,read,key-0,2.955,41,false,leader-w5r1,50
2026-04-03T20:50:25.905602-07:00,read,key-0,3.898,41,false,leader-w5r1,50
2026-04-03T20:50:25.907429-07:00,read,key-1,2.075,47,false,leader-w5r1,50
2026-04-03T20:50:25.907363-07:00,read,key-5,2.218,44,false,leader-w5r1,50
2026-04-03T20:50:25.906909-07:00,read,key-2,3.439,40,false,leader-w5r1,50
2026-04-03T20:50:25.909476-07:00,read,key-1,1.154,47,false,leader-w5r1,50
2026-04-03T20:50:25.909506-07:00,read,key-2,1.165,40,false,leader-w5r1,50
2026-04-03T20:50:25.910351-07:00,read,key-4,0.855,38,false,leader-w5r1,50
2026-04-03T20:50:25.907253-07:00,write,key-6,818.675,52,false,leader-w5r1,50
2026-04-03T20:50:25.910674-07:00,write,key-8,815.396,53,false,leader-w5r1,50
2026-04-03T20:50:25.907617-07:00,write,key-6,818.537,51,false,leader-w5r1,50
2026-04-03T20:50:25.906284-07:00,write,key-1,819.938,49,false,leader-w5r1,50
2026-04-03T20:50:25.905956-07:00,write,key-3,820.360,56,false,leader-w5r1,50
2026-04-03T20:50:25.906821-07:00,write,key-1,819.546,48,false,leader-w5r1,50
2026-04-03T20:50:25.906051-07:00,write,key-3,820.472,55,false,leader-w5r1,50
2026-04-03T20:50:25.909504-07:00,write,key-0,817.091,42,false,leader-w5r1,50
2026-04-03T20:50:25.911208-07:00,write,key-9,815.434,33,false,leader-w5r1,50
2026-04-03T20:50:25.905266-07:00,write,key-5,821.421,43,false,leader-w5r1,50
2026-04-03T20:50:25.909583-07:00,write,key-2,817.162,42,false,leader-w5r1,50
2026-04-03T20:50:25.90646-07:00,write,key-5,820.293,41,false,leader-w5r1,50
2026-04-03T20:50:25.907325-07:00,write,key-5,819.487,42,false,leader-w5r1,50
2026-04-03T20:50:25.906138-07:00,write,key-5,820.704,45,false,leader-w5r1,50
2026-04-03T20:50:25.905747-07:00,write,key-5,821.122,44,false,leader-w5r1,50
2026-04-03T20:50:25.910632-07:00,write,key-7,816.331,34,false,leader-w5r1,50
2026-04-03T20:50:25.905848-07:00,write,key-9,821.202,32,false,leader-w5r1,50
2026-04-03T20:50:25.909506-07:00,write,key-6,817.634,53,false,leader-w5r1,50
2026-04-03T20:50:25.90672-07:00,write,key-2,820.472,41,false,leader-w5r1,50
2026-04-03T20:50:25.906361-07:00,write,key-4,820.862,39,false,leader-w5r1,50
2026-04-03T20:50:26.72632-07:00,read,key-3,5.606,56,false,leader-w5r1,50
2026-04-03T20:50:26.727142-07:00,read,key-8,4.784,53,false,leader-w5r1,50
2026-04-03T20:50:26.726598-07:00,read,key-7,5.393,35,false,leader-w5r1,50
2026-04-03T20:50:26.72637-07:00,read,key-7,5.742,34,false,leader-w5r1,50
2026-04-03T20:50:26.726844-07:00,read,key-0,5.285,42,false,leader-w5r1,50
2026-04-03T20:50:26.726747-07:00,read,key-8,5.434,53,false,leader-w5r1,50
2026-04-03T20:50:26.726756-07:00,read,key-5,5.503,45,false,leader-w5r1,50
2026-04-03T20:50:26.726073-07:00,read,key-6,7.049,53,false,leader-w5r1,50
2026-04-03T20:50:26.731931-07:00,read,key-8,1.641,53,false,leader-w5r1,50
2026-04-03T20:50:26.731993-07:00,read,key-4,1.610,39,false,leader-w5r1,50
2026-04-03T20:50:26.733128-07:00,read,key-4,0.957,39,false,leader-w5r1,50
2026-04-03T20:50:26.726871-07:00,read,key-4,7.411,39,false,leader-w5r1,50
2026-04-03T20:50:26.734284-07:00,read,key-7,0.577,34,false,leader-w5r1,50
2026-04-03T20:50:26.732184-07:00,write,key-8,809.425,57,false,leader-w5r1,50
2026-04-03T20:50:26.726815-07:00,write,key-0,815.035,43,false,leader-w5r1,50
2026-04-03T20:50:26.726689-07:00,write,key-1,815.307,50,false,leader-w5r1,50
2026-04-03T20:50:26.734086-07:00,write,key-2,808.026,43,false,leader-w5r1,50
2026-04-03T20:50:26.726525-07:00,write,key-8,815.762,55,false,leader-w5r1,50
2026-04-03T20:50:26.732114-07:00,write,key-4,810.350,41,false,leader-w5r1,50
2026-04-03T20:50:26.726645-07:00,write,key-9,815.938,34,false,leader-w5r1,50
2026-04-03T20:50:26.726156-07:00,write,key-6,816.783,54,false,leader-w5r1,50
2026-04-03T20:50:26.732133-07:00,write,key-3,810.862,59,false,leader-w5r1,50
2026-04-03T20:50:26.734865-07:00,write,key-9,808.182,36,false,leader-w5r1,50
2026-04-03T20:50:26.733576-07:00,write,key-1,809.519,51,false,leader-w5r1,50
2026-04-03T20:50:26.727195-07:00,write,key-4,816.340,40,false,leader-w5r1,50
2026-04-03T20:50:26.732262-07:00,write,key-4,811.358,42,false,leader-w5r1,50
2026-04-03T20:50:26.731931-07:00,write,key-3,811.725,58,false,leader-w5r1,50
2026-04-03T20:50:26.725944-07:00,write,key-8,817.762,54,false,leader-w5r1,50
2026-04-03T20:50:26.726225-07:00,write,key-3,817.535,57,false,leader-w5r1,50
2026-04-03T20:50:26.727053-07:00,write,key-9,816.762,35,false,leader-w5r1,50
2026-04-03T20:50:26.727225-07:00,write,key-8,816.662,56,false,leader-w5r1,50
2026-04-03T20:50:26.733605-07:00,write,key-8,810.287,58,false,leader-w5r1,50
2026-04-03T20:50:26.726966-07:00,write,key-7,816.978,35,false,leader-w5r1,50
2026-04-03T20:50:27.542467-07:00,read,key-9,2.776,36,false,leader-w5r1,50
2026-04-03T20:50:27.542941-07:00,read,key-4,2.326,43,false,leader-w5r1,50
2026-04-03T20:50:27.543708-07:00,read,key-0,1.633,43,false,leader-w5r1,50
2026-04-03T20:50:27.542289-07:00,read,key-6,3.217,54,false,leader-w5r1,50
2026-04-03T20:50:27.542996-07:00,read,key-1,2.525,51,false,leader-w5r1,50
2026-04-03T20:50:27.542114-07:00,read,key-2,3.467,43,false,leader-w5r1,50
2026-04-03T20:50:27.542585-07:00,read,key-2,3.032,43,false,leader-w5r1,50
2026-04-03T20:50:27.541999-07:00,read,key-6,3.636,54,false,leader-w5r1,50
2026-04-03T20:50:27.543762-07:00,read,key-3,2.252,59,false,leader-w5r1,50
2026-04-03T20:50:27.543537-07:00,read,key-9,2.560,36,false,leader-w5r1,50
2026-04-03T20:50:27.545344-07:00,read,key-2,0.852,43,false,leader-w5r1,50
2026-04-03T20:50:27.545524-07:00,read,key-5,0.731,45,false,leader-w5r1,50
2026-04-03T20:50:27.545641-07:00,read,key-0,0.675,43,false,leader-w5r1,50
2026-04-03T20:50:27.54562-07:00,read,key-3,0.925,59,false,leader-w5r1,50
2026-04-03T20:50:27.546256-07:00,read,key-2,1.504,43,false,leader-w5r1,50
2026-04-03T20:50:27.546318-07:00,read,key-3,1.565,59,false,leader-w5r1,50
2026-04-03T20:50:27.547762-07:00,read,key-7,0.457,35,false,leader-w5r1,50
2026-04-03T20:50:27.547885-07:00,read,key-0,0.581,43,false,leader-w5r1,50
2026-04-03T20:50:27.548221-07:00,write,key-4,813.220,45,false,leader-w5r1,50
2026-04-03T20:50:27.546197-07:00,write,key-5,815.290,49,false,leader-w5r1,50
2026-04-03T20:50:27.548467-07:00,write,key-3,813.101,61,false,leader-w5r1,50
2026-04-03T20:50:27.543895-07:00,write,key-4,817.726,44,false,leader-w5r1,50
2026-04-03T20:50:27.546017-07:00,write,key-7,815.647,38,false,leader-w5r1,50
2026-04-03T20:50:27.541623-07:00,write,key-3,820.161,60,false,leader-w5r1,50
2026-04-03T20:50:27.543097-07:00,write,key-4,818.691,43,false,leader-w5r1,50
2026-04-03T20:50:27.546546-07:00,write,key-6,817.110,55,false,leader-w5r1,50
2026-04-03T20:50:27.543659-07:00,write,key-5,820.112,46,false,leader-w5r1,50
2026-04-03T20:50:27.545584-07:00,write,key-5,818.242,50,false,leader-w5r1,50
2026-04-03T20:50:27.543818-07:00,write,key-2,820.047,44,false,leader-w5r1,50
2026-04-03T20:50:27.541853-07:00,write,key-0,823.257,44,false,leader-w5r1,50
2026-04-03T20:50:27.543889-07:00,write,key-1,821.381,52,false,leader-w5r1,50
2026-04-03T20:50:27.546099-07:00,write,key-5,819.429,51,false,leader-w5r1,50
2026-04-03T20:50:27.545508-07:00,write,key-0,820.036,45,false,leader-w5r1,50
2026-04-03T20:50:27.543622-07:00,write,key-7,821.966,36,false,leader-w5r1,50
2026-04-03T20:50:27.545271-07:00,write,key-5,820.354,48,false,leader-w5r1,50
2026-04-03T20:50:27.543946-07:00,write,key-7,821.707,37,false,leader-w5r1,50
2026-04-03T20:50:27.545247-07:00,write,key-5,820.460,47,false,leader-w5r1,50
2026-04-03T20:50:27.543049-07:00,write,key-2,822.669,45,false,leader-w5r1,50
2026-04-03T20:50:28.361452-07:00,read,key-9,4.556,36,false,leader-w5r1,50
2026-04-03T20:50:28.36366-07:00,read,key-6,2.409,55,false,leader-w5r1,50
2026-04-03T20:50:28.363867-07:00,read,key-9,2.278,36,false,leader-w5r1,50
2026-04-03T20:50:28.361571-07:00,read,key-2,4.588,45,false,leader-w5r1,50
2026-04-03T20:50:28.361666-07:00,read,key-2,4.545,45,false,leader-w5r1,50
2026-04-03T20:50:28.363827-07:00,read,key-7,3.338,38,false,leader-w5r1,50
2026-04-03T20:50:28.366072-07:00,read,key-1,1.319,52,false,leader-w5r1,50
2026-04-03T20:50:28.366147-07:00,read,key-8,1.320,58,false,leader-w5r1,50
2026-04-03T20:50:28.36572-07:00,read,key-6,1.841,55,false,leader-w5r1,50
2026-04-03T20:50:28.365531-07:00,read,key-3,2.144,61,false,leader-w5r1,50
2026-04-03T20:50:28.366162-07:00,read,key-8,1.814,58,false,leader-w5r1,50
2026-04-03T20:50:28.365272-07:00,read,key-7,2.721,38,false,leader-w5r1,50
2026-04-03T20:50:28.367677-07:00,read,key-8,0.549,58,false,leader-w5r1,50
2026-04-03T20:50:28.367168-07:00,read,key-8,1.168,58,false,leader-w5r1,50
2026-04-03T20:50:28.365654-07:00,read,key-3,3.225,61,false,leader-w5r1,50
2026-04-03T20:50:28.367995-07:00,read,key-5,0.939,51,false,leader-w5r1,50
2026-04-03T20:50:28.367562-07:00,read,key-5,1.623,51,false,leader-w5r1,50
2026-04-03T20:50:28.368338-07:00,read,key-1,0.874,52,false,leader-w5r1,50
2026-04-03T20:50:28.367977-07:00,read,key-5,1.271,51,false,leader-w5r1,50
2026-04-03T20:50:28.368883-07:00,read,key-3,0.632,61,false,leader-w5r1,50
2026-04-03T20:50:28.369213-07:00,read,key-9,0.392,36,false,leader-w5r1,50
2026-04-03T20:50:28.369606-07:00,read,key-9,0.313,36,false,leader-w5r1,50
2026-04-03T20:50:28.369517-07:00,read,key-1,0.500,52,false,leader-w5r1,50
2026-04-03T20:50:28.369187-07:00,read,key-9,2.191,38,false,leader-w5r1,50
2026-04-03T20:50:28.367393-07:00,write,key-4,813.881,48,false,leader-w5r1,50
2026-04-03T20:50:28.36925-07:00,write,key-0,812.331,47,false,leader-w5r1,50
2026-04-03T20:50:28.36179-07:00,write,key-4,820.001,46,false,leader-w5r1,50
2026-04-03T20:50:28.370019-07:00,write,key-3,811.895,63,false,leader-w5r1,50
2026-04-03T20:50:28.366214-07:00,write,key-0,815.886,46,false,leader-w5r1,50
2026-04-03T20:50:28.365626-07:00,write,key-5,817.066,52,false,leader-w5r1,50
2026-04-03T20:50:28.361787-07:00,write,key-3,821.044,62,false,leader-w5r1,50
2026-04-03T20:50:28.36559-07:00,write,key-6,817.325,58,false,leader-w5r1,50
2026-04-03T20:50:28.361623-07:00,write,key-1,821.388,53,false,leader-w5r1,50
2026-04-03T20:50:28.36149-07:00,write,key-7,821.646,39,false,leader-w5r1,50
2026-04-03T20:50:28.366013-07:00,write,key-5,817.194,53,false,leader-w5r1,50
2026-04-03T20:50:28.365113-07:00,write,key-6,818.403,56,false,leader-w5r1,50
2026-04-03T20:50:28.365545-07:00,write,key-9,817.972,37,false,leader-w5r1,50
2026-04-03T20:50:28.368228-07:00,write,key-7,815.311,41,false,leader-w5r1,50
2026-04-03T20:50:28.368938-07:00,write,key-9,814.647,38,false,leader-w5r1,50
2026-04-03T20:50:28.371379-07:00,write,key-8,812.206,59,false,leader-w5r1,50
2026-04-03T20:50:28.369921-07:00,write,key-7,813.712,42,false,leader-w5r1,50
2026-04-03T20:50:28.365708-07:00,write,key-6,817.977,57,false,leader-w5r1,50
2026-04-03T20:50:28.363773-07:00,write,key-4,819.967,47,false,leader-w5r1,50
2026-04-03T20:50:28.36747-07:00,write,key-7,816.324,40,false,leader-w5r1,50
2026-04-03T20:50:29.181288-07:00,read,key-1,2.613,53,false,leader-w5r1,50
2026-04-03T20:50:29.181916-07:00,read,key-7,2.101,42,false,leader-w5r1,50
2026-04-03T20:50:29.183588-07:00,read,key-4,1.365,48,false,leader-w5r1,50
2026-04-03T20:50:29.183519-07:00,read,key-6,1.579,58,false,leader-w5r1,50
2026-04-03T20:50:29.183518-07:00,read,key-7,1.593,42,false,leader-w5r1,50
2026-04-03T20:50:29.18402-07:00,read,key-5,1.176,53,false,leader-w5r1,50
2026-04-03T20:50:29.183589-07:00,read,key-0,1.626,47,false,leader-w5r1,50
2026-04-03T20:50:29.183209-07:00,read,key-6,2.006,58,false,leader-w5r1,50
2026-04-03T20:50:29.183908-07:00,read,key-4,1.567,48,false,leader-w5r1,50
2026-04-03T20:50:29.1851-07:00,read,key-7,0.429,42,false,leader-w5r1,50
2026-04-03T20:50:29.185217-07:00,read,key-8,0.613,59,false,leader-w5r1,50
2026-04-03T20:50:29.185531-07:00,read,key-0,0.461,47,false,leader-w5r1,50
2026-04-03T20:50:29.185995-07:00,read,key-0,0.437,47,false,leader-w5r1,50
2026-04-03T20:50:29.185476-07:00,read,key-6,2.831,60,false,leader-w5r1,50
2026-04-03T20:50:29.18831-07:00,read,key-4,0.714,48,false,leader-w5r1,50
2026-04-03T20:50:29.186434-07:00,read,key-5,2.598,56,false,leader-w5r1,50
2026-04-03T20:50:29.189036-07:00,read,key-0,0.310,47,false,leader-w5r1,50
2026-04-03T20:50:29.189349-07:00,read,key-0,0.319,47,false,leader-w5r1,50
2026-04-03T20:50:29.18967-07:00,read,key-6,0.267,62,false,leader-w5r1,50
2026-04-03T20:50:29.183742-07:00,write,key-8,821.722,62,false,leader-w5r1,50
2026-04-03T20:50:29.182833-07:00,write,key-6,822.761,59,false,leader-w5r1,50
2026-04-03T20:50:29.181792-07:00,write,key-4,823.858,49,false,leader-w5r1,50
2026-04-03T20:50:29.185832-07:00,write,key-6,819.632,61,false,leader-w5r1,50
2026-04-03T20:50:29.181584-07:00,write,key-6,824.408,60,false,leader-w5r1,50
2026-04-03T20:50:29.183139-07:00,write,key-1,822.949,54,false,leader-w5r1,50
2026-04-03T20:50:29.185113-07:00,write,key-5,821.079,56,false,leader-w5r1,50
2026-04-03T20:50:29.184956-07:00,write,key-6,821.327,62,false,leader-w5r1,50
2026-04-03T20:50:29.183541-07:00,write,key-4,822.831,50,false,leader-w5r1,50
2026-04-03T20:50:29.182918-07:00,write,key-5,823.626,55,false,leader-w5r1,50
2026-04-03T20:50:29.185218-07:00,write,key-3,821.924,64,false,leader-w5r1,50
2026-04-03T20:50:29.183795-07:00,write,key-9,823.438,41,false,leader-w5r1,50
2026-04-03T20:50:29.183014-07:00,write,key-9,824.292,39,false,leader-w5r1,50
2026-04-03T20:50:29.189939-07:00,write,key-1,817.405,55,false,leader-w5r1,50
2026-04-03T20:50:29.189025-07:00,write,key-2,818.442,46,false,leader-w5r1,50
2026-04-03T20:50:29.185198-07:00,write,key-8,822.298,61,false,leader-w5r1,50
2026-04-03T20:50:29.182102-07:00,write,key-5,825.443,54,false,leader-w5r1,50
2026-04-03T20:50:29.182695-07:00,write,key-8,824.901,60,false,leader-w5r1,50
2026-04-03T20:50:29.183687-07:00,write,key-7,823.915,43,false,leader-w5r1,50
2026-04-03T20:50:29.183635-07:00,write,key-9,824.011,40,false,leader-w5r1,50
2026-04-03T20:50:30.007546-07:00,read,key-8,1.717,62,false,leader-w5r1,50
2026-04-03T20:50:30.006373-07:00,read,key-7,2.938,43,false,leader-w5r1,50
2026-04-03T20:50:30.005653-07:00,read,key-7,3.666,43,false,leader-w5r1,50
2026-04-03T20:50:30.007648-07:00,read,key-8,1.785,62,false,leader-w5r1,50
2026-04-03T20:50:30.005677-07:00,read,key-1,3.787,55,false,leader-w5r1,50
2026-04-03T20:50:30.007597-07:00,read,key-0,2.139,47,false,leader-w5r1,50
2026-04-03T20:50:30.006546-07:00,read,key-1,3.775,55,false,leader-w5r1,50
2026-04-03T20:50:30.009435-07:00,read,key-9,1.009,41,false,leader-w5r1,50
2026-04-03T20:50:30.009267-07:00,read,key-7,1.515,43,false,leader-w5r1,50
2026-04-03T20:50:30.009315-07:00,read,key-4,1.496,50,false,leader-w5r1,50
2026-04-03T20:50:30.010324-07:00,read,key-4,0.711,50,false,leader-w5r1,50
2026-04-03T20:50:30.010784-07:00,read,key-4,0.509,50,false,leader-w5r1,50
2026-04-03T20:50:30.010449-07:00,read,key-7,0.883,43,false,leader-w5r1,50
2026-04-03T20:50:30.005475-07:00,read,key-0,6.817,49,false,leader-w5r1,50
2026-04-03T20:50:30.011334-07:00,read,key-6,1.083,62,false,leader-w5r1,50
2026-04-03T20:50:30.012418-07:00,read,key-9,1.828,42,false,leader-w5r1,50
2026-04-03T20:50:30.011294-07:00,read,key-8,2.970,66,false,leader-w5r1,50
2026-04-03T20:50:30.014266-07:00,read,key-2,0.316,46,false,leader-w5r1,50
2026-04-03T20:50:30.014247-07:00,read,key-3,0.356,64,false,leader-w5r1,50
2026-04-03T20:50:30.006193-07:00,write,key-7,812.696,46,false,leader-w5r1,50
2026-04-03T20:50:30.007234-07:00,write,key-8,811.691,65,false,leader-w5r1,50
2026-04-03T20:50:30.006286-07:00,write,key-8,812.758,63,false,leader-w5r1,50
2026-04-03T20:50:30.00747-07:00,write,key-4,811.682,51,false,leader-w5r1,50
2026-04-03T20:50:30.009467-07:00,write,key-9,809.714,42,false,leader-w5r1,50
2026-04-03T20:50:30.009739-07:00,write,key-8,809.497,66,false,leader-w5r1,50
2026-04-03T20:50:30.007144-07:00,write,key-8,812.140,64,false,leader-w5r1,50
2026-04-03T20:50:30.005993-07:00,write,key-7,813.383,45,false,leader-w5r1,50
2026-04-03T20:50:30.005595-07:00,write,key-4,813.899,52,false,leader-w5r1,50
2026-04-03T20:50:30.007308-07:00,write,key-0,812.253,49,false,leader-w5r1,50
2026-04-03T20:50:30.007498-07:00,write,key-7,812.100,44,false,leader-w5r1,50
2026-04-03T20:50:30.007604-07:00,write,key-7,812.114,47,false,leader-w5r1,50
2026-04-03T20:50:30.006089-07:00,write,key-3,813.705,65,false,leader-w5r1,50
2026-04-03T20:50:30.007347-07:00,write,key-0,812.566,48,false,leader-w5r1,50
2026-04-03T20:50:30.012297-07:00,write,key-7,807.665,49,false,leader-w5r1,50
2026-04-03T20:50:30.014583-07:00,write,key-2,804.179,47,false,leader-w5r1,50
2026-04-03T20:50:30.009323-07:00,write,key-6,809.439,63,false,leader-w5r1,50
2026-04-03T20:50:30.010815-07:00,write,key-7,813.862,48,false,leader-w5r1,50
2026-04-03T20:50:30.014604-07:00,write,key-8,810.175,67,false,leader-w5r1,50
2026-04-03T20:50:30.011036-07:00,write,key-7,814.352,50,false,leader-w5r1,50
2026-04-03T20:50:30.8196-07:00,read,key-8,6.987,67,false,leader-w5r1,50
2026-04-03T20:50:30.819496-07:00,read,key-2,7.093,47,false,leader-w5r1,50
2026-04-03T20:50:30.819721-07:00,read,key-8,6.956,67,false,leader-w5r1,50
2026-04-03T20:50:30.819154-07:00,read,key-2,7.562,47,false,leader-w5r1,50
2026-04-03T20:50:30.824781-07:00,read,key-0,2.307,49,false,leader-w5r1,50
2026-04-03T20:50:30.819915-07:00,read,key-8,7.912,67,false,leader-w5r1,50
2026-04-03T20:50:30.82659-07:00,read,key-0,1.256,49,false,leader-w5r1,50
2026-04-03T20:50:30.82783-07:00,read,key-4,2.791,53,false,leader-w5r1,50
2026-04-03T20:50:30.819564-07:00,write,key-5,822.307,57,false,leader-w5r1,50
2026-04-03T20:50:30.820131-07:00,write,key-7,822.024,51,false,leader-w5r1,50
2026-04-03T20:50:30.824681-07:00,write,key-1,817.668,56,false,leader-w5r1,50
2026-04-03T20:50:30.819238-07:00,write,key-8,823.183,69,false,leader-w5r1,50
2026-04-03T20:50:30.819287-07:00,write,key-7,823.184,52,false,leader-w5r1,50
2026-04-03T20:50:30.819964-07:00,write,key-7,822.671,54,false,leader-w5r1,50
2026-04-03T20:50:30.819046-07:00,write,key-1,823.496,57,false,leader-w5r1,50
2026-04-03T20:50:30.820202-07:00,write,key-5,822.532,60,false,leader-w5r1,50
2026-04-03T20:50:30.819183-07:00,write,key-5,824.440,58,false,leader-w5r1,50
2026-04-03T20:50:30.830625-07:00,write,key-6,813.071,64,false,leader-w5r1,50
2026-04-03T20:50:30.82668-07:00,write,key-9,817.064,44,false,leader-w5r1,50
2026-04-03T20:50:30.826723-07:00,write,key-7,817.195,55,false,leader-w5r1,50
2026-04-03T20:50:30.818899-07:00,write,key-7,825.092,53,false,leader-w5r1,50
2026-04-03T20:50:30.819795-07:00,write,key-4,824.249,53,false,leader-w5r1,50
2026-04-03T20:50:30.825391-07:00,write,key-9,818.700,43,false,leader-w5r1,50
2026-04-03T20:50:30.827848-07:00,write,key-2,816.323,48,false,leader-w5r1,50
2026-04-03T20:50:30.827094-07:00,write,key-2,817.162,49,false,leader-w5r1,50
2026-04-03T20:50:30.826594-07:00,write,key-5,817.681,59,false,leader-w5r1,50
2026-04-03T20:50:30.818928-07:00,write,key-3,825.418,66,false,leader-w5r1,50
2026-04-03T20:50:30.819378-07:00,write,key-8,825.018,68,false,leader-w5r1,50
2026-04-03T20:50:31.643746-07:00,read,key-5,1.369,60,false,leader-w5r1,50
2026-04-03T20:50:31.642352-07:00,read,key-8,2.869,69,false,leader-w5r1,50
2026-04-03T20:50:31.643698-07:00,read,key-7,1.586,55,false,leader-w5r1,50
2026-04-03T20:50:31.643624-07:00,read,key-4,1.713,53,false,leader-w5r1,50
2026-04-03T20:50:31.642165-07:00,read,key-8,3.233,69,false,leader-w5r1,50
2026-04-03T20:50:31.642652-07:00,read,key-2,2.861,49,false,leader-w5r1,50
2026-04-03T20:50:31.643992-07:00,read,key-6,1.594,64,false,leader-w5r1,50
2026-04-03T20:50:31.641881-07:00,read,key-6,3.725,64,false,leader-w5r1,50
2026-04-03T20:50:31.644046-07:00,read,key-4,1.624,54,false,leader-w5r1,50
2026-04-03T20:50:31.642736-07:00,read,key-8,2.966,69,false,leader-w5r1,50
2026-04-03T20:50:31.644397-07:00,read,key-5,1.370,60,false,leader-w5r1,50
2026-04-03T20:50:31.644347-07:00,read,key-6,1.454,64,false,leader-w5r1,50
2026-04-03T20:50:31.644276-07:00,read,key-5,1.595,60,false,leader-w5r1,50
2026-04-03T20:50:31.645224-07:00,read,key-8,1.043,69,false,leader-w5r1,50
2026-04-03T20:50:31.645515-07:00,read,key-5,0.782,60,false,leader-w5r1,50
2026-04-03T20:50:31.645671-07:00,read,key-3,0.691,66,false,leader-w5r1,50
2026-04-03T20:50:31.643918-07:00,read,key-3,2.445,66,false,leader-w5r1,50
2026-04-03T20:50:31.644258-07:00,read,key-2,2.153,49,false,leader-w5r1,50
2026-04-03T20:50:31.646269-07:00,read,key-2,0.538,49,false,leader-w5r1,50
2026-04-03T20:50:31.646414-07:00,read,key-8,0.450,69,false,leader-w5r1,50
2026-04-03T20:50:31.645401-07:00,read,key-4,1.523,53,false,leader-w5r1,50
2026-04-03T20:50:31.645704-07:00,read,key-1,1.273,57,false,leader-w5r1,50
2026-04-03T20:50:31.646808-07:00,read,key-4,0.715,53,false,leader-w5r1,50
2026-04-03T20:50:31.647525-07:00,read,key-8,1.117,69,false,leader-w5r1,50
2026-04-03T20:50:31.646366-07:00,read,key-1,3.714,58,false,leader-w5r1,50
2026-04-03T20:50:31.648645-07:00,read,key-8,1.634,69,false,leader-w5r1,50
2026-04-03T20:50:31.650082-07:00,read,key-6,0.378,64,false,leader-w5r1,50
2026-04-03T20:50:31.650282-07:00,read,key-5,0.295,60,false,leader-w5r1,50
2026-04-03T20:50:31.65046-07:00,read,key-0,0.276,49,false,leader-w5r1,50
2026-04-03T20:50:31.650578-07:00,read,key-4,0.300,53,false,leader-w5r1,50
2026-04-03T20:50:31.650738-07:00,read,key-3,0.430,66,false,leader-w5r1,50
2026-04-03T20:50:31.650879-07:00,read,key-4,0.318,54,false,leader-w5r1,50
2026-04-03T20:50:31.645874-07:00,write,key-2,816.563,52,false,leader-w5r1,50
2026-04-03T20:50:31.642605-07:00,write,key-7,819.984,56,false,leader-w5r1,50
2026-04-03T20:50:31.65117-07:00,write,key-9,811.266,46,false,leader-w5r1,50
2026-04-03T20:50:31.645339-07:00,write,key-1,817.362,58,false,leader-w5r1,50
2026-04-03T20:50:31.646865-07:00,write,key-3,815.969,69,false,leader-w5r1,50
2026-04-03T20:50:31.642636-07:00,write,key-6,820.260,65,false,leader-w5r1,50
2026-04-03T20:50:31.642423-07:00,write,key-4,820.510,54,false,leader-w5r1,50
2026-04-03T20:50:31.646926-07:00,write,key-9,816.116,45,false,leader-w5r1,50
2026-04-03T20:50:31.64561-07:00,write,key-2,817.530,51,false,leader-w5r1,50
2026-04-03T20:50:31.646978-07:00,write,key-6,816.261,66,false,leader-w5r1,50
2026-04-03T20:50:31.644173-07:00,write,key-2,819.199,50,false,leader-w5r1,50
2026-04-03T20:50:31.645118-07:00,write,key-7,818.345,57,false,leader-w5r1,50
2026-04-03T20:50:31.6456-07:00,write,key-5,817.943,63,false,leader-w5r1,50
2026-04-03T20:50:31.651197-07:00,write,key-4,812.407,55,false,leader-w5r1,50
2026-04-03T20:50:31.646299-07:00,write,key-7,817.371,58,false,leader-w5r1,50
2026-04-03T20:50:31.645769-07:00,write,key-5,817.951,62,false,leader-w5r1,50
2026-04-03T20:50:31.645804-07:00,write,key-3,817.969,68,false,leader-w5r1,50
2026-04-03T20:50:31.645286-07:00,write,key-5,818.549,61,false,leader-w5r1,50
2026-04-03T20:50:31.644092-07:00,write,key-3,820.079,67,false,leader-w5r1,50
2026-04-03T20:50:31.646364-07:00,write,key-7,817.856,59,false,leader-w5r1,50
2026-04-03T20:50:32.463043-07:00,read,key-6,3.719,66,false,leader-w5r1,50
2026-04-03T20:50:32.463141-07:00,read,key-0,3.654,49,false,leader-w5r1,50
2026-04-03T20:50:32.462935-07:00,read,key-1,3.882,58,false,leader-w5r1,50
2026-04-03T20:50:32.463605-07:00,read,key-7,3.236,59,false,leader-w5r1,50
2026-04-03T20:50:32.462703-07:00,read,key-5,4.239,63,false,leader-w5r1,50
2026-04-03T20:50:32.462598-07:00,read,key-6,4.366,66,false,leader-w5r1,50
2026-04-03T20:50:32.462835-07:00,read,key-3,4.154,69,false,leader-w5r1,50
2026-04-03T20:50:32.463672-07:00,read,key-8,3.331,69,false,leader-w5r1,50
2026-04-03T20:50:32.464221-07:00,read,key-3,4.062,69,false,leader-w5r1,50
2026-04-03T20:50:32.466944-07:00,read,key-3,1.407,69,false,leader-w5r1,50
2026-04-03T20:50:32.466992-07:00,read,key-3,1.378,69,false,leader-w5r1,50
2026-04-03T20:50:32.466766-07:00,read,key-6,1.624,66,false,leader-w5r1,50
2026-04-03T20:50:32.463836-07:00,read,key-8,4.579,71,false,leader-w5r1,50
2026-04-03T20:50:32.468352-07:00,read,key-0,1.124,49,false,leader-w5r1,50
2026-04-03T20:50:32.468372-07:00,read,key-4,1.364,55,false,leader-w5r1,50
2026-04-03T20:50:32.467007-07:00,read,key-3,2.933,69,false,leader-w5r1,50
2026-04-03T20:50:32.462593-07:00,write,key-0,821.461,50,false,leader-w5r1,50
2026-04-03T20:50:32.466822-07:00,write,key-5,817.298,64,false,leader-w5r1,50
2026-04-03T20:50:32.469739-07:00,write,key-3,814.435,70,false,leader-w5r1,50
2026-04-03T20:50:32.463775-07:00,write,key-8,820.542,71,false,leader-w5r1,50
2026-04-03T20:50:32.464173-07:00,write,key-0,820.225,52,false,leader-w5r1,50
2026-04-03T20:50:32.468392-07:00,write,key-2,816.124,54,false,leader-w5r1,50
2026-04-03T20:50:32.466845-07:00,write,key-9,817.715,50,false,leader-w5r1,50
2026-04-03T20:50:32.469481-07:00,write,key-4,815.172,57,false,leader-w5r1,50
2026-04-03T20:50:32.463465-07:00,write,key-6,821.239,67,false,leader-w5r1,50
2026-04-03T20:50:32.46324-07:00,write,key-9,821.545,47,false,leader-w5r1,50
2026-04-03T20:50:32.462898-07:00,write,key-0,821.932,51,false,leader-w5r1,50
2026-04-03T20:50:32.4668-07:00,write,key-5,818.311,65,false,leader-w5r1,50
2026-04-03T20:50:32.469942-07:00,write,key-0,815.480,53,false,leader-w5r1,50
2026-04-03T20:50:32.463374-07:00,write,key-4,824.821,56,false,leader-w5r1,50
2026-04-03T20:50:32.466968-07:00,write,key-6,821.742,68,false,leader-w5r1,50
2026-04-03T20:50:32.468286-07:00,write,key-9,820.480,48,false,leader-w5r1,50
2026-04-03T20:50:32.463721-07:00,write,key-2,825.068,53,false,leader-w5r1,50
2026-04-03T20:50:32.462446-07:00,write,key-8,826.346,70,false,leader-w5r1,50
2026-04-03T20:50:32.463544-07:00,write,key-1,825.259,59,false,leader-w5r1,50
2026-04-03T20:50:32.468418-07:00,write,key-9,820.408,49,false,leader-w5r1,50
2026-04-03T20:50:33.285113-07:00,read,key-3,4.551,70,false,leader-w5r1,50
2026-04-03T20:50:33.284176-07:00,read,key-0,5.500,53,false,leader-w5r1,50
2026-04-03T20:50:33.284706-07:00,read,key-7,5.253,59,false,leader-w5r1,50
2026-04-03T20:50:33.28407-07:00,read,key-5,5.903,65,false,leader-w5r1,50
2026-04-03T20:50:33.2844-07:00,read,key-8,5.818,71,false,leader-w5r1,50
2026-04-03T20:50:33.284832-07:00,read,key-3,5.400,70,false,leader-w5r1,50
2026-04-03T20:50:33.29022-07:00,read,key-1,0.938,59,false,leader-w5r1,50
2026-04-03T20:50:33.284787-07:00,read,key-8,6.401,71,false,leader-w5r1,50
2026-04-03T20:50:33.288794-07:00,read,key-9,2.416,50,false,leader-w5r1,50
2026-04-03T20:50:33.291212-07:00,read,key-3,1.035,70,false,leader-w5r1,50
2026-04-03T20:50:33.291163-07:00,read,key-0,1.119,53,false,leader-w5r1,50
2026-04-03T20:50:33.29119-07:00,read,key-1,1.146,59,false,leader-w5r1,50
2026-04-03T20:50:33.292249-07:00,read,key-5,0.803,65,false,leader-w5r1,50
2026-04-03T20:50:33.292283-07:00,read,key-9,0.945,50,false,leader-w5r1,50
2026-04-03T20:50:33.289678-07:00,read,key-7,3.879,61,false,leader-w5r1,50
2026-04-03T20:50:33.284655-07:00,write,key-8,820.671,73,false,leader-w5r1,50
2026-04-03T20:50:33.29356-07:00,write,key-8,812.303,75,false,leader-w5r1,50
2026-04-03T20:50:33.288804-07:00,write,key-0,817.248,55,false,leader-w5r1,50
2026-04-03T20:50:33.293054-07:00,write,key-4,813.111,59,false,leader-w5r1,50
2026-04-03T20:50:33.289978-07:00,write,key-6,816.312,70,false,leader-w5r1,50
2026-04-03T20:50:33.292339-07:00,write,key-1,814.060,60,false,leader-w5r1,50
2026-04-03T20:50:33.288831-07:00,write,key-7,817.743,61,false,leader-w5r1,50
2026-04-03T20:50:33.284369-07:00,write,key-2,822.349,55,false,leader-w5r1,50
2026-04-03T20:50:33.289963-07:00,write,key-0,816.840,56,false,leader-w5r1,50
2026-04-03T20:50:33.288766-07:00,write,key-7,818.110,60,false,leader-w5r1,50
2026-04-03T20:50:33.284517-07:00,write,key-4,822.458,58,false,leader-w5r1,50
2026-04-03T20:50:33.284562-07:00,write,key-8,822.487,72,false,leader-w5r1,50
2026-04-03T20:50:33.289667-07:00,write,key-3,817.436,72,false,leader-w5r1,50
2026-04-03T20:50:33.284124-07:00,write,key-3,823.027,71,false,leader-w5r1,50
2026-04-03T20:50:33.285424-07:00,write,key-8,821.757,74,false,leader-w5r1,50
2026-04-03T20:50:33.288199-07:00,write,key-0,819.034,54,false,leader-w5r1,50
2026-04-03T20:50:33.288712-07:00,write,key-9,818.619,51,false,leader-w5r1,50
2026-04-03T20:50:33.29323-07:00,write,key-2,814.128,56,false,leader-w5r1,50
2026-04-03T20:50:33.290235-07:00,write,key-9,817.147,52,false,leader-w5r1,50
2026-04-03T20:50:33.288793-07:00,write,key-6,818.613,69,false,leader-w5r1,50
2026-04-03T20:50:34.105865-07:00,read,key-0,2.098,56,false,leader-w5r1,50
2026-04-03T20:50:34.106401-07:00,read,key-9,1.703,52,false,leader-w5r1,50
2026-04-03T20:50:34.106877-07:00,read,key-7,1.326,61,false,leader-w5r1,50
2026-04-03T20:50:34.106054-07:00,read,key-6,2.189,70,false,leader-w5r1,50
2026-04-03T20:50:34.107234-07:00,read,key-6,1.103,70,false,leader-w5r1,50
2026-04-03T20:50:34.106167-07:00,read,key-7,2.243,61,false,leader-w5r1,50
2026-04-03T20:50:34.107332-07:00,read,key-5,1.210,66,false,leader-w5r1,50
2026-04-03T20:50:34.107104-07:00,read,key-8,1.528,75,false,leader-w5r1,50
2026-04-03T20:50:34.106976-07:00,read,key-7,1.730,63,false,leader-w5r1,50
2026-04-03T20:50:34.107383-07:00,read,key-0,1.390,56,false,leader-w5r1,50
2026-04-03T20:50:34.108106-07:00,read,key-5,1.011,65,false,leader-w5r1,50
2026-04-03T20:50:34.108339-07:00,read,key-8,1.151,75,false,leader-w5r1,50
2026-04-03T20:50:34.108245-07:00,read,key-5,1.256,65,false,leader-w5r1,50
2026-04-03T20:50:34.10871-07:00,read,key-2,0.863,56,false,leader-w5r1,50
2026-04-03T20:50:34.108206-07:00,read,key-3,1.375,74,false,leader-w5r1,50
2026-04-03T20:50:34.107969-07:00,read,key-6,1.657,70,false,leader-w5r1,50
2026-04-03T20:50:34.109118-07:00,read,key-9,0.694,52,false,leader-w5r1,50
2026-04-03T20:50:34.109493-07:00,read,key-5,0.693,65,false,leader-w5r1,50
2026-04-03T20:50:34.109503-07:00,read,key-8,0.830,75,false,leader-w5r1,50
2026-04-03T20:50:34.109574-07:00,read,key-2,0.804,56,false,leader-w5r1,50
2026-04-03T20:50:34.110187-07:00,read,key-4,1.217,59,false,leader-w5r1,50
2026-04-03T20:50:34.110337-07:00,read,key-6,1.103,70,false,leader-w5r1,50
2026-04-03T20:50:34.108412-07:00,write,key-4,813.229,63,false,leader-w5r1,50
2026-04-03T20:50:34.108775-07:00,write,key-1,813.230,63,false,leader-w5r1,50
2026-04-03T20:50:34.106804-07:00,write,key-5,815.296,66,false,leader-w5r1,50
2026-04-03T20:50:34.10736-07:00,write,key-4,814.841,62,false,leader-w5r1,50
2026-04-03T20:50:34.111407-07:00,write,key-0,810.914,57,false,leader-w5r1,50
2026-04-03T20:50:34.108634-07:00,write,key-4,813.780,64,false,leader-w5r1,50
2026-04-03T20:50:34.109628-07:00,write,key-3,813.021,75,false,leader-w5r1,50
2026-04-03T20:50:34.108545-07:00,write,key-5,814.384,67,false,leader-w5r1,50
2026-04-03T20:50:34.106291-07:00,write,key-7,816.641,63,false,leader-w5r1,50
2026-04-03T20:50:34.107151-07:00,write,key-3,815.824,73,false,leader-w5r1,50
2026-04-03T20:50:34.109814-07:00,write,key-9,813.213,53,false,leader-w5r1,50
2026-04-03T20:50:34.107406-07:00,write,key-3,815.757,74,false,leader-w5r1,50
2026-04-03T20:50:34.10705-07:00,write,key-4,816.200,61,false,leader-w5r1,50
2026-04-03T20:50:34.10672-07:00,write,key-7,816.577,62,false,leader-w5r1,50
2026-04-03T20:50:34.111442-07:00,write,key-6,811.895,71,false,leader-w5r1,50
2026-04-03T20:50:34.110381-07:00,write,key-6,813.030,72,false,leader-w5r1,50
2026-04-03T20:50:34.106576-07:00,write,key-4,816.912,60,false,leader-w5r1,50
2026-04-03T20:50:34.105343-07:00,write,key-1,818.176,61,false,leader-w5r1,50
2026-04-03T20:50:34.107182-07:00,write,key-1,816.361,62,false,leader-w5r1,50
2026-04-03T20:50:34.109582-07:00,write,key-8,813.980,76,false,leader-w5r1,50
2026-04-03T20:50:34.921653-07:00,read,key-6,3.213,72,false,leader-w5r1,50
2026-04-03T20:50:34.923028-07:00,read,key-3,2.022,75,false,leader-w5r1,50
2026-04-03T20:50:34.923489-07:00,read,key-2,1.660,56,false,leader-w5r1,50
2026-04-03T20:50:34.923412-07:00,read,key-8,1.844,76,false,leader-w5r1,50
2026-04-03T20:50:34.923337-07:00,read,key-2,1.980,56,false,leader-w5r1,50
2026-04-03T20:50:34.922651-07:00,read,key-9,2.732,53,false,leader-w5r1,50
2026-04-03T20:50:34.923164-07:00,read,key-0,2.317,57,false,leader-w5r1,50
2026-04-03T20:50:34.924873-07:00,read,key-6,2.813,74,false,leader-w5r1,50
2026-04-03T20:50:34.925053-07:00,read,key-4,2.839,64,false,leader-w5r1,50
2026-04-03T20:50:34.925319-07:00,read,key-3,2.663,75,false,leader-w5r1,50
2026-04-03T20:50:34.923544-07:00,read,key-1,4.492,63,false,leader-w5r1,50
2026-04-03T20:50:34.92769-07:00,read,key-2,1.487,56,false,leader-w5r1,50
2026-04-03T20:50:34.928037-07:00,read,key-9,1.151,53,false,leader-w5r1,50
2026-04-03T20:50:34.929192-07:00,write,key-6,809.840,75,false,leader-w5r1,50
2026-04-03T20:50:34.925483-07:00,write,key-3,813.845,80,false,leader-w5r1,50
2026-04-03T20:50:34.923298-07:00,write,key-6,816.167,74,false,leader-w5r1,50
2026-04-03T20:50:34.922416-07:00,write,key-3,817.150,78,false,leader-w5r1,50
2026-04-03T20:50:34.922103-07:00,write,key-3,817.560,76,false,leader-w5r1,50
2026-04-03T20:50:34.927984-07:00,write,key-3,811.809,81,false,leader-w5r1,50
2026-04-03T20:50:34.922934-07:00,write,key-6,816.952,73,false,leader-w5r1,50
2026-04-03T20:50:34.922976-07:00,write,key-3,817.388,77,false,leader-w5r1,50
2026-04-03T20:50:34.923563-07:00,write,key-9,816.848,54,false,leader-w5r1,50
2026-04-03T20:50:34.92352-07:00,write,key-7,816.926,65,false,leader-w5r1,50
2026-04-03T20:50:34.927895-07:00,write,key-0,812.563,58,false,leader-w5r1,50
2026-04-03T20:50:34.922007-07:00,write,key-1,818.521,64,false,leader-w5r1,50
2026-04-03T20:50:34.929183-07:00,write,key-8,811.406,77,false,leader-w5r1,50
2026-04-03T20:50:34.922202-07:00,write,key-2,818.460,57,false,leader-w5r1,50
2026-04-03T20:50:34.923251-07:00,write,key-2,817.455,58,false,leader-w5r1,50
2026-04-03T20:50:34.92293-07:00,write,key-7,817.801,64,false,leader-w5r1,50
2026-04-03T20:50:34.925385-07:00,write,key-2,815.357,59,false,leader-w5r1,50
2026-04-03T20:50:34.925151-07:00,write,key-3,815.624,79,false,leader-w5r1,50
2026-04-03T20:50:34.925259-07:00,write,key-3,815.525,82,false,leader-w5r1,50
2026-04-03T20:50:34.922324-07:00,write,key-9,818.487,55,false,leader-w5r1,50
2026-04-03T20:50:35.740365-07:00,read,key-1,1.287,64,false,leader-w5r1,50
2026-04-03T20:50:35.739887-07:00,read,key-3,1.889,82,false,leader-w5r1,50
2026-04-03T20:50:35.740448-07:00,read,key-4,1.410,64,false,leader-w5r1,50
2026-04-03T20:50:35.739332-07:00,read,key-3,2.608,82,false,leader-w5r1,50
2026-04-03T20:50:35.739665-07:00,read,key-5,2.329,67,false,leader-w5r1,50
2026-04-03T20:50:35.740459-07:00,read,key-1,2.146,64,false,leader-w5r1,50
2026-04-03T20:50:35.741656-07:00,read,key-2,1.053,59,false,leader-w5r1,50
2026-04-03T20:50:35.741778-07:00,read,key-6,1.214,75,false,leader-w5r1,50
2026-04-03T20:50:35.741996-07:00,read,key-0,1.027,58,false,leader-w5r1,50
2026-04-03T20:50:35.740744-07:00,read,key-1,2.284,64,false,leader-w5r1,50
2026-04-03T20:50:35.743031-07:00,read,key-1,0.435,64,false,leader-w5r1,50
2026-04-03T20:50:35.742608-07:00,read,key-2,0.874,59,false,leader-w5r1,50
2026-04-03T20:50:35.740732-07:00,read,key-8,2.759,77,false,leader-w5r1,50
2026-04-03T20:50:35.743493-07:00,read,key-6,1.103,75,false,leader-w5r1,50
2026-04-03T20:50:35.743467-07:00,read,key-5,1.590,67,false,leader-w5r1,50
2026-04-03T20:50:35.742712-07:00,read,key-1,3.810,64,false,leader-w5r1,50
2026-04-03T20:50:35.740776-07:00,read,key-9,5.745,57,false,leader-w5r1,50
2026-04-03T20:50:35.740785-07:00,read,key-7,5.758,66,false,leader-w5r1,50
2026-04-03T20:50:35.746525-07:00,read,key-3,0.422,82,false,leader-w5r1,50
2026-04-03T20:50:35.743026-07:00,write,key-0,809.306,60,false,leader-w5r1,50
2026-04-03T20:50:35.745059-07:00,write,key-4,807.301,68,false,leader-w5r1,50
2026-04-03T20:50:35.746545-07:00,write,key-6,810.315,78,false,leader-w5r1,50
2026-04-03T20:50:35.74186-07:00,write,key-4,815.155,67,false,leader-w5r1,50
2026-04-03T20:50:35.746524-07:00,write,key-4,810.551,70,false,leader-w5r1,50
2026-04-03T20:50:35.739567-07:00,write,key-5,817.517,68,false,leader-w5r1,50
2026-04-03T20:50:35.739795-07:00,write,key-6,817.345,76,false,leader-w5r1,50
2026-04-03T20:50:35.742995-07:00,write,key-2,814.157,61,false,leader-w5r1,50
2026-04-03T20:50:35.739466-07:00,write,key-7,817.753,66,false,leader-w5r1,50
2026-04-03T20:50:35.740707-07:00,write,key-6,816.928,77,false,leader-w5r1,50
2026-04-03T20:50:36.552347-07:00,read,key-6,5.327,79,false,leader-w5r1,50
2026-04-03T20:50:35.746949-07:00,write,key-6,810.734,79,false,leader-w5r1,50
2026-04-03T20:50:35.740412-07:00,write,key-9,817.315,56,false,leader-w5r1,50
2026-04-03T20:50:35.740528-07:00,write,key-0,817.241,59,false,leader-w5r1,50
2026-04-03T20:50:35.741944-07:00,write,key-4,815.832,66,false,leader-w5r1,50
2026-04-03T20:50:35.743484-07:00,write,key-4,814.324,65,false,leader-w5r1,50
2026-04-03T20:50:35.740811-07:00,write,key-2,817.028,62,false,leader-w5r1,50
2026-04-03T20:50:35.739046-07:00,write,key-8,818.827,78,false,leader-w5r1,50
2026-04-03T20:50:35.744598-07:00,write,key-4,813.283,69,false,leader-w5r1,50
2026-04-03T20:50:35.740664-07:00,write,key-9,817.251,57,false,leader-w5r1,50
2026-04-03T20:50:35.74059-07:00,write,key-2,817.358,60,false,leader-w5r1,50
2026-04-03T20:50:36.552364-07:00,read,key-3,5.590,82,false,leader-w5r1,50
2026-04-03T20:50:36.556865-07:00,read,key-1,1.316,64,false,leader-w5r1,50
2026-04-03T20:50:36.557155-07:00,read,key-3,1.082,82,false,leader-w5r1,50
2026-04-03T20:50:36.557219-07:00,read,key-6,1.470,79,false,leader-w5r1,50
2026-04-03T20:50:36.557728-07:00,read,key-6,1.148,79,false,leader-w5r1,50
2026-04-03T20:50:36.55784-07:00,read,key-8,1.289,78,false,leader-w5r1,50
2026-04-03T20:50:36.558239-07:00,read,key-5,1.065,68,false,leader-w5r1,50
2026-04-03T20:50:36.558185-07:00,read,key-3,1.283,82,false,leader-w5r1,50
2026-04-03T20:50:36.558692-07:00,read,key-6,0.812,79,false,leader-w5r1,50
2026-04-03T20:50:36.558878-07:00,read,key-6,0.925,79,false,leader-w5r1,50
2026-04-03T20:50:36.559131-07:00,read,key-0,0.774,60,false,leader-w5r1,50
2026-04-03T20:50:36.559306-07:00,read,key-1,0.623,64,false,leader-w5r1,50
2026-04-03T20:50:36.559805-07:00,read,key-6,1.031,79,false,leader-w5r1,50
2026-04-03T20:50:36.559907-07:00,read,key-0,1.130,60,false,leader-w5r1,50
2026-04-03T20:50:36.557076-07:00,write,key-0,818.313,62,false,leader-w5r1,50
2026-04-03T20:50:36.560839-07:00,write,key-1,814.821,67,false,leader-w5r1,50
2026-04-03T20:50:36.557809-07:00,write,key-1,817.991,68,false,leader-w5r1,50
2026-04-03T20:50:36.559507-07:00,write,key-4,816.555,73,false,leader-w5r1,50
2026-04-03T20:50:36.55993-07:00,write,key-5,816.212,69,false,leader-w5r1,50
2026-04-03T20:50:36.55714-07:00,write,key-7,819.030,67,false,leader-w5r1,50
2026-04-03T20:50:36.557882-07:00,write,key-0,819.286,63,false,leader-w5r1,50
2026-04-03T20:50:36.557949-07:00,write,key-7,819.247,69,false,leader-w5r1,50
2026-04-03T20:50:36.557916-07:00,write,key-9,819.326,59,false,leader-w5r1,50
2026-04-03T20:50:36.557637-07:00,write,key-7,819.675,68,false,leader-w5r1,50
2026-04-03T20:50:36.557683-07:00,write,key-4,819.705,71,false,leader-w5r1,50
2026-04-03T20:50:36.557777-07:00,write,key-1,819.704,66,false,leader-w5r1,50
2026-04-03T20:50:36.55947-07:00,write,key-1,818.057,69,false,leader-w5r1,50
2026-04-03T20:50:36.557958-07:00,write,key-2,819.573,64,false,leader-w5r1,50
2026-04-03T20:50:36.557016-07:00,write,key-0,820.617,61,false,leader-w5r1,50
2026-04-03T20:50:36.561038-07:00,write,key-4,816.596,74,false,leader-w5r1,50
2026-04-03T20:50:36.557085-07:00,write,key-2,820.608,63,false,leader-w5r1,50
2026-04-03T20:50:36.557681-07:00,write,key-4,820.059,72,false,leader-w5r1,50
2026-04-03T20:50:36.557874-07:00,write,key-9,819.972,58,false,leader-w5r1,50
2026-04-03T20:50:36.55777-07:00,write,key-1,820.146,65,false,leader-w5r1,50
2026-04-03T20:50:37.376172-07:00,read,key-4,2.758,74,false,leader-w5r1,50
2026-04-03T20:50:37.376063-07:00,read,key-7,2.996,69,false,leader-w5r1,50
2026-04-03T20:50:37.375663-07:00,read,key-2,3.571,64,false,leader-w5r1,50
2026-04-03T20:50:37.375802-07:00,read,key-1,3.512,69,false,leader-w5r1,50
2026-04-03T20:50:37.377527-07:00,read,key-4,1.885,74,false,leader-w5r1,50
2026-04-03T20:50:37.377242-07:00,read,key-8,2.225,78,false,leader-w5r1,50
2026-04-03T20:50:37.377532-07:00,read,key-5,2.010,69,false,leader-w5r1,50
2026-04-03T20:50:37.377741-07:00,read,key-6,1.876,79,false,leader-w5r1,50
2026-04-03T20:50:37.377636-07:00,read,key-0,2.034,63,false,leader-w5r1,50
2026-04-03T20:50:37.377197-07:00,read,key-6,2.534,79,false,leader-w5r1,50
2026-04-03T20:50:37.379415-07:00,read,key-4,0.720,74,false,leader-w5r1,50
2026-04-03T20:50:37.379543-07:00,read,key-3,0.782,82,false,leader-w5r1,50
2026-04-03T20:50:37.379619-07:00,read,key-7,0.978,69,false,leader-w5r1,50
2026-04-03T20:50:37.380328-07:00,read,key-5,0.527,69,false,leader-w5r1,50
2026-04-03T20:50:37.380599-07:00,read,key-9,0.871,59,false,leader-w5r1,50
2026-04-03T20:50:37.380856-07:00,read,key-3,0.721,82,false,leader-w5r1,50
2026-04-03T20:50:37.381472-07:00,read,key-5,1.265,71,false,leader-w5r1,50
2026-04-03T20:50:37.379469-07:00,read,key-7,3.338,70,false,leader-w5r1,50
2026-04-03T20:50:37.380137-07:00,read,key-0,2.677,64,false,leader-w5r1,50
2026-04-03T20:50:37.382816-07:00,read,key-0,0.418,63,false,leader-w5r1,50
2026-04-03T20:50:37.383235-07:00,read,key-4,1.000,74,false,leader-w5r1,50
2026-04-03T20:50:37.382739-07:00,write,key-5,813.011,72,false,leader-w5r1,50
2026-04-03T20:50:37.378934-07:00,write,key-5,817.033,70,false,leader-w5r1,50
2026-04-03T20:50:37.379671-07:00,write,key-5,816.362,71,false,leader-w5r1,50
2026-04-03T20:50:37.379318-07:00,write,key-6,816.781,81,false,leader-w5r1,50
2026-04-03T20:50:37.377169-07:00,write,key-7,818.985,70,false,leader-w5r1,50
2026-04-03T20:50:37.377389-07:00,write,key-1,818.858,70,false,leader-w5r1,50
2026-04-03T20:50:37.377694-07:00,write,key-3,818.597,86,false,leader-w5r1,50
2026-04-03T20:50:37.381578-07:00,write,key-8,814.824,79,false,leader-w5r1,50
2026-04-03T20:50:37.377847-07:00,write,key-9,818.608,60,false,leader-w5r1,50
2026-04-03T20:50:37.379733-07:00,write,key-9,816.747,63,false,leader-w5r1,50
2026-04-03T20:50:37.377634-07:00,write,key-0,818.921,64,false,leader-w5r1,50
2026-04-03T20:50:37.377917-07:00,write,key-3,818.733,85,false,leader-w5r1,50
2026-04-03T20:50:37.382808-07:00,write,key-0,813.843,65,false,leader-w5r1,50
2026-04-03T20:50:37.379238-07:00,write,key-6,817.468,82,false,leader-w5r1,50
2026-04-03T20:50:37.377481-07:00,write,key-9,819.279,61,false,leader-w5r1,50
2026-04-03T20:50:37.379063-07:00,write,key-9,817.800,62,false,leader-w5r1,50
2026-04-03T20:50:37.377312-07:00,write,key-6,819.697,80,false,leader-w5r1,50
2026-04-03T20:50:37.384238-07:00,write,key-0,812.826,66,false,leader-w5r1,50
2026-04-03T20:50:37.375402-07:00,write,key-3,821.715,83,false,leader-w5r1,50
2026-04-03T20:50:37.376143-07:00,write,key-3,821.014,84,false,leader-w5r1,50
2026-04-03T20:50:38.196155-07:00,read,key-5,1.504,72,false,leader-w5r1,50
2026-04-03T20:50:38.196761-07:00,read,key-7,1.622,70,false,leader-w5r1,50
2026-04-03T20:50:38.196293-07:00,read,key-0,2.302,66,false,leader-w5r1,50
2026-04-03T20:50:38.196556-07:00,read,key-2,2.053,64,false,leader-w5r1,50
2026-04-03T20:50:38.196248-07:00,read,key-7,2.425,70,false,leader-w5r1,50
2026-04-03T20:50:38.196706-07:00,read,key-9,1.998,63,false,leader-w5r1,50
2026-04-03T20:50:38.196651-07:00,read,key-8,2.119,79,false,leader-w5r1,50
2026-04-03T20:50:38.196864-07:00,read,key-5,1.919,72,false,leader-w5r1,50
2026-04-03T20:50:38.196652-07:00,read,key-6,2.299,82,false,leader-w5r1,50
2026-04-03T20:50:38.197663-07:00,read,key-2,1.424,64,false,leader-w5r1,50
2026-04-03T20:50:38.198612-07:00,read,key-9,0.836,63,false,leader-w5r1,50
2026-04-03T20:50:38.198772-07:00,read,key-5,0.734,72,false,leader-w5r1,50
2026-04-03T20:50:38.198677-07:00,read,key-6,0.886,82,false,leader-w5r1,50
2026-04-03T20:50:38.198707-07:00,read,key-0,0.937,66,false,leader-w5r1,50
2026-04-03T20:50:38.199564-07:00,read,key-1,0.994,70,false,leader-w5r1,50
2026-04-03T20:50:38.199449-07:00,read,key-9,1.149,63,false,leader-w5r1,50
2026-04-03T20:50:38.2006-07:00,read,key-9,0.566,63,false,leader-w5r1,50
2026-04-03T20:50:38.195762-07:00,write,key-5,821.365,73,false,leader-w5r1,50
2026-04-03T20:50:38.195968-07:00,write,key-2,821.474,65,false,leader-w5r1,50
2026-04-03T20:50:38.19701-07:00,write,key-4,820.685,75,false,leader-w5r1,50
2026-04-03T20:50:38.198786-07:00,write,key-3,819.015,88,false,leader-w5r1,50
2026-04-03T20:50:38.199646-07:00,write,key-3,818.248,89,false,leader-w5r1,50
2026-04-03T20:50:38.197157-07:00,write,key-7,820.870,71,false,leader-w5r1,50
2026-04-03T20:50:38.196101-07:00,write,key-9,822.004,64,false,leader-w5r1,50
2026-04-03T20:50:38.196481-07:00,write,key-3,821.697,87,false,leader-w5r1,50
2026-04-03T20:50:38.197065-07:00,write,key-8,821.245,82,false,leader-w5r1,50
2026-04-03T20:50:38.198597-07:00,write,key-0,820.045,69,false,leader-w5r1,50
2026-04-03T20:50:38.199088-07:00,write,key-7,819.554,72,false,leader-w5r1,50
2026-04-03T20:50:38.196404-07:00,write,key-8,822.283,81,false,leader-w5r1,50
2026-04-03T20:50:38.20056-07:00,write,key-8,818.180,84,false,leader-w5r1,50
2026-04-03T20:50:38.197118-07:00,write,key-8,821.747,83,false,leader-w5r1,50
2026-04-03T20:50:38.199507-07:00,write,key-4,819.436,76,false,leader-w5r1,50
2026-04-03T20:50:38.196456-07:00,write,key-0,822.506,67,false,leader-w5r1,50
2026-04-03T20:50:38.201167-07:00,write,key-9,817.844,65,false,leader-w5r1,50
2026-04-03T20:50:38.196034-07:00,write,key-8,822.994,80,false,leader-w5r1,50
2026-04-03T20:50:38.198953-07:00,write,key-2,820.126,66,false,leader-w5r1,50
2026-04-03T20:50:38.198386-07:00,write,key-0,820.695,68,false,leader-w5r1,50
2026-04-03T20:50:39.017445-07:00,read,key-1,3.108,70,false,leader-w5r1,50
2026-04-03T20:50:39.018028-07:00,read,key-1,2.640,70,false,leader-w5r1,50
2026-04-03T20:50:39.018865-07:00,read,key-1,1.825,70,false,leader-w5r1,50
2026-04-03T20:50:39.019011-07:00,read,key-0,1.686,69,false,leader-w5r1,50
2026-04-03T20:50:39.018741-07:00,read,key-1,2.035,70,false,leader-w5r1,50
2026-04-03T20:50:39.018962-07:00,read,key-3,1.837,89,false,leader-w5r1,50
2026-04-03T20:50:39.018311-07:00,read,key-7,2.516,72,false,leader-w5r1,50
2026-04-03T20:50:39.017146-07:00,read,key-2,3.788,66,false,leader-w5r1,50
2026-04-03T20:50:39.020558-07:00,read,key-1,1.068,70,false,leader-w5r1,50
2026-04-03T20:50:39.020692-07:00,read,key-5,0.971,73,false,leader-w5r1,50
2026-04-03T20:50:39.019079-07:00,read,key-9,2.634,65,false,leader-w5r1,50
2026-04-03T20:50:39.019082-07:00,read,key-3,2.643,89,false,leader-w5r1,50
2026-04-03T20:50:39.020778-07:00,read,key-2,1.615,66,false,leader-w5r1,50
2026-04-03T20:50:39.021716-07:00,read,key-1,0.698,70,false,leader-w5r1,50
2026-04-03T20:50:39.021629-07:00,read,key-0,2.051,70,false,leader-w5r1,50
2026-04-03T20:50:39.022395-07:00,read,key-8,1.645,85,false,leader-w5r1,50
2026-04-03T20:50:39.024041-07:00,read,key-6,0.472,82,false,leader-w5r1,50
2026-04-03T20:50:39.019029-07:00,write,key-2,821.129,67,false,leader-w5r1,50
2026-04-03T20:50:39.018106-07:00,write,key-9,822.431,67,false,leader-w5r1,50
2026-04-03T20:50:39.018179-07:00,write,key-9,822.445,70,false,leader-w5r1,50
2026-04-03T20:50:39.021726-07:00,write,key-6,818.923,84,false,leader-w5r1,50
2026-04-03T20:50:39.018944-07:00,write,key-9,821.776,68,false,leader-w5r1,50
2026-04-03T20:50:39.020829-07:00,write,key-1,819.895,71,false,leader-w5r1,50
2026-04-03T20:50:39.018643-07:00,write,key-9,822.155,69,false,leader-w5r1,50
2026-04-03T20:50:39.018687-07:00,write,key-8,822.152,85,false,leader-w5r1,50
2026-04-03T20:50:39.020701-07:00,write,key-6,820.155,83,false,leader-w5r1,50
2026-04-03T20:50:39.021665-07:00,write,key-4,819.227,77,false,leader-w5r1,50
2026-04-03T20:50:39.020672-07:00,write,key-3,820.237,90,false,leader-w5r1,50
2026-04-03T20:50:39.018644-07:00,write,key-9,822.314,66,false,leader-w5r1,50
2026-04-03T20:50:39.017894-07:00,write,key-9,823.240,71,false,leader-w5r1,50
2026-04-03T20:50:39.022418-07:00,write,key-5,818.789,75,false,leader-w5r1,50
2026-04-03T20:50:39.017802-07:00,write,key-0,823.450,70,false,leader-w5r1,50
2026-04-03T20:50:39.020801-07:00,write,key-2,820.504,68,false,leader-w5r1,50
2026-04-03T20:50:39.02094-07:00,write,key-5,820.459,74,false,leader-w5r1,50
2026-04-03T20:50:39.840167-07:00,read,key-6,1.234,84,false,leader-w5r1,50
2026-04-03T20:50:39.017697-07:00,write,key-7,823.760,73,false,leader-w5r1,50
2026-04-03T20:50:39.024516-07:00,write,key-0,816.946,71,false,leader-w5r1,50
2026-04-03T20:50:39.023683-07:00,write,key-5,817.926,76,false,leader-w5r1,50
2026-04-03T20:50:39.84072-07:00,read,key-5,1.093,77,false,leader-w5r1,50
2026-04-03T20:50:39.84091-07:00,read,key-8,1.030,85,false,leader-w5r1,50
2026-04-03T20:50:39.840857-07:00,read,key-7,1.114,73,false,leader-w5r1,50
2026-04-03T20:50:39.8414-07:00,read,key-5,1.402,76,false,leader-w5r1,50
2026-04-03T20:50:39.841457-07:00,read,key-3,1.392,91,false,leader-w5r1,50
2026-04-03T20:50:39.841305-07:00,read,key-0,1.552,71,false,leader-w5r1,50
2026-04-03T20:50:39.841253-07:00,read,key-7,1.677,73,false,leader-w5r1,50
2026-04-03T20:50:39.841207-07:00,read,key-1,1.750,71,false,leader-w5r1,50
2026-04-03T20:50:39.841462-07:00,read,key-1,1.533,71,false,leader-w5r1,50
2026-04-03T20:50:39.842932-07:00,read,key-7,0.710,73,false,leader-w5r1,50
2026-04-03T20:50:39.842851-07:00,read,key-7,0.875,73,false,leader-w5r1,50
2026-04-03T20:50:39.840724-07:00,write,key-0,820.675,74,false,leader-w5r1,50
2026-04-03T20:50:39.842859-07:00,write,key-8,818.779,87,false,leader-w5r1,50
2026-04-03T20:50:39.841135-07:00,write,key-9,820.607,72,false,leader-w5r1,50
2026-04-03T20:50:39.841406-07:00,write,key-1,820.369,73,false,leader-w5r1,50
2026-04-03T20:50:39.84161-07:00,write,key-8,820.256,86,false,leader-w5r1,50
2026-04-03T20:50:39.841942-07:00,write,key-7,819.989,74,false,leader-w5r1,50
2026-04-03T20:50:39.840651-07:00,write,key-1,821.332,72,false,leader-w5r1,50
2026-04-03T20:50:39.842997-07:00,write,key-1,819.020,75,false,leader-w5r1,50
2026-04-03T20:50:39.841816-07:00,write,key-3,820.387,92,false,leader-w5r1,50
2026-04-03T20:50:39.842804-07:00,write,key-4,819.454,78,false,leader-w5r1,50
2026-04-03T20:50:39.84084-07:00,write,key-2,821.478,69,false,leader-w5r1,50
2026-04-03T20:50:39.843645-07:00,write,key-5,818.732,79,false,leader-w5r1,50
2026-04-03T20:50:39.840625-07:00,write,key-5,821.883,77,false,leader-w5r1,50
2026-04-03T20:50:39.840538-07:00,write,key-3,822.012,91,false,leader-w5r1,50
2026-04-03T20:50:39.840893-07:00,write,key-0,821.695,72,false,leader-w5r1,50
2026-04-03T20:50:39.843729-07:00,write,key-0,818.969,75,false,leader-w5r1,50
2026-04-03T20:50:39.841973-07:00,write,key-1,821.444,74,false,leader-w5r1,50
2026-04-03T20:50:39.841088-07:00,write,key-5,822.375,78,false,leader-w5r1,50
2026-04-03T20:50:39.842959-07:00,write,key-9,820.600,73,false,leader-w5r1,50
2026-04-03T20:50:39.840799-07:00,write,key-0,822.918,73,false,leader-w5r1,50
2026-04-03T20:50:40.662379-07:00,read,key-2,3.664,69,false,leader-w5r1,50
2026-04-03T20:50:40.66141-07:00,read,key-7,4.928,74,false,leader-w5r1,50
2026-04-03T20:50:40.661745-07:00,read,key-4,4.608,78,false,leader-w5r1,50
2026-04-03T20:50:40.662019-07:00,read,key-3,4.378,92,false,leader-w5r1,50
2026-04-03T20:50:40.661932-07:00,read,key-3,4.641,93,false,leader-w5r1,50
2026-04-03T20:50:40.666399-07:00,read,key-0,1.095,75,false,leader-w5r1,50
2026-04-03T20:50:40.666576-07:00,read,key-2,0.996,69,false,leader-w5r1,50
2026-04-03T20:50:40.661984-07:00,read,key-3,5.602,92,false,leader-w5r1,50
2026-04-03T20:50:40.666347-07:00,read,key-5,1.239,79,false,leader-w5r1,50
2026-04-03T20:50:40.667497-07:00,read,key-4,0.770,78,false,leader-w5r1,50
2026-04-03T20:50:40.667592-07:00,read,key-1,0.745,75,false,leader-w5r1,50
2026-04-03T20:50:40.668339-07:00,read,key-7,0.845,74,false,leader-w5r1,50
2026-04-03T20:50:40.666046-07:00,read,key-2,3.375,70,false,leader-w5r1,50
2026-04-03T20:50:40.667573-07:00,read,key-6,2.162,85,false,leader-w5r1,50
2026-04-03T20:50:40.669423-07:00,read,key-1,0.895,75,false,leader-w5r1,50
2026-04-03T20:50:40.669185-07:00,read,key-9,1.133,73,false,leader-w5r1,50
2026-04-03T20:50:40.669738-07:00,read,key-1,0.793,75,false,leader-w5r1,50
2026-04-03T20:50:40.67032-07:00,read,key-5,0.503,79,false,leader-w5r1,50
2026-04-03T20:50:40.670533-07:00,read,key-9,0.346,73,false,leader-w5r1,50
2026-04-03T20:50:40.670825-07:00,read,key-3,0.422,92,false,leader-w5r1,50
2026-04-03T20:50:40.67088-07:00,read,key-0,0.367,75,false,leader-w5r1,50
2026-04-03T20:50:40.671248-07:00,read,key-1,0.291,75,false,leader-w5r1,50
2026-04-03T20:50:40.671247-07:00,read,key-8,0.320,89,false,leader-w5r1,50
2026-04-03T20:50:40.67154-07:00,read,key-4,0.304,78,false,leader-w5r1,50
2026-04-03T20:50:40.671844-07:00,read,key-4,0.337,78,false,leader-w5r1,50
2026-04-03T20:50:40.672183-07:00,read,key-0,0.261,75,false,leader-w5r1,50
2026-04-03T20:50:40.667589-07:00,write,key-6,813.083,85,false,leader-w5r1,50
2026-04-03T20:50:40.67032-07:00,write,key-9,810.594,76,false,leader-w5r1,50
2026-04-03T20:50:40.663718-07:00,write,key-2,817.304,71,false,leader-w5r1,50
2026-04-03T20:50:40.661867-07:00,write,key-2,819.844,70,false,leader-w5r1,50
2026-04-03T20:50:40.672445-07:00,write,key-4,809.323,81,false,leader-w5r1,50
2026-04-03T20:50:40.663418-07:00,write,key-6,818.405,86,false,leader-w5r1,50
2026-04-03T20:50:40.662203-07:00,write,key-5,819.685,80,false,leader-w5r1,50
2026-04-03T20:50:40.671569-07:00,write,key-4,810.704,80,false,leader-w5r1,50
2026-04-03T20:50:40.663559-07:00,write,key-1,818.838,78,false,leader-w5r1,50
2026-04-03T20:50:40.662318-07:00,write,key-3,820.198,93,false,leader-w5r1,50
2026-04-03T20:50:40.662699-07:00,write,key-9,819.910,75,false,leader-w5r1,50
2026-04-03T20:50:40.66164-07:00,write,key-8,821.054,88,false,leader-w5r1,50
2026-04-03T20:50:40.661777-07:00,write,key-7,821.022,75,false,leader-w5r1,50
2026-04-03T20:50:40.662259-07:00,write,key-5,820.655,81,false,leader-w5r1,50
2026-04-03T20:50:40.66827-07:00,write,key-8,814.721,89,false,leader-w5r1,50
2026-04-03T20:50:40.663463-07:00,write,key-1,819.578,77,false,leader-w5r1,50
2026-04-03T20:50:40.666357-07:00,write,key-4,816.723,79,false,leader-w5r1,50
2026-04-03T20:50:40.662588-07:00,write,key-9,820.535,74,false,leader-w5r1,50
2026-04-03T20:50:40.66251-07:00,write,key-1,820.652,76,false,leader-w5r1,50
2026-04-03T20:50:40.662551-07:00,write,key-0,821.344,76,false,leader-w5r1,50
2026-04-03T20:50:41.482799-07:00,read,key-9,3.112,76,false,leader-w5r1,50
2026-04-03T20:50:41.482517-07:00,read,key-7,3.432,75,false,leader-w5r1,50
2026-04-03T20:50:41.480915-07:00,read,key-4,5.044,81,false,leader-w5r1,50
2026-04-03T20:50:41.481888-07:00,read,key-7,4.149,75,false,leader-w5r1,50
2026-04-03T20:50:41.483897-07:00,read,key-3,2.285,93,false,leader-w5r1,50
2026-04-03T20:50:41.481022-07:00,read,key-9,5.172,76,false,leader-w5r1,50
2026-04-03T20:50:41.481769-07:00,read,key-1,4.427,78,false,leader-w5r1,50
2026-04-03T20:50:41.482609-07:00,read,key-9,3.638,76,false,leader-w5r1,50
2026-04-03T20:50:41.481824-07:00,read,key-7,4.423,75,false,leader-w5r1,50
2026-04-03T20:50:41.482398-07:00,read,key-9,5.369,76,false,leader-w5r1,50
2026-04-03T20:50:41.486187-07:00,read,key-7,1.607,75,false,leader-w5r1,50
2026-04-03T20:50:41.482694-07:00,read,key-9,5.157,76,false,leader-w5r1,50
2026-04-03T20:50:41.485954-07:00,read,key-2,1.947,72,false,leader-w5r1,50
2026-04-03T20:50:41.485915-07:00,read,key-7,2.969,75,false,leader-w5r1,50
2026-04-03T20:50:41.483162-07:00,read,key-3,6.306,93,false,leader-w5r1,50
2026-04-03T20:50:41.485965-07:00,read,key-0,4.066,77,false,leader-w5r1,50
2026-04-03T20:50:41.483123-07:00,read,key-0,6.955,76,false,leader-w5r1,50
2026-04-03T20:50:41.488888-07:00,read,key-3,1.267,93,false,leader-w5r1,50
2026-04-03T20:50:41.487795-07:00,read,key-7,2.633,77,false,leader-w5r1,50
2026-04-03T20:50:41.48947-07:00,read,key-0,1.133,76,false,leader-w5r1,50
2026-04-03T20:50:41.490081-07:00,read,key-7,0.740,75,false,leader-w5r1,50
2026-04-03T20:50:41.490032-07:00,read,key-3,1.042,93,false,leader-w5r1,50
2026-04-03T20:50:41.49043-07:00,read,key-8,1.094,89,false,leader-w5r1,50
2026-04-03T20:50:41.482992-07:00,write,key-7,816.676,76,false,leader-w5r1,50
2026-04-03T20:50:41.482274-07:00,write,key-8,817.495,90,false,leader-w5r1,50
2026-04-03T20:50:41.482915-07:00,write,key-2,816.753,72,false,leader-w5r1,50
2026-04-03T20:50:41.483042-07:00,write,key-4,816.916,82,false,leader-w5r1,50
2026-04-03T20:50:41.480684-07:00,write,key-0,819.333,77,false,leader-w5r1,50
2026-04-03T20:50:41.481712-07:00,write,key-9,818.380,77,false,leader-w5r1,50
2026-04-03T20:50:41.483081-07:00,write,key-9,817.067,78,false,leader-w5r1,50
2026-04-03T20:50:41.491525-07:00,write,key-5,810.645,86,false,leader-w5r1,50
2026-04-03T20:50:41.490604-07:00,write,key-8,812.321,92,false,leader-w5r1,50
2026-04-03T20:50:41.486251-07:00,write,key-5,816.833,84,false,leader-w5r1,50
2026-04-03T20:50:41.491076-07:00,write,key-3,812.023,95,false,leader-w5r1,50
2026-04-03T20:50:41.487853-07:00,write,key-1,815.314,79,false,leader-w5r1,50
2026-04-03T20:50:41.48777-07:00,write,key-8,815.419,91,false,leader-w5r1,50
2026-04-03T20:50:42.299871-07:00,read,key-3,3.483,95,false,leader-w5r1,50
2026-04-03T20:50:41.490821-07:00,write,key-5,812.548,85,false,leader-w5r1,50
2026-04-03T20:50:41.486198-07:00,write,key-1,817.239,80,false,leader-w5r1,50
2026-04-03T20:50:42.299678-07:00,read,key-0,3.758,77,false,leader-w5r1,50
2026-04-03T20:50:41.487903-07:00,write,key-5,815.613,83,false,leader-w5r1,50
2026-04-03T20:50:41.490158-07:00,write,key-1,813.428,81,false,leader-w5r1,50
2026-04-03T20:50:42.299771-07:00,read,key-6,3.867,86,false,leader-w5r1,50
2026-04-03T20:50:41.48604-07:00,write,key-3,817.661,94,false,leader-w5r1,50
2026-04-03T20:50:41.486251-07:00,write,key-7,817.507,77,false,leader-w5r1,50
2026-04-03T20:50:41.486196-07:00,write,key-5,817.595,82,false,leader-w5r1,50
2026-04-03T20:50:42.300019-07:00,read,key-8,3.869,92,false,leader-w5r1,50
2026-04-03T20:50:42.3031-07:00,read,key-3,1.274,95,false,leader-w5r1,50
2026-04-03T20:50:42.303189-07:00,read,key-4,1.270,82,false,leader-w5r1,50
2026-04-03T20:50:42.303167-07:00,read,key-7,1.386,77,false,leader-w5r1,50
2026-04-03T20:50:42.302926-07:00,read,key-9,1.691,78,false,leader-w5r1,50
2026-04-03T20:50:42.30389-07:00,read,key-6,1.203,86,false,leader-w5r1,50
2026-04-03T20:50:42.30462-07:00,read,key-9,0.552,78,false,leader-w5r1,50
2026-04-03T20:50:42.303791-07:00,read,key-4,1.406,82,false,leader-w5r1,50
2026-04-03T20:50:42.304556-07:00,read,key-1,0.663,81,false,leader-w5r1,50
2026-04-03T20:50:42.305094-07:00,read,key-8,0.502,92,false,leader-w5r1,50
2026-04-03T20:50:42.303701-07:00,read,key-7,1.954,78,false,leader-w5r1,50
2026-04-03T20:50:42.303358-07:00,read,key-0,2.370,79,false,leader-w5r1,50
2026-04-03T20:50:42.30522-07:00,read,key-6,0.607,86,false,leader-w5r1,50
2026-04-03T20:50:42.3052-07:00,read,key-4,0.655,82,false,leader-w5r1,50
2026-04-03T20:50:42.305856-07:00,read,key-9,0.568,78,false,leader-w5r1,50
2026-04-03T20:50:42.304461-07:00,read,key-0,2.136,79,false,leader-w5r1,50
2026-04-03T20:50:42.304377-07:00,read,key-2,2.291,74,false,leader-w5r1,50
2026-04-03T20:50:42.305174-07:00,read,key-2,2.410,74,false,leader-w5r1,50
2026-04-03T20:50:42.306598-07:00,read,key-4,1.032,82,false,leader-w5r1,50
2026-04-03T20:50:42.305597-07:00,read,key-9,2.357,79,false,leader-w5r1,50
2026-04-03T20:50:42.307955-07:00,read,key-4,0.661,82,false,leader-w5r1,50
2026-04-03T20:50:42.305729-07:00,read,key-5,2.897,86,false,leader-w5r1,50
2026-04-03T20:50:42.307586-07:00,read,key-5,1.084,86,false,leader-w5r1,50
2026-04-03T20:50:42.308671-07:00,read,key-1,0.581,81,false,leader-w5r1,50
2026-04-03T20:50:42.300093-07:00,write,key-2,821.575,73,false,leader-w5r1,50
2026-04-03T20:50:42.302173-07:00,write,key-7,819.627,78,false,leader-w5r1,50
2026-04-03T20:50:42.306426-07:00,write,key-9,815.456,80,false,leader-w5r1,50
2026-04-03T20:50:42.303438-07:00,write,key-3,818.533,96,false,leader-w5r1,50
2026-04-03T20:50:42.303642-07:00,write,key-2,818.391,74,false,leader-w5r1,50
2026-04-03T20:50:42.303586-07:00,write,key-6,818.490,88,false,leader-w5r1,50
2026-04-03T20:50:42.306669-07:00,write,key-7,815.469,79,false,leader-w5r1,50
2026-04-03T20:50:42.303371-07:00,write,key-8,818.863,93,false,leader-w5r1,50
2026-04-03T20:50:42.303084-07:00,write,key-0,819.203,79,false,leader-w5r1,50
2026-04-03T20:50:42.307632-07:00,write,key-2,814.700,75,false,leader-w5r1,50
2026-04-03T20:50:42.305828-07:00,write,key-4,816.610,84,false,leader-w5r1,50
2026-04-03T20:50:42.305657-07:00,write,key-8,816.783,95,false,leader-w5r1,50
2026-04-03T20:50:42.308628-07:00,write,key-2,813.865,76,false,leader-w5r1,50
2026-04-03T20:50:42.308618-07:00,write,key-4,813.896,85,false,leader-w5r1,50
2026-04-03T20:50:42.309254-07:00,write,key-4,813.406,86,false,leader-w5r1,50
2026-04-03T20:50:42.303759-07:00,write,key-4,818.949,83,false,leader-w5r1,50
2026-04-03T20:50:42.300149-07:00,write,key-9,822.578,79,false,leader-w5r1,50
2026-04-03T20:50:42.303441-07:00,write,key-8,819.344,94,false,leader-w5r1,50
2026-04-03T20:50:42.303516-07:00,write,key-6,819.288,87,false,leader-w5r1,50
2026-04-03T20:50:42.29996-07:00,write,key-0,822.859,78,false,leader-w5r1,50
2026-04-03T20:50:43.121972-07:00,read,key-3,3.866,96,false,leader-w5r1,50
2026-04-03T20:50:43.122334-07:00,read,key-7,3.509,79,false,leader-w5r1,50
2026-04-03T20:50:43.122287-07:00,read,key-4,3.780,86,false,leader-w5r1,50
2026-04-03T20:50:43.122727-07:00,read,key-5,3.360,86,false,leader-w5r1,50
2026-04-03T20:50:43.121802-07:00,read,key-7,4.283,79,false,leader-w5r1,50
2026-04-03T20:50:43.122077-07:00,read,key-0,4.062,79,false,leader-w5r1,50
2026-04-03T20:50:43.122138-07:00,read,key-4,4.344,86,false,leader-w5r1,50
2026-04-03T20:50:43.122804-07:00,read,key-3,4.865,96,false,leader-w5r1,50
2026-04-03T20:50:43.126142-07:00,read,key-7,1.540,79,false,leader-w5r1,50
2026-04-03T20:50:43.126091-07:00,read,key-7,1.607,79,false,leader-w5r1,50
2026-04-03T20:50:43.122439-07:00,read,key-7,5.319,79,false,leader-w5r1,50
2026-04-03T20:50:43.122493-07:00,read,key-2,5.305,76,false,leader-w5r1,50
2026-04-03T20:50:43.122513-07:00,read,key-1,5.321,81,false,leader-w5r1,50
2026-04-03T20:50:43.127759-07:00,read,key-9,1.260,80,false,leader-w5r1,50
2026-04-03T20:50:43.127836-07:00,read,key-5,1.242,86,false,leader-w5r1,50
2026-04-03T20:50:43.126071-07:00,read,key-8,3.725,95,false,leader-w5r1,50
2026-04-03T20:50:43.126486-07:00,read,key-3,3.340,96,false,leader-w5r1,50
2026-04-03T20:50:43.126168-07:00,read,key-3,3.658,96,false,leader-w5r1,50
2026-04-03T20:50:43.127672-07:00,read,key-1,3.790,83,false,leader-w5r1,50
2026-04-03T20:50:43.131463-07:00,read,key-7,0.287,79,false,leader-w5r1,50
2026-04-03T20:50:43.122441-07:00,write,key-3,825.948,98,false,leader-w5r1,50
2026-04-03T20:50:43.129799-07:00,write,key-7,818.630,81,false,leader-w5r1,50
2026-04-03T20:50:43.129847-07:00,write,key-6,818.587,89,false,leader-w5r1,50
2026-04-03T20:50:43.125842-07:00,write,key-3,822.627,99,false,leader-w5r1,50
2026-04-03T20:50:43.127683-07:00,write,key-1,820.800,83,false,leader-w5r1,50
2026-04-03T20:50:43.122033-07:00,write,key-5,826.461,87,false,leader-w5r1,50
2026-04-03T20:50:43.1278-07:00,write,key-4,820.707,88,false,leader-w5r1,50
2026-04-03T20:50:43.125845-07:00,write,key-8,822.689,97,false,leader-w5r1,50
2026-04-03T20:50:43.122709-07:00,write,key-7,825.850,80,false,leader-w5r1,50
2026-04-03T20:50:43.1277-07:00,write,key-8,820.865,98,false,leader-w5r1,50
2026-04-03T20:50:43.12266-07:00,write,key-2,825.915,77,false,leader-w5r1,50
2026-04-03T20:50:43.122785-07:00,write,key-1,825.806,82,false,leader-w5r1,50
2026-04-03T20:50:43.129079-07:00,write,key-0,819.521,82,false,leader-w5r1,50
2026-04-03T20:50:43.121675-07:00,write,key-4,826.939,87,false,leader-w5r1,50
2026-04-03T20:50:43.122234-07:00,write,key-3,826.393,97,false,leader-w5r1,50
2026-04-03T20:50:43.12282-07:00,write,key-0,825.810,80,false,leader-w5r1,50
2026-04-03T20:50:43.121883-07:00,write,key-8,826.788,96,false,leader-w5r1,50
2026-04-03T20:50:43.129021-07:00,write,key-5,819.683,88,false,leader-w5r1,50
2026-04-03T20:50:43.129832-07:00,write,key-0,818.882,81,false,leader-w5r1,50
2026-04-03T20:50:43.131751-07:00,write,key-0,816.997,83,false,leader-w5r1,50
2026-04-03T20:50:43.948714-07:00,read,key-3,2.214,99,false,leader-w5r1,50
2026-04-03T20:50:43.948671-07:00,read,key-1,2.342,83,false,leader-w5r1,50
2026-04-03T20:50:43.948627-07:00,read,key-2,2.423,77,false,leader-w5r1,50
2026-04-03T20:50:43.948599-07:00,read,key-5,2.460,88,false,leader-w5r1,50
2026-04-03T20:50:43.948506-07:00,read,key-9,2.568,80,false,leader-w5r1,50
2026-04-03T20:50:43.948614-07:00,read,key-5,2.492,88,false,leader-w5r1,50
2026-04-03T20:50:43.948495-07:00,read,key-4,2.630,88,false,leader-w5r1,50
2026-04-03T20:50:43.951014-07:00,read,key-1,2.057,83,false,leader-w5r1,50
2026-04-03T20:50:43.948704-07:00,read,key-0,4.415,83,false,leader-w5r1,50
2026-04-03T20:50:43.951075-07:00,write,key-7,815.731,84,false,leader-w5r1,50
2026-04-03T20:50:43.948433-07:00,write,key-9,818.597,81,false,leader-w5r1,50
2026-04-03T20:50:43.95106-07:00,write,key-1,816.127,86,false,leader-w5r1,50
2026-04-03T20:50:43.948575-07:00,write,key-6,818.767,90,false,leader-w5r1,50
2026-04-03T20:50:43.948748-07:00,write,key-0,818.687,85,false,leader-w5r1,50
2026-04-03T20:50:43.948591-07:00,write,key-4,818.917,90,false,leader-w5r1,50
2026-04-03T20:50:43.948469-07:00,write,key-4,819.500,89,false,leader-w5r1,50
2026-04-03T20:50:43.95093-07:00,write,key-0,817.093,87,false,leader-w5r1,50
2026-04-03T20:50:43.951109-07:00,write,key-7,816.967,83,false,leader-w5r1,50
2026-04-03T20:50:43.95105-07:00,write,key-0,817.094,89,false,leader-w5r1,50
2026-04-03T20:50:43.948428-07:00,write,key-1,819.760,85,false,leader-w5r1,50
2026-04-03T20:50:43.953074-07:00,write,key-9,815.173,82,false,leader-w5r1,50
2026-04-03T20:50:43.94839-07:00,write,key-0,819.913,84,false,leader-w5r1,50
2026-04-03T20:50:43.951129-07:00,write,key-0,817.559,88,false,leader-w5r1,50
2026-04-03T20:50:43.948535-07:00,write,key-0,820.311,86,false,leader-w5r1,50
2026-04-03T20:50:43.948483-07:00,write,key-1,820.442,84,false,leader-w5r1,50
2026-04-03T20:50:43.948629-07:00,write,key-2,820.592,78,false,leader-w5r1,50
2026-04-03T20:50:43.953121-07:00,write,key-3,816.158,101,false,leader-w5r1,50
2026-04-03T20:50:43.948559-07:00,write,key-3,820.770,100,false,leader-w5r1,50
2026-04-03T20:50:43.948565-07:00,write,key-7,820.821,82,false,leader-w5r1,50
2026-04-03T20:50:44.768188-07:00,read,key-1,3.813,86,false,leader-w5r1,50
2026-04-03T20:50:44.767508-07:00,read,key-8,4.541,98,false,leader-w5r1,50
2026-04-03T20:50:44.768688-07:00,read,key-1,3.367,86,false,leader-w5r1,50
2026-04-03T20:50:44.766818-07:00,read,key-5,5.397,88,false,leader-w5r1,50
2026-04-03T20:50:44.767187-07:00,read,key-9,5.107,82,false,leader-w5r1,50
2026-04-03T20:50:44.768076-07:00,read,key-2,4.219,78,false,leader-w5r1,50
2026-04-03T20:50:44.767969-07:00,read,key-9,4.362,82,false,leader-w5r1,50
2026-04-03T20:50:44.769329-07:00,read,key-4,3.145,90,false,leader-w5r1,50
2026-04-03T20:50:44.768846-07:00,read,key-6,4.772,90,false,leader-w5r1,50
2026-04-03T20:50:44.772005-07:00,read,key-3,1.649,101,false,leader-w5r1,50
2026-04-03T20:50:44.768925-07:00,read,key-6,4.732,90,false,leader-w5r1,50
2026-04-03T20:50:44.772053-07:00,read,key-6,1.620,90,false,leader-w5r1,50
2026-04-03T20:50:44.773675-07:00,read,key-5,0.983,88,false,leader-w5r1,50
2026-04-03T20:50:44.77366-07:00,read,key-6,1.040,90,false,leader-w5r1,50
2026-04-03T20:50:44.773622-07:00,read,key-6,1.261,90,false,leader-w5r1,50
2026-04-03T20:50:44.773657-07:00,read,key-1,1.685,86,false,leader-w5r1,50
2026-04-03T20:50:44.772296-07:00,read,key-5,3.120,88,false,leader-w5r1,50
2026-04-03T20:50:44.774659-07:00,read,key-9,0.762,82,false,leader-w5r1,50
2026-04-03T20:50:44.774702-07:00,read,key-5,0.737,88,false,leader-w5r1,50
2026-04-03T20:50:44.772298-07:00,read,key-3,3.165,103,false,leader-w5r1,50
2026-04-03T20:50:44.775422-07:00,read,key-3,0.377,101,false,leader-w5r1,50
2026-04-03T20:50:44.775344-07:00,read,key-8,0.474,98,false,leader-w5r1,50
2026-04-03T20:50:44.775819-07:00,read,key-7,0.280,84,false,leader-w5r1,50
2026-04-03T20:50:44.772057-07:00,write,key-1,812.397,88,false,leader-w5r1,50
2026-04-03T20:50:44.775417-07:00,write,key-7,809.135,86,false,leader-w5r1,50
2026-04-03T20:50:44.767342-07:00,write,key-0,817.280,91,false,leader-w5r1,50
2026-04-03T20:50:44.768303-07:00,write,key-4,816.343,91,false,leader-w5r1,50
2026-04-03T20:50:44.768023-07:00,write,key-3,816.691,102,false,leader-w5r1,50
2026-04-03T20:50:44.767034-07:00,write,key-7,817.729,85,false,leader-w5r1,50
2026-04-03T20:50:44.7761-07:00,write,key-8,808.708,100,false,leader-w5r1,50
2026-04-03T20:50:44.768247-07:00,write,key-0,816.562,90,false,leader-w5r1,50
2026-04-03T20:50:44.7758-07:00,write,key-1,809.074,91,false,leader-w5r1,50
2026-04-03T20:50:44.769279-07:00,write,key-2,815.683,79,false,leader-w5r1,50
2026-04-03T20:50:44.769386-07:00,write,key-1,815.614,89,false,leader-w5r1,50
2026-04-03T20:50:44.769221-07:00,write,key-3,815.863,103,false,leader-w5r1,50
2026-04-03T20:50:44.774883-07:00,write,key-0,810.357,93,false,leader-w5r1,50
2026-04-03T20:50:44.768144-07:00,write,key-1,817.126,87,false,leader-w5r1,50
2026-04-03T20:50:44.772219-07:00,write,key-1,813.072,90,false,leader-w5r1,50
2026-04-03T20:50:44.772476-07:00,write,key-6,812.832,91,false,leader-w5r1,50
2026-04-03T20:50:44.775464-07:00,write,key-2,809.904,80,false,leader-w5r1,50
2026-04-03T20:50:44.772334-07:00,write,key-0,813.063,92,false,leader-w5r1,50
2026-04-03T20:50:44.767435-07:00,write,key-8,817.974,99,false,leader-w5r1,50
2026-04-03T20:50:44.775439-07:00,write,key-4,810.036,92,false,leader-w5r1,50
2026-04-03T20:50:45.584553-07:00,read,key-0,0.987,93,false,leader-w5r1,50
2026-04-03T20:50:45.584763-07:00,read,key-7,0.827,86,false,leader-w5r1,50
2026-04-03T20:50:45.584808-07:00,read,key-2,0.823,80,false,leader-w5r1,50
2026-04-03T20:50:45.584622-07:00,read,key-8,1.060,100,false,leader-w5r1,50
2026-04-03T20:50:45.585-07:00,read,key-6,0.999,91,false,leader-w5r1,50
2026-04-03T20:50:45.585084-07:00,read,key-5,1.365,88,false,leader-w5r1,50
2026-04-03T20:50:45.584963-07:00,read,key-0,1.544,93,false,leader-w5r1,50
2026-04-03T20:50:45.585291-07:00,read,key-3,1.227,103,false,leader-w5r1,50
2026-04-03T20:50:45.585633-07:00,read,key-6,0.922,91,false,leader-w5r1,50
2026-04-03T20:50:45.58652-07:00,read,key-5,0.282,88,false,leader-w5r1,50
2026-04-03T20:50:45.585271-07:00,read,key-0,1.552,93,false,leader-w5r1,50
2026-04-03T20:50:45.586804-07:00,read,key-6,0.606,91,false,leader-w5r1,50
2026-04-03T20:50:45.587411-07:00,read,key-5,0.301,88,false,leader-w5r1,50
2026-04-03T20:50:45.587713-07:00,read,key-0,0.500,93,false,leader-w5r1,50
2026-04-03T20:50:45.588215-07:00,read,key-3,0.490,103,false,leader-w5r1,50
2026-04-03T20:50:45.585684-07:00,read,key-1,3.311,91,false,leader-w5r1,50
2026-04-03T20:50:45.58481-07:00,write,key-9,819.021,84,false,leader-w5r1,50
2026-04-03T20:50:45.586452-07:00,write,key-5,817.637,91,false,leader-w5r1,50
2026-04-03T20:50:45.585309-07:00,write,key-3,818.886,105,false,leader-w5r1,50
2026-04-03T20:50:45.585241-07:00,write,key-5,819.086,89,false,leader-w5r1,50
2026-04-03T20:50:45.586556-07:00,write,key-6,817.915,93,false,leader-w5r1,50
2026-04-03T20:50:45.588707-07:00,write,key-7,815.893,89,false,leader-w5r1,50
2026-04-03T20:50:45.585398-07:00,write,key-2,819.282,81,false,leader-w5r1,50
2026-04-03T20:50:45.584462-07:00,write,key-7,820.495,87,false,leader-w5r1,50
2026-04-03T20:50:45.586001-07:00,write,key-5,819.036,90,false,leader-w5r1,50
2026-04-03T20:50:45.588998-07:00,write,key-6,816.111,94,false,leader-w5r1,50
2026-04-03T20:50:45.584647-07:00,write,key-9,820.556,83,false,leader-w5r1,50
2026-04-03T20:50:45.584714-07:00,write,key-0,820.566,94,false,leader-w5r1,50
2026-04-03T20:50:45.585476-07:00,write,key-9,820.105,85,false,leader-w5r1,50
2026-04-03T20:50:45.586509-07:00,write,key-1,820.495,92,false,leader-w5r1,50
2026-04-03T20:50:45.585592-07:00,write,key-1,821.477,93,false,leader-w5r1,50
2026-04-03T20:50:45.585545-07:00,write,key-7,821.571,88,false,leader-w5r1,50
2026-04-03T20:50:45.586826-07:00,write,key-2,820.343,82,false,leader-w5r1,50
2026-04-03T20:50:45.585368-07:00,write,key-3,821.870,106,false,leader-w5r1,50
2026-04-03T20:50:45.584874-07:00,write,key-3,822.428,104,false,leader-w5r1,50
2026-04-03T20:50:45.585409-07:00,write,key-6,821.928,92,false,leader-w5r1,50
2026-04-03T20:50:46.405108-07:00,read,key-0,2.317,94,false,leader-w5r1,50
2026-04-03T20:50:46.404091-07:00,read,key-8,3.387,100,false,leader-w5r1,50
2026-04-03T20:50:46.405582-07:00,read,key-2,1.961,82,false,leader-w5r1,50
2026-04-03T20:50:46.405037-07:00,read,key-2,2.568,82,false,leader-w5r1,50
2026-04-03T20:50:46.404327-07:00,read,key-6,3.351,94,false,leader-w5r1,50
2026-04-03T20:50:46.404195-07:00,read,key-8,3.545,100,false,leader-w5r1,50
2026-04-03T20:50:46.404681-07:00,read,key-5,3.127,91,false,leader-w5r1,50
2026-04-03T20:50:46.404958-07:00,read,key-5,2.907,91,false,leader-w5r1,50
2026-04-03T20:50:46.404472-07:00,read,key-6,3.462,94,false,leader-w5r1,50
2026-04-03T20:50:46.407608-07:00,read,key-6,0.792,94,false,leader-w5r1,50
2026-04-03T20:50:46.407545-07:00,read,key-5,1.716,91,false,leader-w5r1,50
2026-04-03T20:50:46.407744-07:00,read,key-2,1.605,82,false,leader-w5r1,50
2026-04-03T20:50:46.407117-07:00,read,key-3,2.298,106,false,leader-w5r1,50
2026-04-03T20:50:46.407337-07:00,read,key-6,2.206,94,false,leader-w5r1,50
2026-04-03T20:50:46.407303-07:00,read,key-5,2.303,91,false,leader-w5r1,50
2026-04-03T20:50:46.405281-07:00,read,key-7,4.379,89,false,leader-w5r1,50
2026-04-03T20:50:46.407238-07:00,read,key-1,2.482,93,false,leader-w5r1,50
2026-04-03T20:50:46.407868-07:00,read,key-2,1.910,82,false,leader-w5r1,50
2026-04-03T20:50:46.409262-07:00,read,key-4,0.654,92,false,leader-w5r1,50
2026-04-03T20:50:46.409351-07:00,read,key-8,0.620,100,false,leader-w5r1,50
2026-04-03T20:50:46.408402-07:00,read,key-9,1.625,85,false,leader-w5r1,50
2026-04-03T20:50:46.409919-07:00,read,key-2,1.032,82,false,leader-w5r1,50
2026-04-03T20:50:46.409417-07:00,read,key-9,1.619,85,false,leader-w5r1,50
2026-04-03T20:50:46.407483-07:00,read,key-8,3.616,100,false,leader-w5r1,50
2026-04-03T20:50:46.409973-07:00,read,key-4,1.146,92,false,leader-w5r1,50
2026-04-03T20:50:46.40978-07:00,read,key-3,1.392,106,false,leader-w5r1,50
2026-04-03T20:50:46.410953-07:00,read,key-1,0.431,93,false,leader-w5r1,50
2026-04-03T20:50:46.411121-07:00,read,key-3,0.594,106,false,leader-w5r1,50
2026-04-03T20:50:46.40781-07:00,read,key-6,3.963,95,false,leader-w5r1,50
2026-04-03T20:50:46.411174-07:00,read,key-8,0.628,100,false,leader-w5r1,50
2026-04-03T20:50:46.411775-07:00,read,key-2,0.385,82,false,leader-w5r1,50
2026-04-03T20:50:46.411716-07:00,read,key-0,0.464,94,false,leader-w5r1,50
2026-04-03T20:50:46.412182-07:00,read,key-4,0.318,92,false,leader-w5r1,50
2026-04-03T20:50:46.409662-07:00,read,key-7,6.525,90,false,leader-w5r1,50
2026-04-03T20:50:46.412501-07:00,read,key-2,3.737,83,false,leader-w5r1,50
2026-04-03T20:50:46.416242-07:00,read,key-0,0.446,96,false,leader-w5r1,50
2026-04-03T20:50:46.41669-07:00,read,key-0,0.352,94,false,leader-w5r1,50
2026-04-03T20:50:46.407936-07:00,write,key-6,808.783,96,false,leader-w5r1,50
2026-04-03T20:50:46.407006-07:00,write,key-0,810.025,96,false,leader-w5r1,50
2026-04-03T20:50:46.407428-07:00,write,key-6,809.646,95,false,leader-w5r1,50
2026-04-03T20:50:46.405206-07:00,write,key-4,811.967,93,false,leader-w5r1,50
2026-04-03T20:50:46.407069-07:00,write,key-5,810.107,92,false,leader-w5r1,50
2026-04-03T20:50:46.403843-07:00,write,key-4,813.474,94,false,leader-w5r1,50
2026-04-03T20:50:46.407681-07:00,write,key-3,809.709,107,false,leader-w5r1,50
2026-04-03T20:50:46.407169-07:00,write,key-1,810.255,94,false,leader-w5r1,50
2026-04-03T20:50:46.4046-07:00,write,key-0,812.883,95,false,leader-w5r1,50
2026-04-03T20:50:46.416188-07:00,write,key-1,805.392,95,false,leader-w5r1,50
2026-04-03T20:50:46.411387-07:00,write,key-8,810.249,101,false,leader-w5r1,50
2026-04-03T20:50:47.217175-07:00,read,key-5,4.555,93,false,leader-w5r1,50
2026-04-03T20:50:46.411101-07:00,write,key-2,810.683,83,false,leader-w5r1,50
2026-04-03T20:50:47.217391-07:00,read,key-9,4.462,87,false,leader-w5r1,50
2026-04-03T20:50:46.410029-07:00,write,key-4,811.969,96,false,leader-w5r1,50
2026-04-03T20:50:46.409608-07:00,write,key-4,812.631,95,false,leader-w5r1,50
2026-04-03T20:50:46.409546-07:00,write,key-7,814.406,90,false,leader-w5r1,50
2026-04-03T20:50:46.411803-07:00,write,key-6,812.172,98,false,leader-w5r1,50
2026-04-03T20:50:46.412162-07:00,write,key-9,811.953,86,false,leader-w5r1,50
2026-04-03T20:50:46.411038-07:00,write,key-6,813.512,99,false,leader-w5r1,50
2026-04-03T20:50:46.417044-07:00,write,key-8,807.552,102,false,leader-w5r1,50
2026-04-03T20:50:46.409722-07:00,write,key-6,815.069,97,false,leader-w5r1,50
2026-04-03T20:50:47.217176-07:00,read,key-9,7.670,86,false,leader-w5r1,50
2026-04-03T20:50:47.223975-07:00,read,key-9,2.283,88,false,leader-w5r1,50
2026-04-03T20:50:47.224595-07:00,read,key-6,1.784,99,false,leader-w5r1,50
2026-04-03T20:50:47.226262-07:00,read,key-6,1.187,99,false,leader-w5r1,50
2026-04-03T20:50:47.226382-07:00,read,key-7,1.527,90,false,leader-w5r1,50
2026-04-03T20:50:47.227912-07:00,read,key-6,0.594,99,false,leader-w5r1,50
2026-04-03T20:50:47.228509-07:00,read,key-9,0.367,88,false,leader-w5r1,50
2026-04-03T20:50:47.228879-07:00,write,key-1,806.626,98,false,leader-w5r1,50
2026-04-03T20:50:47.22455-07:00,write,key-4,811.033,99,false,leader-w5r1,50
2026-04-03T20:50:47.221785-07:00,write,key-3,813.821,109,false,leader-w5r1,50
2026-04-03T20:50:47.21673-07:00,write,key-0,818.887,97,false,leader-w5r1,50
2026-04-03T20:50:47.221856-07:00,write,key-4,813.783,98,false,leader-w5r1,50
2026-04-03T20:50:47.22485-07:00,write,key-7,810.791,91,false,leader-w5r1,50
2026-04-03T20:50:47.224115-07:00,write,key-9,811.546,88,false,leader-w5r1,50
2026-04-03T20:50:47.217424-07:00,write,key-2,818.242,84,false,leader-w5r1,50
2026-04-03T20:50:47.222239-07:00,write,key-8,813.442,103,false,leader-w5r1,50
2026-04-03T20:50:47.217484-07:00,write,key-9,818.203,87,false,leader-w5r1,50
2026-04-03T20:50:47.221998-07:00,write,key-5,813.723,94,false,leader-w5r1,50
2026-04-03T20:50:47.217032-07:00,write,key-2,818.690,85,false,leader-w5r1,50
2026-04-03T20:50:47.227452-07:00,write,key-0,808.272,99,false,leader-w5r1,50
2026-04-03T20:50:47.221736-07:00,write,key-1,813.998,97,false,leader-w5r1,50
2026-04-03T20:50:47.224791-07:00,write,key-2,810.968,86,false,leader-w5r1,50
2026-04-03T20:50:47.221583-07:00,write,key-1,814.198,96,false,leader-w5r1,50
2026-04-03T20:50:47.217318-07:00,write,key-4,818.467,97,false,leader-w5r1,50
2026-04-03T20:50:47.221637-07:00,write,key-3,814.162,108,false,leader-w5r1,50
2026-04-03T20:50:47.217076-07:00,write,key-5,818.730,93,false,leader-w5r1,50
2026-04-03T20:50:47.223953-07:00,write,key-0,811.918,98,false,leader-w5r1,50
2026-04-03T20:50:48.035724-07:00,read,key-0,1.068,99,false,leader-w5r1,50
2026-04-03T20:50:48.035583-07:00,read,key-0,1.238,99,false,leader-w5r1,50
2026-04-03T20:50:48.035799-07:00,read,key-1,1.112,98,false,leader-w5r1,50
2026-04-03T20:50:48.035687-07:00,read,key-9,1.244,88,false,leader-w5r1,50
2026-04-03T20:50:48.035641-07:00,read,key-7,1.292,91,false,leader-w5r1,50
2026-04-03T20:50:48.035735-07:00,read,key-2,1.241,86,false,leader-w5r1,50
2026-04-03T20:50:48.035785-07:00,read,key-1,1.658,98,false,leader-w5r1,50
2026-04-03T20:50:48.035758-07:00,read,key-8,1.719,103,false,leader-w5r1,50
2026-04-03T20:50:48.036977-07:00,read,key-8,0.504,103,false,leader-w5r1,50
2026-04-03T20:50:48.036933-07:00,read,key-2,0.586,86,false,leader-w5r1,50
2026-04-03T20:50:48.036912-07:00,read,key-9,0.768,88,false,leader-w5r1,50
2026-04-03T20:50:48.037682-07:00,read,key-2,0.209,86,false,leader-w5r1,50
2026-04-03T20:50:48.036823-07:00,read,key-5,2.526,95,false,leader-w5r1,50
2026-04-03T20:50:48.037483-07:00,read,key-7,2.179,91,false,leader-w5r1,50
2026-04-03T20:50:48.036934-07:00,read,key-5,2.824,95,false,leader-w5r1,50
2026-04-03T20:50:48.039663-07:00,read,key-1,0.289,98,false,leader-w5r1,50
2026-04-03T20:50:48.03976-07:00,read,key-7,0.383,91,false,leader-w5r1,50
2026-04-03T20:50:48.039953-07:00,read,key-1,0.369,98,false,leader-w5r1,50
2026-04-03T20:50:48.040144-07:00,read,key-2,0.334,86,false,leader-w5r1,50
2026-04-03T20:50:48.040323-07:00,read,key-5,0.308,94,false,leader-w5r1,50
2026-04-03T20:50:48.04048-07:00,read,key-3,0.324,109,false,leader-w5r1,50
2026-04-03T20:50:48.040632-07:00,read,key-1,0.341,98,false,leader-w5r1,50
2026-04-03T20:50:48.040974-07:00,read,key-8,0.279,103,false,leader-w5r1,50
2026-04-03T20:50:48.041254-07:00,read,key-1,0.263,98,false,leader-w5r1,50
2026-04-03T20:50:48.041518-07:00,write,key-8,810.968,108,false,leader-w5r1,50
2026-04-03T20:50:48.03578-07:00,write,key-3,816.796,110,false,leader-w5r1,50
2026-04-03T20:50:48.037479-07:00,write,key-0,815.234,103,false,leader-w5r1,50
2026-04-03T20:50:48.039351-07:00,write,key-2,813.401,87,false,leader-w5r1,50
2026-04-03T20:50:48.035618-07:00,write,key-0,817.187,101,false,leader-w5r1,50
2026-04-03T20:50:48.037892-07:00,write,key-9,814.952,90,false,leader-w5r1,50
2026-04-03T20:50:48.037521-07:00,write,key-0,814.965,102,false,leader-w5r1,50
2026-04-03T20:50:48.035605-07:00,write,key-8,817.299,106,false,leader-w5r1,50
2026-04-03T20:50:48.040805-07:00,write,key-1,812.129,99,false,leader-w5r1,50
2026-04-03T20:50:48.035506-07:00,write,key-8,817.496,104,false,leader-w5r1,50
2026-04-03T20:50:48.037445-07:00,write,key-5,815.588,95,false,leader-w5r1,50
2026-04-03T20:50:48.035681-07:00,write,key-6,817.476,101,false,leader-w5r1,50
2026-04-03T20:50:48.035667-07:00,write,key-9,819.929,89,false,leader-w5r1,50
2026-04-03T20:50:48.035722-07:00,write,key-6,820.012,100,false,leader-w5r1,50
2026-04-03T20:50:48.03564-07:00,write,key-3,820.118,111,false,leader-w5r1,50
2026-04-03T20:50:48.035873-07:00,write,key-8,819.978,107,false,leader-w5r1,50
2026-04-03T20:50:48.036794-07:00,write,key-3,819.081,112,false,leader-w5r1,50
2026-04-03T20:50:48.035807-07:00,write,key-8,820.136,105,false,leader-w5r1,50
2026-04-03T20:50:48.035661-07:00,write,key-6,820.317,102,false,leader-w5r1,50
2026-04-03T20:50:48.035721-07:00,write,key-0,820.469,100,false,leader-w5r1,50
2026-04-03T20:50:48.853003-07:00,read,key-3,5.050,112,false,leader-w5r1,50
2026-04-03T20:50:48.852904-07:00,read,key-3,5.469,112,false,leader-w5r1,50
2026-04-03T20:50:48.855943-07:00,read,key-2,2.531,87,false,leader-w5r1,50
2026-04-03T20:50:48.853033-07:00,read,key-9,5.458,90,false,leader-w5r1,50
2026-04-03T20:50:48.852753-07:00,read,key-4,5.757,100,false,leader-w5r1,50
2026-04-03T20:50:48.85258-07:00,read,key-0,5.932,103,false,leader-w5r1,50
2026-04-03T20:50:48.855599-07:00,read,key-2,2.999,87,false,leader-w5r1,50
2026-04-03T20:50:48.855876-07:00,read,key-7,3.000,91,false,leader-w5r1,50
2026-04-03T20:50:48.855735-07:00,read,key-0,3.176,103,false,leader-w5r1,50
2026-04-03T20:50:48.858493-07:00,read,key-5,1.162,95,false,leader-w5r1,50
2026-04-03T20:50:48.858057-07:00,read,key-1,1.663,99,false,leader-w5r1,50
2026-04-03T20:50:48.858376-07:00,read,key-5,1.350,95,false,leader-w5r1,50
2026-04-03T20:50:48.858513-07:00,read,key-4,1.252,99,false,leader-w5r1,50
2026-04-03T20:50:48.853158-07:00,read,key-6,7.145,102,false,leader-w5r1,50
2026-04-03T20:50:48.855759-07:00,read,key-3,4.587,112,false,leader-w5r1,50
2026-04-03T20:50:48.85619-07:00,read,key-3,4.357,112,false,leader-w5r1,50
2026-04-03T20:50:48.8586-07:00,read,key-2,1.956,87,false,leader-w5r1,50
2026-04-03T20:50:48.859728-07:00,read,key-7,0.857,91,false,leader-w5r1,50
2026-04-03T20:50:48.859721-07:00,read,key-3,0.878,112,false,leader-w5r1,50
2026-04-03T20:50:48.860307-07:00,read,key-1,0.542,99,false,leader-w5r1,50
2026-04-03T20:50:48.860348-07:00,read,key-0,0.528,103,false,leader-w5r1,50
2026-04-03T20:50:48.860557-07:00,read,key-7,0.666,91,false,leader-w5r1,50
2026-04-03T20:50:48.860663-07:00,read,key-9,0.572,90,false,leader-w5r1,50
2026-04-03T20:50:48.86055-07:00,read,key-9,1.022,90,false,leader-w5r1,50
2026-04-03T20:50:48.860688-07:00,read,key-3,0.928,112,false,leader-w5r1,50
2026-04-03T20:50:48.860879-07:00,read,key-0,0.739,103,false,leader-w5r1,50
2026-04-03T20:50:48.860851-07:00,read,key-5,0.826,95,false,leader-w5r1,50
2026-04-03T20:50:48.861225-07:00,read,key-9,0.542,90,false,leader-w5r1,50
2026-04-03T20:50:48.861238-07:00,read,key-5,0.535,95,false,leader-w5r1,50
2026-04-03T20:50:48.861678-07:00,read,key-4,0.647,99,false,leader-w5r1,50
2026-04-03T20:50:48.862326-07:00,read,key-2,0.272,87,false,leader-w5r1,50
2026-04-03T20:50:48.862599-07:00,read,key-4,0.257,99,false,leader-w5r1,50
2026-04-03T20:50:48.859657-07:00,write,key-0,813.650,105,false,leader-w5r1,50
2026-04-03T20:50:48.852934-07:00,write,key-2,820.403,88,false,leader-w5r1,50
2026-04-03T20:50:48.862857-07:00,write,key-6,810.482,106,false,leader-w5r1,50
2026-04-03T20:50:48.852498-07:00,write,key-3,820.928,113,false,leader-w5r1,50
2026-04-03T20:50:48.861774-07:00,write,key-8,811.656,110,false,leader-w5r1,50
2026-04-03T20:50:48.852714-07:00,write,key-6,820.723,103,false,leader-w5r1,50
2026-04-03T20:50:48.861619-07:00,write,key-7,811.821,93,false,leader-w5r1,50
2026-04-03T20:50:48.852806-07:00,write,key-1,820.665,101,false,leader-w5r1,50
2026-04-03T20:50:48.858476-07:00,write,key-7,814.999,92,false,leader-w5r1,50
2026-04-03T20:50:48.861768-07:00,write,key-1,811.714,102,false,leader-w5r1,50
2026-04-03T20:50:48.858916-07:00,write,key-6,814.580,104,false,leader-w5r1,50
2026-04-03T20:50:49.673339-07:00,read,key-6,2.614,106,false,leader-w5r1,50
2026-04-03T20:50:48.861618-07:00,write,key-3,814.390,116,false,leader-w5r1,50
2026-04-03T20:50:48.858517-07:00,write,key-3,817.652,115,false,leader-w5r1,50
2026-04-03T20:50:48.852844-07:00,write,key-8,823.504,109,false,leader-w5r1,50
2026-04-03T20:50:49.673437-07:00,read,key-0,3.011,106,false,leader-w5r1,50
2026-04-03T20:50:48.855852-07:00,write,key-4,820.763,100,false,leader-w5r1,50
2026-04-03T20:50:48.855978-07:00,write,key-1,820.646,100,false,leader-w5r1,50
2026-04-03T20:50:48.861575-07:00,write,key-6,815.117,105,false,leader-w5r1,50
2026-04-03T20:50:48.852854-07:00,write,key-0,823.859,104,false,leader-w5r1,50
2026-04-03T20:50:49.67343-07:00,read,key-1,3.295,102,false,leader-w5r1,50
2026-04-03T20:50:48.858878-07:00,write,key-3,817.862,114,false,leader-w5r1,50
2026-04-03T20:50:49.673476-07:00,read,key-1,3.289,102,false,leader-w5r1,50
2026-04-03T20:50:48.859766-07:00,write,key-0,817.000,106,false,leader-w5r1,50
2026-04-03T20:50:49.673481-07:00,read,key-3,3.334,116,false,leader-w5r1,50
2026-04-03T20:50:49.673338-07:00,read,key-5,3.520,95,false,leader-w5r1,50
2026-04-03T20:50:49.673427-07:00,read,key-8,3.434,110,false,leader-w5r1,50
2026-04-03T20:50:49.67344-07:00,read,key-3,3.451,116,false,leader-w5r1,50
2026-04-03T20:50:49.673497-07:00,read,key-5,5.663,95,false,leader-w5r1,50
2026-04-03T20:50:49.676168-07:00,read,key-7,3.098,93,false,leader-w5r1,50
2026-04-03T20:50:49.676348-07:00,read,key-8,3.167,110,false,leader-w5r1,50
2026-04-03T20:50:49.676449-07:00,read,key-2,3.419,88,false,leader-w5r1,50
2026-04-03T20:50:49.676767-07:00,read,key-7,3.124,93,false,leader-w5r1,50
2026-04-03T20:50:49.676624-07:00,read,key-4,3.270,100,false,leader-w5r1,50
2026-04-03T20:50:49.67987-07:00,read,key-5,0.631,95,false,leader-w5r1,50
2026-04-03T20:50:49.676008-07:00,read,key-4,4.609,100,false,leader-w5r1,50
2026-04-03T20:50:49.679516-07:00,read,key-6,1.233,106,false,leader-w5r1,50
2026-04-03T20:50:49.676726-07:00,read,key-1,4.038,102,false,leader-w5r1,50
2026-04-03T20:50:49.680502-07:00,read,key-1,0.452,102,false,leader-w5r1,50
2026-04-03T20:50:49.679162-07:00,read,key-5,2.210,95,false,leader-w5r1,50
2026-04-03T20:50:49.680765-07:00,read,key-4,0.619,100,false,leader-w5r1,50
2026-04-03T20:50:49.68075-07:00,read,key-8,0.643,110,false,leader-w5r1,50
2026-04-03T20:50:49.676816-07:00,read,key-0,4.580,107,false,leader-w5r1,50
2026-04-03T20:50:49.680619-07:00,read,key-6,0.791,106,false,leader-w5r1,50
2026-04-03T20:50:49.681373-07:00,read,key-2,0.595,88,false,leader-w5r1,50
2026-04-03T20:50:49.681385-07:00,read,key-3,0.623,116,false,leader-w5r1,50
2026-04-03T20:50:49.680956-07:00,read,key-9,1.059,90,false,leader-w5r1,50
2026-04-03T20:50:49.682016-07:00,read,key-5,0.482,95,false,leader-w5r1,50
2026-04-03T20:50:49.682499-07:00,read,key-0,1.441,108,false,leader-w5r1,50
2026-04-03T20:50:49.676614-07:00,write,key-8,812.482,111,false,leader-w5r1,50
2026-04-03T20:50:49.676766-07:00,write,key-9,813.673,93,false,leader-w5r1,50
2026-04-03T20:50:49.676863-07:00,write,key-5,813.651,96,false,leader-w5r1,50
2026-04-03T20:50:49.67674-07:00,write,key-9,813.871,92,false,leader-w5r1,50
2026-04-03T20:50:49.676712-07:00,write,key-6,813.987,107,false,leader-w5r1,50
2026-04-03T20:50:49.679892-07:00,write,key-5,810.883,97,false,leader-w5r1,50
2026-04-03T20:50:49.67331-07:00,write,key-4,817.501,101,false,leader-w5r1,50
2026-04-03T20:50:49.683942-07:00,write,key-5,806.890,98,false,leader-w5r1,50
2026-04-03T20:50:49.675956-07:00,write,key-0,814.952,107,false,leader-w5r1,50
2026-04-03T20:50:49.68201-07:00,write,key-1,808.899,103,false,leader-w5r1,50
2026-04-03T20:50:49.681394-07:00,write,key-8,809.549,113,false,leader-w5r1,50
2026-04-03T20:50:49.681969-07:00,write,key-0,808.995,109,false,leader-w5r1,50
2026-04-03T20:50:49.676691-07:00,write,key-8,814.329,112,false,leader-w5r1,50
2026-04-03T20:50:49.681411-07:00,write,key-7,809.670,94,false,leader-w5r1,50
2026-04-03T20:50:49.679268-07:00,write,key-2,811.822,90,false,leader-w5r1,50
2026-04-03T20:50:49.676891-07:00,write,key-9,814.224,94,false,leader-w5r1,50
2026-04-03T20:50:49.67686-07:00,write,key-2,814.293,89,false,leader-w5r1,50
2026-04-03T20:50:49.679895-07:00,write,key-0,811.297,108,false,leader-w5r1,50
2026-04-03T20:50:49.673471-07:00,write,key-9,817.759,91,false,leader-w5r1,50
2026-04-03T20:50:49.681397-07:00,write,key-8,809.846,114,false,leader-w5r1,50
2026-04-03T20:50:50.491192-07:00,read,key-4,3.351,101,false,leader-w5r1,50
2026-04-03T20:50:50.490964-07:00,read,key-3,3.639,116,false,leader-w5r1,50
2026-04-03T20:50:50.49044-07:00,read,key-9,4.381,94,false,leader-w5r1,50
2026-04-03T20:50:50.490908-07:00,read,key-5,3.957,98,false,leader-w5r1,50
2026-04-03T20:50:50.490776-07:00,read,key-8,4.169,114,false,leader-w5r1,50
2026-04-03T20:50:50.490832-07:00,read,key-0,4.798,109,false,leader-w5r1,50
2026-04-03T20:50:50.490909-07:00,read,key-7,4.735,94,false,leader-w5r1,50
2026-04-03T20:50:50.491081-07:00,read,key-8,4.648,114,false,leader-w5r1,50
2026-04-03T20:50:50.490514-07:00,read,key-5,5.469,98,false,leader-w5r1,50
2026-04-03T20:50:50.490944-07:00,read,key-7,5.071,94,false,leader-w5r1,50
2026-04-03T20:50:50.494546-07:00,read,key-3,1.500,118,false,leader-w5r1,50
2026-04-03T20:50:50.49123-07:00,read,key-4,4.854,101,false,leader-w5r1,50
2026-04-03T20:50:50.49102-07:00,read,key-7,5.069,94,false,leader-w5r1,50
2026-04-03T20:50:50.494867-07:00,read,key-0,1.250,109,false,leader-w5r1,50
2026-04-03T20:50:50.49081-07:00,read,key-0,5.348,109,false,leader-w5r1,50
2026-04-03T20:50:50.490698-07:00,read,key-8,5.492,114,false,leader-w5r1,50
2026-04-03T20:50:50.495632-07:00,read,key-4,0.566,101,false,leader-w5r1,50
2026-04-03T20:50:50.490611-07:00,read,key-2,5.610,90,false,leader-w5r1,50
2026-04-03T20:50:50.495984-07:00,read,key-3,0.335,116,false,leader-w5r1,50
2026-04-03T20:50:50.496048-07:00,read,key-9,0.348,94,false,leader-w5r1,50
2026-04-03T20:50:50.49616-07:00,read,key-3,1.187,116,false,leader-w5r1,50
2026-04-03T20:50:50.496223-07:00,read,key-0,1.138,109,false,leader-w5r1,50
2026-04-03T20:50:50.4962-07:00,read,key-3,1.166,116,false,leader-w5r1,50
2026-04-03T20:50:50.497362-07:00,read,key-9,0.540,94,false,leader-w5r1,50
2026-04-03T20:50:50.497367-07:00,read,key-7,0.564,94,false,leader-w5r1,50
2026-04-03T20:50:50.49573-07:00,read,key-6,2.456,107,false,leader-w5r1,50
2026-04-03T20:50:50.498187-07:00,read,key-8,0.550,114,false,leader-w5r1,50
2026-04-03T20:50:50.497905-07:00,read,key-4,0.852,101,false,leader-w5r1,50
2026-04-03T20:50:50.497933-07:00,read,key-3,0.835,116,false,leader-w5r1,50
2026-04-03T20:50:50.498769-07:00,read,key-3,2.682,120,false,leader-w5r1,50
2026-04-03T20:50:50.491243-07:00,write,key-1,817.264,104,false,leader-w5r1,50
2026-04-03T20:50:50.497349-07:00,write,key-5,811.298,99,false,leader-w5r1,50
2026-04-03T20:50:50.496085-07:00,write,key-2,812.636,91,false,leader-w5r1,50
2026-04-03T20:50:50.49632-07:00,write,key-0,812.457,111,false,leader-w5r1,50
2026-04-03T20:50:50.494946-07:00,write,key-0,813.860,110,false,leader-w5r1,50
2026-04-03T20:50:50.496192-07:00,write,key-2,812.648,92,false,leader-w5r1,50
2026-04-03T20:50:50.496398-07:00,write,key-8,812.475,115,false,leader-w5r1,50
2026-04-03T20:50:50.495646-07:00,write,key-0,813.248,112,false,leader-w5r1,50
2026-04-03T20:50:50.491153-07:00,write,key-4,817.777,102,false,leader-w5r1,50
2026-04-03T20:50:50.494823-07:00,write,key-4,814.175,103,false,leader-w5r1,50
2026-04-03T20:50:50.501452-07:00,write,key-8,807.595,116,false,leader-w5r1,50
2026-04-03T20:50:50.498739-07:00,write,key-2,810.324,93,false,leader-w5r1,50
2026-04-03T20:50:50.491115-07:00,write,key-3,818.004,118,false,leader-w5r1,50
2026-04-03T20:50:50.496118-07:00,write,key-3,813.015,120,false,leader-w5r1,50
2026-04-03T20:50:50.49109-07:00,write,key-9,818.064,95,false,leader-w5r1,50
2026-04-03T20:50:50.49609-07:00,write,key-9,813.092,96,false,leader-w5r1,50
2026-04-03T20:50:50.496017-07:00,write,key-1,813.171,105,false,leader-w5r1,50
2026-04-03T20:50:50.489099-07:00,write,key-3,820.146,117,false,leader-w5r1,50
2026-04-03T20:50:50.494605-07:00,write,key-3,814.693,119,false,leader-w5r1,50
2026-04-03T20:50:50.498757-07:00,write,key-1,810.607,106,false,leader-w5r1,50
2026-04-03T20:50:51.308806-07:00,read,key-4,4.383,103,false,leader-w5r1,50
2026-04-03T20:50:51.309154-07:00,read,key-2,4.041,93,false,leader-w5r1,50
2026-04-03T20:50:51.30893-07:00,read,key-7,4.355,94,false,leader-w5r1,50
2026-04-03T20:50:51.309047-07:00,read,key-2,4.263,93,false,leader-w5r1,50
2026-04-03T20:50:51.30851-07:00,read,key-1,4.841,106,false,leader-w5r1,50
2026-04-03T20:50:51.309245-07:00,read,key-4,4.112,103,false,leader-w5r1,50
2026-04-03T20:50:51.309064-07:00,read,key-4,4.325,103,false,leader-w5r1,50
2026-04-03T20:50:51.313358-07:00,read,key-5,0.543,99,false,leader-w5r1,50
2026-04-03T20:50:51.313391-07:00,read,key-8,0.551,116,false,leader-w5r1,50
2026-04-03T20:50:51.309364-07:00,read,key-5,4.602,99,false,leader-w5r1,50
2026-04-03T20:50:51.313192-07:00,read,key-1,0.796,106,false,leader-w5r1,50
2026-04-03T20:50:51.313967-07:00,read,key-4,2.446,105,false,leader-w5r1,50
2026-04-03T20:50:51.313354-07:00,read,key-2,3.061,96,false,leader-w5r1,50
2026-04-03T20:50:51.316416-07:00,read,key-9,0.378,98,false,leader-w5r1,50
2026-04-03T20:50:51.316796-07:00,read,key-1,0.330,108,false,leader-w5r1,50
2026-04-03T20:50:51.313943-07:00,write,key-7,811.119,98,false,leader-w5r1,50
2026-04-03T20:50:51.30884-07:00,write,key-5,816.446,100,false,leader-w5r1,50
2026-04-03T20:50:51.308647-07:00,write,key-1,816.650,108,false,leader-w5r1,50
2026-04-03T20:50:51.313311-07:00,write,key-7,812.029,99,false,leader-w5r1,50
2026-04-03T20:50:51.313903-07:00,write,key-2,811.463,96,false,leader-w5r1,50
2026-04-03T20:50:51.308776-07:00,write,key-3,816.597,122,false,leader-w5r1,50
2026-04-03T20:50:51.308894-07:00,write,key-9,816.537,97,false,leader-w5r1,50
2026-04-03T20:50:51.313989-07:00,write,key-6,811.544,108,false,leader-w5r1,50
2026-04-03T20:50:51.309119-07:00,write,key-7,816.578,95,false,leader-w5r1,50
2026-04-03T20:50:51.313286-07:00,write,key-4,812.488,105,false,leader-w5r1,50
2026-04-03T20:50:51.309183-07:00,write,key-7,816.675,96,false,leader-w5r1,50
2026-04-03T20:50:51.313197-07:00,write,key-2,812.699,95,false,leader-w5r1,50
2026-04-03T20:50:51.308721-07:00,write,key-2,817.180,94,false,leader-w5r1,50
2026-04-03T20:50:51.317128-07:00,write,key-9,808.799,99,false,leader-w5r1,50
2026-04-03T20:50:51.309133-07:00,write,key-1,816.802,107,false,leader-w5r1,50
2026-04-03T20:50:51.309297-07:00,write,key-3,816.656,121,false,leader-w5r1,50
2026-04-03T20:50:51.308873-07:00,write,key-4,817.083,104,false,leader-w5r1,50
2026-04-03T20:50:51.308998-07:00,write,key-9,816.992,98,false,leader-w5r1,50
2026-04-03T20:50:51.309188-07:00,write,key-7,816.802,97,false,leader-w5r1,50
2026-04-03T20:50:51.316417-07:00,write,key-2,809.581,97,false,leader-w5r1,50
2026-04-03T20:50:52.125297-07:00,read,key-5,4.233,100,false,leader-w5r1,50
2026-04-03T20:50:52.12534-07:00,read,key-5,4.382,100,false,leader-w5r1,50
2026-04-03T20:50:52.125431-07:00,read,key-7,4.361,99,false,leader-w5r1,50
2026-04-03T20:50:52.125285-07:00,read,key-4,4.538,105,false,leader-w5r1,50
2026-04-03T20:50:52.125954-07:00,read,key-2,3.916,97,false,leader-w5r1,50
2026-04-03T20:50:52.125857-07:00,read,key-6,4.026,109,false,leader-w5r1,50
2026-04-03T20:50:52.125956-07:00,read,key-3,3.940,122,false,leader-w5r1,50
2026-04-03T20:50:52.125989-07:00,read,key-5,3.912,100,false,leader-w5r1,50
2026-04-03T20:50:52.125774-07:00,read,key-1,4.217,108,false,leader-w5r1,50
2026-04-03T20:50:52.125936-07:00,read,key-1,4.121,108,false,leader-w5r1,50
2026-04-03T20:50:52.1259-07:00,read,key-8,4.173,116,false,leader-w5r1,50
2026-04-03T20:50:52.125532-07:00,read,key-0,4.546,112,false,leader-w5r1,50
2026-04-03T20:50:52.125989-07:00,read,key-5,4.103,100,false,leader-w5r1,50
2026-04-03T20:50:52.129897-07:00,read,key-1,0.852,108,false,leader-w5r1,50
2026-04-03T20:50:52.129793-07:00,read,key-3,1.048,122,false,leader-w5r1,50
2026-04-03T20:50:52.129846-07:00,read,key-0,1.007,112,false,leader-w5r1,50
2026-04-03T20:50:52.125998-07:00,read,key-0,4.865,112,false,leader-w5r1,50
2026-04-03T20:50:52.129992-07:00,read,key-3,0.881,122,false,leader-w5r1,50
2026-04-03T20:50:52.129723-07:00,read,key-2,1.156,97,false,leader-w5r1,50
2026-04-03T20:50:52.129871-07:00,read,key-8,1.018,118,false,leader-w5r1,50
2026-04-03T20:50:52.130079-07:00,read,key-9,0.812,99,false,leader-w5r1,50
2026-04-03T20:50:52.130893-07:00,read,key-4,0.596,105,false,leader-w5r1,50
2026-04-03T20:50:52.130864-07:00,read,key-1,0.627,108,false,leader-w5r1,50
2026-04-03T20:50:52.130874-07:00,read,key-0,0.618,112,false,leader-w5r1,50
2026-04-03T20:50:52.13075-07:00,read,key-4,0.765,105,false,leader-w5r1,50
2026-04-03T20:50:52.131491-07:00,read,key-6,0.550,108,false,leader-w5r1,50
2026-04-03T20:50:52.131492-07:00,read,key-1,0.574,108,false,leader-w5r1,50
2026-04-03T20:50:52.131516-07:00,read,key-2,0.555,97,false,leader-w5r1,50
2026-04-03T20:50:52.132068-07:00,read,key-4,0.842,105,false,leader-w5r1,50
2026-04-03T20:50:52.132043-07:00,read,key-1,0.909,108,false,leader-w5r1,50
2026-04-03T20:50:52.132911-07:00,read,key-4,0.663,105,false,leader-w5r1,50
2026-04-03T20:50:52.133575-07:00,read,key-0,0.437,112,false,leader-w5r1,50
2026-04-03T20:50:52.129884-07:00,write,key-9,814.816,100,false,leader-w5r1,50
2026-04-03T20:50:52.130843-07:00,write,key-4,814.309,106,false,leader-w5r1,50
2026-04-03T20:50:52.125697-07:00,write,key-5,819.577,101,false,leader-w5r1,50
2026-04-03T20:50:52.132953-07:00,write,key-9,813.133,101,false,leader-w5r1,50
2026-04-03T20:50:52.125064-07:00,write,key-6,821.071,110,false,leader-w5r1,50
2026-04-03T20:50:52.130059-07:00,write,key-5,816.128,102,false,leader-w5r1,50
2026-04-03T20:50:52.131493-07:00,write,key-0,814.725,114,false,leader-w5r1,50
2026-04-03T20:50:52.130882-07:00,write,key-8,815.420,122,false,leader-w5r1,50
2026-04-03T20:50:52.125895-07:00,write,key-8,820.492,118,false,leader-w5r1,50
2026-04-03T20:50:52.130094-07:00,write,key-8,816.322,119,false,leader-w5r1,50
2026-04-03T20:50:52.134013-07:00,write,key-8,812.441,123,false,leader-w5r1,50
2026-04-03T20:50:52.129903-07:00,write,key-0,816.644,113,false,leader-w5r1,50
2026-04-03T20:50:52.125926-07:00,write,key-7,820.655,100,false,leader-w5r1,50
2026-04-03T20:50:52.125366-07:00,write,key-6,821.261,109,false,leader-w5r1,50
2026-04-03T20:50:52.132074-07:00,write,key-5,814.589,103,false,leader-w5r1,50
2026-04-03T20:50:52.130891-07:00,write,key-8,815.787,121,false,leader-w5r1,50
2026-04-03T20:50:52.125373-07:00,write,key-8,821.319,117,false,leader-w5r1,50
2026-04-03T20:50:52.130075-07:00,write,key-8,816.646,120,false,leader-w5r1,50
2026-04-03T20:50:52.129531-07:00,write,key-6,817.225,111,false,leader-w5r1,50
2026-04-03T20:50:52.130856-07:00,write,key-9,815.914,102,false,leader-w5r1,50
2026-04-03T20:50:52.946086-07:00,read,key-5,2.918,103,false,leader-w5r1,50
2026-04-03T20:50:52.946218-07:00,read,key-4,2.860,106,false,leader-w5r1,50
2026-04-03T20:50:52.946135-07:00,read,key-6,3.034,111,false,leader-w5r1,50
2026-04-03T20:50:52.946662-07:00,read,key-9,2.598,103,false,leader-w5r1,50
2026-04-03T20:50:52.946302-07:00,read,key-6,2.965,111,false,leader-w5r1,50
2026-04-03T20:50:52.946692-07:00,read,key-9,2.932,103,false,leader-w5r1,50
2026-04-03T20:50:52.949171-07:00,read,key-9,0.465,102,false,leader-w5r1,50
2026-04-03T20:50:52.946454-07:00,read,key-7,3.206,100,false,leader-w5r1,50
2026-04-03T20:50:52.94908-07:00,read,key-7,1.014,100,false,leader-w5r1,50
2026-04-03T20:50:52.949262-07:00,read,key-9,1.042,102,false,leader-w5r1,50
2026-04-03T20:50:52.949626-07:00,read,key-8,1.169,123,false,leader-w5r1,50
2026-04-03T20:50:52.946756-07:00,read,key-1,4.335,108,false,leader-w5r1,50
2026-04-03T20:50:52.949663-07:00,read,key-8,1.721,125,false,leader-w5r1,50
2026-04-03T20:50:52.951093-07:00,read,key-0,0.570,114,false,leader-w5r1,50
2026-04-03T20:50:52.951386-07:00,read,key-0,0.524,114,false,leader-w5r1,50
2026-04-03T20:50:52.951664-07:00,read,key-2,0.816,98,false,leader-w5r1,50
2026-04-03T20:50:52.945152-07:00,write,key-0,816.832,117,false,leader-w5r1,50
2026-04-03T20:50:52.950096-07:00,write,key-9,811.989,106,false,leader-w5r1,50
2026-04-03T20:50:52.949637-07:00,write,key-8,812.547,126,false,leader-w5r1,50
2026-04-03T20:50:52.950306-07:00,write,key-7,811.919,102,false,leader-w5r1,50
2026-04-03T20:50:52.946628-07:00,write,key-9,815.651,103,false,leader-w5r1,50
2026-04-03T20:50:52.946547-07:00,write,key-8,815.822,124,false,leader-w5r1,50
2026-04-03T20:50:52.946415-07:00,write,key-0,815.996,116,false,leader-w5r1,50
2026-04-03T20:50:52.945275-07:00,write,key-8,817.167,125,false,leader-w5r1,50
2026-04-03T20:50:52.94672-07:00,write,key-9,815.763,104,false,leader-w5r1,50
2026-04-03T20:50:52.946677-07:00,write,key-7,815.838,101,false,leader-w5r1,50
2026-04-03T20:50:52.950797-07:00,write,key-0,811.748,118,false,leader-w5r1,50
2026-04-03T20:50:52.952482-07:00,write,key-5,810.114,105,false,leader-w5r1,50
2026-04-03T20:50:52.949008-07:00,write,key-3,813.687,125,false,leader-w5r1,50
2026-04-03T20:50:52.946188-07:00,write,key-0,816.573,115,false,leader-w5r1,50
2026-04-03T20:50:52.951911-07:00,write,key-4,810.921,107,false,leader-w5r1,50
2026-04-03T20:50:52.946388-07:00,write,key-3,816.507,124,false,leader-w5r1,50
2026-04-03T20:50:52.949269-07:00,write,key-9,813.653,105,false,leader-w5r1,50
2026-04-03T20:50:52.946769-07:00,write,key-2,816.163,98,false,leader-w5r1,50
2026-04-03T20:50:52.944707-07:00,write,key-5,818.258,104,false,leader-w5r1,50
2026-04-03T20:50:52.946581-07:00,write,key-3,816.419,123,false,leader-w5r1,50
2026-04-03T20:50:53.762482-07:00,read,key-2,4.812,98,false,leader-w5r1,50
2026-04-03T20:50:53.762368-07:00,read,key-5,5.014,105,false,leader-w5r1,50
2026-04-03T20:50:53.762596-07:00,read,key-5,4.792,105,false,leader-w5r1,50
2026-04-03T20:50:53.762966-07:00,read,key-4,4.469,107,false,leader-w5r1,50
2026-04-03T20:50:53.762442-07:00,read,key-0,5.020,119,false,leader-w5r1,50
2026-04-03T20:50:53.762279-07:00,read,key-1,5.210,108,false,leader-w5r1,50
2026-04-03T20:50:53.762411-07:00,read,key-4,5.277,107,false,leader-w5r1,50
2026-04-03T20:50:53.76739-07:00,read,key-7,0.837,102,false,leader-w5r1,50
2026-04-03T20:50:53.767492-07:00,read,key-3,0.745,125,false,leader-w5r1,50
2026-04-03T20:50:53.76769-07:00,read,key-9,0.619,106,false,leader-w5r1,50
2026-04-03T20:50:53.767384-07:00,read,key-5,0.982,105,false,leader-w5r1,50
2026-04-03T20:50:53.767464-07:00,read,key-7,0.914,102,false,leader-w5r1,50
2026-04-03T20:50:53.763-07:00,read,key-2,5.442,98,false,leader-w5r1,50
2026-04-03T20:50:53.762544-07:00,read,key-4,5.898,107,false,leader-w5r1,50
2026-04-03T20:50:53.768239-07:00,read,key-4,0.392,107,false,leader-w5r1,50
2026-04-03T20:50:53.768368-07:00,read,key-8,0.450,126,false,leader-w5r1,50
2026-04-03T20:50:53.768633-07:00,read,key-1,0.331,108,false,leader-w5r1,50
2026-04-03T20:50:53.762695-07:00,write,key-2,820.984,100,false,leader-w5r1,50
2026-04-03T20:50:53.767437-07:00,write,key-4,816.363,108,false,leader-w5r1,50
2026-04-03T20:50:53.762225-07:00,write,key-2,821.668,101,false,leader-w5r1,50
2026-04-03T20:50:53.768965-07:00,write,key-8,815.019,129,false,leader-w5r1,50
2026-04-03T20:50:53.768228-07:00,write,key-4,815.802,109,false,leader-w5r1,50
2026-04-03T20:50:53.76276-07:00,write,key-8,821.396,127,false,leader-w5r1,50
2026-04-03T20:50:53.768444-07:00,write,key-7,815.809,104,false,leader-w5r1,50
2026-04-03T20:50:53.76199-07:00,write,key-2,822.290,99,false,leader-w5r1,50
2026-04-03T20:50:53.767298-07:00,write,key-9,817.032,107,false,leader-w5r1,50
2026-04-03T20:50:53.768311-07:00,write,key-6,816.042,113,false,leader-w5r1,50
2026-04-03T20:50:53.762515-07:00,write,key-0,821.895,119,false,leader-w5r1,50
2026-04-03T20:50:53.762933-07:00,write,key-0,821.528,120,false,leader-w5r1,50
2026-04-03T20:50:53.762895-07:00,write,key-7,821.649,103,false,leader-w5r1,50
2026-04-03T20:50:53.762831-07:00,write,key-3,821.722,126,false,leader-w5r1,50
2026-04-03T20:50:53.768819-07:00,write,key-1,815.760,109,false,leader-w5r1,50
2026-04-03T20:50:53.768444-07:00,write,key-7,816.163,105,false,leader-w5r1,50
2026-04-03T20:50:53.762184-07:00,write,key-6,822.426,112,false,leader-w5r1,50
2026-04-03T20:50:53.762922-07:00,write,key-2,821.720,102,false,leader-w5r1,50
2026-04-03T20:50:53.768379-07:00,write,key-0,816.275,121,false,leader-w5r1,50
2026-04-03T20:50:53.762086-07:00,write,key-8,822.611,128,false,leader-w5r1,50
2026-04-03T20:50:54.58446-07:00,read,key-6,4.462,113,false,leader-w5r1,50
2026-04-03T20:50:54.58441-07:00,read,key-0,4.540,121,false,leader-w5r1,50
2026-04-03T20:50:54.583985-07:00,read,key-1,5.232,109,false,leader-w5r1,50
2026-04-03T20:50:54.583801-07:00,read,key-8,5.443,129,false,leader-w5r1,50
2026-04-03T20:50:54.584157-07:00,read,key-6,5.092,113,false,leader-w5r1,50
2026-04-03T20:50:54.584579-07:00,read,key-6,4.669,114,false,leader-w5r1,50
2026-04-03T20:50:54.584031-07:00,read,key-6,5.352,113,false,leader-w5r1,50
2026-04-03T20:50:54.58428-07:00,read,key-3,5.246,126,false,leader-w5r1,50
2026-04-03T20:50:54.584554-07:00,read,key-6,4.987,113,false,leader-w5r1,50
2026-04-03T20:50:54.588952-07:00,read,key-8,1.058,129,false,leader-w5r1,50
2026-04-03T20:50:54.588925-07:00,read,key-1,1.115,110,false,leader-w5r1,50
2026-04-03T20:50:54.589248-07:00,read,key-5,0.813,105,false,leader-w5r1,50
2026-04-03T20:50:54.589251-07:00,read,key-8,0.813,129,false,leader-w5r1,50
2026-04-03T20:50:54.589542-07:00,read,key-6,0.533,113,false,leader-w5r1,50
2026-04-03T20:50:54.584642-07:00,read,key-6,5.618,113,false,leader-w5r1,50
2026-04-03T20:50:54.584655-07:00,read,key-2,5.642,102,false,leader-w5r1,50
2026-04-03T20:50:54.590066-07:00,read,key-6,0.747,113,false,leader-w5r1,50
2026-04-03T20:50:54.584544-07:00,read,key-0,6.317,121,false,leader-w5r1,50
2026-04-03T20:50:54.590062-07:00,read,key-7,0.807,105,false,leader-w5r1,50
2026-04-03T20:50:54.590041-07:00,read,key-0,0.836,121,false,leader-w5r1,50
2026-04-03T20:50:54.584353-07:00,read,key-1,6.524,109,false,leader-w5r1,50
2026-04-03T20:50:54.589251-07:00,read,key-9,1.630,108,false,leader-w5r1,50
2026-04-03T20:50:54.59008-07:00,read,key-6,0.822,113,false,leader-w5r1,50
2026-04-03T20:50:54.58461-07:00,read,key-5,6.315,105,false,leader-w5r1,50
2026-04-03T20:50:54.590011-07:00,read,key-9,1.015,107,false,leader-w5r1,50
2026-04-03T20:50:54.590883-07:00,read,key-2,0.770,102,false,leader-w5r1,50
2026-04-03T20:50:54.590926-07:00,read,key-6,0.902,113,false,leader-w5r1,50
2026-04-03T20:50:54.590902-07:00,read,key-9,0.983,107,false,leader-w5r1,50
2026-04-03T20:50:54.591027-07:00,read,key-0,1.104,121,false,leader-w5r1,50
2026-04-03T20:50:54.591887-07:00,read,key-5,0.665,105,false,leader-w5r1,50
2026-04-03T20:50:54.59183-07:00,read,key-0,0.776,121,false,leader-w5r1,50
2026-04-03T20:50:54.591654-07:00,read,key-7,1.123,105,false,leader-w5r1,50
2026-04-03T20:50:54.592553-07:00,read,key-5,0.638,105,false,leader-w5r1,50
2026-04-03T20:50:54.592608-07:00,read,key-4,0.656,109,false,leader-w5r1,50
2026-04-03T20:50:54.592778-07:00,read,key-9,0.595,107,false,leader-w5r1,50
2026-04-03T20:50:54.593265-07:00,read,key-4,0.601,109,false,leader-w5r1,50
2026-04-03T20:50:54.593867-07:00,read,key-6,0.351,113,false,leader-w5r1,50
2026-04-03T20:50:54.594219-07:00,read,key-7,0.387,105,false,leader-w5r1,50
2026-04-03T20:50:54.594608-07:00,read,key-8,1.260,129,false,leader-w5r1,50
2026-04-03T20:50:54.595869-07:00,read,key-4,0.234,111,false,leader-w5r1,50
2026-04-03T20:50:54.583894-07:00,write,key-1,819.986,110,false,leader-w5r1,50
2026-04-03T20:50:54.592133-07:00,write,key-2,811.988,103,false,leader-w5r1,50
2026-04-03T20:50:54.590814-07:00,write,key-1,813.406,113,false,leader-w5r1,50
2026-04-03T20:50:54.589528-07:00,write,key-2,814.771,104,false,leader-w5r1,50
2026-04-03T20:50:54.590862-07:00,write,key-9,813.593,110,false,leader-w5r1,50
2026-04-03T20:50:54.593374-07:00,write,key-6,811.259,115,false,leader-w5r1,50
2026-04-03T20:50:54.58433-07:00,write,key-9,820.383,108,false,leader-w5r1,50
2026-04-03T20:50:54.590871-07:00,write,key-9,813.907,109,false,leader-w5r1,50
2026-04-03T20:50:54.589219-07:00,write,key-1,815.648,112,false,leader-w5r1,50
2026-04-03T20:50:54.589385-07:00,write,key-7,815.594,106,false,leader-w5r1,50
2026-04-03T20:50:54.593192-07:00,write,key-7,811.827,108,false,leader-w5r1,50
2026-04-03T20:50:54.590298-07:00,write,key-1,814.777,114,false,leader-w5r1,50
2026-04-03T20:50:54.583687-07:00,write,key-4,821.447,110,false,leader-w5r1,50
2026-04-03T20:50:54.584253-07:00,write,key-3,820.941,127,false,leader-w5r1,50
2026-04-03T20:50:54.596104-07:00,write,key-6,809.166,116,false,leader-w5r1,50
2026-04-03T20:50:54.590262-07:00,write,key-4,815.081,111,false,leader-w5r1,50
2026-04-03T20:50:54.590879-07:00,write,key-7,814.520,107,false,leader-w5r1,50
2026-04-03T20:50:54.590879-07:00,write,key-3,814.576,128,false,leader-w5r1,50
2026-04-03T20:50:54.584607-07:00,write,key-6,820.906,114,false,leader-w5r1,50
2026-04-03T20:50:54.584697-07:00,write,key-1,821.251,111,false,leader-w5r1,50
2026-04-03T20:50:55.40422-07:00,read,key-8,3.034,129,false,leader-w5r1,50
2026-04-03T20:50:55.404455-07:00,read,key-0,2.827,121,false,leader-w5r1,50
2026-04-03T20:50:55.404867-07:00,read,key-7,2.470,108,false,leader-w5r1,50
2026-04-03T20:50:55.405948-07:00,read,key-1,1.426,116,false,leader-w5r1,50
2026-04-03T20:50:55.40527-07:00,read,key-6,2.122,116,false,leader-w5r1,50
2026-04-03T20:50:55.405194-07:00,read,key-0,2.237,121,false,leader-w5r1,50
2026-04-03T20:50:55.405398-07:00,read,key-6,2.056,116,false,leader-w5r1,50
2026-04-03T20:50:55.404122-07:00,read,key-1,3.392,116,false,leader-w5r1,50
2026-04-03T20:50:55.405134-07:00,read,key-5,2.400,105,false,leader-w5r1,50
2026-04-03T20:50:55.404777-07:00,read,key-3,2.786,128,false,leader-w5r1,50
2026-04-03T20:50:55.407283-07:00,read,key-8,0.929,134,false,leader-w5r1,50
2026-04-03T20:50:55.407394-07:00,read,key-9,0.975,110,false,leader-w5r1,50
2026-04-03T20:50:55.405512-07:00,read,key-3,2.910,128,false,leader-w5r1,50
2026-04-03T20:50:55.407341-07:00,read,key-1,1.124,114,false,leader-w5r1,50
2026-04-03T20:50:55.407376-07:00,read,key-4,1.191,111,false,leader-w5r1,50
2026-04-03T20:50:55.407432-07:00,read,key-2,1.183,104,false,leader-w5r1,50
2026-04-03T20:50:55.407535-07:00,read,key-2,1.121,104,false,leader-w5r1,50
2026-04-03T20:50:55.40837-07:00,read,key-8,0.309,129,false,leader-w5r1,50
2026-04-03T20:50:55.408424-07:00,read,key-2,0.320,104,false,leader-w5r1,50
2026-04-03T20:50:55.408466-07:00,read,key-2,0.925,104,false,leader-w5r1,50
2026-04-03T20:50:55.408681-07:00,read,key-9,0.720,110,false,leader-w5r1,50
2026-04-03T20:50:55.408658-07:00,read,key-0,0.797,121,false,leader-w5r1,50
2026-04-03T20:50:55.408746-07:00,read,key-4,0.727,111,false,leader-w5r1,50
2026-04-03T20:50:55.409393-07:00,read,key-8,2.671,135,false,leader-w5r1,50
2026-04-03T20:50:55.412067-07:00,read,key-9,1.712,111,false,leader-w5r1,50
2026-04-03T20:50:55.413782-07:00,read,key-2,0.330,104,false,leader-w5r1,50
2026-04-03T20:50:55.403886-07:00,write,key-8,820.429,133,false,leader-w5r1,50
2026-04-03T20:50:55.408569-07:00,write,key-8,815.883,135,false,leader-w5r1,50
2026-04-03T20:50:55.404633-07:00,write,key-8,819.850,132,false,leader-w5r1,50
2026-04-03T20:50:55.408617-07:00,write,key-6,815.898,117,false,leader-w5r1,50
2026-04-03T20:50:55.404713-07:00,write,key-8,819.827,134,false,leader-w5r1,50
2026-04-03T20:50:55.405018-07:00,write,key-8,819.553,131,false,leader-w5r1,50
2026-04-03T20:50:55.408215-07:00,write,key-3,816.434,129,false,leader-w5r1,50
2026-04-03T20:50:55.409475-07:00,write,key-7,815.264,110,false,leader-w5r1,50
2026-04-03T20:50:55.409456-07:00,write,key-4,815.347,114,false,leader-w5r1,50
2026-04-03T20:50:55.405454-07:00,write,key-8,819.442,130,false,leader-w5r1,50
2026-04-03T20:50:55.407456-07:00,write,key-7,817.527,109,false,leader-w5r1,50
2026-04-03T20:50:55.404979-07:00,write,key-1,820.055,115,false,leader-w5r1,50
2026-04-03T20:50:55.407257-07:00,write,key-1,817.810,117,false,leader-w5r1,50
2026-04-03T20:50:55.405343-07:00,write,key-9,819.751,111,false,leader-w5r1,50
2026-04-03T20:50:55.405075-07:00,write,key-1,820.053,116,false,leader-w5r1,50
2026-04-03T20:50:55.407565-07:00,write,key-0,817.571,122,false,leader-w5r1,50
2026-04-03T20:50:55.409403-07:00,write,key-0,815.766,123,false,leader-w5r1,50
2026-04-03T20:50:55.414114-07:00,write,key-2,811.078,105,false,leader-w5r1,50
2026-04-03T20:50:55.404299-07:00,write,key-4,820.937,112,false,leader-w5r1,50
2026-04-03T20:50:55.407516-07:00,write,key-4,817.722,113,false,leader-w5r1,50
2026-04-03T20:50:56.224318-07:00,read,key-2,1.027,105,false,leader-w5r1,50
2026-04-03T20:50:56.22454-07:00,read,key-3,0.830,129,false,leader-w5r1,50
2026-04-03T20:50:56.224516-07:00,read,key-4,0.925,114,false,leader-w5r1,50
2026-04-03T20:50:56.224649-07:00,read,key-8,0.989,135,false,leader-w5r1,50
2026-04-03T20:50:56.224896-07:00,read,key-6,0.824,117,false,leader-w5r1,50
2026-04-03T20:50:56.225135-07:00,read,key-5,1.792,105,false,leader-w5r1,50
2026-04-03T20:50:56.225127-07:00,read,key-8,1.874,135,false,leader-w5r1,50
2026-04-03T20:50:56.225722-07:00,read,key-6,1.292,117,false,leader-w5r1,50
2026-04-03T20:50:56.225238-07:00,read,key-7,1.829,110,false,leader-w5r1,50
2026-04-03T20:50:56.225192-07:00,read,key-1,1.887,117,false,leader-w5r1,50
2026-04-03T20:50:56.225442-07:00,read,key-8,1.660,135,false,leader-w5r1,50
2026-04-03T20:50:56.225236-07:00,read,key-3,1.897,129,false,leader-w5r1,50
2026-04-03T20:50:56.225371-07:00,read,key-8,1.788,135,false,leader-w5r1,50
2026-04-03T20:50:56.227134-07:00,read,key-9,0.462,111,false,leader-w5r1,50
2026-04-03T20:50:56.227016-07:00,read,key-8,2.710,137,false,leader-w5r1,50
2026-04-03T20:50:56.22973-07:00,read,key-3,0.562,129,false,leader-w5r1,50
2026-04-03T20:50:56.227161-07:00,write,key-0,811.612,125,false,leader-w5r1,50
2026-04-03T20:50:56.225094-07:00,write,key-4,813.728,116,false,leader-w5r1,50
2026-04-03T20:50:56.227068-07:00,write,key-2,811.877,106,false,leader-w5r1,50
2026-04-03T20:50:56.227104-07:00,write,key-7,811.956,114,false,leader-w5r1,50
2026-04-03T20:50:56.224983-07:00,write,key-9,814.082,112,false,leader-w5r1,50
2026-04-03T20:50:56.230294-07:00,write,key-2,808.902,107,false,leader-w5r1,50
2026-04-03T20:50:56.22564-07:00,write,key-7,814.777,113,false,leader-w5r1,50
2026-04-03T20:50:56.224484-07:00,write,key-1,816.031,118,false,leader-w5r1,50
2026-04-03T20:50:56.227598-07:00,write,key-1,813.001,120,false,leader-w5r1,50
2026-04-03T20:50:56.225033-07:00,write,key-8,815.870,136,false,leader-w5r1,50
2026-04-03T20:50:56.224803-07:00,write,key-3,816.151,130,false,leader-w5r1,50
2026-04-03T20:50:56.224451-07:00,write,key-0,816.574,124,false,leader-w5r1,50
2026-04-03T20:50:56.22693-07:00,write,key-8,814.120,137,false,leader-w5r1,50
2026-04-03T20:50:56.227081-07:00,write,key-4,814.002,117,false,leader-w5r1,50
2026-04-03T20:50:56.22457-07:00,write,key-4,816.563,115,false,leader-w5r1,50
2026-04-03T20:50:56.227004-07:00,write,key-6,814.159,118,false,leader-w5r1,50
2026-04-03T20:50:56.225067-07:00,write,key-7,816.165,112,false,leader-w5r1,50
2026-04-03T20:50:56.225168-07:00,write,key-1,816.179,119,false,leader-w5r1,50
2026-04-03T20:50:56.225348-07:00,write,key-3,816.089,131,false,leader-w5r1,50
2026-04-03T20:50:56.224738-07:00,write,key-7,816.776,111,false,leader-w5r1,50
2026-04-03T20:50:57.041515-07:00,read,key-8,2.396,137,false,leader-w5r1,50
2026-04-03T20:50:57.039067-07:00,read,key-1,4.848,120,false,leader-w5r1,50
2026-04-03T20:50:57.038823-07:00,read,key-5,5.100,105,false,leader-w5r1,50
2026-04-03T20:50:57.041232-07:00,read,key-8,2.700,137,false,leader-w5r1,50
2026-04-03T20:50:57.04105-07:00,read,key-3,2.914,131,false,leader-w5r1,50
2026-04-03T20:50:57.038783-07:00,read,key-5,5.215,105,false,leader-w5r1,50
2026-04-03T20:50:57.038945-07:00,read,key-3,5.129,131,false,leader-w5r1,50
2026-04-03T20:50:57.039059-07:00,read,key-3,5.054,131,false,leader-w5r1,50
2026-04-03T20:50:57.040599-07:00,read,key-7,4.546,114,false,leader-w5r1,50
2026-04-03T20:50:57.043915-07:00,read,key-8,1.283,137,false,leader-w5r1,50
2026-04-03T20:50:57.044077-07:00,read,key-9,1.426,112,false,leader-w5r1,50
2026-04-03T20:50:57.044003-07:00,read,key-9,1.587,112,false,leader-w5r1,50
2026-04-03T20:50:57.04392-07:00,read,key-9,1.700,113,false,leader-w5r1,50
2026-04-03T20:50:57.045148-07:00,read,key-8,0.782,137,false,leader-w5r1,50
2026-04-03T20:50:57.045505-07:00,read,key-0,0.723,125,false,leader-w5r1,50
2026-04-03T20:50:57.041347-07:00,write,key-5,813.382,106,false,leader-w5r1,50
2026-04-03T20:50:57.041436-07:00,write,key-8,813.329,138,false,leader-w5r1,50
2026-04-03T20:50:57.040904-07:00,write,key-6,813.910,119,false,leader-w5r1,50
2026-04-03T20:50:57.041025-07:00,write,key-2,813.816,110,false,leader-w5r1,50
2026-04-03T20:50:57.041082-07:00,write,key-2,813.797,109,false,leader-w5r1,50
2026-04-03T20:50:57.039196-07:00,write,key-0,815.722,128,false,leader-w5r1,50
2026-04-03T20:50:57.041163-07:00,write,key-4,813.801,118,false,leader-w5r1,50
2026-04-03T20:50:57.0452-07:00,write,key-6,809.780,121,false,leader-w5r1,50
2026-04-03T20:50:57.041133-07:00,write,key-0,813.863,126,false,leader-w5r1,50
2026-04-03T20:50:57.854765-07:00,read,key-9,0.569,114,false,leader-w5r1,50
2026-04-03T20:50:57.040514-07:00,write,key-0,814.834,127,false,leader-w5r1,50
2026-04-03T20:50:57.044115-07:00,write,key-1,811.280,121,false,leader-w5r1,50
2026-04-03T20:50:57.854813-07:00,read,key-2,0.630,110,false,leader-w5r1,50
2026-04-03T20:50:57.045932-07:00,write,key-3,809.604,132,false,leader-w5r1,50
2026-04-03T20:50:57.043966-07:00,write,key-9,811.649,114,false,leader-w5r1,50
2026-04-03T20:50:57.043928-07:00,write,key-4,811.740,119,false,leader-w5r1,50
2026-04-03T20:50:57.040417-07:00,write,key-2,815.300,108,false,leader-w5r1,50
2026-04-03T20:50:57.045623-07:00,write,key-1,810.112,122,false,leader-w5r1,50
2026-04-03T20:50:57.043933-07:00,write,key-8,811.845,139,false,leader-w5r1,50
2026-04-03T20:50:57.854841-07:00,read,key-2,0.961,110,false,leader-w5r1,50
2026-04-03T20:50:57.045593-07:00,write,key-6,810.223,120,false,leader-w5r1,50
2026-04-03T20:50:57.04623-07:00,write,key-5,809.623,107,false,leader-w5r1,50
2026-04-03T20:50:57.040954-07:00,write,key-9,814.922,113,false,leader-w5r1,50
2026-04-03T20:50:57.854964-07:00,read,key-8,0.952,139,false,leader-w5r1,50
2026-04-03T20:50:57.854996-07:00,read,key-4,0.986,119,false,leader-w5r1,50
2026-04-03T20:50:57.854917-07:00,read,key-0,1.672,128,false,leader-w5r1,50
2026-04-03T20:50:57.855615-07:00,read,key-8,1.020,139,false,leader-w5r1,50
2026-04-03T20:50:57.855815-07:00,read,key-6,0.892,121,false,leader-w5r1,50
2026-04-03T20:50:57.855716-07:00,read,key-7,1.029,115,false,leader-w5r1,50
2026-04-03T20:50:57.855445-07:00,read,key-8,1.339,139,false,leader-w5r1,50
2026-04-03T20:50:57.855536-07:00,read,key-2,1.308,110,false,leader-w5r1,50
2026-04-03T20:50:57.855395-07:00,read,key-1,1.458,122,false,leader-w5r1,50
2026-04-03T20:50:57.855348-07:00,read,key-6,1.554,121,false,leader-w5r1,50
2026-04-03T20:50:57.855735-07:00,read,key-9,2.471,114,false,leader-w5r1,50
2026-04-03T20:50:57.856708-07:00,read,key-9,1.578,114,false,leader-w5r1,50
2026-04-03T20:50:57.856854-07:00,read,key-2,1.450,110,false,leader-w5r1,50
2026-04-03T20:50:57.855917-07:00,read,key-7,2.405,114,false,leader-w5r1,50
2026-04-03T20:50:57.856636-07:00,read,key-1,1.702,122,false,leader-w5r1,50
2026-04-03T20:50:57.856747-07:00,read,key-2,2.141,110,false,leader-w5r1,50
2026-04-03T20:50:57.856903-07:00,read,key-4,3.480,120,false,leader-w5r1,50
2026-04-03T20:50:57.856785-07:00,write,key-7,810.427,116,false,leader-w5r1,50
2026-04-03T20:50:57.85498-07:00,write,key-5,812.341,108,false,leader-w5r1,50
2026-04-03T20:50:57.855778-07:00,write,key-1,811.610,124,false,leader-w5r1,50
2026-04-03T20:50:57.855337-07:00,write,key-7,812.116,115,false,leader-w5r1,50
2026-04-03T20:50:57.856591-07:00,write,key-8,810.927,140,false,leader-w5r1,50
2026-04-03T20:50:57.854732-07:00,write,key-1,812.794,123,false,leader-w5r1,50
2026-04-03T20:50:57.855875-07:00,write,key-4,811.656,120,false,leader-w5r1,50
2026-04-03T20:50:57.856845-07:00,write,key-9,810.689,117,false,leader-w5r1,50
2026-04-03T20:50:57.855984-07:00,write,key-2,811.556,113,false,leader-w5r1,50
2026-04-03T20:50:57.855804-07:00,write,key-9,811.778,116,false,leader-w5r1,50
2026-04-03T20:50:57.854879-07:00,write,key-9,812.705,115,false,leader-w5r1,50
2026-04-03T20:50:57.855668-07:00,write,key-2,811.927,111,false,leader-w5r1,50
2026-04-03T20:50:57.855852-07:00,write,key-2,811.747,112,false,leader-w5r1,50
