timestamp,type,key,latency_ms,version,stale_read,db_type,write_pct
2026-04-03T20:50:07.384931-07:00,read,key-8,16.553,3,false,leader-w5r1,10
2026-04-03T20:50:07.384927-07:00,read,key-6,16.716,3,false,leader-w5r1,10
2026-04-03T20:50:07.384991-07:00,read,key-1,16.708,2,false,leader-w5r1,10
2026-04-03T20:50:07.385036-07:00,read,key-6,16.694,3,false,leader-w5r1,10
2026-04-03T20:50:07.384729-07:00,read,key-2,17.017,1,false,leader-w5r1,10
2026-04-03T20:50:07.384953-07:00,read,key-5,16.820,3,false,leader-w5r1,10
2026-04-03T20:50:07.384747-07:00,read,key-5,17.026,3,false,leader-w5r1,10
2026-04-03T20:50:07.385044-07:00,read,key-1,16.762,2,false,leader-w5r1,10
2026-04-03T20:50:07.384723-07:00,read,key-8,17.115,3,false,leader-w5r1,10
2026-04-03T20:50:07.385037-07:00,read,key-6,16.823,3,false,leader-w5r1,10
2026-04-03T20:50:07.384807-07:00,read,key-1,17.070,2,false,leader-w5r1,10
2026-04-03T20:50:07.384828-07:00,read,key-2,17.072,1,false,leader-w5r1,10
2026-04-03T20:50:07.384807-07:00,read,key-1,17.112,2,false,leader-w5r1,10
2026-04-03T20:50:07.384809-07:00,read,key-7,17.134,5,false,leader-w5r1,10
2026-04-03T20:50:07.385042-07:00,read,key-9,16.909,1,false,leader-w5r1,10
2026-04-03T20:50:07.384734-07:00,read,key-6,17.239,3,false,leader-w5r1,10
2026-04-03T20:50:07.38487-07:00,read,key-6,17.103,3,false,leader-w5r1,10
2026-04-03T20:50:07.385004-07:00,read,key-5,16.980,3,false,leader-w5r1,10
2026-04-03T20:50:07.401944-07:00,read,key-3,1.295,4,false,leader-w5r1,10
2026-04-03T20:50:07.401901-07:00,read,key-1,1.344,2,false,leader-w5r1,10
2026-04-03T20:50:07.401878-07:00,read,key-8,1.393,3,false,leader-w5r1,10
2026-04-03T20:50:07.401491-07:00,read,key-3,1.797,4,false,leader-w5r1,10
2026-04-03T20:50:07.401704-07:00,read,key-9,1.601,1,false,leader-w5r1,10
2026-04-03T20:50:07.401748-07:00,read,key-6,1.581,3,false,leader-w5r1,10
2026-04-03T20:50:07.401974-07:00,read,key-1,1.362,2,false,leader-w5r1,10
2026-04-03T20:50:07.401645-07:00,read,key-9,1.718,1,false,leader-w5r1,10
2026-04-03T20:50:07.40192-07:00,read,key-5,1.451,3,false,leader-w5r1,10
2026-04-03T20:50:07.401975-07:00,read,key-7,1.415,5,false,leader-w5r1,10
2026-04-03T20:50:07.401731-07:00,read,key-4,1.665,4,false,leader-w5r1,10
2026-04-03T20:50:07.40184-07:00,read,key-2,2.197,1,false,leader-w5r1,10
2026-04-03T20:50:07.403246-07:00,read,key-6,0.807,3,false,leader-w5r1,10
2026-04-03T20:50:07.40324-07:00,read,key-2,0.854,1,false,leader-w5r1,10
2026-04-03T20:50:07.401862-07:00,read,key-7,2.251,5,false,leader-w5r1,10
2026-04-03T20:50:07.401953-07:00,read,key-4,2.169,4,false,leader-w5r1,10
2026-04-03T20:50:07.401807-07:00,read,key-7,2.348,5,false,leader-w5r1,10
2026-04-03T20:50:07.401774-07:00,read,key-7,2.380,5,false,leader-w5r1,10
2026-04-03T20:50:07.403272-07:00,read,key-5,0.898,3,false,leader-w5r1,10
2026-04-03T20:50:07.403306-07:00,read,key-7,0.871,5,false,leader-w5r1,10
2026-04-03T20:50:07.40199-07:00,read,key-1,2.205,2,false,leader-w5r1,10
2026-04-03T20:50:07.404096-07:00,read,key-7,2.070,5,false,leader-w5r1,10
2026-04-03T20:50:07.403291-07:00,read,key-1,2.917,2,false,leader-w5r1,10
2026-04-03T20:50:07.404124-07:00,read,key-0,2.086,1,false,leader-w5r1,10
2026-04-03T20:50:07.403337-07:00,read,key-8,2.892,3,false,leader-w5r1,10
2026-04-03T20:50:07.403364-07:00,read,key-5,2.893,3,false,leader-w5r1,10
2026-04-03T20:50:07.404055-07:00,read,key-3,2.227,4,false,leader-w5r1,10
2026-04-03T20:50:07.40621-07:00,read,key-7,1.636,5,false,leader-w5r1,10
2026-04-03T20:50:07.406173-07:00,read,key-1,1.699,2,false,leader-w5r1,10
2026-04-03T20:50:07.404196-07:00,read,key-4,4.180,4,false,leader-w5r1,10
2026-04-03T20:50:07.40623-07:00,read,key-6,2.147,3,false,leader-w5r1,10
2026-04-03T20:50:07.404179-07:00,read,key-6,4.945,3,false,leader-w5r1,10
2026-04-03T20:50:07.404157-07:00,read,key-8,5.015,3,false,leader-w5r1,10
2026-04-03T20:50:07.403398-07:00,read,key-3,5.789,4,false,leader-w5r1,10
2026-04-03T20:50:07.403373-07:00,read,key-0,6.011,1,false,leader-w5r1,10
2026-04-03T20:50:07.403392-07:00,read,key-5,6.034,3,false,leader-w5r1,10
2026-04-03T20:50:07.404039-07:00,read,key-4,5.407,4,false,leader-w5r1,10
2026-04-03T20:50:07.408378-07:00,read,key-7,1.183,5,false,leader-w5r1,10
2026-04-03T20:50:07.404156-07:00,read,key-3,5.597,5,false,leader-w5r1,10
2026-04-03T20:50:07.408378-07:00,read,key-8,1.398,3,false,leader-w5r1,10
2026-04-03T20:50:07.404172-07:00,read,key-6,5.630,3,false,leader-w5r1,10
2026-04-03T20:50:07.407846-07:00,read,key-2,1.975,1,false,leader-w5r1,10
2026-04-03T20:50:07.409173-07:00,read,key-7,1.176,5,false,leader-w5r1,10
2026-04-03T20:50:07.409188-07:00,read,key-2,1.224,1,false,leader-w5r1,10
2026-04-03T20:50:07.409387-07:00,read,key-5,1.043,3,false,leader-w5r1,10
2026-04-03T20:50:07.409447-07:00,read,key-9,1.027,1,false,leader-w5r1,10
2026-04-03T20:50:07.406283-07:00,read,key-6,4.389,5,false,leader-w5r1,10
2026-04-03T20:50:07.409428-07:00,read,key-9,1.290,1,false,leader-w5r1,10
2026-04-03T20:50:07.409126-07:00,read,key-7,1.617,5,false,leader-w5r1,10
2026-04-03T20:50:07.409754-07:00,read,key-1,1.423,3,false,leader-w5r1,10
2026-04-03T20:50:07.409803-07:00,read,key-9,1.384,1,false,leader-w5r1,10
2026-04-03T20:50:07.409563-07:00,read,key-3,1.674,4,false,leader-w5r1,10
2026-04-03T20:50:07.409824-07:00,read,key-1,1.435,2,false,leader-w5r1,10
2026-04-03T20:50:07.410414-07:00,read,key-6,0.942,3,false,leader-w5r1,10
2026-04-03T20:50:07.410351-07:00,read,key-2,1.013,1,false,leader-w5r1,10
2026-04-03T20:50:07.410673-07:00,read,key-3,0.869,4,false,leader-w5r1,10
2026-04-03T20:50:07.410432-07:00,read,key-2,1.203,4,false,leader-w5r1,10
2026-04-03T20:50:07.410719-07:00,read,key-1,0.927,2,false,leader-w5r1,10
2026-04-03T20:50:07.411238-07:00,read,key-6,1.239,3,false,leader-w5r1,10
2026-04-03T20:50:07.410744-07:00,read,key-2,1.735,1,false,leader-w5r1,10
2026-04-03T20:50:07.411543-07:00,read,key-5,0.960,3,false,leader-w5r1,10
2026-04-03T20:50:07.411648-07:00,read,key-7,0.863,5,false,leader-w5r1,10
2026-04-03T20:50:07.411188-07:00,read,key-1,1.329,2,false,leader-w5r1,10
2026-04-03T20:50:07.41126-07:00,read,key-2,1.277,1,false,leader-w5r1,10
2026-04-03T20:50:07.411365-07:00,read,key-6,1.185,3,false,leader-w5r1,10
2026-04-03T20:50:07.412538-07:00,read,key-5,0.389,3,false,leader-w5r1,10
2026-04-03T20:50:07.411637-07:00,read,key-6,1.491,3,false,leader-w5r1,10
2026-04-03T20:50:07.412519-07:00,read,key-8,0.622,3,false,leader-w5r1,10
2026-04-03T20:50:07.41251-07:00,read,key-9,0.641,1,false,leader-w5r1,10
2026-04-03T20:50:07.412928-07:00,read,key-2,0.386,1,false,leader-w5r1,10
2026-04-03T20:50:07.413142-07:00,read,key-7,0.505,5,false,leader-w5r1,10
2026-04-03T20:50:07.413152-07:00,read,key-3,0.516,4,false,leader-w5r1,10
2026-04-03T20:50:07.413129-07:00,read,key-3,0.874,4,false,leader-w5r1,10
2026-04-03T20:50:07.412478-07:00,read,key-0,1.736,2,false,leader-w5r1,10
2026-04-03T20:50:07.411178-07:00,read,key-4,3.096,4,false,leader-w5r1,10
2026-04-03T20:50:07.41367-07:00,read,key-2,1.073,1,false,leader-w5r1,10
2026-04-03T20:50:07.413648-07:00,read,key-9,1.142,1,false,leader-w5r1,10
2026-04-03T20:50:07.414006-07:00,read,key-4,0.811,4,false,leader-w5r1,10
2026-04-03T20:50:07.414276-07:00,read,key-2,0.628,1,false,leader-w5r1,10
2026-04-03T20:50:07.414215-07:00,read,key-4,1.180,4,false,leader-w5r1,10
2026-04-03T20:50:07.414791-07:00,read,key-3,0.634,4,false,leader-w5r1,10
2026-04-03T20:50:07.412551-07:00,read,key-6,2.961,6,false,leader-w5r1,10
2026-04-03T20:50:07.414817-07:00,read,key-0,0.739,1,false,leader-w5r1,10
2026-04-03T20:50:07.414744-07:00,read,key-0,0.842,2,false,leader-w5r1,10
2026-04-03T20:50:07.415426-07:00,read,key-3,0.324,4,false,leader-w5r1,10
2026-04-03T20:50:07.415514-07:00,read,key-6,0.363,3,false,leader-w5r1,10
2026-04-03T20:50:07.415398-07:00,read,key-8,0.480,3,false,leader-w5r1,10
2026-04-03T20:50:07.415557-07:00,read,key-9,0.498,1,false,leader-w5r1,10
2026-04-03T20:50:07.415588-07:00,read,key-8,0.608,3,false,leader-w5r1,10
2026-04-03T20:50:07.415877-07:00,read,key-3,0.456,4,false,leader-w5r1,10
2026-04-03T20:50:07.415751-07:00,read,key-9,0.610,1,false,leader-w5r1,10
2026-04-03T20:50:07.415879-07:00,read,key-7,0.554,5,false,leader-w5r1,10
2026-04-03T20:50:07.416198-07:00,read,key-9,0.344,1,false,leader-w5r1,10
2026-04-03T20:50:07.416363-07:00,read,key-8,0.354,3,false,leader-w5r1,10
2026-04-03T20:50:07.416056-07:00,read,key-0,0.668,1,false,leader-w5r1,10
2026-04-03T20:50:07.416435-07:00,read,key-0,0.331,2,false,leader-w5r1,10
2026-04-03T20:50:07.416334-07:00,read,key-7,0.464,5,false,leader-w5r1,10
2026-04-03T20:50:07.416543-07:00,read,key-8,0.346,3,false,leader-w5r1,10
2026-04-03T20:50:07.416766-07:00,read,key-6,0.306,6,false,leader-w5r1,10
2026-04-03T20:50:07.416718-07:00,read,key-6,0.358,3,false,leader-w5r1,10
2026-04-03T20:50:07.41689-07:00,read,key-3,0.381,4,false,leader-w5r1,10
2026-04-03T20:50:07.416798-07:00,read,key-5,0.480,3,false,leader-w5r1,10
2026-04-03T20:50:07.416725-07:00,read,key-9,0.571,1,false,leader-w5r1,10
2026-04-03T20:50:07.417077-07:00,read,key-6,0.412,3,false,leader-w5r1,10
2026-04-03T20:50:07.417279-07:00,read,key-7,0.494,5,false,leader-w5r1,10
2026-04-03T20:50:07.417297-07:00,read,key-5,0.521,3,false,leader-w5r1,10
2026-04-03T20:50:07.417272-07:00,read,key-8,0.563,5,false,leader-w5r1,10
2026-04-03T20:50:07.41749-07:00,read,key-2,0.349,1,false,leader-w5r1,10
2026-04-03T20:50:07.417818-07:00,read,key-5,0.328,3,false,leader-w5r1,10
2026-04-03T20:50:07.417774-07:00,read,key-0,0.385,1,false,leader-w5r1,10
2026-04-03T20:50:07.417836-07:00,read,key-1,0.429,2,false,leader-w5r1,10
2026-04-03T20:50:07.41784-07:00,read,key-4,0.433,4,false,leader-w5r1,10
2026-04-03T20:50:07.418148-07:00,read,key-5,0.504,4,false,leader-w5r1,10
2026-04-03T20:50:07.418159-07:00,read,key-7,0.501,5,false,leader-w5r1,10
2026-04-03T20:50:07.418267-07:00,read,key-3,0.637,4,false,leader-w5r1,10
2026-04-03T20:50:07.418276-07:00,read,key-5,0.887,3,false,leader-w5r1,10
2026-04-03T20:50:07.418905-07:00,read,key-8,0.532,3,false,leader-w5r1,10
2026-04-03T20:50:07.418654-07:00,read,key-7,0.796,5,false,leader-w5r1,10
2026-04-03T20:50:07.418673-07:00,read,key-5,0.905,3,false,leader-w5r1,10
2026-04-03T20:50:07.419163-07:00,read,key-5,0.423,4,false,leader-w5r1,10
2026-04-03T20:50:07.419588-07:00,read,key-0,0.335,1,false,leader-w5r1,10
2026-04-03T20:50:07.419439-07:00,read,key-9,0.488,2,false,leader-w5r1,10
2026-04-03T20:50:07.419578-07:00,read,key-8,0.353,3,false,leader-w5r1,10
2026-04-03T20:50:07.419452-07:00,read,key-4,0.506,4,false,leader-w5r1,10
2026-04-03T20:50:07.419923-07:00,read,key-2,0.381,1,false,leader-w5r1,10
2026-04-03T20:50:07.41993-07:00,read,key-7,0.374,5,false,leader-w5r1,10
2026-04-03T20:50:07.419933-07:00,read,key-2,0.393,1,false,leader-w5r1,10
2026-04-03T20:50:07.419959-07:00,read,key-5,0.580,4,false,leader-w5r1,10
2026-04-03T20:50:07.420306-07:00,read,key-7,0.285,5,false,leader-w5r1,10
2026-04-03T20:50:07.420326-07:00,read,key-8,0.447,3,false,leader-w5r1,10
2026-04-03T20:50:07.42054-07:00,read,key-9,0.425,1,false,leader-w5r1,10
2026-04-03T20:50:07.420592-07:00,read,key-2,0.446,1,false,leader-w5r1,10
2026-04-03T20:50:07.420306-07:00,read,key-9,0.865,2,false,leader-w5r1,10
2026-04-03T20:50:07.421039-07:00,read,key-6,0.489,6,false,leader-w5r1,10
2026-04-03T20:50:07.420775-07:00,read,key-8,0.784,5,false,leader-w5r1,10
2026-04-03T20:50:07.421559-07:00,read,key-9,0.254,2,false,leader-w5r1,10
2026-04-03T20:50:07.421814-07:00,read,key-1,0.407,2,false,leader-w5r1,10
2026-04-03T20:50:07.422222-07:00,read,key-5,0.279,3,false,leader-w5r1,10
2026-04-03T20:50:07.422502-07:00,read,key-1,0.295,2,false,leader-w5r1,10
2026-04-03T20:50:07.422799-07:00,read,key-6,0.260,3,false,leader-w5r1,10
2026-04-03T20:50:07.423134-07:00,read,key-8,0.547,3,false,leader-w5r1,10
2026-04-03T20:50:07.423682-07:00,read,key-6,0.276,6,false,leader-w5r1,10
2026-04-03T20:50:07.423959-07:00,read,key-4,0.254,4,false,leader-w5r1,10
2026-04-03T20:50:07.424214-07:00,read,key-5,0.254,3,false,leader-w5r1,10
2026-04-03T20:50:07.424469-07:00,read,key-4,0.217,6,false,leader-w5r1,10
2026-04-03T20:50:07.424687-07:00,read,key-4,0.249,4,false,leader-w5r1,10
2026-04-03T20:50:07.424937-07:00,read,key-0,0.212,1,false,leader-w5r1,10
2026-04-03T20:50:07.42515-07:00,read,key-1,0.243,2,false,leader-w5r1,10
2026-04-03T20:50:07.425394-07:00,read,key-4,0.228,4,false,leader-w5r1,10
2026-04-03T20:50:07.425624-07:00,read,key-5,0.222,3,false,leader-w5r1,10
2026-04-03T20:50:07.425847-07:00,read,key-8,0.264,3,false,leader-w5r1,10
2026-04-03T20:50:07.404114-07:00,write,key-6,811.487,5,false,leader-w5r1,10
2026-04-03T20:50:07.384864-07:00,write,key-6,831.048,4,false,leader-w5r1,10
2026-04-03T20:50:07.409777-07:00,write,key-9,806.230,2,false,leader-w5r1,10
2026-04-03T20:50:07.406214-07:00,write,key-2,809.864,3,false,leader-w5r1,10
2026-04-03T20:50:07.406258-07:00,write,key-1,809.925,3,false,leader-w5r1,10
2026-04-03T20:50:07.401773-07:00,write,key-8,814.550,4,false,leader-w5r1,10
2026-04-03T20:50:07.38489-07:00,write,key-3,831.434,5,false,leader-w5r1,10
2026-04-03T20:50:07.40333-07:00,write,key-2,813.932,2,false,leader-w5r1,10
2026-04-03T20:50:07.407873-07:00,write,key-2,809.527,4,false,leader-w5r1,10
2026-04-03T20:50:07.414907-07:00,write,key-4,804.579,6,false,leader-w5r1,10
2026-04-03T20:50:08.216017-07:00,read,key-2,3.589,5,false,leader-w5r1,10
2026-04-03T20:50:08.215922-07:00,read,key-9,3.753,2,false,leader-w5r1,10
2026-04-03T20:50:08.216088-07:00,read,key-7,3.687,5,false,leader-w5r1,10
2026-04-03T20:50:08.216334-07:00,read,key-0,3.500,2,false,leader-w5r1,10
2026-04-03T20:50:07.410476-07:00,write,key-0,809.521,2,false,leader-w5r1,10
2026-04-03T20:50:08.216193-07:00,read,key-2,3.875,5,false,leader-w5r1,10
2026-04-03T20:50:08.21562-07:00,read,key-9,4.521,2,false,leader-w5r1,10
2026-04-03T20:50:07.411358-07:00,write,key-2,808.819,5,false,leader-w5r1,10
2026-04-03T20:50:08.219611-07:00,read,key-3,0.598,6,false,leader-w5r1,10
2026-04-03T20:50:08.219496-07:00,read,key-3,0.760,6,false,leader-w5r1,10
2026-04-03T20:50:07.412481-07:00,write,key-6,807.803,6,false,leader-w5r1,10
2026-04-03T20:50:07.413314-07:00,write,key-5,807.000,4,false,leader-w5r1,10
2026-04-03T20:50:08.217409-07:00,read,key-8,2.924,6,false,leader-w5r1,10
2026-04-03T20:50:08.217271-07:00,read,key-5,3.121,6,false,leader-w5r1,10
2026-04-03T20:50:07.412512-07:00,write,key-4,807.916,5,false,leader-w5r1,10
2026-04-03T20:50:08.220211-07:00,read,key-2,0.389,5,false,leader-w5r1,10
2026-04-03T20:50:08.22007-07:00,read,key-9,0.547,2,false,leader-w5r1,10
2026-04-03T20:50:08.220005-07:00,read,key-9,0.693,2,false,leader-w5r1,10
2026-04-03T20:50:08.220258-07:00,read,key-2,0.528,5,false,leader-w5r1,10
2026-04-03T20:50:08.220198-07:00,read,key-9,0.726,2,false,leader-w5r1,10
2026-04-03T20:50:08.220293-07:00,read,key-0,0.848,2,false,leader-w5r1,10
2026-04-03T20:50:08.220323-07:00,read,key-1,0.873,3,false,leader-w5r1,10
2026-04-03T20:50:08.219777-07:00,read,key-9,1.495,2,false,leader-w5r1,10
2026-04-03T20:50:08.219678-07:00,read,key-2,1.667,5,false,leader-w5r1,10
2026-04-03T20:50:08.220602-07:00,read,key-9,0.808,3,false,leader-w5r1,10
2026-04-03T20:50:08.220336-07:00,read,key-2,1.095,5,false,leader-w5r1,10
2026-04-03T20:50:08.220701-07:00,read,key-8,0.775,6,false,leader-w5r1,10
2026-04-03T20:50:08.220926-07:00,read,key-2,0.582,5,false,leader-w5r1,10
2026-04-03T20:50:08.220394-07:00,read,key-4,1.130,6,false,leader-w5r1,10
2026-04-03T20:50:07.417073-07:00,write,key-8,804.525,5,false,leader-w5r1,10
2026-04-03T20:50:08.221347-07:00,read,key-0,0.446,2,false,leader-w5r1,10
2026-04-03T20:50:08.220619-07:00,read,key-7,1.255,5,false,leader-w5r1,10
2026-04-03T20:50:08.221526-07:00,read,key-7,0.656,5,false,leader-w5r1,10
2026-04-03T20:50:08.220437-07:00,read,key-1,1.802,3,false,leader-w5r1,10
2026-04-03T20:50:08.220787-07:00,read,key-7,1.457,5,false,leader-w5r1,10
2026-04-03T20:50:08.221509-07:00,read,key-5,0.818,6,false,leader-w5r1,10
2026-04-03T20:50:08.221433-07:00,read,key-4,0.910,6,false,leader-w5r1,10
2026-04-03T20:50:08.220145-07:00,read,key-3,2.260,6,false,leader-w5r1,10
2026-04-03T20:50:08.221142-07:00,read,key-5,1.274,6,false,leader-w5r1,10
2026-04-03T20:50:08.222245-07:00,read,key-4,0.818,6,false,leader-w5r1,10
2026-04-03T20:50:08.221411-07:00,read,key-3,1.723,6,false,leader-w5r1,10
2026-04-03T20:50:08.221876-07:00,read,key-5,1.470,6,false,leader-w5r1,10
2026-04-03T20:50:08.221274-07:00,read,key-7,2.146,5,false,leader-w5r1,10
2026-04-03T20:50:08.222329-07:00,read,key-3,1.217,7,false,leader-w5r1,10
2026-04-03T20:50:08.221199-07:00,read,key-4,2.441,6,false,leader-w5r1,10
2026-04-03T20:50:08.222345-07:00,read,key-7,1.387,5,false,leader-w5r1,10
2026-04-03T20:50:08.223136-07:00,read,key-7,0.655,5,false,leader-w5r1,10
2026-04-03T20:50:08.221477-07:00,read,key-5,2.363,6,false,leader-w5r1,10
2026-04-03T20:50:08.223065-07:00,read,key-2,0.902,5,false,leader-w5r1,10
2026-04-03T20:50:08.221794-07:00,read,key-1,2.282,3,false,leader-w5r1,10
2026-04-03T20:50:08.223733-07:00,read,key-4,0.687,6,false,leader-w5r1,10
2026-04-03T20:50:08.222418-07:00,read,key-4,2.002,6,false,leader-w5r1,10
2026-04-03T20:50:08.223642-07:00,read,key-5,0.924,6,false,leader-w5r1,10
2026-04-03T20:50:08.222183-07:00,read,key-5,2.502,6,false,leader-w5r1,10
2026-04-03T20:50:08.223421-07:00,read,key-8,1.303,6,false,leader-w5r1,10
2026-04-03T20:50:08.223968-07:00,read,key-8,1.588,6,false,leader-w5r1,10
2026-04-03T20:50:07.42153-07:00,write,key-8,804.065,6,false,leader-w5r1,10
2026-04-03T20:50:07.420966-07:00,write,key-5,804.771,5,false,leader-w5r1,10
2026-04-03T20:50:08.223348-07:00,read,key-5,2.457,6,false,leader-w5r1,10
2026-04-03T20:50:07.421172-07:00,write,key-3,804.647,6,false,leader-w5r1,10
2026-04-03T20:50:08.222407-07:00,read,key-8,3.472,6,false,leader-w5r1,10
2026-04-03T20:50:08.224687-07:00,read,key-0,1.876,2,false,leader-w5r1,10
2026-04-03T20:50:08.224423-07:00,read,key-4,2.151,6,false,leader-w5r1,10
2026-04-03T20:50:08.224078-07:00,read,key-9,2.516,2,false,leader-w5r1,10
2026-04-03T20:50:08.224569-07:00,read,key-7,2.579,5,false,leader-w5r1,10
2026-04-03T20:50:08.225827-07:00,read,key-6,1.352,6,false,leader-w5r1,10
2026-04-03T20:50:08.223548-07:00,read,key-4,3.748,6,false,leader-w5r1,10
2026-04-03T20:50:08.226575-07:00,read,key-4,1.107,6,false,leader-w5r1,10
2026-04-03T20:50:08.227181-07:00,read,key-6,0.779,6,false,leader-w5r1,10
2026-04-03T20:50:08.227298-07:00,read,key-1,1.479,3,false,leader-w5r1,10
2026-04-03T20:50:08.223841-07:00,read,key-9,4.969,2,false,leader-w5r1,10
2026-04-03T20:50:08.227683-07:00,read,key-7,1.179,5,false,leader-w5r1,10
2026-04-03T20:50:08.225807-07:00,read,key-1,3.085,3,false,leader-w5r1,10
2026-04-03T20:50:08.227961-07:00,read,key-0,1.188,2,false,leader-w5r1,10
2026-04-03T20:50:08.227151-07:00,read,key-5,2.010,6,false,leader-w5r1,10
2026-04-03T20:50:08.22588-07:00,read,key-7,3.293,5,false,leader-w5r1,10
2026-04-03T20:50:08.224725-07:00,read,key-0,4.469,2,false,leader-w5r1,10
2026-04-03T20:50:08.225559-07:00,read,key-8,3.665,6,false,leader-w5r1,10
2026-04-03T20:50:08.223793-07:00,read,key-9,5.432,2,false,leader-w5r1,10
2026-04-03T20:50:08.225746-07:00,read,key-6,3.482,6,false,leader-w5r1,10
2026-04-03T20:50:08.226564-07:00,read,key-0,2.681,2,false,leader-w5r1,10
2026-04-03T20:50:08.225605-07:00,read,key-1,3.783,3,false,leader-w5r1,10
2026-04-03T20:50:07.426112-07:00,write,key-5,803.313,6,false,leader-w5r1,10
2026-04-03T20:50:08.228893-07:00,read,key-6,0.821,6,false,leader-w5r1,10
2026-04-03T20:50:08.228811-07:00,read,key-6,0.916,6,false,leader-w5r1,10
2026-04-03T20:50:08.228864-07:00,read,key-0,0.882,2,false,leader-w5r1,10
2026-04-03T20:50:08.229229-07:00,read,key-7,0.766,5,false,leader-w5r1,10
2026-04-03T20:50:08.229151-07:00,read,key-2,0.952,5,false,leader-w5r1,10
2026-04-03T20:50:08.229175-07:00,read,key-8,0.954,6,false,leader-w5r1,10
2026-04-03T20:50:08.229389-07:00,read,key-1,0.766,3,false,leader-w5r1,10
2026-04-03T20:50:08.229225-07:00,read,key-5,0.949,6,false,leader-w5r1,10
2026-04-03T20:50:08.229434-07:00,read,key-6,0.747,6,false,leader-w5r1,10
2026-04-03T20:50:08.229196-07:00,read,key-3,1.005,6,false,leader-w5r1,10
2026-04-03T20:50:08.229162-07:00,read,key-2,1.053,5,false,leader-w5r1,10
2026-04-03T20:50:08.229729-07:00,read,key-1,0.661,3,false,leader-w5r1,10
2026-04-03T20:50:08.229997-07:00,read,key-5,0.676,6,false,leader-w5r1,10
2026-04-03T20:50:08.23013-07:00,read,key-2,0.585,5,false,leader-w5r1,10
2026-04-03T20:50:08.230104-07:00,read,key-0,0.622,3,false,leader-w5r1,10
2026-04-03T20:50:08.229248-07:00,read,key-1,1.482,3,false,leader-w5r1,10
2026-04-03T20:50:08.229227-07:00,read,key-5,1.571,6,false,leader-w5r1,10
2026-04-03T20:50:08.229748-07:00,read,key-0,1.061,2,false,leader-w5r1,10
2026-04-03T20:50:08.230729-07:00,read,key-2,0.912,5,false,leader-w5r1,10
2026-04-03T20:50:08.230175-07:00,read,key-3,1.494,7,false,leader-w5r1,10
2026-04-03T20:50:08.230218-07:00,read,key-6,1.468,6,false,leader-w5r1,10
2026-04-03T20:50:08.229716-07:00,read,key-4,2.224,6,false,leader-w5r1,10
2026-04-03T20:50:08.230182-07:00,read,key-5,2.454,6,false,leader-w5r1,10
2026-04-03T20:50:08.230715-07:00,read,key-1,2.052,5,false,leader-w5r1,10
2026-04-03T20:50:08.231642-07:00,read,key-8,1.131,6,false,leader-w5r1,10
2026-04-03T20:50:08.23167-07:00,read,key-5,1.118,6,false,leader-w5r1,10
2026-04-03T20:50:08.23081-07:00,read,key-0,2.242,2,false,leader-w5r1,10
2026-04-03T20:50:08.232637-07:00,read,key-7,0.744,5,false,leader-w5r1,10
2026-04-03T20:50:08.230799-07:00,read,key-7,2.612,5,false,leader-w5r1,10
2026-04-03T20:50:08.230202-07:00,read,key-7,3.221,5,false,leader-w5r1,10
2026-04-03T20:50:08.231942-07:00,read,key-0,1.497,2,false,leader-w5r1,10
2026-04-03T20:50:08.230733-07:00,read,key-6,2.720,6,false,leader-w5r1,10
2026-04-03T20:50:08.232775-07:00,read,key-3,0.681,7,false,leader-w5r1,10
2026-04-03T20:50:08.230674-07:00,read,key-2,2.793,5,false,leader-w5r1,10
2026-04-03T20:50:08.232768-07:00,read,key-3,0.704,6,false,leader-w5r1,10
2026-04-03T20:50:08.230391-07:00,read,key-3,3.093,6,false,leader-w5r1,10
2026-04-03T20:50:08.233412-07:00,read,key-7,0.502,5,false,leader-w5r1,10
2026-04-03T20:50:08.233454-07:00,read,key-9,0.464,2,false,leader-w5r1,10
2026-04-03T20:50:08.233423-07:00,read,key-1,0.509,3,false,leader-w5r1,10
2026-04-03T20:50:08.233484-07:00,read,key-5,0.455,6,false,leader-w5r1,10
2026-04-03T20:50:08.233439-07:00,read,key-9,0.522,2,false,leader-w5r1,10
2026-04-03T20:50:08.233473-07:00,read,key-0,0.535,2,false,leader-w5r1,10
2026-04-03T20:50:08.233934-07:00,read,key-4,0.510,6,false,leader-w5r1,10
2026-04-03T20:50:08.233962-07:00,read,key-6,0.500,6,false,leader-w5r1,10
2026-04-03T20:50:08.23394-07:00,read,key-1,0.548,5,false,leader-w5r1,10
2026-04-03T20:50:08.233054-07:00,read,key-3,1.435,8,false,leader-w5r1,10
2026-04-03T20:50:08.233468-07:00,read,key-7,1.026,5,false,leader-w5r1,10
2026-04-03T20:50:08.233916-07:00,read,key-6,0.582,6,false,leader-w5r1,10
2026-04-03T20:50:08.23392-07:00,read,key-2,0.592,5,false,leader-w5r1,10
2026-04-03T20:50:08.233382-07:00,read,key-5,1.312,7,false,leader-w5r1,10
2026-04-03T20:50:08.233458-07:00,read,key-2,1.239,5,false,leader-w5r1,10
2026-04-03T20:50:08.234009-07:00,read,key-1,0.914,5,false,leader-w5r1,10
2026-04-03T20:50:08.234514-07:00,read,key-6,0.477,6,false,leader-w5r1,10
2026-04-03T20:50:08.234464-07:00,read,key-2,0.549,5,false,leader-w5r1,10
2026-04-03T20:50:08.23449-07:00,read,key-9,0.534,2,false,leader-w5r1,10
2026-04-03T20:50:08.234444-07:00,read,key-2,0.594,5,false,leader-w5r1,10
2026-04-03T20:50:08.234489-07:00,read,key-1,0.972,5,false,leader-w5r1,10
2026-04-03T20:50:08.235035-07:00,read,key-3,0.766,6,false,leader-w5r1,10
2026-04-03T20:50:08.23504-07:00,read,key-0,0.769,2,false,leader-w5r1,10
2026-04-03T20:50:08.234998-07:00,read,key-1,0.827,3,false,leader-w5r1,10
2026-04-03T20:50:08.234924-07:00,read,key-8,0.962,6,false,leader-w5r1,10
2026-04-03T20:50:08.23503-07:00,read,key-8,0.882,6,false,leader-w5r1,10
2026-04-03T20:50:08.234698-07:00,read,key-5,1.326,6,false,leader-w5r1,10
2026-04-03T20:50:08.235809-07:00,read,key-8,0.641,6,false,leader-w5r1,10
2026-04-03T20:50:08.235914-07:00,read,key-6,0.538,6,false,leader-w5r1,10
2026-04-03T20:50:08.235826-07:00,read,key-5,0.700,6,false,leader-w5r1,10
2026-04-03T20:50:08.236451-07:00,read,key-8,0.436,6,false,leader-w5r1,10
2026-04-03T20:50:08.236454-07:00,read,key-6,0.436,6,false,leader-w5r1,10
2026-04-03T20:50:08.236025-07:00,read,key-8,0.868,6,false,leader-w5r1,10
2026-04-03T20:50:08.236888-07:00,read,key-3,0.625,6,false,leader-w5r1,10
2026-04-03T20:50:08.236892-07:00,read,key-4,0.629,6,false,leader-w5r1,10
2026-04-03T20:50:08.236894-07:00,read,key-3,0.780,6,false,leader-w5r1,10
2026-04-03T20:50:08.237522-07:00,read,key-6,0.380,6,false,leader-w5r1,10
2026-04-03T20:50:08.237675-07:00,read,key-2,0.320,5,false,leader-w5r1,10
2026-04-03T20:50:08.237903-07:00,read,key-3,0.294,6,false,leader-w5r1,10
2026-04-03T20:50:08.237996-07:00,read,key-4,0.242,6,false,leader-w5r1,10
2026-04-03T20:50:08.238199-07:00,read,key-8,0.293,6,false,leader-w5r1,10
2026-04-03T20:50:08.238239-07:00,read,key-7,0.297,5,false,leader-w5r1,10
2026-04-03T20:50:08.238493-07:00,read,key-9,0.346,2,false,leader-w5r1,10
2026-04-03T20:50:08.238537-07:00,read,key-2,0.436,5,false,leader-w5r1,10
2026-04-03T20:50:08.236528-07:00,read,key-0,2.779,5,false,leader-w5r1,10
2026-04-03T20:50:08.239308-07:00,read,key-8,0.373,6,false,leader-w5r1,10
2026-04-03T20:50:08.23884-07:00,read,key-6,0.947,6,false,leader-w5r1,10
2026-04-03T20:50:08.239682-07:00,read,key-5,0.271,6,false,leader-w5r1,10
2026-04-03T20:50:08.238975-07:00,read,key-0,1.159,5,false,leader-w5r1,10
2026-04-03T20:50:08.239788-07:00,read,key-5,0.388,6,false,leader-w5r1,10
2026-04-03T20:50:08.239954-07:00,read,key-6,0.335,6,false,leader-w5r1,10
2026-04-03T20:50:08.240177-07:00,read,key-0,0.241,2,false,leader-w5r1,10
2026-04-03T20:50:08.240135-07:00,read,key-8,0.314,6,false,leader-w5r1,10
2026-04-03T20:50:08.24029-07:00,read,key-4,0.260,6,false,leader-w5r1,10
2026-04-03T20:50:08.24045-07:00,read,key-5,0.298,6,false,leader-w5r1,10
2026-04-03T20:50:08.240419-07:00,read,key-6,0.349,6,false,leader-w5r1,10
2026-04-03T20:50:08.24055-07:00,read,key-5,0.311,6,false,leader-w5r1,10
2026-04-03T20:50:08.240749-07:00,read,key-6,0.294,6,false,leader-w5r1,10
2026-04-03T20:50:08.240862-07:00,read,key-9,0.307,2,false,leader-w5r1,10
2026-04-03T20:50:08.240769-07:00,read,key-0,0.582,5,false,leader-w5r1,10
2026-04-03T20:50:08.241044-07:00,read,key-6,0.415,6,false,leader-w5r1,10
2026-04-03T20:50:08.24117-07:00,read,key-3,0.394,6,false,leader-w5r1,10
2026-04-03T20:50:08.241353-07:00,read,key-8,0.315,6,false,leader-w5r1,10
2026-04-03T20:50:08.24146-07:00,read,key-7,0.252,5,false,leader-w5r1,10
2026-04-03T20:50:08.241564-07:00,read,key-5,0.267,6,false,leader-w5r1,10
2026-04-03T20:50:08.241668-07:00,read,key-7,0.280,5,false,leader-w5r1,10
2026-04-03T20:50:08.241833-07:00,read,key-3,0.360,9,false,leader-w5r1,10
2026-04-03T20:50:08.24195-07:00,read,key-0,0.328,2,false,leader-w5r1,10
2026-04-03T20:50:08.242194-07:00,read,key-2,0.253,5,false,leader-w5r1,10
2026-04-03T20:50:08.242448-07:00,read,key-8,0.331,6,false,leader-w5r1,10
2026-04-03T20:50:08.242779-07:00,read,key-2,2.174,6,false,leader-w5r1,10
2026-04-03T20:50:08.222241-07:00,write,key-1,814.815,4,false,leader-w5r1,10
2026-04-03T20:50:08.228778-07:00,write,key-4,808.345,7,false,leader-w5r1,10
2026-04-03T20:50:08.221607-07:00,write,key-8,815.517,7,false,leader-w5r1,10
2026-04-03T20:50:08.226595-07:00,write,key-1,810.546,5,false,leader-w5r1,10
2026-04-03T20:50:08.230156-07:00,write,key-9,807.040,4,false,leader-w5r1,10
2026-04-03T20:50:08.216333-07:00,write,key-9,820.885,3,false,leader-w5r1,10
2026-04-03T20:50:08.224421-07:00,write,key-0,812.812,3,false,leader-w5r1,10
2026-04-03T20:50:08.219838-07:00,write,key-3,817.425,7,false,leader-w5r1,10
2026-04-03T20:50:08.234495-07:00,write,key-8,804.980,8,false,leader-w5r1,10
2026-04-03T20:50:08.234695-07:00,write,key-7,805.230,6,false,leader-w5r1,10
2026-04-03T20:50:09.037274-07:00,read,key-1,2.697,7,false,leader-w5r1,10
2026-04-03T20:50:08.231687-07:00,write,key-5,808.308,7,false,leader-w5r1,10
2026-04-03T20:50:09.037149-07:00,read,key-7,2.916,6,false,leader-w5r1,10
2026-04-03T20:50:08.235802-07:00,write,key-3,804.328,9,false,leader-w5r1,10
2026-04-03T20:50:08.23279-07:00,write,key-3,807.420,8,false,leader-w5r1,10
2026-04-03T20:50:09.037134-07:00,read,key-7,3.233,6,false,leader-w5r1,10
2026-04-03T20:50:09.037131-07:00,read,key-1,3.307,7,false,leader-w5r1,10
2026-04-03T20:50:08.234499-07:00,write,key-4,805.952,8,false,leader-w5r1,10
2026-04-03T20:50:09.037204-07:00,read,key-2,3.270,6,false,leader-w5r1,10
2026-04-03T20:50:08.235887-07:00,write,key-0,804.604,4,false,leader-w5r1,10
2026-04-03T20:50:08.235462-07:00,write,key-0,805.036,5,false,leader-w5r1,10
2026-04-03T20:50:09.040066-07:00,read,key-0,1.726,5,false,leader-w5r1,10
2026-04-03T20:50:09.040503-07:00,read,key-9,1.289,4,false,leader-w5r1,10
2026-04-03T20:50:09.040459-07:00,read,key-0,1.337,5,false,leader-w5r1,10
2026-04-03T20:50:09.04022-07:00,read,key-2,1.608,6,false,leader-w5r1,10
2026-04-03T20:50:09.040003-07:00,read,key-4,2.099,8,false,leader-w5r1,10
2026-04-03T20:50:09.040476-07:00,read,key-9,1.750,4,false,leader-w5r1,10
2026-04-03T20:50:09.039935-07:00,read,key-8,2.299,8,false,leader-w5r1,10
2026-04-03T20:50:09.037242-07:00,read,key-9,5.000,4,false,leader-w5r1,10
2026-04-03T20:50:09.039976-07:00,read,key-8,2.290,8,false,leader-w5r1,10
2026-04-03T20:50:09.040441-07:00,read,key-0,1.833,5,false,leader-w5r1,10
2026-04-03T20:50:09.041794-07:00,read,key-2,1.444,6,false,leader-w5r1,10
2026-04-03T20:50:09.041795-07:00,read,key-5,1.631,7,false,leader-w5r1,10
2026-04-03T20:50:08.237514-07:00,write,key-1,805.906,6,false,leader-w5r1,10
2026-04-03T20:50:09.04183-07:00,read,key-7,1.604,6,false,leader-w5r1,10
2026-04-03T20:50:09.042228-07:00,read,key-8,1.223,8,false,leader-w5r1,10
2026-04-03T20:50:09.041798-07:00,read,key-9,1.677,4,false,leader-w5r1,10
2026-04-03T20:50:09.040369-07:00,read,key-9,3.418,4,false,leader-w5r1,10
2026-04-03T20:50:09.040139-07:00,read,key-3,3.951,9,false,leader-w5r1,10
2026-04-03T20:50:09.042236-07:00,read,key-0,1.936,5,false,leader-w5r1,10
2026-04-03T20:50:09.042275-07:00,read,key-0,1.910,5,false,leader-w5r1,10
2026-04-03T20:50:09.043428-07:00,read,key-3,0.760,9,false,leader-w5r1,10
2026-04-03T20:50:09.042244-07:00,read,key-2,1.970,6,false,leader-w5r1,10
2026-04-03T20:50:09.043428-07:00,read,key-2,0.795,6,false,leader-w5r1,10
2026-04-03T20:50:09.04324-07:00,read,key-7,0.994,6,false,leader-w5r1,10
2026-04-03T20:50:09.043437-07:00,read,key-1,0.803,7,false,leader-w5r1,10
2026-04-03T20:50:09.040507-07:00,read,key-3,3.743,9,false,leader-w5r1,10
2026-04-03T20:50:09.043477-07:00,read,key-0,1.354,5,false,leader-w5r1,10
2026-04-03T20:50:09.042269-07:00,read,key-6,2.746,7,false,leader-w5r1,10
2026-04-03T20:50:09.044832-07:00,read,key-8,0.650,9,false,leader-w5r1,10
2026-04-03T20:50:09.044092-07:00,read,key-9,1.416,4,false,leader-w5r1,10
2026-04-03T20:50:09.044189-07:00,read,key-8,1.347,9,false,leader-w5r1,10
2026-04-03T20:50:09.044186-07:00,read,key-7,1.378,6,false,leader-w5r1,10
2026-04-03T20:50:09.043452-07:00,read,key-6,2.122,7,false,leader-w5r1,10
2026-04-03T20:50:08.241714-07:00,write,key-1,803.883,7,false,leader-w5r1,10
2026-04-03T20:50:09.044215-07:00,read,key-6,1.413,7,false,leader-w5r1,10
2026-04-03T20:50:09.043789-07:00,read,key-0,1.856,5,false,leader-w5r1,10
2026-04-03T20:50:08.242279-07:00,write,key-2,803.379,6,false,leader-w5r1,10
2026-04-03T20:50:09.045537-07:00,read,key-2,0.607,6,false,leader-w5r1,10
2026-04-03T20:50:09.045484-07:00,read,key-6,0.672,7,false,leader-w5r1,10
2026-04-03T20:50:09.044235-07:00,read,key-7,1.939,6,false,leader-w5r1,10
2026-04-03T20:50:09.044175-07:00,read,key-7,2.022,6,false,leader-w5r1,10
2026-04-03T20:50:09.045016-07:00,read,key-8,1.198,8,false,leader-w5r1,10
2026-04-03T20:50:09.045575-07:00,read,key-7,0.703,6,false,leader-w5r1,10
2026-04-03T20:50:09.044224-07:00,read,key-7,2.128,6,false,leader-w5r1,10
2026-04-03T20:50:09.044252-07:00,read,key-1,2.183,7,false,leader-w5r1,10
2026-04-03T20:50:09.044242-07:00,read,key-0,2.221,5,false,leader-w5r1,10
2026-04-03T20:50:09.045666-07:00,read,key-9,0.798,4,false,leader-w5r1,10
2026-04-03T20:50:09.045628-07:00,read,key-1,0.841,7,false,leader-w5r1,10
2026-04-03T20:50:09.045564-07:00,read,key-6,1.278,9,false,leader-w5r1,10
2026-04-03T20:50:09.045646-07:00,read,key-4,1.226,8,false,leader-w5r1,10
2026-04-03T20:50:09.046175-07:00,read,key-1,0.708,7,false,leader-w5r1,10
2026-04-03T20:50:09.04628-07:00,read,key-6,0.636,7,false,leader-w5r1,10
2026-04-03T20:50:09.046157-07:00,read,key-2,0.799,6,false,leader-w5r1,10
2026-04-03T20:50:09.046197-07:00,read,key-1,0.813,7,false,leader-w5r1,10
2026-04-03T20:50:09.045605-07:00,read,key-8,1.434,8,false,leader-w5r1,10
2026-04-03T20:50:09.046146-07:00,read,key-4,0.914,8,false,leader-w5r1,10
2026-04-03T20:50:08.244955-07:00,write,key-6,803.143,7,false,leader-w5r1,10
2026-04-03T20:50:09.046919-07:00,read,key-4,1.227,8,false,leader-w5r1,10
2026-04-03T20:50:09.046874-07:00,read,key-2,1.284,6,false,leader-w5r1,10
2026-04-03T20:50:09.046957-07:00,read,key-5,1.268,7,false,leader-w5r1,10
2026-04-03T20:50:09.047061-07:00,read,key-6,1.177,7,false,leader-w5r1,10
2026-04-03T20:50:09.046472-07:00,read,key-0,1.829,5,false,leader-w5r1,10
2026-04-03T20:50:09.046436-07:00,read,key-4,1.932,8,false,leader-w5r1,10
2026-04-03T20:50:09.046466-07:00,read,key-0,1.913,5,false,leader-w5r1,10
2026-04-03T20:50:09.046464-07:00,read,key-9,1.927,4,false,leader-w5r1,10
2026-04-03T20:50:09.047011-07:00,read,key-3,1.429,9,false,leader-w5r1,10
2026-04-03T20:50:09.048148-07:00,read,key-5,0.872,7,false,leader-w5r1,10
2026-04-03T20:50:09.048159-07:00,read,key-8,0.879,8,false,leader-w5r1,10
2026-04-03T20:50:09.048106-07:00,read,key-9,1.208,4,false,leader-w5r1,10
2026-04-03T20:50:09.048441-07:00,read,key-0,1.107,5,false,leader-w5r1,10
2026-04-03T20:50:09.048369-07:00,read,key-6,1.191,7,false,leader-w5r1,10
2026-04-03T20:50:09.048227-07:00,read,key-4,1.340,8,false,leader-w5r1,10
2026-04-03T20:50:09.046885-07:00,read,key-5,2.687,7,false,leader-w5r1,10
2026-04-03T20:50:09.047041-07:00,read,key-8,2.548,8,false,leader-w5r1,10
2026-04-03T20:50:09.04904-07:00,read,key-0,0.556,5,false,leader-w5r1,10
2026-04-03T20:50:09.04838-07:00,read,key-7,1.222,6,false,leader-w5r1,10
2026-04-03T20:50:09.04824-07:00,read,key-5,1.368,7,false,leader-w5r1,10
2026-04-03T20:50:09.048391-07:00,read,key-5,1.234,7,false,leader-w5r1,10
2026-04-03T20:50:09.049022-07:00,read,key-6,0.701,9,false,leader-w5r1,10
2026-04-03T20:50:09.04959-07:00,read,key-0,0.643,5,false,leader-w5r1,10
2026-04-03T20:50:09.049562-07:00,read,key-5,0.692,7,false,leader-w5r1,10
2026-04-03T20:50:09.049603-07:00,read,key-9,0.676,6,false,leader-w5r1,10
2026-04-03T20:50:09.049549-07:00,read,key-6,0.734,9,false,leader-w5r1,10
2026-04-03T20:50:09.049574-07:00,read,key-4,0.713,8,false,leader-w5r1,10
2026-04-03T20:50:09.049626-07:00,read,key-3,0.670,9,false,leader-w5r1,10
2026-04-03T20:50:09.049567-07:00,read,key-9,0.752,4,false,leader-w5r1,10
2026-04-03T20:50:09.049724-07:00,read,key-6,0.603,7,false,leader-w5r1,10
2026-04-03T20:50:09.049315-07:00,read,key-8,1.023,10,false,leader-w5r1,10
2026-04-03T20:50:09.049609-07:00,read,key-1,0.746,7,false,leader-w5r1,10
2026-04-03T20:50:09.048302-07:00,read,key-2,2.059,6,false,leader-w5r1,10
2026-04-03T20:50:09.050235-07:00,read,key-3,0.282,9,false,leader-w5r1,10
2026-04-03T20:50:09.050299-07:00,read,key-5,0.912,7,false,leader-w5r1,10
2026-04-03T20:50:09.050518-07:00,read,key-4,0.716,8,false,leader-w5r1,10
2026-04-03T20:50:09.050328-07:00,read,key-6,0.918,9,false,leader-w5r1,10
2026-04-03T20:50:09.050339-07:00,read,key-1,0.920,7,false,leader-w5r1,10
2026-04-03T20:50:09.050355-07:00,read,key-6,1.126,9,false,leader-w5r1,10
2026-04-03T20:50:09.050321-07:00,read,key-0,1.464,5,false,leader-w5r1,10
2026-04-03T20:50:09.050287-07:00,read,key-6,1.501,7,false,leader-w5r1,10
2026-04-03T20:50:09.049597-07:00,read,key-6,2.215,9,false,leader-w5r1,10
2026-04-03T20:50:09.05028-07:00,read,key-7,1.547,6,false,leader-w5r1,10
2026-04-03T20:50:09.050285-07:00,read,key-0,1.553,5,false,leader-w5r1,10
2026-04-03T20:50:09.051247-07:00,read,key-5,0.824,7,false,leader-w5r1,10
2026-04-03T20:50:09.051236-07:00,read,key-3,0.836,9,false,leader-w5r1,10
2026-04-03T20:50:09.050361-07:00,read,key-5,1.769,8,false,leader-w5r1,10
2026-04-03T20:50:09.051261-07:00,read,key-6,0.959,7,false,leader-w5r1,10
2026-04-03T20:50:09.051814-07:00,read,key-7,0.675,6,false,leader-w5r1,10
2026-04-03T20:50:09.051789-07:00,read,key-1,0.778,8,false,leader-w5r1,10
2026-04-03T20:50:09.051483-07:00,read,key-1,1.144,8,false,leader-w5r1,10
2026-04-03T20:50:09.051786-07:00,read,key-0,0.901,5,false,leader-w5r1,10
2026-04-03T20:50:09.052133-07:00,read,key-8,0.963,8,false,leader-w5r1,10
2026-04-03T20:50:09.052222-07:00,read,key-4,0.905,8,false,leader-w5r1,10
2026-04-03T20:50:09.052072-07:00,read,key-1,1.074,7,false,leader-w5r1,10
2026-04-03T20:50:09.051828-07:00,read,key-5,1.334,7,false,leader-w5r1,10
2026-04-03T20:50:09.05184-07:00,read,key-0,1.343,5,false,leader-w5r1,10
2026-04-03T20:50:09.051212-07:00,read,key-2,2.081,6,false,leader-w5r1,10
2026-04-03T20:50:09.052569-07:00,read,key-3,0.757,9,false,leader-w5r1,10
2026-04-03T20:50:09.052688-07:00,read,key-0,0.686,5,false,leader-w5r1,10
2026-04-03T20:50:09.05249-07:00,read,key-8,1.530,8,false,leader-w5r1,10
2026-04-03T20:50:09.053147-07:00,read,key-2,0.938,6,false,leader-w5r1,10
2026-04-03T20:50:09.052073-07:00,read,key-8,2.102,8,false,leader-w5r1,10
2026-04-03T20:50:09.053327-07:00,read,key-1,0.867,7,false,leader-w5r1,10
2026-04-03T20:50:09.052629-07:00,read,key-6,1.582,7,false,leader-w5r1,10
2026-04-03T20:50:09.054021-07:00,read,key-2,0.582,6,false,leader-w5r1,10
2026-04-03T20:50:09.054177-07:00,read,key-1,0.456,7,false,leader-w5r1,10
2026-04-03T20:50:09.053294-07:00,read,key-1,1.341,7,false,leader-w5r1,10
2026-04-03T20:50:09.053128-07:00,read,key-3,1.530,9,false,leader-w5r1,10
2026-04-03T20:50:09.053375-07:00,read,key-4,1.632,8,false,leader-w5r1,10
2026-04-03T20:50:09.054195-07:00,read,key-7,0.983,6,false,leader-w5r1,10
2026-04-03T20:50:09.05466-07:00,read,key-8,0.541,8,false,leader-w5r1,10
2026-04-03T20:50:09.054212-07:00,read,key-0,1.038,5,false,leader-w5r1,10
2026-04-03T20:50:09.055009-07:00,read,key-7,0.493,6,false,leader-w5r1,10
2026-04-03T20:50:09.055504-07:00,read,key-1,1.750,8,false,leader-w5r1,10
2026-04-03T20:50:09.055202-07:00,read,key-0,2.382,6,false,leader-w5r1,10
2026-04-03T20:50:09.054634-07:00,read,key-5,2.962,9,false,leader-w5r1,10
2026-04-03T20:50:09.054637-07:00,read,key-2,2.966,6,false,leader-w5r1,10
2026-04-03T20:50:09.055252-07:00,read,key-9,2.372,6,false,leader-w5r1,10
2026-04-03T20:50:09.054086-07:00,read,key-9,3.665,6,false,leader-w5r1,10
2026-04-03T20:50:09.057585-07:00,read,key-9,0.546,4,false,leader-w5r1,10
2026-04-03T20:50:09.057598-07:00,read,key-4,0.535,8,false,leader-w5r1,10
2026-04-03T20:50:09.057604-07:00,read,key-9,0.553,4,false,leader-w5r1,10
2026-04-03T20:50:09.057256-07:00,read,key-8,0.925,8,false,leader-w5r1,10
2026-04-03T20:50:09.058132-07:00,read,key-9,0.379,4,false,leader-w5r1,10
2026-04-03T20:50:09.058184-07:00,read,key-3,0.342,11,false,leader-w5r1,10
2026-04-03T20:50:09.05816-07:00,read,key-7,0.373,6,false,leader-w5r1,10
2026-04-03T20:50:09.058134-07:00,read,key-1,0.400,7,false,leader-w5r1,10
2026-04-03T20:50:09.057624-07:00,read,key-3,0.933,9,false,leader-w5r1,10
2026-04-03T20:50:09.057752-07:00,read,key-9,0.825,4,false,leader-w5r1,10
2026-04-03T20:50:09.058533-07:00,read,key-2,0.298,6,false,leader-w5r1,10
2026-04-03T20:50:09.058535-07:00,read,key-0,0.320,5,false,leader-w5r1,10
2026-04-03T20:50:09.058528-07:00,read,key-0,0.362,5,false,leader-w5r1,10
2026-04-03T20:50:09.058579-07:00,read,key-3,0.330,9,false,leader-w5r1,10
2026-04-03T20:50:09.058513-07:00,read,key-0,0.426,5,false,leader-w5r1,10
2026-04-03T20:50:09.058559-07:00,read,key-8,0.397,8,false,leader-w5r1,10
2026-04-03T20:50:09.058911-07:00,read,key-0,0.363,5,false,leader-w5r1,10
2026-04-03T20:50:09.058857-07:00,read,key-8,0.512,8,false,leader-w5r1,10
2026-04-03T20:50:09.058957-07:00,read,key-3,0.434,9,false,leader-w5r1,10
2026-04-03T20:50:09.058834-07:00,read,key-0,0.558,5,false,leader-w5r1,10
2026-04-03T20:50:09.058891-07:00,read,key-9,0.531,4,false,leader-w5r1,10
2026-04-03T20:50:09.05894-07:00,read,key-8,0.489,8,false,leader-w5r1,10
2026-04-03T20:50:09.059369-07:00,read,key-3,0.261,9,false,leader-w5r1,10
2026-04-03T20:50:09.059275-07:00,read,key-8,0.477,8,false,leader-w5r1,10
2026-04-03T20:50:09.059394-07:00,read,key-4,0.371,8,false,leader-w5r1,10
2026-04-03T20:50:09.05943-07:00,read,key-8,0.356,10,false,leader-w5r1,10
2026-04-03T20:50:09.059425-07:00,read,key-5,0.791,7,false,leader-w5r1,10
2026-04-03T20:50:09.059753-07:00,read,key-3,0.477,9,false,leader-w5r1,10
2026-04-03T20:50:09.059392-07:00,read,key-6,1.082,7,false,leader-w5r1,10
2026-04-03T20:50:09.060231-07:00,read,key-1,0.716,7,false,leader-w5r1,10
2026-04-03T20:50:09.059787-07:00,read,key-7,1.183,6,false,leader-w5r1,10
2026-04-03T20:50:09.060475-07:00,read,key-7,0.513,6,false,leader-w5r1,10
2026-04-03T20:50:09.060217-07:00,read,key-0,0.794,5,false,leader-w5r1,10
2026-04-03T20:50:09.059631-07:00,read,key-9,1.389,4,false,leader-w5r1,10
2026-04-03T20:50:09.059767-07:00,read,key-9,1.303,4,false,leader-w5r1,10
2026-04-03T20:50:09.060971-07:00,read,key-9,0.600,4,false,leader-w5r1,10
2026-04-03T20:50:09.060948-07:00,read,key-6,0.628,7,false,leader-w5r1,10
2026-04-03T20:50:09.061012-07:00,read,key-4,0.581,8,false,leader-w5r1,10
2026-04-03T20:50:09.060989-07:00,read,key-1,0.619,7,false,leader-w5r1,10
2026-04-03T20:50:09.06102-07:00,read,key-8,0.592,8,false,leader-w5r1,10
2026-04-03T20:50:09.061572-07:00,read,key-7,0.462,6,false,leader-w5r1,10
2026-04-03T20:50:09.06107-07:00,read,key-7,1.140,6,false,leader-w5r1,10
2026-04-03T20:50:09.061614-07:00,read,key-4,0.601,8,false,leader-w5r1,10
2026-04-03T20:50:09.061578-07:00,read,key-9,0.639,4,false,leader-w5r1,10
2026-04-03T20:50:09.061594-07:00,read,key-5,0.719,7,false,leader-w5r1,10
2026-04-03T20:50:09.062212-07:00,read,key-7,0.542,6,false,leader-w5r1,10
2026-04-03T20:50:09.062314-07:00,read,key-4,0.478,8,false,leader-w5r1,10
2026-04-03T20:50:09.062217-07:00,read,key-2,0.603,6,false,leader-w5r1,10
2026-04-03T20:50:09.062218-07:00,read,key-1,0.620,7,false,leader-w5r1,10
2026-04-03T20:50:09.062036-07:00,read,key-4,1.050,8,false,leader-w5r1,10
2026-04-03T20:50:09.062839-07:00,read,key-5,0.379,9,false,leader-w5r1,10
2026-04-03T20:50:09.062794-07:00,read,key-5,0.444,7,false,leader-w5r1,10
2026-04-03T20:50:09.062755-07:00,read,key-5,0.496,7,false,leader-w5r1,10
2026-04-03T20:50:09.062821-07:00,read,key-9,0.436,4,false,leader-w5r1,10
2026-04-03T20:50:09.063088-07:00,read,key-2,0.299,6,false,leader-w5r1,10
2026-04-03T20:50:09.063252-07:00,read,key-7,0.379,6,false,leader-w5r1,10
2026-04-03T20:50:09.063258-07:00,read,key-0,0.413,5,false,leader-w5r1,10
2026-04-03T20:50:09.06322-07:00,read,key-0,0.462,6,false,leader-w5r1,10
2026-04-03T20:50:09.063239-07:00,read,key-4,0.446,8,false,leader-w5r1,10
2026-04-03T20:50:09.063387-07:00,read,key-9,0.341,4,false,leader-w5r1,10
2026-04-03T20:50:09.063672-07:00,read,key-2,0.328,6,false,leader-w5r1,10
2026-04-03T20:50:09.063633-07:00,read,key-8,0.374,8,false,leader-w5r1,10
2026-04-03T20:50:09.063683-07:00,read,key-0,0.355,5,false,leader-w5r1,10
2026-04-03T20:50:09.063686-07:00,read,key-3,0.382,9,false,leader-w5r1,10
2026-04-03T20:50:09.06373-07:00,read,key-7,0.385,6,false,leader-w5r1,10
2026-04-03T20:50:09.064008-07:00,read,key-6,0.342,7,false,leader-w5r1,10
2026-04-03T20:50:09.064116-07:00,read,key-3,0.371,9,false,leader-w5r1,10
2026-04-03T20:50:09.064068-07:00,read,key-6,0.419,7,false,leader-w5r1,10
2026-04-03T20:50:09.064001-07:00,read,key-7,0.512,6,false,leader-w5r1,10
2026-04-03T20:50:09.064039-07:00,read,key-5,0.481,7,false,leader-w5r1,10
2026-04-03T20:50:09.064351-07:00,read,key-5,0.465,7,false,leader-w5r1,10
2026-04-03T20:50:09.064522-07:00,read,key-1,0.316,7,false,leader-w5r1,10
2026-04-03T20:50:09.064488-07:00,read,key-2,0.365,6,false,leader-w5r1,10
2026-04-03T20:50:09.064838-07:00,read,key-0,0.865,5,false,leader-w5r1,10
2026-04-03T20:50:09.064817-07:00,read,key-1,1.062,10,false,leader-w5r1,10
2026-04-03T20:50:09.064514-07:00,read,key-2,1.410,6,false,leader-w5r1,10
2026-04-03T20:50:09.064854-07:00,read,key-6,1.407,10,false,leader-w5r1,10
2026-04-03T20:50:09.065704-07:00,read,key-1,0.762,7,false,leader-w5r1,10
2026-04-03T20:50:09.065879-07:00,read,key-8,0.624,8,false,leader-w5r1,10
2026-04-03T20:50:09.066262-07:00,read,key-3,0.342,9,false,leader-w5r1,10
2026-04-03T20:50:09.066468-07:00,read,key-4,0.302,8,false,leader-w5r1,10
2026-04-03T20:50:09.066605-07:00,read,key-7,0.387,6,false,leader-w5r1,10
2026-04-03T20:50:09.066771-07:00,read,key-6,0.410,7,false,leader-w5r1,10
2026-04-03T20:50:09.066993-07:00,read,key-7,0.436,6,false,leader-w5r1,10
2026-04-03T20:50:09.067182-07:00,read,key-9,0.271,4,false,leader-w5r1,10
2026-04-03T20:50:09.067455-07:00,read,key-1,0.314,7,false,leader-w5r1,10
2026-04-03T20:50:09.067431-07:00,read,key-3,0.345,13,false,leader-w5r1,10
2026-04-03T20:50:09.067777-07:00,read,key-1,0.288,7,false,leader-w5r1,10
2026-04-03T20:50:09.06777-07:00,read,key-0,0.314,5,false,leader-w5r1,10
2026-04-03T20:50:09.068066-07:00,read,key-0,0.281,5,false,leader-w5r1,10
2026-04-03T20:50:09.068085-07:00,read,key-4,0.272,8,false,leader-w5r1,10
2026-04-03T20:50:09.068358-07:00,read,key-5,2.169,9,false,leader-w5r1,10
2026-04-03T20:50:09.070528-07:00,read,key-9,0.267,4,false,leader-w5r1,10
2026-04-03T20:50:09.070796-07:00,read,key-6,0.301,7,false,leader-w5r1,10
2026-04-03T20:50:09.071098-07:00,read,key-2,0.202,6,false,leader-w5r1,10
2026-04-03T20:50:09.037068-07:00,write,key-8,816.210,9,false,leader-w5r1,10
2026-04-03T20:50:09.039484-07:00,write,key-6,813.928,8,false,leader-w5r1,10
2026-04-03T20:50:09.046215-07:00,write,key-8,807.064,10,false,leader-w5r1,10
2026-04-03T20:50:09.037226-07:00,write,key-9,816.351,5,false,leader-w5r1,10
2026-04-03T20:50:09.046354-07:00,write,key-9,807.292,6,false,leader-w5r1,10
2026-04-03T20:50:09.045508-07:00,write,key-6,808.225,9,false,leader-w5r1,10
2026-04-03T20:50:09.042105-07:00,write,key-1,811.828,8,false,leader-w5r1,10
2026-04-03T20:50:09.046844-07:00,write,key-3,807.931,10,false,leader-w5r1,10
2026-04-03T20:50:09.050255-07:00,write,key-5,806.668,8,false,leader-w5r1,10
2026-04-03T20:50:09.053099-07:00,write,key-5,808.620,9,false,leader-w5r1,10
2026-04-03T20:50:09.053162-07:00,write,key-6,808.725,10,false,leader-w5r1,10
2026-04-03T20:50:09.054604-07:00,write,key-3,807.412,11,false,leader-w5r1,10
2026-04-03T20:50:09.853943-07:00,read,key-8,8.089,12,false,leader-w5r1,10
2026-04-03T20:50:09.853465-07:00,read,key-1,8.634,10,false,leader-w5r1,10
2026-04-03T20:50:09.853655-07:00,read,key-0,8.449,6,false,leader-w5r1,10
2026-04-03T20:50:09.853299-07:00,read,key-7,8.867,7,false,leader-w5r1,10
2026-04-03T20:50:09.853586-07:00,read,key-0,8.584,6,false,leader-w5r1,10
2026-04-03T20:50:09.853421-07:00,read,key-6,8.834,10,false,leader-w5r1,10
2026-04-03T20:50:09.05518-07:00,write,key-1,807.105,9,false,leader-w5r1,10
2026-04-03T20:50:09.861729-07:00,read,key-2,0.581,6,false,leader-w5r1,10
2026-04-03T20:50:09.053184-07:00,write,key-0,809.158,6,false,leader-w5r1,10
2026-04-03T20:50:09.862036-07:00,read,key-0,1.253,6,false,leader-w5r1,10
2026-04-03T20:50:09.862024-07:00,read,key-3,1.614,13,false,leader-w5r1,10
2026-04-03T20:50:09.853741-07:00,read,key-3,9.899,13,false,leader-w5r1,10
2026-04-03T20:50:09.862258-07:00,read,key-8,1.443,12,false,leader-w5r1,10
2026-04-03T20:50:09.862102-07:00,read,key-2,1.604,6,false,leader-w5r1,10
2026-04-03T20:50:09.854784-07:00,read,key-4,8.927,8,false,leader-w5r1,10
2026-04-03T20:50:09.863291-07:00,read,key-8,0.759,12,false,leader-w5r1,10
2026-04-03T20:50:09.86217-07:00,read,key-4,2.990,8,false,leader-w5r1,10
2026-04-03T20:50:09.862314-07:00,read,key-8,2.890,12,false,leader-w5r1,10
2026-04-03T20:50:09.863643-07:00,read,key-6,1.563,10,false,leader-w5r1,10
2026-04-03T20:50:09.861896-07:00,read,key-4,3.314,8,false,leader-w5r1,10
2026-04-03T20:50:09.863702-07:00,read,key-8,1.562,12,false,leader-w5r1,10
2026-04-03T20:50:09.862108-07:00,read,key-5,3.164,9,false,leader-w5r1,10
2026-04-03T20:50:09.863641-07:00,read,key-1,1.635,10,false,leader-w5r1,10
2026-04-03T20:50:09.064487-07:00,write,key-3,801.120,12,false,leader-w5r1,10
2026-04-03T20:50:09.061609-07:00,write,key-1,804.131,10,false,leader-w5r1,10
2026-04-03T20:50:09.865615-07:00,read,key-1,0.727,10,false,leader-w5r1,10
2026-04-03T20:50:09.863707-07:00,read,key-6,2.765,10,false,leader-w5r1,10
2026-04-03T20:50:09.862349-07:00,read,key-1,4.126,10,false,leader-w5r1,10
2026-04-03T20:50:09.865161-07:00,read,key-3,1.343,13,false,leader-w5r1,10
2026-04-03T20:50:09.865211-07:00,read,key-8,1.294,12,false,leader-w5r1,10
2026-04-03T20:50:09.865209-07:00,read,key-1,1.303,10,false,leader-w5r1,10
2026-04-03T20:50:09.864051-07:00,read,key-5,2.478,9,false,leader-w5r1,10
2026-04-03T20:50:09.862293-07:00,read,key-6,4.240,10,false,leader-w5r1,10
2026-04-03T20:50:09.865748-07:00,read,key-2,0.788,6,false,leader-w5r1,10
2026-04-03T20:50:09.865274-07:00,read,key-7,1.267,7,false,leader-w5r1,10
2026-04-03T20:50:09.865205-07:00,read,key-8,1.309,12,false,leader-w5r1,10
2026-04-03T20:50:09.862172-07:00,read,key-0,4.386,6,false,leader-w5r1,10
2026-04-03T20:50:09.866535-07:00,read,key-2,0.734,6,false,leader-w5r1,10
2026-04-03T20:50:09.866505-07:00,read,key-7,0.819,7,false,leader-w5r1,10
2026-04-03T20:50:09.866538-07:00,read,key-4,0.799,8,false,leader-w5r1,10
2026-04-03T20:50:09.866344-07:00,read,key-4,1.162,8,false,leader-w5r1,10
2026-04-03T20:50:09.866478-07:00,read,key-9,1.155,6,false,leader-w5r1,10
2026-04-03T20:50:09.86656-07:00,read,key-5,1.245,9,false,leader-w5r1,10
2026-04-03T20:50:09.866531-07:00,read,key-8,1.301,12,false,leader-w5r1,10
2026-04-03T20:50:09.865266-07:00,read,key-5,2.674,9,false,leader-w5r1,10
2026-04-03T20:50:09.865278-07:00,read,key-9,2.858,6,false,leader-w5r1,10
2026-04-03T20:50:09.867806-07:00,read,key-1,0.474,10,false,leader-w5r1,10
2026-04-03T20:50:09.866545-07:00,read,key-6,1.865,10,false,leader-w5r1,10
2026-04-03T20:50:09.867832-07:00,read,key-5,0.587,9,false,leader-w5r1,10
2026-04-03T20:50:09.867941-07:00,read,key-8,0.958,12,false,leader-w5r1,10
2026-04-03T20:50:09.867325-07:00,read,key-5,1.589,9,false,leader-w5r1,10
2026-04-03T20:50:09.868281-07:00,read,key-9,1.002,6,false,leader-w5r1,10
2026-04-03T20:50:09.868413-07:00,read,key-6,0.952,10,false,leader-w5r1,10
2026-04-03T20:50:09.868915-07:00,read,key-9,0.549,6,false,leader-w5r1,10
2026-04-03T20:50:09.068348-07:00,write,key-7,801.140,7,false,leader-w5r1,10
2026-04-03T20:50:09.866518-07:00,read,key-6,2.992,11,false,leader-w5r1,10
2026-04-03T20:50:09.065925-07:00,write,key-3,803.696,13,false,leader-w5r1,10
2026-04-03T20:50:09.066504-07:00,write,key-8,803.126,11,false,leader-w5r1,10
2026-04-03T20:50:09.867508-07:00,read,key-7,2.404,8,false,leader-w5r1,10
2026-04-03T20:50:09.869367-07:00,read,key-3,0.546,13,false,leader-w5r1,10
2026-04-03T20:50:09.8689-07:00,read,key-2,1.018,6,false,leader-w5r1,10
2026-04-03T20:50:09.867635-07:00,read,key-9,2.613,6,false,leader-w5r1,10
2026-04-03T20:50:09.868421-07:00,read,key-4,1.900,10,false,leader-w5r1,10
2026-04-03T20:50:09.869285-07:00,read,key-1,1.045,10,false,leader-w5r1,10
2026-04-03T20:50:09.868138-07:00,read,key-2,2.248,6,false,leader-w5r1,10
2026-04-03T20:50:09.869475-07:00,read,key-4,0.939,10,false,leader-w5r1,10
2026-04-03T20:50:09.869638-07:00,read,key-9,0.879,6,false,leader-w5r1,10
2026-04-03T20:50:09.867271-07:00,read,key-0,3.297,6,false,leader-w5r1,10
2026-04-03T20:50:09.869919-07:00,read,key-3,0.881,13,false,leader-w5r1,10
2026-04-03T20:50:09.869913-07:00,read,key-0,0.906,6,false,leader-w5r1,10
2026-04-03T20:50:09.869628-07:00,read,key-3,1.558,14,false,leader-w5r1,10
2026-04-03T20:50:09.870569-07:00,read,key-4,0.670,8,false,leader-w5r1,10
2026-04-03T20:50:09.87025-07:00,read,key-6,1.042,10,false,leader-w5r1,10
2026-04-03T20:50:09.870518-07:00,read,key-1,0.803,10,false,leader-w5r1,10
2026-04-03T20:50:09.870388-07:00,read,key-9,1.140,7,false,leader-w5r1,10
2026-04-03T20:50:09.87082-07:00,read,key-1,0.757,10,false,leader-w5r1,10
2026-04-03T20:50:09.87033-07:00,read,key-1,1.269,10,false,leader-w5r1,10
2026-04-03T20:50:09.870802-07:00,read,key-4,0.987,8,false,leader-w5r1,10
2026-04-03T20:50:09.870415-07:00,read,key-7,1.394,7,false,leader-w5r1,10
2026-04-03T20:50:09.871241-07:00,read,key-3,0.570,13,false,leader-w5r1,10
2026-04-03T20:50:09.871187-07:00,read,key-9,0.632,6,false,leader-w5r1,10
2026-04-03T20:50:09.871293-07:00,read,key-7,0.532,7,false,leader-w5r1,10
2026-04-03T20:50:09.871322-07:00,read,key-1,0.789,10,false,leader-w5r1,10
2026-04-03T20:50:09.871529-07:00,read,key-0,0.612,6,false,leader-w5r1,10
2026-04-03T20:50:09.869914-07:00,read,key-3,2.247,14,false,leader-w5r1,10
2026-04-03T20:50:09.871826-07:00,read,key-3,0.656,13,false,leader-w5r1,10
2026-04-03T20:50:09.87181-07:00,read,key-7,0.697,7,false,leader-w5r1,10
2026-04-03T20:50:09.872112-07:00,read,key-2,0.669,6,false,leader-w5r1,10
2026-04-03T20:50:09.871601-07:00,read,key-8,1.527,13,false,leader-w5r1,10
2026-04-03T20:50:09.872483-07:00,read,key-1,0.702,10,false,leader-w5r1,10
2026-04-03T20:50:09.872141-07:00,read,key-3,1.048,13,false,leader-w5r1,10
2026-04-03T20:50:09.872509-07:00,read,key-0,0.731,6,false,leader-w5r1,10
2026-04-03T20:50:09.87179-07:00,read,key-7,1.461,8,false,leader-w5r1,10
2026-04-03T20:50:09.872782-07:00,read,key-1,0.765,10,false,leader-w5r1,10
2026-04-03T20:50:09.873252-07:00,read,key-2,0.418,6,false,leader-w5r1,10
2026-04-03T20:50:09.873241-07:00,read,key-6,0.448,10,false,leader-w5r1,10
2026-04-03T20:50:09.873187-07:00,read,key-5,0.525,9,false,leader-w5r1,10
2026-04-03T20:50:09.873548-07:00,read,key-0,0.296,6,false,leader-w5r1,10
2026-04-03T20:50:09.873672-07:00,read,key-1,0.425,10,false,leader-w5r1,10
2026-04-03T20:50:09.87369-07:00,read,key-1,0.425,10,false,leader-w5r1,10
2026-04-03T20:50:09.871812-07:00,read,key-6,2.768,11,false,leader-w5r1,10
2026-04-03T20:50:09.872162-07:00,read,key-0,2.419,7,false,leader-w5r1,10
2026-04-03T20:50:09.0713-07:00,write,key-8,803.295,12,false,leader-w5r1,10
2026-04-03T20:50:09.873712-07:00,read,key-2,0.892,6,false,leader-w5r1,10
2026-04-03T20:50:09.874116-07:00,read,key-4,0.490,8,false,leader-w5r1,10
2026-04-03T20:50:09.873128-07:00,read,key-1,1.498,10,false,leader-w5r1,10
2026-04-03T20:50:09.873191-07:00,read,key-7,1.474,8,false,leader-w5r1,10
2026-04-03T20:50:09.874606-07:00,read,key-8,0.674,12,false,leader-w5r1,10
2026-04-03T20:50:09.874584-07:00,read,key-6,0.712,11,false,leader-w5r1,10
2026-04-03T20:50:09.873845-07:00,read,key-2,1.457,6,false,leader-w5r1,10
2026-04-03T20:50:09.874627-07:00,read,key-0,0.705,6,false,leader-w5r1,10
2026-04-03T20:50:09.874603-07:00,read,key-9,0.731,7,false,leader-w5r1,10
2026-04-03T20:50:09.874581-07:00,read,key-4,0.792,8,false,leader-w5r1,10
2026-04-03T20:50:09.874607-07:00,read,key-2,0.768,6,false,leader-w5r1,10
2026-04-03T20:50:09.874666-07:00,read,key-1,0.722,10,false,leader-w5r1,10
2026-04-03T20:50:09.875303-07:00,read,key-1,0.353,12,false,leader-w5r1,10
2026-04-03T20:50:09.875281-07:00,read,key-0,0.557,6,false,leader-w5r1,10
2026-04-03T20:50:09.875333-07:00,read,key-6,0.535,10,false,leader-w5r1,10
2026-04-03T20:50:09.875335-07:00,read,key-1,0.535,10,false,leader-w5r1,10
2026-04-03T20:50:09.875299-07:00,read,key-3,0.820,13,false,leader-w5r1,10
2026-04-03T20:50:09.875658-07:00,read,key-4,0.601,8,false,leader-w5r1,10
2026-04-03T20:50:09.875376-07:00,read,key-9,1.081,6,false,leader-w5r1,10
2026-04-03T20:50:09.875871-07:00,read,key-6,0.714,10,false,leader-w5r1,10
2026-04-03T20:50:09.876261-07:00,read,key-7,0.418,7,false,leader-w5r1,10
2026-04-03T20:50:09.87612-07:00,read,key-8,0.562,12,false,leader-w5r1,10
2026-04-03T20:50:09.875839-07:00,read,key-6,0.928,11,false,leader-w5r1,10
2026-04-03T20:50:09.876679-07:00,read,key-3,0.456,13,false,leader-w5r1,10
2026-04-03T20:50:09.876769-07:00,read,key-8,0.397,12,false,leader-w5r1,10
2026-04-03T20:50:09.875374-07:00,read,key-6,1.796,10,false,leader-w5r1,10
2026-04-03T20:50:09.87539-07:00,read,key-6,1.809,10,false,leader-w5r1,10
2026-04-03T20:50:09.87587-07:00,read,key-3,1.370,14,false,leader-w5r1,10
2026-04-03T20:50:09.876458-07:00,read,key-0,0.835,7,false,leader-w5r1,10
2026-04-03T20:50:09.877294-07:00,read,key-4,0.370,8,false,leader-w5r1,10
2026-04-03T20:50:09.876587-07:00,read,key-1,1.132,12,false,leader-w5r1,10
2026-04-03T20:50:09.877241-07:00,read,key-8,0.491,12,false,leader-w5r1,10
2026-04-03T20:50:09.877201-07:00,read,key-4,0.534,8,false,leader-w5r1,10
2026-04-03T20:50:09.877137-07:00,read,key-5,0.611,9,false,leader-w5r1,10
2026-04-03T20:50:09.877665-07:00,read,key-8,0.538,12,false,leader-w5r1,10
2026-04-03T20:50:09.87772-07:00,read,key-6,0.809,10,false,leader-w5r1,10
2026-04-03T20:50:09.877748-07:00,read,key-5,0.829,9,false,leader-w5r1,10
2026-04-03T20:50:09.877737-07:00,read,key-9,0.927,6,false,leader-w5r1,10
2026-04-03T20:50:09.877733-07:00,read,key-6,0.949,10,false,leader-w5r1,10
2026-04-03T20:50:09.878529-07:00,read,key-9,0.693,6,false,leader-w5r1,10
2026-04-03T20:50:09.878205-07:00,read,key-9,1.070,6,false,leader-w5r1,10
2026-04-03T20:50:09.878578-07:00,read,key-8,0.725,12,false,leader-w5r1,10
2026-04-03T20:50:09.877171-07:00,read,key-8,2.187,14,false,leader-w5r1,10
2026-04-03T20:50:09.879276-07:00,read,key-0,0.528,6,false,leader-w5r1,10
2026-04-03T20:50:09.879305-07:00,read,key-5,0.500,9,false,leader-w5r1,10
2026-04-03T20:50:09.879361-07:00,read,key-2,0.489,6,false,leader-w5r1,10
2026-04-03T20:50:09.879806-07:00,read,key-2,0.304,6,false,leader-w5r1,10
2026-04-03T20:50:09.880111-07:00,read,key-6,0.769,11,false,leader-w5r1,10
2026-04-03T20:50:09.879852-07:00,read,key-1,1.130,13,false,leader-w5r1,10
2026-04-03T20:50:09.879805-07:00,read,key-0,1.276,8,false,leader-w5r1,10
2026-04-03T20:50:09.880983-07:00,read,key-1,0.344,10,false,leader-w5r1,10
2026-04-03T20:50:09.881082-07:00,read,key-1,0.429,10,false,leader-w5r1,10
2026-04-03T20:50:09.881514-07:00,read,key-8,0.364,12,false,leader-w5r1,10
2026-04-03T20:50:09.866542-07:00,write,key-4,808.329,10,false,leader-w5r1,10
2026-04-03T20:50:09.866474-07:00,write,key-6,808.622,11,false,leader-w5r1,10
2026-04-03T20:50:09.869497-07:00,write,key-9,805.706,7,false,leader-w5r1,10
2026-04-03T20:50:09.866506-07:00,write,key-8,808.800,13,false,leader-w5r1,10
2026-04-03T20:50:09.857036-07:00,write,key-7,818.350,8,false,leader-w5r1,10
2026-04-03T20:50:09.863714-07:00,write,key-4,811.720,9,false,leader-w5r1,10
2026-04-03T20:50:09.867339-07:00,write,key-3,808.140,14,false,leader-w5r1,10
2026-04-03T20:50:09.870322-07:00,write,key-4,807.094,11,false,leader-w5r1,10
2026-04-03T20:50:10.675442-07:00,read,key-8,2.459,17,false,leader-w5r1,10
2026-04-03T20:50:10.675105-07:00,read,key-1,2.898,13,false,leader-w5r1,10
2026-04-03T20:50:10.675487-07:00,read,key-4,2.617,11,false,leader-w5r1,10
2026-04-03T20:50:10.674888-07:00,read,key-3,3.400,16,false,leader-w5r1,10
2026-04-03T20:50:10.675315-07:00,read,key-6,3.078,11,false,leader-w5r1,10
2026-04-03T20:50:10.677426-07:00,read,key-2,1.067,7,false,leader-w5r1,10
2026-04-03T20:50:10.678106-07:00,read,key-8,0.728,17,false,leader-w5r1,10
2026-04-03T20:50:09.874098-07:00,write,key-1,804.832,12,false,leader-w5r1,10
2026-04-03T20:50:10.677905-07:00,read,key-5,1.084,9,false,leader-w5r1,10
2026-04-03T20:50:10.678497-07:00,read,key-5,0.637,9,false,leader-w5r1,10
2026-04-03T20:50:09.87182-07:00,write,key-1,807.391,11,false,leader-w5r1,10
2026-04-03T20:50:09.877167-07:00,write,key-8,802.121,14,false,leader-w5r1,10
2026-04-03T20:50:09.869512-07:00,write,key-2,810.015,7,false,leader-w5r1,10
2026-04-03T20:50:10.678395-07:00,read,key-0,1.209,8,false,leader-w5r1,10
2026-04-03T20:50:09.876683-07:00,write,key-3,802.952,15,false,leader-w5r1,10
2026-04-03T20:50:09.871577-07:00,write,key-0,808.128,7,false,leader-w5r1,10
2026-04-03T20:50:10.678836-07:00,read,key-6,0.895,11,false,leader-w5r1,10
2026-04-03T20:50:10.678006-07:00,read,key-7,1.780,8,false,leader-w5r1,10
2026-04-03T20:50:10.675395-07:00,read,key-3,4.479,16,false,leader-w5r1,10
2026-04-03T20:50:10.679219-07:00,read,key-2,0.660,7,false,leader-w5r1,10
2026-04-03T20:50:10.679295-07:00,read,key-2,0.643,7,false,leader-w5r1,10
2026-04-03T20:50:10.678293-07:00,read,key-8,1.647,17,false,leader-w5r1,10
2026-04-03T20:50:10.678991-07:00,read,key-7,1.048,8,false,leader-w5r1,10
2026-04-03T20:50:10.679534-07:00,read,key-8,0.705,17,false,leader-w5r1,10
2026-04-03T20:50:10.678938-07:00,read,key-1,1.320,13,false,leader-w5r1,10
2026-04-03T20:50:10.679643-07:00,read,key-3,0.652,16,false,leader-w5r1,10
2026-04-03T20:50:10.679606-07:00,read,key-6,0.890,11,false,leader-w5r1,10
2026-04-03T20:50:10.679877-07:00,read,key-9,1.037,7,false,leader-w5r1,10
2026-04-03T20:50:10.67994-07:00,read,key-1,1.069,13,false,leader-w5r1,10
2026-04-03T20:50:10.679712-07:00,read,key-4,2.364,11,false,leader-w5r1,10
2026-04-03T20:50:09.878665-07:00,write,key-8,803.952,15,false,leader-w5r1,10
2026-04-03T20:50:09.879224-07:00,write,key-0,803.513,8,false,leader-w5r1,10
2026-04-03T20:50:10.68026-07:00,read,key-5,2.645,9,false,leader-w5r1,10
2026-04-03T20:50:10.679733-07:00,read,key-9,3.258,7,false,leader-w5r1,10
2026-04-03T20:50:09.880881-07:00,write,key-3,802.811,16,false,leader-w5r1,10
2026-04-03T20:50:10.680241-07:00,read,key-2,3.511,7,false,leader-w5r1,10
2026-04-03T20:50:09.881879-07:00,write,key-8,801.929,17,false,leader-w5r1,10
2026-04-03T20:50:10.682625-07:00,read,key-6,1.235,11,false,leader-w5r1,10
2026-04-03T20:50:10.682992-07:00,read,key-0,0.934,8,false,leader-w5r1,10
2026-04-03T20:50:09.881328-07:00,write,key-8,802.634,16,false,leader-w5r1,10
2026-04-03T20:50:09.878683-07:00,write,key-1,805.484,13,false,leader-w5r1,10
2026-04-03T20:50:10.680916-07:00,read,key-4,3.276,11,false,leader-w5r1,10
2026-04-03T20:50:10.680297-07:00,read,key-9,3.922,7,false,leader-w5r1,10
2026-04-03T20:50:10.68101-07:00,read,key-1,3.300,13,false,leader-w5r1,10
2026-04-03T20:50:10.679941-07:00,read,key-0,4.375,8,false,leader-w5r1,10
2026-04-03T20:50:10.683754-07:00,read,key-6,0.601,11,false,leader-w5r1,10
2026-04-03T20:50:10.6837-07:00,read,key-3,0.658,16,false,leader-w5r1,10
2026-04-03T20:50:10.680497-07:00,read,key-6,3.928,11,false,leader-w5r1,10
2026-04-03T20:50:10.679882-07:00,read,key-6,4.581,11,false,leader-w5r1,10
2026-04-03T20:50:10.682744-07:00,read,key-0,1.965,8,false,leader-w5r1,10
2026-04-03T20:50:10.683969-07:00,read,key-8,0.745,17,false,leader-w5r1,10
2026-04-03T20:50:10.683927-07:00,read,key-3,0.842,16,false,leader-w5r1,10
2026-04-03T20:50:10.684174-07:00,read,key-5,1.717,9,false,leader-w5r1,10
2026-04-03T20:50:10.684711-07:00,read,key-2,1.230,7,false,leader-w5r1,10
2026-04-03T20:50:10.684357-07:00,read,key-3,1.588,16,false,leader-w5r1,10
2026-04-03T20:50:10.684312-07:00,read,key-6,1.922,11,false,leader-w5r1,10
2026-04-03T20:50:10.682079-07:00,read,key-1,4.211,13,false,leader-w5r1,10
2026-04-03T20:50:10.684193-07:00,read,key-8,2.175,17,false,leader-w5r1,10
2026-04-03T20:50:10.68422-07:00,read,key-2,2.150,7,false,leader-w5r1,10
2026-04-03T20:50:10.68436-07:00,read,key-0,2.041,8,false,leader-w5r1,10
2026-04-03T20:50:10.683863-07:00,read,key-6,2.592,11,false,leader-w5r1,10
2026-04-03T20:50:10.685943-07:00,read,key-7,0.558,8,false,leader-w5r1,10
2026-04-03T20:50:10.685947-07:00,read,key-6,0.680,11,false,leader-w5r1,10
2026-04-03T20:50:10.685895-07:00,read,key-4,1.270,11,false,leader-w5r1,10
2026-04-03T20:50:10.686292-07:00,read,key-6,0.878,11,false,leader-w5r1,10
2026-04-03T20:50:10.686373-07:00,read,key-0,0.816,8,false,leader-w5r1,10
2026-04-03T20:50:10.684464-07:00,read,key-4,2.794,11,false,leader-w5r1,10
2026-04-03T20:50:10.684428-07:00,read,key-2,2.846,7,false,leader-w5r1,10
2026-04-03T20:50:10.684716-07:00,read,key-6,2.567,11,false,leader-w5r1,10
2026-04-03T20:50:10.68637-07:00,read,key-7,0.939,8,false,leader-w5r1,10
2026-04-03T20:50:10.686502-07:00,read,key-6,0.811,11,false,leader-w5r1,10
2026-04-03T20:50:10.687192-07:00,read,key-0,0.607,8,false,leader-w5r1,10
2026-04-03T20:50:10.687171-07:00,read,key-7,0.636,8,false,leader-w5r1,10
2026-04-03T20:50:10.687284-07:00,read,key-6,0.536,11,false,leader-w5r1,10
2026-04-03T20:50:10.687259-07:00,read,key-6,0.631,11,false,leader-w5r1,10
2026-04-03T20:50:10.687167-07:00,read,key-2,0.755,7,false,leader-w5r1,10
2026-04-03T20:50:10.6878-07:00,read,key-3,0.338,16,false,leader-w5r1,10
2026-04-03T20:50:10.687892-07:00,read,key-8,0.308,17,false,leader-w5r1,10
2026-04-03T20:50:10.688201-07:00,read,key-6,0.261,11,false,leader-w5r1,10
2026-04-03T20:50:10.688463-07:00,read,key-9,0.311,7,false,leader-w5r1,10
2026-04-03T20:50:10.687276-07:00,read,key-9,2.390,8,false,leader-w5r1,10
2026-04-03T20:50:10.68731-07:00,read,key-6,2.378,13,false,leader-w5r1,10
2026-04-03T20:50:10.688775-07:00,read,key-5,0.924,10,false,leader-w5r1,10
2026-04-03T20:50:10.68814-07:00,read,key-0,1.568,9,false,leader-w5r1,10
2026-04-03T20:50:10.687314-07:00,read,key-9,2.601,8,false,leader-w5r1,10
2026-04-03T20:50:10.68971-07:00,read,key-3,0.442,16,false,leader-w5r1,10
2026-04-03T20:50:10.6897-07:00,read,key-2,0.495,7,false,leader-w5r1,10
2026-04-03T20:50:10.689917-07:00,read,key-9,0.293,7,false,leader-w5r1,10
2026-04-03T20:50:10.689689-07:00,read,key-1,0.541,13,false,leader-w5r1,10
2026-04-03T20:50:10.689667-07:00,read,key-6,0.610,11,false,leader-w5r1,10
2026-04-03T20:50:10.690154-07:00,read,key-6,0.272,13,false,leader-w5r1,10
2026-04-03T20:50:10.690197-07:00,read,key-9,0.376,7,false,leader-w5r1,10
2026-04-03T20:50:10.690278-07:00,read,key-2,0.353,7,false,leader-w5r1,10
2026-04-03T20:50:10.690232-07:00,read,key-4,0.426,11,false,leader-w5r1,10
2026-04-03T20:50:10.690212-07:00,read,key-4,0.474,11,false,leader-w5r1,10
2026-04-03T20:50:10.690428-07:00,read,key-2,0.378,7,false,leader-w5r1,10
2026-04-03T20:50:10.690632-07:00,read,key-7,0.484,9,false,leader-w5r1,10
2026-04-03T20:50:10.690659-07:00,read,key-6,0.535,11,false,leader-w5r1,10
2026-04-03T20:50:10.690575-07:00,read,key-4,0.623,11,false,leader-w5r1,10
2026-04-03T20:50:10.690688-07:00,read,key-7,0.532,8,false,leader-w5r1,10
2026-04-03T20:50:10.691117-07:00,read,key-7,0.494,8,false,leader-w5r1,10
2026-04-03T20:50:10.691195-07:00,read,key-3,0.419,16,false,leader-w5r1,10
2026-04-03T20:50:10.691199-07:00,read,key-9,0.436,7,false,leader-w5r1,10
2026-04-03T20:50:10.691221-07:00,read,key-1,0.416,13,false,leader-w5r1,10
2026-04-03T20:50:10.691616-07:00,read,key-6,0.281,11,false,leader-w5r1,10
2026-04-03T20:50:10.691613-07:00,read,key-9,0.312,7,false,leader-w5r1,10
2026-04-03T20:50:10.691636-07:00,read,key-1,0.302,13,false,leader-w5r1,10
2026-04-03T20:50:10.691898-07:00,read,key-4,0.368,11,false,leader-w5r1,10
2026-04-03T20:50:10.691638-07:00,read,key-4,0.638,11,false,leader-w5r1,10
2026-04-03T20:50:10.69194-07:00,read,key-3,0.378,16,false,leader-w5r1,10
2026-04-03T20:50:10.691926-07:00,read,key-0,0.457,9,false,leader-w5r1,10
2026-04-03T20:50:10.692268-07:00,read,key-1,0.411,13,false,leader-w5r1,10
2026-04-03T20:50:10.692277-07:00,read,key-4,0.413,11,false,leader-w5r1,10
2026-04-03T20:50:10.692386-07:00,read,key-2,0.437,8,false,leader-w5r1,10
2026-04-03T20:50:10.692691-07:00,read,key-8,0.316,17,false,leader-w5r1,10
2026-04-03T20:50:10.69268-07:00,read,key-1,0.358,13,false,leader-w5r1,10
2026-04-03T20:50:10.692824-07:00,read,key-9,0.291,7,false,leader-w5r1,10
2026-04-03T20:50:10.69304-07:00,read,key-3,0.346,16,false,leader-w5r1,10
2026-04-03T20:50:10.693008-07:00,read,key-3,0.406,16,false,leader-w5r1,10
2026-04-03T20:50:10.693117-07:00,read,key-3,0.407,16,false,leader-w5r1,10
2026-04-03T20:50:10.693387-07:00,read,key-2,0.320,7,false,leader-w5r1,10
2026-04-03T20:50:10.693416-07:00,read,key-7,0.296,8,false,leader-w5r1,10
2026-04-03T20:50:10.693524-07:00,read,key-5,0.272,9,false,leader-w5r1,10
2026-04-03T20:50:10.693708-07:00,read,key-1,0.248,14,false,leader-w5r1,10
2026-04-03T20:50:10.693957-07:00,read,key-5,0.251,9,false,leader-w5r1,10
2026-04-03T20:50:10.693798-07:00,read,key-8,0.434,17,false,leader-w5r1,10
2026-04-03T20:50:10.693713-07:00,read,key-7,0.520,9,false,leader-w5r1,10
2026-04-03T20:50:10.694234-07:00,read,key-4,0.276,11,false,leader-w5r1,10
2026-04-03T20:50:10.694209-07:00,read,key-5,0.322,9,false,leader-w5r1,10
2026-04-03T20:50:10.694234-07:00,read,key-0,0.333,9,false,leader-w5r1,10
2026-04-03T20:50:10.694512-07:00,read,key-5,0.240,9,false,leader-w5r1,10
2026-04-03T20:50:10.694532-07:00,read,key-5,0.353,11,false,leader-w5r1,10
2026-04-03T20:50:10.694568-07:00,read,key-1,0.350,13,false,leader-w5r1,10
2026-04-03T20:50:10.694753-07:00,read,key-1,0.303,13,false,leader-w5r1,10
2026-04-03T20:50:10.694886-07:00,read,key-2,0.313,8,false,leader-w5r1,10
2026-04-03T20:50:10.69492-07:00,read,key-3,0.314,16,false,leader-w5r1,10
2026-04-03T20:50:10.695057-07:00,read,key-2,0.290,7,false,leader-w5r1,10
2026-04-03T20:50:10.6952-07:00,read,key-1,0.381,13,false,leader-w5r1,10
2026-04-03T20:50:10.695348-07:00,read,key-4,0.278,11,false,leader-w5r1,10
2026-04-03T20:50:10.695235-07:00,read,key-4,0.429,11,false,leader-w5r1,10
2026-04-03T20:50:10.695665-07:00,read,key-4,0.276,12,false,leader-w5r1,10
2026-04-03T20:50:10.695627-07:00,read,key-1,0.387,13,false,leader-w5r1,10
2026-04-03T20:50:10.695942-07:00,read,key-0,0.270,8,false,leader-w5r1,10
2026-04-03T20:50:10.696016-07:00,read,key-3,0.277,16,false,leader-w5r1,10
2026-04-03T20:50:10.696293-07:00,read,key-5,0.218,11,false,leader-w5r1,10
2026-04-03T20:50:10.696213-07:00,read,key-8,0.314,17,false,leader-w5r1,10
2026-04-03T20:50:10.696528-07:00,read,key-8,0.268,17,false,leader-w5r1,10
2026-04-03T20:50:10.696797-07:00,read,key-4,0.348,11,false,leader-w5r1,10
2026-04-03T20:50:10.697146-07:00,read,key-3,0.287,16,false,leader-w5r1,10
2026-04-03T20:50:10.697435-07:00,read,key-1,0.219,13,false,leader-w5r1,10
2026-04-03T20:50:10.697654-07:00,read,key-1,0.206,13,false,leader-w5r1,10
2026-04-03T20:50:10.697861-07:00,read,key-2,0.251,7,false,leader-w5r1,10
2026-04-03T20:50:10.698114-07:00,read,key-4,0.178,11,false,leader-w5r1,10
2026-04-03T20:50:10.698293-07:00,read,key-1,2.270,14,false,leader-w5r1,10
2026-04-03T20:50:10.700564-07:00,read,key-5,0.220,9,false,leader-w5r1,10
2026-04-03T20:50:10.700786-07:00,read,key-8,0.163,19,false,leader-w5r1,10
2026-04-03T20:50:10.700949-07:00,read,key-1,0.217,13,false,leader-w5r1,10
2026-04-03T20:50:10.701167-07:00,read,key-5,0.186,9,false,leader-w5r1,10
2026-04-03T20:50:10.686456-07:00,write,key-8,804.649,18,false,leader-w5r1,10
2026-04-03T20:50:10.686629-07:00,write,key-6,804.482,13,false,leader-w5r1,10
2026-04-03T20:50:10.686403-07:00,write,key-0,804.814,9,false,leader-w5r1,10
2026-04-03T20:50:10.684771-07:00,write,key-3,806.481,20,false,leader-w5r1,10
2026-04-03T20:50:10.68004-07:00,write,key-3,811.211,17,false,leader-w5r1,10
2026-04-03T20:50:10.684317-07:00,write,key-3,806.958,19,false,leader-w5r1,10
2026-04-03T20:50:10.679136-07:00,write,key-5,812.168,10,false,leader-w5r1,10
2026-04-03T20:50:10.675211-07:00,write,key-9,816.122,8,false,leader-w5r1,10
2026-04-03T20:50:10.679788-07:00,write,key-6,811.585,12,false,leader-w5r1,10
2026-04-03T20:50:10.682907-07:00,write,key-3,808.511,18,false,leader-w5r1,10
2026-04-03T20:50:10.683815-07:00,write,key-4,807.617,12,false,leader-w5r1,10
2026-04-03T20:50:10.686236-07:00,write,key-7,806.655,9,false,leader-w5r1,10
2026-04-03T20:50:10.687821-07:00,write,key-9,805.090,9,false,leader-w5r1,10
2026-04-03T20:50:10.687924-07:00,write,key-2,805.008,8,false,leader-w5r1,10
2026-04-03T20:50:10.687809-07:00,write,key-8,805.132,19,false,leader-w5r1,10
2026-04-03T20:50:11.491117-07:00,read,key-8,3.721,19,false,leader-w5r1,10
2026-04-03T20:50:11.491282-07:00,read,key-0,3.663,9,false,leader-w5r1,10
2026-04-03T20:50:11.491259-07:00,read,key-2,3.699,8,false,leader-w5r1,10
2026-04-03T20:50:10.690807-07:00,write,key-1,804.184,14,false,leader-w5r1,10
2026-04-03T20:50:11.491339-07:00,read,key-1,3.688,14,false,leader-w5r1,10
2026-04-03T20:50:11.491113-07:00,read,key-6,3.954,13,false,leader-w5r1,10
2026-04-03T20:50:11.492938-07:00,read,key-4,2.165,14,false,leader-w5r1,10
2026-04-03T20:50:11.491439-07:00,read,key-8,3.667,19,false,leader-w5r1,10
2026-04-03T20:50:11.491271-07:00,read,key-2,3.845,8,false,leader-w5r1,10
2026-04-03T20:50:11.491224-07:00,read,key-8,3.893,19,false,leader-w5r1,10
2026-04-03T20:50:10.69232-07:00,write,key-5,802.820,11,false,leader-w5r1,10
2026-04-03T20:50:11.495148-07:00,read,key-8,0.623,19,false,leader-w5r1,10
2026-04-03T20:50:11.495107-07:00,read,key-0,0.705,9,false,leader-w5r1,10
2026-04-03T20:50:11.495117-07:00,read,key-7,0.713,10,false,leader-w5r1,10
2026-04-03T20:50:11.494947-07:00,read,key-2,0.890,8,false,leader-w5r1,10
2026-04-03T20:50:11.49496-07:00,read,key-7,0.948,10,false,leader-w5r1,10
2026-04-03T20:50:11.494997-07:00,read,key-0,0.977,9,false,leader-w5r1,10
2026-04-03T20:50:11.495774-07:00,read,key-9,0.444,9,false,leader-w5r1,10
2026-04-03T20:50:11.492917-07:00,read,key-8,3.331,19,false,leader-w5r1,10
2026-04-03T20:50:11.495839-07:00,read,key-3,0.609,20,false,leader-w5r1,10
2026-04-03T20:50:11.492898-07:00,read,key-4,3.613,14,false,leader-w5r1,10
2026-04-03T20:50:11.495028-07:00,read,key-1,1.495,14,false,leader-w5r1,10
2026-04-03T20:50:11.49138-07:00,read,key-9,5.152,9,false,leader-w5r1,10
2026-04-03T20:50:11.495975-07:00,read,key-9,0.646,10,false,leader-w5r1,10
2026-04-03T20:50:11.495068-07:00,read,key-9,1.610,9,false,leader-w5r1,10
2026-04-03T20:50:11.496449-07:00,read,key-7,0.410,10,false,leader-w5r1,10
2026-04-03T20:50:11.49625-07:00,read,key-4,0.614,14,false,leader-w5r1,10
2026-04-03T20:50:11.495832-07:00,read,key-5,1.130,11,false,leader-w5r1,10
2026-04-03T20:50:11.496512-07:00,read,key-0,0.671,9,false,leader-w5r1,10
2026-04-03T20:50:11.49668-07:00,read,key-7,0.542,10,false,leader-w5r1,10
2026-04-03T20:50:11.495105-07:00,read,key-3,2.155,20,false,leader-w5r1,10
2026-04-03T20:50:11.495118-07:00,read,key-8,2.314,19,false,leader-w5r1,10
2026-04-03T20:50:11.49686-07:00,read,key-4,0.726,14,false,leader-w5r1,10
2026-04-03T20:50:11.496524-07:00,read,key-9,1.089,9,false,leader-w5r1,10
2026-04-03T20:50:11.497223-07:00,read,key-0,0.741,9,false,leader-w5r1,10
2026-04-03T20:50:11.497184-07:00,read,key-1,0.963,14,false,leader-w5r1,10
2026-04-03T20:50:11.497263-07:00,read,key-4,0.899,14,false,leader-w5r1,10
2026-04-03T20:50:11.497965-07:00,read,key-2,0.469,8,false,leader-w5r1,10
2026-04-03T20:50:11.496219-07:00,read,key-0,2.232,9,false,leader-w5r1,10
2026-04-03T20:50:11.498164-07:00,read,key-2,0.466,8,false,leader-w5r1,10
2026-04-03T20:50:11.496622-07:00,read,key-9,2.016,10,false,leader-w5r1,10
2026-04-03T20:50:11.497588-07:00,read,key-6,1.155,13,false,leader-w5r1,10
2026-04-03T20:50:11.496963-07:00,read,key-7,1.796,10,false,leader-w5r1,10
2026-04-03T20:50:11.498149-07:00,read,key-6,0.614,13,false,leader-w5r1,10
2026-04-03T20:50:11.495909-07:00,read,key-9,2.896,9,false,leader-w5r1,10
2026-04-03T20:50:11.498631-07:00,read,key-7,0.804,10,false,leader-w5r1,10
2026-04-03T20:50:11.498764-07:00,read,key-2,0.672,8,false,leader-w5r1,10
2026-04-03T20:50:11.498744-07:00,read,key-3,0.712,20,false,leader-w5r1,10
2026-04-03T20:50:11.497433-07:00,read,key-6,2.109,14,false,leader-w5r1,10
2026-04-03T20:50:11.498639-07:00,read,key-7,0.925,10,false,leader-w5r1,10
2026-04-03T20:50:11.499439-07:00,read,key-7,0.533,10,false,leader-w5r1,10
2026-04-03T20:50:11.499457-07:00,read,key-1,0.655,14,false,leader-w5r1,10
2026-04-03T20:50:11.498806-07:00,read,key-4,1.316,14,false,leader-w5r1,10
2026-04-03T20:50:11.499566-07:00,read,key-0,0.564,9,false,leader-w5r1,10
2026-04-03T20:50:11.499438-07:00,read,key-4,0.992,14,false,leader-w5r1,10
2026-04-03T20:50:11.49876-07:00,read,key-6,1.685,14,false,leader-w5r1,10
2026-04-03T20:50:11.498452-07:00,read,key-9,1.999,11,false,leader-w5r1,10
2026-04-03T20:50:10.695582-07:00,write,key-4,804.897,13,false,leader-w5r1,10
2026-04-03T20:50:10.696512-07:00,write,key-4,803.978,14,false,leader-w5r1,10
2026-04-03T20:50:11.500123-07:00,read,key-2,0.731,8,false,leader-w5r1,10
2026-04-03T20:50:11.499972-07:00,read,key-9,0.907,9,false,leader-w5r1,10
2026-04-03T20:50:11.499543-07:00,read,key-3,1.367,20,false,leader-w5r1,10
2026-04-03T20:50:11.500113-07:00,read,key-4,0.825,14,false,leader-w5r1,10
2026-04-03T20:50:11.500159-07:00,read,key-7,1.033,10,false,leader-w5r1,10
2026-04-03T20:50:11.500445-07:00,read,key-6,0.776,13,false,leader-w5r1,10
2026-04-03T20:50:11.500486-07:00,read,key-2,0.752,8,false,leader-w5r1,10
2026-04-03T20:50:11.500432-07:00,read,key-5,0.827,12,false,leader-w5r1,10
2026-04-03T20:50:11.50088-07:00,read,key-3,0.689,20,false,leader-w5r1,10
2026-04-03T20:50:11.500914-07:00,read,key-0,0.748,9,false,leader-w5r1,10
2026-04-03T20:50:11.500855-07:00,read,key-6,0.872,13,false,leader-w5r1,10
2026-04-03T20:50:11.501194-07:00,read,key-0,0.558,10,false,leader-w5r1,10
2026-04-03T20:50:11.501222-07:00,read,key-9,0.555,9,false,leader-w5r1,10
2026-04-03T20:50:11.50126-07:00,read,key-5,0.533,11,false,leader-w5r1,10
2026-04-03T20:50:11.501571-07:00,read,key-5,0.421,11,false,leader-w5r1,10
2026-04-03T20:50:11.501239-07:00,read,key-4,0.833,14,false,leader-w5r1,10
2026-04-03T20:50:11.501752-07:00,read,key-8,0.478,20,false,leader-w5r1,10
2026-04-03T20:50:11.50094-07:00,read,key-5,1.334,11,false,leader-w5r1,10
2026-04-03T20:50:11.501729-07:00,read,key-3,0.560,20,false,leader-w5r1,10
2026-04-03T20:50:11.501778-07:00,read,key-9,0.516,9,false,leader-w5r1,10
2026-04-03T20:50:11.501664-07:00,read,key-1,0.664,16,false,leader-w5r1,10
2026-04-03T20:50:11.500497-07:00,read,key-3,1.862,20,false,leader-w5r1,10
2026-04-03T20:50:11.500452-07:00,read,key-8,1.915,19,false,leader-w5r1,10
2026-04-03T20:50:11.501794-07:00,read,key-7,0.608,10,false,leader-w5r1,10
2026-04-03T20:50:11.502073-07:00,read,key-4,0.536,14,false,leader-w5r1,10
2026-04-03T20:50:11.502275-07:00,read,key-0,0.563,9,false,leader-w5r1,10
2026-04-03T20:50:11.502367-07:00,read,key-3,0.547,20,false,leader-w5r1,10
2026-04-03T20:50:11.502231-07:00,read,key-7,0.938,10,false,leader-w5r1,10
2026-04-03T20:50:11.501994-07:00,read,key-4,1.181,14,false,leader-w5r1,10
2026-04-03T20:50:11.502296-07:00,read,key-9,0.905,9,false,leader-w5r1,10
2026-04-03T20:50:11.502839-07:00,read,key-2,0.860,8,false,leader-w5r1,10
2026-04-03T20:50:11.502918-07:00,read,key-8,0.816,19,false,leader-w5r1,10
2026-04-03T20:50:11.502289-07:00,read,key-7,1.485,10,false,leader-w5r1,10
2026-04-03T20:50:11.50317-07:00,read,key-2,0.633,8,false,leader-w5r1,10
2026-04-03T20:50:11.503202-07:00,read,key-2,0.900,8,false,leader-w5r1,10
2026-04-03T20:50:11.502611-07:00,read,key-4,1.516,14,false,leader-w5r1,10
2026-04-03T20:50:11.503735-07:00,read,key-5,0.417,11,false,leader-w5r1,10
2026-04-03T20:50:11.503701-07:00,read,key-1,0.467,14,false,leader-w5r1,10
2026-04-03T20:50:11.503177-07:00,read,key-3,1.036,20,false,leader-w5r1,10
2026-04-03T20:50:11.503805-07:00,read,key-7,0.520,10,false,leader-w5r1,10
2026-04-03T20:50:11.504128-07:00,read,key-0,0.410,9,false,leader-w5r1,10
2026-04-03T20:50:11.50417-07:00,read,key-1,0.390,14,false,leader-w5r1,10
2026-04-03T20:50:11.504154-07:00,read,key-5,0.425,11,false,leader-w5r1,10
2026-04-03T20:50:11.504326-07:00,read,key-2,0.302,8,false,leader-w5r1,10
2026-04-03T20:50:11.504629-07:00,read,key-2,0.216,8,false,leader-w5r1,10
2026-04-03T20:50:11.504539-07:00,read,key-8,0.328,19,false,leader-w5r1,10
2026-04-03T20:50:11.504562-07:00,read,key-7,0.369,10,false,leader-w5r1,10
2026-04-03T20:50:11.504845-07:00,read,key-4,0.354,14,false,leader-w5r1,10
2026-04-03T20:50:11.504868-07:00,read,key-8,0.417,19,false,leader-w5r1,10
2026-04-03T20:50:11.504933-07:00,read,key-1,0.384,14,false,leader-w5r1,10
2026-04-03T20:50:11.502403-07:00,read,key-5,2.937,13,false,leader-w5r1,10
2026-04-03T20:50:10.701354-07:00,write,key-7,804.168,10,false,leader-w5r1,10
2026-04-03T20:50:11.505286-07:00,read,key-2,0.334,8,false,leader-w5r1,10
2026-04-03T20:50:11.505201-07:00,read,key-2,0.431,8,false,leader-w5r1,10
2026-04-03T20:50:11.50458-07:00,read,key-9,1.379,12,false,leader-w5r1,10
2026-04-03T20:50:11.505529-07:00,read,key-6,0.467,13,false,leader-w5r1,10
2026-04-03T20:50:11.505622-07:00,read,key-7,0.532,10,false,leader-w5r1,10
2026-04-03T20:50:11.506155-07:00,read,key-0,0.358,9,false,leader-w5r1,10
2026-04-03T20:50:11.505633-07:00,read,key-4,0.889,14,false,leader-w5r1,10
2026-04-03T20:50:11.506523-07:00,read,key-2,0.365,8,false,leader-w5r1,10
2026-04-03T20:50:11.505317-07:00,read,key-6,1.582,14,false,leader-w5r1,10
2026-04-03T20:50:11.505341-07:00,read,key-7,1.570,11,false,leader-w5r1,10
2026-04-03T20:50:11.506514-07:00,read,key-9,0.401,9,false,leader-w5r1,10
2026-04-03T20:50:11.50596-07:00,read,key-6,0.967,14,false,leader-w5r1,10
2026-04-03T20:50:11.505997-07:00,read,key-8,0.966,21,false,leader-w5r1,10
2026-04-03T20:50:11.506928-07:00,read,key-4,0.422,14,false,leader-w5r1,10
2026-04-03T20:50:11.506912-07:00,read,key-8,0.456,19,false,leader-w5r1,10
2026-04-03T20:50:11.506917-07:00,read,key-4,0.495,14,false,leader-w5r1,10
2026-04-03T20:50:11.5069-07:00,read,key-8,0.519,19,false,leader-w5r1,10
2026-04-03T20:50:11.506889-07:00,read,key-9,0.543,12,false,leader-w5r1,10
2026-04-03T20:50:11.506964-07:00,read,key-9,0.481,12,false,leader-w5r1,10
2026-04-03T20:50:11.507412-07:00,read,key-3,0.382,20,false,leader-w5r1,10
2026-04-03T20:50:11.507369-07:00,read,key-7,0.483,10,false,leader-w5r1,10
2026-04-03T20:50:11.507446-07:00,read,key-6,0.496,13,false,leader-w5r1,10
2026-04-03T20:50:11.507433-07:00,read,key-9,0.625,12,false,leader-w5r1,10
2026-04-03T20:50:11.507421-07:00,read,key-9,0.794,12,false,leader-w5r1,10
2026-04-03T20:50:11.507796-07:00,read,key-4,0.499,14,false,leader-w5r1,10
2026-04-03T20:50:11.507943-07:00,read,key-5,0.557,11,false,leader-w5r1,10
2026-04-03T20:50:11.508059-07:00,read,key-9,0.451,9,false,leader-w5r1,10
2026-04-03T20:50:11.508216-07:00,read,key-0,0.469,9,false,leader-w5r1,10
2026-04-03T20:50:11.508296-07:00,read,key-0,0.543,9,false,leader-w5r1,10
2026-04-03T20:50:11.508512-07:00,read,key-9,0.341,9,false,leader-w5r1,10
2026-04-03T20:50:11.508686-07:00,read,key-4,0.305,14,false,leader-w5r1,10
2026-04-03T20:50:11.508853-07:00,read,key-0,0.291,9,false,leader-w5r1,10
2026-04-03T20:50:11.508841-07:00,read,key-4,0.336,14,false,leader-w5r1,10
2026-04-03T20:50:11.509178-07:00,read,key-8,0.256,19,false,leader-w5r1,10
2026-04-03T20:50:11.508992-07:00,read,key-7,0.471,10,false,leader-w5r1,10
2026-04-03T20:50:11.509145-07:00,read,key-0,0.331,9,false,leader-w5r1,10
2026-04-03T20:50:11.509435-07:00,read,key-4,0.234,14,false,leader-w5r1,10
2026-04-03T20:50:11.509464-07:00,read,key-0,0.321,9,false,leader-w5r1,10
2026-04-03T20:50:11.509478-07:00,read,key-4,0.338,14,false,leader-w5r1,10
2026-04-03T20:50:11.509817-07:00,read,key-9,0.303,9,false,leader-w5r1,10
2026-04-03T20:50:11.510137-07:00,read,key-4,0.353,14,false,leader-w5r1,10
2026-04-03T20:50:11.509796-07:00,read,key-8,0.894,23,false,leader-w5r1,10
2026-04-03T20:50:11.510491-07:00,read,key-2,0.386,8,false,leader-w5r1,10
2026-04-03T20:50:11.510691-07:00,read,key-7,0.465,11,false,leader-w5r1,10
2026-04-03T20:50:11.510879-07:00,read,key-1,0.302,14,false,leader-w5r1,10
2026-04-03T20:50:11.511182-07:00,read,key-7,0.280,10,false,leader-w5r1,10
2026-04-03T20:50:11.511463-07:00,read,key-1,0.274,14,false,leader-w5r1,10
2026-04-03T20:50:11.511737-07:00,read,key-9,0.228,9,false,leader-w5r1,10
2026-04-03T20:50:11.511966-07:00,read,key-8,0.177,19,false,leader-w5r1,10
2026-04-03T20:50:11.512144-07:00,read,key-7,0.234,10,false,leader-w5r1,10
2026-04-03T20:50:11.512379-07:00,read,key-9,0.245,9,false,leader-w5r1,10
2026-04-03T20:50:11.494839-07:00,write,key-5,819.337,12,false,leader-w5r1,10
2026-04-03T20:50:11.504214-07:00,write,key-8,810.064,21,false,leader-w5r1,10
2026-04-03T20:50:11.508501-07:00,write,key-8,807.064,23,false,leader-w5r1,10
2026-04-03T20:50:11.504103-07:00,write,key-9,811.521,12,false,leader-w5r1,10
2026-04-03T20:50:11.498435-07:00,write,key-8,817.331,20,false,leader-w5r1,10
2026-04-03T20:50:11.502361-07:00,write,key-1,813.518,17,false,leader-w5r1,10
2026-04-03T20:50:11.492947-07:00,write,key-1,823.062,15,false,leader-w5r1,10
2026-04-03T20:50:11.491311-07:00,write,key-0,824.813,10,false,leader-w5r1,10
2026-04-03T20:50:11.507853-07:00,write,key-8,808.343,22,false,leader-w5r1,10
2026-04-03T20:50:11.50967-07:00,write,key-1,806.581,18,false,leader-w5r1,10
2026-04-03T20:50:11.497613-07:00,write,key-9,818.687,11,false,leader-w5r1,10
2026-04-03T20:50:11.502329-07:00,write,key-5,814.010,13,false,leader-w5r1,10
2026-04-03T20:50:11.496533-07:00,write,key-6,819.861,14,false,leader-w5r1,10
2026-04-03T20:50:11.495813-07:00,write,key-3,820.624,21,false,leader-w5r1,10
2026-04-03T20:50:11.491425-07:00,write,key-9,825.065,10,false,leader-w5r1,10
2026-04-03T20:50:11.503775-07:00,write,key-7,812.809,11,false,leader-w5r1,10
2026-04-03T20:50:11.507352-07:00,write,key-0,809.322,11,false,leader-w5r1,10
2026-04-03T20:50:11.496865-07:00,write,key-1,819.916,16,false,leader-w5r1,10
2026-04-03T20:50:11.512625-07:00,write,key-4,806.163,15,false,leader-w5r1,10
2026-04-03T20:50:11.511156-07:00,write,key-2,807.763,9,false,leader-w5r1,10
2026-04-03T20:50:12.315772-07:00,read,key-3,3.847,21,false,leader-w5r1,10
2026-04-03T20:50:12.314287-07:00,read,key-5,5.351,13,false,leader-w5r1,10
2026-04-03T20:50:12.315632-07:00,read,key-0,4.092,11,false,leader-w5r1,10
2026-04-03T20:50:12.316444-07:00,read,key-1,3.303,18,false,leader-w5r1,10
2026-04-03T20:50:12.316496-07:00,read,key-7,3.339,11,false,leader-w5r1,10
2026-04-03T20:50:12.316132-07:00,read,key-4,3.709,15,false,leader-w5r1,10
2026-04-03T20:50:12.315886-07:00,read,key-9,4.007,12,false,leader-w5r1,10
2026-04-03T20:50:12.315573-07:00,read,key-8,4.329,23,false,leader-w5r1,10
2026-04-03T20:50:12.316346-07:00,read,key-0,3.635,11,false,leader-w5r1,10
2026-04-03T20:50:12.318927-07:00,read,key-7,1.165,11,false,leader-w5r1,10
2026-04-03T20:50:12.319983-07:00,read,key-0,0.636,11,false,leader-w5r1,10
2026-04-03T20:50:12.319748-07:00,read,key-2,0.934,9,false,leader-w5r1,10
2026-04-03T20:50:12.316789-07:00,read,key-2,3.892,9,false,leader-w5r1,10
2026-04-03T20:50:12.319643-07:00,read,key-5,1.059,13,false,leader-w5r1,10
2026-04-03T20:50:12.316592-07:00,read,key-6,4.196,14,false,leader-w5r1,10
2026-04-03T20:50:12.320093-07:00,read,key-4,0.811,16,false,leader-w5r1,10
2026-04-03T20:50:12.316202-07:00,read,key-9,4.730,12,false,leader-w5r1,10
2026-04-03T20:50:12.316263-07:00,read,key-3,4.909,21,false,leader-w5r1,10
2026-04-03T20:50:12.316016-07:00,read,key-5,5.633,13,false,leader-w5r1,10
2026-04-03T20:50:12.320685-07:00,read,key-3,1.636,21,false,leader-w5r1,10
2026-04-03T20:50:12.320622-07:00,read,key-7,1.748,11,false,leader-w5r1,10
2026-04-03T20:50:12.319728-07:00,read,key-4,2.677,15,false,leader-w5r1,10
2026-04-03T20:50:12.320705-07:00,read,key-5,1.714,13,false,leader-w5r1,10
2026-04-03T20:50:12.316307-07:00,read,key-5,6.143,13,false,leader-w5r1,10
2026-04-03T20:50:12.31668-07:00,read,key-7,5.778,11,false,leader-w5r1,10
2026-04-03T20:50:12.316402-07:00,read,key-6,6.188,14,false,leader-w5r1,10
2026-04-03T20:50:12.320935-07:00,read,key-0,2.311,11,false,leader-w5r1,10
2026-04-03T20:50:12.322462-07:00,read,key-6,0.823,14,false,leader-w5r1,10
2026-04-03T20:50:12.322593-07:00,read,key-3,1.232,21,false,leader-w5r1,10
2026-04-03T20:50:12.319844-07:00,read,key-4,4.116,15,false,leader-w5r1,10
2026-04-03T20:50:12.320906-07:00,read,key-9,3.056,12,false,leader-w5r1,10
2026-04-03T20:50:12.319624-07:00,read,key-5,4.442,13,false,leader-w5r1,10
2026-04-03T20:50:12.322324-07:00,read,key-1,1.766,18,false,leader-w5r1,10
2026-04-03T20:50:12.32079-07:00,read,key-3,3.317,21,false,leader-w5r1,10
2026-04-03T20:50:12.318797-07:00,read,key-0,5.784,11,false,leader-w5r1,10
2026-04-03T20:50:12.323248-07:00,read,key-2,1.575,9,false,leader-w5r1,10
2026-04-03T20:50:12.320762-07:00,read,key-4,4.110,15,false,leader-w5r1,10
2026-04-03T20:50:12.319895-07:00,read,key-5,4.984,13,false,leader-w5r1,10
2026-04-03T20:50:12.319838-07:00,read,key-3,5.058,21,false,leader-w5r1,10
2026-04-03T20:50:12.324093-07:00,read,key-2,1.406,9,false,leader-w5r1,10
2026-04-03T20:50:12.323963-07:00,read,key-6,1.929,14,false,leader-w5r1,10
2026-04-03T20:50:12.324873-07:00,read,key-9,1.041,12,false,leader-w5r1,10
2026-04-03T20:50:12.324824-07:00,read,key-6,1.139,14,false,leader-w5r1,10
2026-04-03T20:50:12.324067-07:00,read,key-4,1.943,15,false,leader-w5r1,10
2026-04-03T20:50:12.324112-07:00,read,key-8,1.975,24,false,leader-w5r1,10
2026-04-03T20:50:12.324584-07:00,read,key-2,1.628,9,false,leader-w5r1,10
2026-04-03T20:50:12.324881-07:00,read,key-2,1.410,9,false,leader-w5r1,10
2026-04-03T20:50:12.325499-07:00,read,key-4,1.275,15,false,leader-w5r1,10
2026-04-03T20:50:12.323826-07:00,read,key-5,2.965,13,false,leader-w5r1,10
2026-04-03T20:50:12.323962-07:00,read,key-5,3.022,14,false,leader-w5r1,10
2026-04-03T20:50:12.325893-07:00,read,key-7,1.131,12,false,leader-w5r1,10
2026-04-03T20:50:12.321176-07:00,read,key-8,5.865,25,false,leader-w5r1,10
2026-04-03T20:50:12.325919-07:00,read,key-0,1.234,11,false,leader-w5r1,10
2026-04-03T20:50:12.326293-07:00,read,key-4,0.874,15,false,leader-w5r1,10
2026-04-03T20:50:12.326793-07:00,read,key-5,0.510,13,false,leader-w5r1,10
2026-04-03T20:50:12.326776-07:00,read,key-8,0.682,23,false,leader-w5r1,10
2026-04-03T20:50:12.326012-07:00,read,key-2,1.795,9,false,leader-w5r1,10
2026-04-03T20:50:12.327155-07:00,read,key-2,0.672,9,false,leader-w5r1,10
2026-04-03T20:50:12.325964-07:00,read,key-6,1.873,15,false,leader-w5r1,10
2026-04-03T20:50:12.327168-07:00,read,key-2,0.675,9,false,leader-w5r1,10
2026-04-03T20:50:12.326985-07:00,read,key-5,0.862,13,false,leader-w5r1,10
2026-04-03T20:50:12.327459-07:00,read,key-8,0.879,23,false,leader-w5r1,10
2026-04-03T20:50:12.327026-07:00,read,key-9,1.362,12,false,leader-w5r1,10
2026-04-03T20:50:12.327849-07:00,read,key-4,0.634,15,false,leader-w5r1,10
2026-04-03T20:50:12.327828-07:00,read,key-3,0.714,24,false,leader-w5r1,10
2026-04-03T20:50:12.328339-07:00,read,key-4,0.504,15,false,leader-w5r1,10
2026-04-03T20:50:12.328389-07:00,read,key-1,0.663,18,false,leader-w5r1,10
2026-04-03T20:50:12.328485-07:00,read,key-2,0.775,9,false,leader-w5r1,10
2026-04-03T20:50:12.328844-07:00,read,key-8,0.501,23,false,leader-w5r1,10
2026-04-03T20:50:12.329053-07:00,read,key-9,0.484,12,false,leader-w5r1,10
2026-04-03T20:50:12.329261-07:00,read,key-8,0.462,23,false,leader-w5r1,10
2026-04-03T20:50:12.327839-07:00,read,key-8,2.251,26,false,leader-w5r1,10
2026-04-03T20:50:12.327843-07:00,read,key-2,2.257,9,false,leader-w5r1,10
2026-04-03T20:50:12.329725-07:00,read,key-4,0.469,15,false,leader-w5r1,10
2026-04-03T20:50:12.329539-07:00,read,key-2,0.965,9,false,leader-w5r1,10
2026-04-03T20:50:12.330102-07:00,read,key-1,0.408,18,false,leader-w5r1,10
2026-04-03T20:50:12.330195-07:00,read,key-2,0.315,9,false,leader-w5r1,10
2026-04-03T20:50:12.33009-07:00,read,key-9,0.420,12,false,leader-w5r1,10
2026-04-03T20:50:12.330511-07:00,read,key-6,0.319,14,false,leader-w5r1,10
2026-04-03T20:50:12.330505-07:00,read,key-4,0.357,16,false,leader-w5r1,10
2026-04-03T20:50:12.330512-07:00,read,key-3,0.357,21,false,leader-w5r1,10
2026-04-03T20:50:12.330512-07:00,read,key-6,0.368,14,false,leader-w5r1,10
2026-04-03T20:50:12.330831-07:00,read,key-7,0.313,11,false,leader-w5r1,10
2026-04-03T20:50:12.330863-07:00,read,key-3,0.297,21,false,leader-w5r1,10
2026-04-03T20:50:12.330872-07:00,read,key-5,0.411,13,false,leader-w5r1,10
2026-04-03T20:50:12.330881-07:00,read,key-5,0.460,13,false,leader-w5r1,10
2026-04-03T20:50:12.331145-07:00,read,key-8,0.337,26,false,leader-w5r1,10
2026-04-03T20:50:12.331161-07:00,read,key-9,0.368,12,false,leader-w5r1,10
2026-04-03T20:50:12.331284-07:00,read,key-4,0.344,15,false,leader-w5r1,10
2026-04-03T20:50:12.331342-07:00,read,key-1,0.311,18,false,leader-w5r1,10
2026-04-03T20:50:12.331482-07:00,read,key-4,0.327,16,false,leader-w5r1,10
2026-04-03T20:50:12.33153-07:00,read,key-9,0.327,12,false,leader-w5r1,10
2026-04-03T20:50:12.331629-07:00,read,key-8,0.434,23,false,leader-w5r1,10
2026-04-03T20:50:12.331654-07:00,read,key-4,0.525,15,false,leader-w5r1,10
2026-04-03T20:50:12.33181-07:00,read,key-9,0.382,12,false,leader-w5r1,10
2026-04-03T20:50:12.331858-07:00,read,key-5,0.420,14,false,leader-w5r1,10
2026-04-03T20:50:12.332065-07:00,read,key-9,0.309,12,false,leader-w5r1,10
2026-04-03T20:50:12.33218-07:00,read,key-4,0.302,15,false,leader-w5r1,10
2026-04-03T20:50:12.332193-07:00,read,key-1,0.336,18,false,leader-w5r1,10
2026-04-03T20:50:12.332375-07:00,read,key-7,0.293,11,false,leader-w5r1,10
2026-04-03T20:50:12.332531-07:00,read,key-9,0.294,12,false,leader-w5r1,10
2026-04-03T20:50:12.332484-07:00,read,key-0,0.349,11,false,leader-w5r1,10
2026-04-03T20:50:12.332825-07:00,read,key-2,0.320,9,false,leader-w5r1,10
2026-04-03T20:50:12.332834-07:00,read,key-5,0.328,13,false,leader-w5r1,10
2026-04-03T20:50:12.333163-07:00,read,key-3,0.251,21,false,leader-w5r1,10
2026-04-03T20:50:12.333146-07:00,read,key-9,0.269,12,false,leader-w5r1,10
2026-04-03T20:50:12.333416-07:00,read,key-9,0.239,12,false,leader-w5r1,10
2026-04-03T20:50:12.333416-07:00,read,key-3,0.270,21,false,leader-w5r1,10
2026-04-03T20:50:12.333687-07:00,read,key-6,0.263,14,false,leader-w5r1,10
2026-04-03T20:50:12.333655-07:00,read,key-3,0.306,21,false,leader-w5r1,10
2026-04-03T20:50:12.333963-07:00,read,key-4,0.226,15,false,leader-w5r1,10
2026-04-03T20:50:12.334189-07:00,read,key-1,2.494,18,false,leader-w5r1,10
2026-04-03T20:50:12.336684-07:00,read,key-0,0.262,11,false,leader-w5r1,10
2026-04-03T20:50:12.336948-07:00,read,key-2,0.227,9,false,leader-w5r1,10
2026-04-03T20:50:12.337176-07:00,read,key-7,0.190,13,false,leader-w5r1,10
2026-04-03T20:50:12.337367-07:00,read,key-9,0.166,12,false,leader-w5r1,10
2026-04-03T20:50:12.337533-07:00,read,key-3,0.197,21,false,leader-w5r1,10
2026-04-03T20:50:12.33773-07:00,read,key-5,0.151,14,false,leader-w5r1,10
2026-04-03T20:50:12.337882-07:00,read,key-9,0.246,12,false,leader-w5r1,10
2026-04-03T20:50:12.338129-07:00,read,key-4,0.204,15,false,leader-w5r1,10
2026-04-03T20:50:12.322371-07:00,write,key-6,813.293,15,false,leader-w5r1,10
2026-04-03T20:50:12.328543-07:00,write,key-9,807.364,14,false,leader-w5r1,10
2026-04-03T20:50:12.322421-07:00,write,key-7,813.668,12,false,leader-w5r1,10
2026-04-03T20:50:12.322453-07:00,write,key-3,813.834,22,false,leader-w5r1,10
2026-04-03T20:50:12.322406-07:00,write,key-9,814.051,13,false,leader-w5r1,10
2026-04-03T20:50:12.327304-07:00,write,key-0,809.252,12,false,leader-w5r1,10
2026-04-03T20:50:12.327042-07:00,write,key-3,810.540,24,false,leader-w5r1,10
2026-04-03T20:50:12.326213-07:00,write,key-7,811.475,13,false,leader-w5r1,10
2026-04-03T20:50:12.321652-07:00,write,key-5,816.110,14,false,leader-w5r1,10
2026-04-03T20:50:12.33228-07:00,write,key-6,805.532,16,false,leader-w5r1,10
2026-04-03T20:50:12.324899-07:00,write,key-3,812.946,23,false,leader-w5r1,10
2026-04-03T20:50:12.327807-07:00,write,key-8,810.090,26,false,leader-w5r1,10
2026-04-03T20:50:12.329346-07:00,write,key-0,808.581,14,false,leader-w5r1,10
2026-04-03T20:50:12.323287-07:00,write,key-8,814.683,25,false,leader-w5r1,10
2026-04-03T20:50:12.319904-07:00,write,key-8,818.096,24,false,leader-w5r1,10
2026-04-03T20:50:12.314195-07:00,write,key-4,823.824,16,false,leader-w5r1,10
2026-04-03T20:50:12.32609-07:00,write,key-0,811.981,13,false,leader-w5r1,10
2026-04-03T20:50:13.137851-07:00,read,key-7,0.981,13,false,leader-w5r1,10
2026-04-03T20:50:13.136463-07:00,read,key-5,2.456,14,false,leader-w5r1,10
2026-04-03T20:50:13.135683-07:00,read,key-9,3.312,14,false,leader-w5r1,10
2026-04-03T20:50:13.137976-07:00,read,key-1,1.237,18,false,leader-w5r1,10
2026-04-03T20:50:13.137904-07:00,read,key-8,1.358,27,false,leader-w5r1,10
2026-04-03T20:50:13.136098-07:00,read,key-5,4.085,14,false,leader-w5r1,10
2026-04-03T20:50:13.137695-07:00,read,key-5,2.547,14,false,leader-w5r1,10
2026-04-03T20:50:13.136293-07:00,read,key-4,3.984,16,false,leader-w5r1,10
2026-04-03T20:50:13.135915-07:00,read,key-9,4.396,14,false,leader-w5r1,10
2026-04-03T20:50:12.332669-07:00,write,key-6,807.684,17,false,leader-w5r1,10
2026-04-03T20:50:13.137934-07:00,read,key-9,2.822,14,false,leader-w5r1,10
2026-04-03T20:50:13.137818-07:00,read,key-7,2.980,13,false,leader-w5r1,10
2026-04-03T20:50:13.139001-07:00,read,key-4,1.863,16,false,leader-w5r1,10
2026-04-03T20:50:13.139215-07:00,read,key-3,1.754,24,false,leader-w5r1,10
2026-04-03T20:50:12.33395-07:00,write,key-6,807.056,18,false,leader-w5r1,10
2026-04-03T20:50:13.136564-07:00,read,key-6,4.496,18,false,leader-w5r1,10
2026-04-03T20:50:12.338335-07:00,write,key-8,802.680,27,false,leader-w5r1,10
2026-04-03T20:50:13.138835-07:00,read,key-1,2.314,18,false,leader-w5r1,10
2026-04-03T20:50:13.140245-07:00,read,key-0,0.767,14,false,leader-w5r1,10
2026-04-03T20:50:13.138922-07:00,read,key-9,2.182,14,false,leader-w5r1,10
2026-04-03T20:50:13.14028-07:00,read,key-4,0.943,17,false,leader-w5r1,10
2026-04-03T20:50:13.140187-07:00,read,key-3,1.207,24,false,leader-w5r1,10
2026-04-03T20:50:13.140757-07:00,read,key-6,1.246,18,false,leader-w5r1,10
2026-04-03T20:50:13.13759-07:00,read,key-4,4.445,16,false,leader-w5r1,10
2026-04-03T20:50:13.140865-07:00,read,key-0,1.707,14,false,leader-w5r1,10
2026-04-03T20:50:13.141225-07:00,read,key-4,1.426,16,false,leader-w5r1,10
2026-04-03T20:50:13.1408-07:00,read,key-6,1.867,18,false,leader-w5r1,10
2026-04-03T20:50:13.137769-07:00,read,key-0,4.910,14,false,leader-w5r1,10
2026-04-03T20:50:13.141122-07:00,read,key-9,1.562,14,false,leader-w5r1,10
2026-04-03T20:50:13.14036-07:00,read,key-1,2.325,18,false,leader-w5r1,10
2026-04-03T20:50:13.141065-07:00,read,key-1,1.624,18,false,leader-w5r1,10
2026-04-03T20:50:13.14115-07:00,read,key-9,1.565,14,false,leader-w5r1,10
2026-04-03T20:50:13.141015-07:00,read,key-8,1.707,27,false,leader-w5r1,10
2026-04-03T20:50:13.14267-07:00,read,key-7,0.759,13,false,leader-w5r1,10
2026-04-03T20:50:13.142652-07:00,read,key-6,0.958,18,false,leader-w5r1,10
2026-04-03T20:50:13.141174-07:00,read,key-3,2.560,24,false,leader-w5r1,10
2026-04-03T20:50:13.142037-07:00,read,key-8,1.935,27,false,leader-w5r1,10
2026-04-03T20:50:13.141396-07:00,read,key-3,3.272,24,false,leader-w5r1,10
2026-04-03T20:50:13.140974-07:00,read,key-5,3.735,14,false,leader-w5r1,10
2026-04-03T20:50:13.142005-07:00,read,key-6,2.710,18,false,leader-w5r1,10
2026-04-03T20:50:13.143612-07:00,read,key-5,1.120,14,false,leader-w5r1,10
2026-04-03T20:50:13.143736-07:00,read,key-2,1.005,9,false,leader-w5r1,10
2026-04-03T20:50:13.138078-07:00,read,key-7,6.667,13,false,leader-w5r1,10
2026-04-03T20:50:13.142574-07:00,read,key-5,2.185,14,false,leader-w5r1,10
2026-04-03T20:50:13.139264-07:00,read,key-8,5.507,27,false,leader-w5r1,10
2026-04-03T20:50:13.138026-07:00,read,key-8,6.747,27,false,leader-w5r1,10
2026-04-03T20:50:13.142681-07:00,read,key-3,2.107,24,false,leader-w5r1,10
2026-04-03T20:50:13.141189-07:00,read,key-9,3.648,15,false,leader-w5r1,10
2026-04-03T20:50:13.138007-07:00,read,key-8,6.867,27,false,leader-w5r1,10
2026-04-03T20:50:13.14343-07:00,read,key-3,1.740,24,false,leader-w5r1,10
2026-04-03T20:50:13.142727-07:00,read,key-3,2.492,24,false,leader-w5r1,10
2026-04-03T20:50:13.142718-07:00,read,key-7,2.886,14,false,leader-w5r1,10
2026-04-03T20:50:13.142692-07:00,read,key-7,2.914,13,false,leader-w5r1,10
2026-04-03T20:50:13.144776-07:00,read,key-9,0.851,14,false,leader-w5r1,10
2026-04-03T20:50:13.144772-07:00,read,key-7,0.892,13,false,leader-w5r1,10
2026-04-03T20:50:13.144715-07:00,read,key-9,0.983,15,false,leader-w5r1,10
2026-04-03T20:50:13.144741-07:00,read,key-5,0.991,14,false,leader-w5r1,10
2026-04-03T20:50:13.144761-07:00,read,key-1,1.023,18,false,leader-w5r1,10
2026-04-03T20:50:13.14467-07:00,read,key-4,1.121,16,false,leader-w5r1,10
2026-04-03T20:50:13.144711-07:00,read,key-1,1.097,18,false,leader-w5r1,10
2026-04-03T20:50:13.144733-07:00,read,key-4,1.083,17,false,leader-w5r1,10
2026-04-03T20:50:13.144839-07:00,read,key-5,0.985,14,false,leader-w5r1,10
2026-04-03T20:50:13.143973-07:00,read,key-8,1.855,27,false,leader-w5r1,10
2026-04-03T20:50:13.144748-07:00,read,key-7,1.098,14,false,leader-w5r1,10
2026-04-03T20:50:13.14522-07:00,read,key-0,1.526,14,false,leader-w5r1,10
2026-04-03T20:50:13.144789-07:00,read,key-0,2.000,14,false,leader-w5r1,10
2026-04-03T20:50:13.145665-07:00,read,key-7,1.160,13,false,leader-w5r1,10
2026-04-03T20:50:13.145793-07:00,read,key-5,1.128,14,false,leader-w5r1,10
2026-04-03T20:50:13.145606-07:00,read,key-3,1.391,24,false,leader-w5r1,10
2026-04-03T20:50:13.145628-07:00,read,key-0,1.440,14,false,leader-w5r1,10
2026-04-03T20:50:13.1457-07:00,read,key-8,1.389,27,false,leader-w5r1,10
2026-04-03T20:50:13.145818-07:00,read,key-4,1.308,17,false,leader-w5r1,10
2026-04-03T20:50:13.145609-07:00,read,key-2,1.686,9,false,leader-w5r1,10
2026-04-03T20:50:13.14583-07:00,read,key-6,1.476,18,false,leader-w5r1,10
2026-04-03T20:50:13.144876-07:00,read,key-7,2.508,14,false,leader-w5r1,10
2026-04-03T20:50:13.147091-07:00,read,key-7,0.675,13,false,leader-w5r1,10
2026-04-03T20:50:13.14679-07:00,read,key-1,1.006,18,false,leader-w5r1,10
2026-04-03T20:50:13.147069-07:00,read,key-3,0.869,24,false,leader-w5r1,10
2026-04-03T20:50:13.145785-07:00,read,key-9,2.161,14,false,leader-w5r1,10
2026-04-03T20:50:13.146997-07:00,read,key-7,0.958,14,false,leader-w5r1,10
2026-04-03T20:50:13.147127-07:00,read,key-3,0.837,24,false,leader-w5r1,10
2026-04-03T20:50:13.146747-07:00,read,key-3,1.250,24,false,leader-w5r1,10
2026-04-03T20:50:13.145847-07:00,read,key-2,2.634,9,false,leader-w5r1,10
2026-04-03T20:50:13.147386-07:00,read,key-2,1.108,9,false,leader-w5r1,10
2026-04-03T20:50:13.14794-07:00,read,key-0,0.564,14,false,leader-w5r1,10
2026-04-03T20:50:13.145809-07:00,read,key-9,2.703,14,false,leader-w5r1,10
2026-04-03T20:50:13.147797-07:00,read,key-6,0.727,18,false,leader-w5r1,10
2026-04-03T20:50:13.147308-07:00,read,key-4,1.223,16,false,leader-w5r1,10
2026-04-03T20:50:13.147948-07:00,read,key-5,0.673,14,false,leader-w5r1,10
2026-04-03T20:50:13.147767-07:00,read,key-3,1.154,24,false,leader-w5r1,10
2026-04-03T20:50:13.148526-07:00,read,key-2,0.465,9,false,leader-w5r1,10
2026-04-03T20:50:13.148505-07:00,read,key-1,0.555,18,false,leader-w5r1,10
2026-04-03T20:50:13.148532-07:00,read,key-8,0.534,27,false,leader-w5r1,10
2026-04-03T20:50:13.148513-07:00,read,key-6,0.554,18,false,leader-w5r1,10
2026-04-03T20:50:13.148496-07:00,read,key-5,0.581,14,false,leader-w5r1,10
2026-04-03T20:50:13.148482-07:00,read,key-8,0.613,27,false,leader-w5r1,10
2026-04-03T20:50:13.149068-07:00,read,key-5,0.646,14,false,leader-w5r1,10
2026-04-03T20:50:13.147957-07:00,read,key-7,1.771,14,false,leader-w5r1,10
2026-04-03T20:50:13.149097-07:00,read,key-1,0.637,18,false,leader-w5r1,10
2026-04-03T20:50:13.149068-07:00,read,key-1,0.703,18,false,leader-w5r1,10
2026-04-03T20:50:13.149078-07:00,read,key-0,0.706,14,false,leader-w5r1,10
2026-04-03T20:50:13.148621-07:00,read,key-5,1.186,14,false,leader-w5r1,10
2026-04-03T20:50:13.149735-07:00,read,key-3,0.570,24,false,leader-w5r1,10
2026-04-03T20:50:13.149785-07:00,read,key-3,0.667,24,false,leader-w5r1,10
2026-04-03T20:50:13.148923-07:00,read,key-1,1.566,19,false,leader-w5r1,10
2026-04-03T20:50:13.147965-07:00,read,key-0,2.562,15,false,leader-w5r1,10
2026-04-03T20:50:13.149729-07:00,read,key-5,0.820,14,false,leader-w5r1,10
2026-04-03T20:50:13.149772-07:00,read,key-1,0.917,18,false,leader-w5r1,10
2026-04-03T20:50:13.149716-07:00,read,key-8,1.047,29,false,leader-w5r1,10
2026-04-03T20:50:13.15055-07:00,read,key-1,0.387,18,false,leader-w5r1,10
2026-04-03T20:50:13.150306-07:00,read,key-8,0.636,27,false,leader-w5r1,10
2026-04-03T20:50:13.150489-07:00,read,key-5,0.465,14,false,leader-w5r1,10
2026-04-03T20:50:13.150528-07:00,read,key-7,0.502,13,false,leader-w5r1,10
2026-04-03T20:50:13.150453-07:00,read,key-8,0.587,27,false,leader-w5r1,10
2026-04-03T20:50:13.15069-07:00,read,key-6,0.628,19,false,leader-w5r1,10
2026-04-03T20:50:13.150764-07:00,read,key-4,0.554,16,false,leader-w5r1,10
2026-04-03T20:50:13.150938-07:00,read,key-1,0.465,19,false,leader-w5r1,10
2026-04-03T20:50:13.150943-07:00,read,key-2,0.510,9,false,leader-w5r1,10
2026-04-03T20:50:13.151042-07:00,read,key-0,0.720,14,false,leader-w5r1,10
2026-04-03T20:50:13.151405-07:00,read,key-2,0.424,9,false,leader-w5r1,10
2026-04-03T20:50:13.150955-07:00,read,key-7,0.901,13,false,leader-w5r1,10
2026-04-03T20:50:13.151031-07:00,read,key-1,0.826,19,false,leader-w5r1,10
2026-04-03T20:50:13.151856-07:00,read,key-3,0.408,24,false,leader-w5r1,10
2026-04-03T20:50:13.151321-07:00,read,key-6,0.977,18,false,leader-w5r1,10
2026-04-03T20:50:13.151763-07:00,read,key-7,0.544,13,false,leader-w5r1,10
2026-04-03T20:50:13.151321-07:00,read,key-7,0.993,15,false,leader-w5r1,10
2026-04-03T20:50:13.15183-07:00,read,key-2,0.491,9,false,leader-w5r1,10
2026-04-03T20:50:13.151858-07:00,read,key-1,0.467,19,false,leader-w5r1,10
2026-04-03T20:50:13.151454-07:00,read,key-5,0.871,14,false,leader-w5r1,10
2026-04-03T20:50:13.152316-07:00,read,key-2,0.431,9,false,leader-w5r1,10
2026-04-03T20:50:13.152326-07:00,read,key-7,0.425,13,false,leader-w5r1,10
2026-04-03T20:50:13.152334-07:00,read,key-8,0.472,29,false,leader-w5r1,10
2026-04-03T20:50:13.152308-07:00,read,key-1,0.501,18,false,leader-w5r1,10
2026-04-03T20:50:13.1523-07:00,read,key-2,0.531,9,false,leader-w5r1,10
2026-04-03T20:50:13.152265-07:00,read,key-6,0.573,18,false,leader-w5r1,10
2026-04-03T20:50:13.152328-07:00,read,key-7,0.522,13,false,leader-w5r1,10
2026-04-03T20:50:13.152753-07:00,read,key-5,0.516,16,false,leader-w5r1,10
2026-04-03T20:50:13.152839-07:00,read,key-9,0.483,14,false,leader-w5r1,10
2026-04-03T20:50:13.152748-07:00,read,key-4,0.615,16,false,leader-w5r1,10
2026-04-03T20:50:13.152851-07:00,read,key-1,0.542,18,false,leader-w5r1,10
2026-04-03T20:50:13.152831-07:00,read,key-1,0.573,18,false,leader-w5r1,10
2026-04-03T20:50:13.152811-07:00,read,key-4,0.598,16,false,leader-w5r1,10
2026-04-03T20:50:13.153406-07:00,read,key-1,0.396,18,false,leader-w5r1,10
2026-04-03T20:50:13.153364-07:00,read,key-3,0.489,24,false,leader-w5r1,10
2026-04-03T20:50:13.15327-07:00,read,key-9,0.610,15,false,leader-w5r1,10
2026-04-03T20:50:13.153322-07:00,read,key-2,0.853,9,false,leader-w5r1,10
2026-04-03T20:50:13.153855-07:00,read,key-4,0.460,16,false,leader-w5r1,10
2026-04-03T20:50:13.153412-07:00,read,key-8,0.915,27,false,leader-w5r1,10
2026-04-03T20:50:13.153883-07:00,read,key-0,0.496,14,false,leader-w5r1,10
2026-04-03T20:50:13.154316-07:00,read,key-9,0.377,14,false,leader-w5r1,10
2026-04-03T20:50:13.154177-07:00,read,key-9,0.581,14,false,leader-w5r1,10
2026-04-03T20:50:13.15438-07:00,read,key-4,0.382,16,false,leader-w5r1,10
2026-04-03T20:50:13.154763-07:00,read,key-5,0.289,14,false,leader-w5r1,10
2026-04-03T20:50:13.154759-07:00,read,key-2,0.368,9,false,leader-w5r1,10
2026-04-03T20:50:13.155128-07:00,read,key-8,0.365,27,false,leader-w5r1,10
2026-04-03T20:50:13.154694-07:00,read,key-3,1.178,24,false,leader-w5r1,10
2026-04-03T20:50:13.155493-07:00,read,key-6,0.435,18,false,leader-w5r1,10
2026-04-03T20:50:13.153803-07:00,read,key-1,2.126,19,false,leader-w5r1,10
2026-04-03T20:50:13.155874-07:00,read,key-6,0.402,18,false,leader-w5r1,10
2026-04-03T20:50:13.155931-07:00,read,key-0,0.429,14,false,leader-w5r1,10
2026-04-03T20:50:13.155931-07:00,read,key-3,0.440,24,false,leader-w5r1,10
2026-04-03T20:50:13.156362-07:00,read,key-9,0.253,14,false,leader-w5r1,10
2026-04-03T20:50:13.156276-07:00,read,key-2,0.364,9,false,leader-w5r1,10
2026-04-03T20:50:13.156641-07:00,read,key-4,0.221,16,false,leader-w5r1,10
2026-04-03T20:50:13.156863-07:00,read,key-8,0.404,27,false,leader-w5r1,10
2026-04-03T20:50:13.157268-07:00,read,key-6,0.261,18,false,leader-w5r1,10
2026-04-03T20:50:13.157531-07:00,read,key-3,0.230,24,false,leader-w5r1,10
2026-04-03T20:50:13.149061-07:00,write,key-4,807.214,19,false,leader-w5r1,10
2026-04-03T20:50:13.146923-07:00,write,key-5,809.577,15,false,leader-w5r1,10
2026-04-03T20:50:13.145825-07:00,write,key-0,810.916,15,false,leader-w5r1,10
2026-04-03T20:50:13.142687-07:00,write,key-7,814.174,14,false,leader-w5r1,10
2026-04-03T20:50:13.145171-07:00,write,key-1,812.115,19,false,leader-w5r1,10
2026-04-03T20:50:13.152808-07:00,write,key-6,804.602,20,false,leader-w5r1,10
2026-04-03T20:50:13.147998-07:00,write,key-7,809.506,15,false,leader-w5r1,10
2026-04-03T20:50:13.148992-07:00,write,key-5,808.515,16,false,leader-w5r1,10
2026-04-03T20:50:13.145732-07:00,write,key-4,811.869,18,false,leader-w5r1,10
2026-04-03T20:50:13.147297-07:00,write,key-6,810.373,19,false,leader-w5r1,10
2026-04-03T20:50:13.149808-07:00,write,key-8,807.911,29,false,leader-w5r1,10
2026-04-03T20:50:13.146826-07:00,write,key-8,810.934,28,false,leader-w5r1,10
2026-04-03T20:50:13.140314-07:00,write,key-4,817.457,17,false,leader-w5r1,10
2026-04-03T20:50:13.142687-07:00,write,key-9,815.124,15,false,leader-w5r1,10
2026-04-03T20:50:13.956509-07:00,read,key-4,2.178,20,false,leader-w5r1,10
2026-04-03T20:50:13.957293-07:00,read,key-3,1.540,26,false,leader-w5r1,10
2026-04-03T20:50:13.956291-07:00,read,key-8,2.590,29,false,leader-w5r1,10
2026-04-03T20:50:13.957513-07:00,read,key-9,1.383,15,false,leader-w5r1,10
2026-04-03T20:50:13.95751-07:00,read,key-1,1.473,19,false,leader-w5r1,10
2026-04-03T20:50:13.957417-07:00,read,key-8,1.569,29,false,leader-w5r1,10
2026-04-03T20:50:13.957608-07:00,read,key-6,1.459,20,false,leader-w5r1,10
2026-04-03T20:50:13.956749-07:00,read,key-5,2.353,16,false,leader-w5r1,10
2026-04-03T20:50:13.957725-07:00,read,key-8,1.458,29,false,leader-w5r1,10
2026-04-03T20:50:13.153395-07:00,write,key-7,805.816,16,false,leader-w5r1,10
2026-04-03T20:50:13.957767-07:00,read,key-7,1.510,16,false,leader-w5r1,10
2026-04-03T20:50:13.958835-07:00,read,key-6,0.443,20,false,leader-w5r1,10
2026-04-03T20:50:13.958898-07:00,read,key-6,0.662,20,false,leader-w5r1,10
2026-04-03T20:50:13.956867-07:00,read,key-4,2.723,20,false,leader-w5r1,10
2026-04-03T20:50:13.958985-07:00,read,key-6,0.888,20,false,leader-w5r1,10
2026-04-03T20:50:13.957778-07:00,read,key-1,2.105,19,false,leader-w5r1,10
2026-04-03T20:50:13.959185-07:00,read,key-7,0.806,16,false,leader-w5r1,10
2026-04-03T20:50:13.959068-07:00,read,key-5,1.081,16,false,leader-w5r1,10
2026-04-03T20:50:13.959217-07:00,read,key-2,1.032,11,false,leader-w5r1,10
2026-04-03T20:50:13.957676-07:00,read,key-8,2.661,29,false,leader-w5r1,10
2026-04-03T20:50:13.959106-07:00,read,key-2,1.250,11,false,leader-w5r1,10
2026-04-03T20:50:13.95869-07:00,read,key-4,1.699,20,false,leader-w5r1,10
2026-04-03T20:50:13.156372-07:00,write,key-4,804.087,20,false,leader-w5r1,10
2026-04-03T20:50:13.157762-07:00,write,key-3,802.713,26,false,leader-w5r1,10
2026-04-03T20:50:13.155054-07:00,write,key-3,805.481,25,false,leader-w5r1,10
2026-04-03T20:50:13.958988-07:00,read,key-6,1.592,20,false,leader-w5r1,10
2026-04-03T20:50:13.958885-07:00,read,key-9,1.775,15,false,leader-w5r1,10
2026-04-03T20:50:13.959592-07:00,read,key-2,1.098,11,false,leader-w5r1,10
2026-04-03T20:50:13.154329-07:00,write,key-2,806.393,10,false,leader-w5r1,10
2026-04-03T20:50:13.156616-07:00,write,key-2,804.320,11,false,leader-w5r1,10
2026-04-03T20:50:13.959876-07:00,read,key-0,1.301,15,false,leader-w5r1,10
2026-04-03T20:50:13.960151-07:00,read,key-1,1.051,19,false,leader-w5r1,10
2026-04-03T20:50:13.959562-07:00,read,key-9,1.787,15,false,leader-w5r1,10
2026-04-03T20:50:13.959885-07:00,read,key-3,1.971,26,false,leader-w5r1,10
2026-04-03T20:50:13.960659-07:00,read,key-7,1.267,16,false,leader-w5r1,10
2026-04-03T20:50:13.959279-07:00,read,key-8,2.687,29,false,leader-w5r1,10
2026-04-03T20:50:13.959993-07:00,read,key-2,2.046,11,false,leader-w5r1,10
2026-04-03T20:50:13.960358-07:00,read,key-2,1.693,11,false,leader-w5r1,10
2026-04-03T20:50:13.960391-07:00,read,key-0,1.680,15,false,leader-w5r1,10
2026-04-03T20:50:13.960252-07:00,read,key-3,1.931,26,false,leader-w5r1,10
2026-04-03T20:50:13.960339-07:00,read,key-9,2.588,15,false,leader-w5r1,10
2026-04-03T20:50:13.960728-07:00,read,key-7,2.206,16,false,leader-w5r1,10
2026-04-03T20:50:13.96118-07:00,read,key-8,1.812,29,false,leader-w5r1,10
2026-04-03T20:50:13.960541-07:00,read,key-4,2.558,20,false,leader-w5r1,10
2026-04-03T20:50:13.961205-07:00,read,key-4,2.148,20,false,leader-w5r1,10
2026-04-03T20:50:13.960482-07:00,read,key-6,3.724,20,false,leader-w5r1,10
2026-04-03T20:50:13.960465-07:00,read,key-8,3.781,29,false,leader-w5r1,10
2026-04-03T20:50:13.962042-07:00,read,key-4,2.209,20,false,leader-w5r1,10
2026-04-03T20:50:13.962052-07:00,read,key-2,2.213,11,false,leader-w5r1,10
2026-04-03T20:50:13.961351-07:00,read,key-5,3.239,16,false,leader-w5r1,10
2026-04-03T20:50:13.961927-07:00,read,key-5,2.691,16,false,leader-w5r1,10
2026-04-03T20:50:13.961857-07:00,read,key-9,3.353,15,false,leader-w5r1,10
2026-04-03T20:50:13.962072-07:00,read,key-2,3.254,11,false,leader-w5r1,10
2026-04-03T20:50:13.964253-07:00,read,key-6,1.872,20,false,leader-w5r1,10
2026-04-03T20:50:13.962928-07:00,read,key-5,3.312,16,false,leader-w5r1,10
2026-04-03T20:50:13.963354-07:00,read,key-5,3.003,16,false,leader-w5r1,10
2026-04-03T20:50:13.962937-07:00,read,key-0,3.428,15,false,leader-w5r1,10
2026-04-03T20:50:13.963102-07:00,read,key-5,3.289,16,false,leader-w5r1,10
2026-04-03T20:50:13.965327-07:00,read,key-1,1.154,19,false,leader-w5r1,10
2026-04-03T20:50:13.960662-07:00,read,key-3,5.850,26,false,leader-w5r1,10
2026-04-03T20:50:13.961968-07:00,read,key-3,4.597,26,false,leader-w5r1,10
2026-04-03T20:50:13.964592-07:00,read,key-2,2.050,11,false,leader-w5r1,10
2026-04-03T20:50:13.960943-07:00,read,key-3,5.713,26,false,leader-w5r1,10
2026-04-03T20:50:13.962184-07:00,read,key-5,4.483,16,false,leader-w5r1,10
2026-04-03T20:50:13.960692-07:00,read,key-9,6.045,15,false,leader-w5r1,10
2026-04-03T20:50:13.966483-07:00,read,key-1,0.877,19,false,leader-w5r1,10
2026-04-03T20:50:13.966392-07:00,read,key-2,1.006,11,false,leader-w5r1,10
2026-04-03T20:50:13.966669-07:00,read,key-1,0.848,19,false,leader-w5r1,10
2026-04-03T20:50:13.966127-07:00,read,key-1,1.423,20,false,leader-w5r1,10
2026-04-03T20:50:13.964266-07:00,read,key-3,3.296,26,false,leader-w5r1,10
2026-04-03T20:50:13.964619-07:00,read,key-3,2.943,26,false,leader-w5r1,10
2026-04-03T20:50:13.966659-07:00,read,key-3,0.932,26,false,leader-w5r1,10
2026-04-03T20:50:13.966644-07:00,read,key-3,0.982,26,false,leader-w5r1,10
2026-04-03T20:50:13.966242-07:00,read,key-5,1.475,18,false,leader-w5r1,10
2026-04-03T20:50:13.965212-07:00,read,key-7,2.523,16,false,leader-w5r1,10
2026-04-03T20:50:13.966366-07:00,read,key-5,1.382,16,false,leader-w5r1,10
2026-04-03T20:50:13.966566-07:00,read,key-1,1.320,20,false,leader-w5r1,10
2026-04-03T20:50:13.967398-07:00,read,key-3,0.537,26,false,leader-w5r1,10
2026-04-03T20:50:13.966513-07:00,read,key-4,1.455,20,false,leader-w5r1,10
2026-04-03T20:50:13.967361-07:00,read,key-3,0.608,26,false,leader-w5r1,10
2026-04-03T20:50:13.967936-07:00,read,key-5,0.490,16,false,leader-w5r1,10
2026-04-03T20:50:13.967563-07:00,read,key-8,0.892,29,false,leader-w5r1,10
2026-04-03T20:50:13.966359-07:00,read,key-4,2.111,20,false,leader-w5r1,10
2026-04-03T20:50:13.967563-07:00,read,key-8,0.923,29,false,leader-w5r1,10
2026-04-03T20:50:13.966738-07:00,read,key-0,1.766,15,false,leader-w5r1,10
2026-04-03T20:50:13.967626-07:00,read,key-5,0.907,16,false,leader-w5r1,10
2026-04-03T20:50:13.967735-07:00,read,key-1,0.802,20,false,leader-w5r1,10
2026-04-03T20:50:13.96797-07:00,read,key-2,0.567,11,false,leader-w5r1,10
2026-04-03T20:50:13.967552-07:00,read,key-0,0.994,15,false,leader-w5r1,10
2026-04-03T20:50:13.967987-07:00,read,key-6,0.571,20,false,leader-w5r1,10
2026-04-03T20:50:13.967592-07:00,read,key-8,0.970,29,false,leader-w5r1,10
2026-04-03T20:50:13.967518-07:00,read,key-9,1.119,15,false,leader-w5r1,10
2026-04-03T20:50:13.968428-07:00,read,key-2,1.017,11,false,leader-w5r1,10
2026-04-03T20:50:13.968539-07:00,read,key-0,0.938,15,false,leader-w5r1,10
2026-04-03T20:50:13.968638-07:00,read,key-1,0.852,19,false,leader-w5r1,10
2026-04-03T20:50:13.968456-07:00,read,key-4,1.063,20,false,leader-w5r1,10
2026-04-03T20:50:13.968538-07:00,read,key-0,1.035,15,false,leader-w5r1,10
2026-04-03T20:50:13.968488-07:00,read,key-1,1.182,19,false,leader-w5r1,10
2026-04-03T20:50:13.968505-07:00,read,key-0,1.182,15,false,leader-w5r1,10
2026-04-03T20:50:13.96952-07:00,read,key-0,0.596,15,false,leader-w5r1,10
2026-04-03T20:50:13.969446-07:00,read,key-6,0.691,20,false,leader-w5r1,10
2026-04-03T20:50:13.968564-07:00,read,key-7,1.579,17,false,leader-w5r1,10
2026-04-03T20:50:13.969575-07:00,read,key-5,0.742,16,false,leader-w5r1,10
2026-04-03T20:50:13.96948-07:00,read,key-1,0.900,20,false,leader-w5r1,10
2026-04-03T20:50:13.968547-07:00,read,key-9,2.042,15,false,leader-w5r1,10
2026-04-03T20:50:13.968534-07:00,read,key-7,2.070,16,false,leader-w5r1,10
2026-04-03T20:50:13.969672-07:00,read,key-6,0.939,20,false,leader-w5r1,10
2026-04-03T20:50:13.969689-07:00,read,key-1,1.230,20,false,leader-w5r1,10
2026-04-03T20:50:13.970138-07:00,read,key-8,0.819,29,false,leader-w5r1,10
2026-04-03T20:50:13.970319-07:00,read,key-5,0.640,16,false,leader-w5r1,10
2026-04-03T20:50:13.970117-07:00,read,key-5,0.846,16,false,leader-w5r1,10
2026-04-03T20:50:13.970144-07:00,read,key-0,0.845,15,false,leader-w5r1,10
2026-04-03T20:50:13.970612-07:00,read,key-9,0.535,15,false,leader-w5r1,10
2026-04-03T20:50:13.970605-07:00,read,key-2,0.606,11,false,leader-w5r1,10
2026-04-03T20:50:13.97059-07:00,read,key-0,0.638,15,false,leader-w5r1,10
2026-04-03T20:50:13.97099-07:00,read,key-1,0.338,19,false,leader-w5r1,10
2026-04-03T20:50:13.97092-07:00,read,key-0,0.423,15,false,leader-w5r1,10
2026-04-03T20:50:13.97096-07:00,read,key-1,0.644,19,false,leader-w5r1,10
2026-04-03T20:50:13.970983-07:00,read,key-8,0.769,29,false,leader-w5r1,10
2026-04-03T20:50:13.97123-07:00,read,key-3,0.547,26,false,leader-w5r1,10
2026-04-03T20:50:13.971148-07:00,read,key-9,0.659,15,false,leader-w5r1,10
2026-04-03T20:50:13.971344-07:00,read,key-0,0.678,15,false,leader-w5r1,10
2026-04-03T20:50:13.970958-07:00,read,key-7,1.138,17,false,leader-w5r1,10
2026-04-03T20:50:13.971808-07:00,read,key-8,0.502,29,false,leader-w5r1,10
2026-04-03T20:50:13.971605-07:00,read,key-3,0.738,26,false,leader-w5r1,10
2026-04-03T20:50:13.971778-07:00,read,key-4,0.568,20,false,leader-w5r1,10
2026-04-03T20:50:13.971753-07:00,read,key-4,0.836,20,false,leader-w5r1,10
2026-04-03T20:50:13.971212-07:00,read,key-9,1.404,17,false,leader-w5r1,10
2026-04-03T20:50:13.97133-07:00,read,key-1,1.315,19,false,leader-w5r1,10
2026-04-03T20:50:13.972344-07:00,read,key-7,0.441,16,false,leader-w5r1,10
2026-04-03T20:50:13.972097-07:00,read,key-2,0.798,11,false,leader-w5r1,10
2026-04-03T20:50:13.972023-07:00,read,key-4,0.874,20,false,leader-w5r1,10
2026-04-03T20:50:13.972347-07:00,read,key-4,0.569,20,false,leader-w5r1,10
2026-04-03T20:50:13.972311-07:00,read,key-1,0.641,20,false,leader-w5r1,10
2026-04-03T20:50:13.972617-07:00,read,key-9,0.435,15,false,leader-w5r1,10
2026-04-03T20:50:13.97259-07:00,read,key-4,0.473,20,false,leader-w5r1,10
2026-04-03T20:50:13.972645-07:00,read,key-3,0.467,26,false,leader-w5r1,10
2026-04-03T20:50:13.972897-07:00,read,key-4,0.359,20,false,leader-w5r1,10
2026-04-03T20:50:13.972918-07:00,read,key-6,0.344,20,false,leader-w5r1,10
2026-04-03T20:50:13.972786-07:00,read,key-9,0.486,17,false,leader-w5r1,10
2026-04-03T20:50:13.972953-07:00,read,key-5,0.728,16,false,leader-w5r1,10
2026-04-03T20:50:13.973053-07:00,read,key-2,0.709,11,false,leader-w5r1,10
2026-04-03T20:50:13.973064-07:00,read,key-6,0.722,20,false,leader-w5r1,10
2026-04-03T20:50:13.972898-07:00,read,key-0,0.889,15,false,leader-w5r1,10
2026-04-03T20:50:13.973263-07:00,read,key-3,0.668,27,false,leader-w5r1,10
2026-04-03T20:50:13.973274-07:00,read,key-1,0.696,19,false,leader-w5r1,10
2026-04-03T20:50:13.973113-07:00,read,key-6,0.895,20,false,leader-w5r1,10
2026-04-03T20:50:13.97326-07:00,read,key-7,0.809,16,false,leader-w5r1,10
2026-04-03T20:50:13.973789-07:00,read,key-5,0.769,16,false,leader-w5r1,10
2026-04-03T20:50:13.973787-07:00,read,key-6,0.895,20,false,leader-w5r1,10
2026-04-03T20:50:13.97401-07:00,read,key-8,0.695,29,false,leader-w5r1,10
2026-04-03T20:50:13.973764-07:00,read,key-0,0.966,15,false,leader-w5r1,10
2026-04-03T20:50:13.973971-07:00,read,key-0,0.769,15,false,leader-w5r1,10
2026-04-03T20:50:13.973683-07:00,read,key-0,1.110,15,false,leader-w5r1,10
2026-04-03T20:50:13.973932-07:00,read,key-7,1.104,17,false,leader-w5r1,10
2026-04-03T20:50:13.974071-07:00,read,key-6,0.990,20,false,leader-w5r1,10
2026-04-03T20:50:13.974558-07:00,read,key-5,0.520,16,false,leader-w5r1,10
2026-04-03T20:50:13.974706-07:00,read,key-2,0.461,11,false,leader-w5r1,10
2026-04-03T20:50:13.974731-07:00,read,key-6,0.450,20,false,leader-w5r1,10
2026-04-03T20:50:13.974683-07:00,read,key-5,0.530,16,false,leader-w5r1,10
2026-04-03T20:50:13.975061-07:00,read,key-4,0.277,20,false,leader-w5r1,10
2026-04-03T20:50:13.975181-07:00,read,key-7,0.393,16,false,leader-w5r1,10
2026-04-03T20:50:13.974794-07:00,read,key-1,0.789,20,false,leader-w5r1,10
2026-04-03T20:50:13.975214-07:00,read,key-5,0.379,16,false,leader-w5r1,10
2026-04-03T20:50:13.975168-07:00,read,key-8,0.430,29,false,leader-w5r1,10
2026-04-03T20:50:13.9756-07:00,read,key-3,0.511,26,false,leader-w5r1,10
2026-04-03T20:50:13.975037-07:00,read,key-6,1.114,20,false,leader-w5r1,10
2026-04-03T20:50:13.975583-07:00,read,key-0,0.614,15,false,leader-w5r1,10
2026-04-03T20:50:13.975576-07:00,read,key-0,0.627,15,false,leader-w5r1,10
2026-04-03T20:50:13.976204-07:00,read,key-7,0.353,16,false,leader-w5r1,10
2026-04-03T20:50:13.976198-07:00,read,key-6,0.440,20,false,leader-w5r1,10
2026-04-03T20:50:13.976152-07:00,read,key-1,0.519,19,false,leader-w5r1,10
2026-04-03T20:50:13.976112-07:00,read,key-5,0.575,18,false,leader-w5r1,10
2026-04-03T20:50:13.975595-07:00,read,key-7,1.435,17,false,leader-w5r1,10
2026-04-03T20:50:13.97664-07:00,read,key-8,0.436,29,false,leader-w5r1,10
2026-04-03T20:50:13.976673-07:00,read,key-0,0.460,15,false,leader-w5r1,10
2026-04-03T20:50:13.975079-07:00,read,key-2,2.063,14,false,leader-w5r1,10
2026-04-03T20:50:13.976558-07:00,read,key-4,0.616,20,false,leader-w5r1,10
2026-04-03T20:50:13.976688-07:00,read,key-7,0.543,16,false,leader-w5r1,10
2026-04-03T20:50:13.977077-07:00,read,key-0,0.369,15,false,leader-w5r1,10
2026-04-03T20:50:13.977232-07:00,read,key-1,0.317,19,false,leader-w5r1,10
2026-04-03T20:50:13.977134-07:00,read,key-3,0.527,26,false,leader-w5r1,10
2026-04-03T20:50:13.977447-07:00,read,key-3,0.389,26,false,leader-w5r1,10
2026-04-03T20:50:13.97755-07:00,read,key-7,0.360,16,false,leader-w5r1,10
2026-04-03T20:50:13.977176-07:00,read,key-2,0.770,15,false,leader-w5r1,10
2026-04-03T20:50:13.977837-07:00,read,key-6,0.260,20,false,leader-w5r1,10
2026-04-03T20:50:13.977948-07:00,read,key-2,0.350,11,false,leader-w5r1,10
2026-04-03T20:50:13.977662-07:00,read,key-3,0.659,26,false,leader-w5r1,10
2026-04-03T20:50:13.977911-07:00,read,key-8,0.433,32,false,leader-w5r1,10
2026-04-03T20:50:13.978098-07:00,read,key-3,0.418,26,false,leader-w5r1,10
2026-04-03T20:50:13.9783-07:00,read,key-6,0.269,20,false,leader-w5r1,10
2026-04-03T20:50:13.978346-07:00,read,key-2,0.252,15,false,leader-w5r1,10
2026-04-03T20:50:13.978323-07:00,read,key-3,0.299,26,false,leader-w5r1,10
2026-04-03T20:50:13.978517-07:00,read,key-0,0.309,15,false,leader-w5r1,10
2026-04-03T20:50:13.978569-07:00,read,key-3,0.358,29,false,leader-w5r1,10
2026-04-03T20:50:13.978623-07:00,read,key-2,0.471,11,false,leader-w5r1,10
2026-04-03T20:50:13.978599-07:00,read,key-6,0.524,20,false,leader-w5r1,10
2026-04-03T20:50:13.978827-07:00,read,key-3,0.297,29,false,leader-w5r1,10
2026-04-03T20:50:13.978928-07:00,read,key-1,0.359,19,false,leader-w5r1,10
2026-04-03T20:50:13.979098-07:00,read,key-7,0.380,16,false,leader-w5r1,10
2026-04-03T20:50:13.979125-07:00,read,key-8,0.357,29,false,leader-w5r1,10
2026-04-03T20:50:13.97948-07:00,read,key-1,0.222,19,false,leader-w5r1,10
2026-04-03T20:50:13.979703-07:00,read,key-0,0.284,15,false,leader-w5r1,10
2026-04-03T20:50:13.979988-07:00,read,key-1,0.260,19,false,leader-w5r1,10
2026-04-03T20:50:13.980249-07:00,read,key-5,0.237,16,false,leader-w5r1,10
2026-04-03T20:50:13.980488-07:00,read,key-9,0.234,15,false,leader-w5r1,10
2026-04-03T20:50:13.980723-07:00,read,key-6,0.233,20,false,leader-w5r1,10
2026-04-03T20:50:13.980957-07:00,read,key-8,0.253,29,false,leader-w5r1,10
2026-04-03T20:50:13.979484-07:00,read,key-0,2.117,16,false,leader-w5r1,10
2026-04-03T20:50:13.981602-07:00,read,key-5,0.380,16,false,leader-w5r1,10
2026-04-03T20:50:13.981983-07:00,read,key-1,0.265,19,false,leader-w5r1,10
2026-04-03T20:50:13.98225-07:00,read,key-0,1.135,16,false,leader-w5r1,10
2026-04-03T20:50:13.983386-07:00,read,key-1,0.239,19,false,leader-w5r1,10
2026-04-03T20:50:13.983627-07:00,read,key-7,0.197,16,false,leader-w5r1,10
2026-04-03T20:50:13.983825-07:00,read,key-7,0.198,16,false,leader-w5r1,10
2026-04-03T20:50:13.984024-07:00,read,key-1,0.171,19,false,leader-w5r1,10
2026-04-03T20:50:13.984196-07:00,read,key-9,0.179,15,false,leader-w5r1,10
2026-04-03T20:50:13.984375-07:00,read,key-5,0.213,16,false,leader-w5r1,10
2026-04-03T20:50:13.959279-07:00,write,key-9,808.158,16,false,leader-w5r1,10
2026-04-03T20:50:13.957817-07:00,write,key-5,809.657,17,false,leader-w5r1,10
2026-04-03T20:50:14.767482-07:00,read,key-7,1.782,17,false,leader-w5r1,10
2026-04-03T20:50:14.767453-07:00,read,key-2,1.946,15,false,leader-w5r1,10
2026-04-03T20:50:13.964248-07:00,write,key-2,805.830,12,false,leader-w5r1,10
2026-04-03T20:50:13.964208-07:00,write,key-5,805.999,18,false,leader-w5r1,10
2026-04-03T20:50:13.967718-07:00,write,key-2,803.321,13,false,leader-w5r1,10
2026-04-03T20:50:13.962994-07:00,write,key-1,808.045,20,false,leader-w5r1,10
2026-04-03T20:50:13.967887-07:00,write,key-7,803.211,17,false,leader-w5r1,10
2026-04-03T20:50:14.770213-07:00,read,key-0,1.395,16,false,leader-w5r1,10
2026-04-03T20:50:14.770086-07:00,read,key-4,1.565,21,false,leader-w5r1,10
2026-04-03T20:50:14.771046-07:00,read,key-0,0.636,16,false,leader-w5r1,10
2026-04-03T20:50:14.76941-07:00,read,key-8,2.320,33,false,leader-w5r1,10
2026-04-03T20:50:14.769269-07:00,read,key-4,2.741,21,false,leader-w5r1,10
2026-04-03T20:50:14.771105-07:00,read,key-9,0.969,17,false,leader-w5r1,10
2026-04-03T20:50:14.7711-07:00,read,key-8,1.075,33,false,leader-w5r1,10
2026-04-03T20:50:13.967749-07:00,write,key-8,804.517,31,false,leader-w5r1,10
2026-04-03T20:50:14.771684-07:00,read,key-2,0.616,15,false,leader-w5r1,10
2026-04-03T20:50:13.968559-07:00,write,key-3,803.780,27,false,leader-w5r1,10
2026-04-03T20:50:13.970381-07:00,write,key-2,801.959,14,false,leader-w5r1,10
2026-04-03T20:50:13.969491-07:00,write,key-9,802.908,17,false,leader-w5r1,10
2026-04-03T20:50:13.968474-07:00,write,key-8,804.197,30,false,leader-w5r1,10
2026-04-03T20:50:14.772076-07:00,read,key-3,1.731,30,false,leader-w5r1,10
2026-04-03T20:50:14.771732-07:00,read,key-1,2.181,20,false,leader-w5r1,10
2026-04-03T20:50:14.772301-07:00,read,key-1,1.662,20,false,leader-w5r1,10
2026-04-03T20:50:14.772678-07:00,read,key-9,1.662,17,false,leader-w5r1,10
2026-04-03T20:50:14.773965-07:00,read,key-5,0.441,18,false,leader-w5r1,10
2026-04-03T20:50:14.771612-07:00,read,key-1,2.860,20,false,leader-w5r1,10
2026-04-03T20:50:14.771654-07:00,read,key-4,2.871,21,false,leader-w5r1,10
2026-04-03T20:50:14.772345-07:00,read,key-7,2.303,17,false,leader-w5r1,10
2026-04-03T20:50:14.772346-07:00,read,key-4,2.323,21,false,leader-w5r1,10
2026-04-03T20:50:14.772177-07:00,read,key-5,2.511,18,false,leader-w5r1,10
2026-04-03T20:50:14.774342-07:00,read,key-5,0.413,18,false,leader-w5r1,10
2026-04-03T20:50:14.774474-07:00,read,key-4,0.429,21,false,leader-w5r1,10
2026-04-03T20:50:14.774407-07:00,read,key-7,0.711,17,false,leader-w5r1,10
2026-04-03T20:50:14.772272-07:00,read,key-1,2.913,20,false,leader-w5r1,10
2026-04-03T20:50:14.772013-07:00,read,key-0,3.244,16,false,leader-w5r1,10
2026-04-03T20:50:14.77465-07:00,read,key-4,0.731,21,false,leader-w5r1,10
2026-04-03T20:50:14.774756-07:00,read,key-6,0.962,20,false,leader-w5r1,10
2026-04-03T20:50:14.775119-07:00,read,key-4,0.702,21,false,leader-w5r1,10
2026-04-03T20:50:14.774689-07:00,read,key-1,1.163,20,false,leader-w5r1,10
2026-04-03T20:50:14.773809-07:00,read,key-7,2.058,17,false,leader-w5r1,10
2026-04-03T20:50:14.772406-07:00,read,key-1,3.503,20,false,leader-w5r1,10
2026-04-03T20:50:14.774905-07:00,read,key-3,1.009,30,false,leader-w5r1,10
2026-04-03T20:50:14.774672-07:00,read,key-1,1.287,20,false,leader-w5r1,10
2026-04-03T20:50:14.775719-07:00,read,key-6,0.840,20,false,leader-w5r1,10
2026-04-03T20:50:14.775258-07:00,read,key-4,1.341,21,false,leader-w5r1,10
2026-04-03T20:50:14.775868-07:00,read,key-2,1.087,15,false,leader-w5r1,10
2026-04-03T20:50:14.77596-07:00,read,key-0,1.023,16,false,leader-w5r1,10
2026-04-03T20:50:14.775187-07:00,read,key-8,1.810,33,false,leader-w5r1,10
2026-04-03T20:50:14.77591-07:00,read,key-6,1.119,20,false,leader-w5r1,10
2026-04-03T20:50:14.775854-07:00,read,key-3,1.188,31,false,leader-w5r1,10
2026-04-03T20:50:14.775383-07:00,read,key-2,1.720,15,false,leader-w5r1,10
2026-04-03T20:50:14.776986-07:00,read,key-1,0.986,20,false,leader-w5r1,10
2026-04-03T20:50:14.777104-07:00,read,key-6,0.905,20,false,leader-w5r1,10
2026-04-03T20:50:14.776601-07:00,read,key-9,1.521,17,false,leader-w5r1,10
2026-04-03T20:50:14.776999-07:00,read,key-9,1.183,17,false,leader-w5r1,10
2026-04-03T20:50:14.776959-07:00,read,key-3,1.232,30,false,leader-w5r1,10
2026-04-03T20:50:14.775822-07:00,read,key-9,2.421,17,false,leader-w5r1,10
2026-04-03T20:50:14.778248-07:00,read,key-1,0.641,20,false,leader-w5r1,10
2026-04-03T20:50:14.778124-07:00,read,key-9,0.772,17,false,leader-w5r1,10
2026-04-03T20:50:14.778011-07:00,read,key-8,1.155,33,false,leader-w5r1,10
2026-04-03T20:50:14.777973-07:00,read,key-5,1.194,18,false,leader-w5r1,10
2026-04-03T20:50:14.775915-07:00,read,key-9,3.319,17,false,leader-w5r1,10
2026-04-03T20:50:14.777043-07:00,read,key-0,2.213,16,false,leader-w5r1,10
2026-04-03T20:50:14.778892-07:00,read,key-6,0.517,20,false,leader-w5r1,10
2026-04-03T20:50:14.778192-07:00,read,key-8,1.485,33,false,leader-w5r1,10
2026-04-03T20:50:14.778897-07:00,read,key-3,0.909,31,false,leader-w5r1,10
2026-04-03T20:50:14.779258-07:00,read,key-3,0.557,30,false,leader-w5r1,10
2026-04-03T20:50:14.779235-07:00,read,key-0,0.616,16,false,leader-w5r1,10
2026-04-03T20:50:14.778184-07:00,read,key-1,1.691,20,false,leader-w5r1,10
2026-04-03T20:50:14.779168-07:00,read,key-4,0.723,21,false,leader-w5r1,10
2026-04-03T20:50:14.77941-07:00,read,key-9,0.694,17,false,leader-w5r1,10
2026-04-03T20:50:14.779679-07:00,read,key-1,0.431,20,false,leader-w5r1,10
2026-04-03T20:50:14.779853-07:00,read,key-0,0.346,16,false,leader-w5r1,10
2026-04-03T20:50:14.779807-07:00,read,key-4,0.521,21,false,leader-w5r1,10
2026-04-03T20:50:14.779876-07:00,read,key-6,0.499,20,false,leader-w5r1,10
2026-04-03T20:50:14.779817-07:00,read,key-5,0.597,18,false,leader-w5r1,10
2026-04-03T20:50:14.780112-07:00,read,key-8,0.500,33,false,leader-w5r1,10
2026-04-03T20:50:14.780106-07:00,read,key-6,0.534,20,false,leader-w5r1,10
2026-04-03T20:50:14.779892-07:00,read,key-5,0.757,19,false,leader-w5r1,10
2026-04-03T20:50:14.78033-07:00,read,key-4,0.350,21,false,leader-w5r1,10
2026-04-03T20:50:14.7802-07:00,read,key-0,0.498,16,false,leader-w5r1,10
2026-04-03T20:50:14.780376-07:00,read,key-5,0.626,18,false,leader-w5r1,10
2026-04-03T20:50:14.780415-07:00,read,key-5,0.603,18,false,leader-w5r1,10
2026-04-03T20:50:14.780652-07:00,read,key-4,0.455,21,false,leader-w5r1,10
2026-04-03T20:50:14.780614-07:00,read,key-4,0.802,21,false,leader-w5r1,10
2026-04-03T20:50:13.979288-07:00,write,key-8,802.126,33,false,leader-w5r1,10
2026-04-03T20:50:13.977031-07:00,write,key-2,804.461,15,false,leader-w5r1,10
2026-04-03T20:50:13.974741-07:00,write,key-3,806.759,28,false,leader-w5r1,10
2026-04-03T20:50:13.979123-07:00,write,key-0,802.554,16,false,leader-w5r1,10
2026-04-03T20:50:13.97534-07:00,write,key-3,806.367,29,false,leader-w5r1,10
2026-04-03T20:50:14.780643-07:00,read,key-0,1.091,16,false,leader-w5r1,10
2026-04-03T20:50:14.780699-07:00,read,key-7,1.139,17,false,leader-w5r1,10
2026-04-03T20:50:14.781019-07:00,read,key-5,0.836,18,false,leader-w5r1,10
2026-04-03T20:50:13.977144-07:00,write,key-8,804.749,32,false,leader-w5r1,10
2026-04-03T20:50:14.781418-07:00,read,key-7,0.993,18,false,leader-w5r1,10
2026-04-03T20:50:14.781505-07:00,read,key-9,0.933,17,false,leader-w5r1,10
2026-04-03T20:50:14.781683-07:00,read,key-0,0.879,16,false,leader-w5r1,10
2026-04-03T20:50:14.781898-07:00,read,key-0,0.692,16,false,leader-w5r1,10
2026-04-03T20:50:14.781004-07:00,read,key-4,1.587,22,false,leader-w5r1,10
2026-04-03T20:50:14.781712-07:00,read,key-9,0.914,17,false,leader-w5r1,10
2026-04-03T20:50:14.781841-07:00,read,key-6,0.795,20,false,leader-w5r1,10
2026-04-03T20:50:14.781857-07:00,read,key-3,0.819,30,false,leader-w5r1,10
2026-04-03T20:50:14.781735-07:00,read,key-0,1.147,16,false,leader-w5r1,10
2026-04-03T20:50:14.78142-07:00,read,key-0,1.487,16,false,leader-w5r1,10
2026-04-03T20:50:14.781497-07:00,read,key-1,1.686,20,false,leader-w5r1,10
2026-04-03T20:50:14.781108-07:00,read,key-9,2.311,17,false,leader-w5r1,10
2026-04-03T20:50:14.782564-07:00,read,key-6,0.889,20,false,leader-w5r1,10
2026-04-03T20:50:14.782627-07:00,read,key-1,0.932,20,false,leader-w5r1,10
2026-04-03T20:50:14.782412-07:00,read,key-2,1.189,17,false,leader-w5r1,10
2026-04-03T20:50:14.782591-07:00,read,key-6,1.026,20,false,leader-w5r1,10
2026-04-03T20:50:14.782638-07:00,read,key-4,0.988,21,false,leader-w5r1,10
2026-04-03T20:50:14.782592-07:00,read,key-1,1.052,20,false,leader-w5r1,10
2026-04-03T20:50:14.78244-07:00,read,key-5,1.246,18,false,leader-w5r1,10
2026-04-03T20:50:14.782677-07:00,read,key-4,1.052,22,false,leader-w5r1,10
2026-04-03T20:50:14.783454-07:00,read,key-9,0.508,17,false,leader-w5r1,10
2026-04-03T20:50:14.78356-07:00,read,key-7,0.510,18,false,leader-w5r1,10
2026-04-03T20:50:14.783688-07:00,read,key-7,0.537,17,false,leader-w5r1,10
2026-04-03T20:50:14.783645-07:00,read,key-0,0.597,16,false,leader-w5r1,10
2026-04-03T20:50:14.783628-07:00,read,key-4,0.635,21,false,leader-w5r1,10
2026-04-03T20:50:14.783618-07:00,read,key-0,0.666,16,false,leader-w5r1,10
2026-04-03T20:50:14.783602-07:00,read,key-9,0.731,17,false,leader-w5r1,10
2026-04-03T20:50:14.782908-07:00,read,key-4,1.723,23,false,leader-w5r1,10
2026-04-03T20:50:14.782883-07:00,read,key-9,1.767,17,false,leader-w5r1,10
2026-04-03T20:50:14.783963-07:00,read,key-0,0.691,16,false,leader-w5r1,10
2026-04-03T20:50:14.783184-07:00,read,key-1,1.473,20,false,leader-w5r1,10
2026-04-03T20:50:14.784264-07:00,read,key-5,0.573,18,false,leader-w5r1,10
2026-04-03T20:50:14.78373-07:00,read,key-9,1.109,17,false,leader-w5r1,10
2026-04-03T20:50:14.784227-07:00,read,key-2,0.624,15,false,leader-w5r1,10
2026-04-03T20:50:14.78407-07:00,read,key-1,0.788,20,false,leader-w5r1,10
2026-04-03T20:50:14.784658-07:00,read,key-1,0.461,20,false,leader-w5r1,10
2026-04-03T20:50:14.784652-07:00,read,key-4,0.562,21,false,leader-w5r1,10
2026-04-03T20:50:14.784649-07:00,read,key-1,0.586,20,false,leader-w5r1,10
2026-04-03T20:50:14.784335-07:00,read,key-1,0.908,20,false,leader-w5r1,10
2026-04-03T20:50:14.784656-07:00,read,key-4,0.626,23,false,leader-w5r1,10
2026-04-03T20:50:14.784243-07:00,read,key-1,1.050,20,false,leader-w5r1,10
2026-04-03T20:50:14.784853-07:00,read,key-5,0.883,18,false,leader-w5r1,10
2026-04-03T20:50:14.785244-07:00,read,key-4,0.505,21,false,leader-w5r1,10
2026-04-03T20:50:14.785283-07:00,read,key-3,0.471,30,false,leader-w5r1,10
2026-04-03T20:50:14.78484-07:00,read,key-6,0.965,21,false,leader-w5r1,10
2026-04-03T20:50:14.784859-07:00,read,key-3,0.982,30,false,leader-w5r1,10
2026-04-03T20:50:14.785237-07:00,read,key-9,0.910,17,false,leader-w5r1,10
2026-04-03T20:50:14.785293-07:00,read,key-0,1.342,16,false,leader-w5r1,10
2026-04-03T20:50:14.785806-07:00,read,key-7,0.964,17,false,leader-w5r1,10
2026-04-03T20:50:14.785214-07:00,read,key-3,1.568,30,false,leader-w5r1,10
2026-04-03T20:50:14.786148-07:00,read,key-0,0.704,16,false,leader-w5r1,10
2026-04-03T20:50:14.785737-07:00,read,key-6,1.134,20,false,leader-w5r1,10
2026-04-03T20:50:14.785842-07:00,read,key-6,1.048,20,false,leader-w5r1,10
2026-04-03T20:50:14.785121-07:00,read,key-6,1.785,20,false,leader-w5r1,10
2026-04-03T20:50:14.786636-07:00,read,key-2,0.596,15,false,leader-w5r1,10
2026-04-03T20:50:14.786891-07:00,read,key-3,0.410,31,false,leader-w5r1,10
2026-04-03T20:50:13.981211-07:00,write,key-3,806.087,30,false,leader-w5r1,10
2026-04-03T20:50:14.785756-07:00,read,key-1,1.554,20,false,leader-w5r1,10
2026-04-03T20:50:14.786854-07:00,read,key-5,0.467,19,false,leader-w5r1,10
2026-04-03T20:50:14.78677-07:00,read,key-3,0.553,30,false,leader-w5r1,10
2026-04-03T20:50:14.786785-07:00,read,key-5,0.550,18,false,leader-w5r1,10
2026-04-03T20:50:14.786873-07:00,read,key-7,0.544,17,false,leader-w5r1,10
2026-04-03T20:50:14.785751-07:00,read,key-3,1.708,30,false,leader-w5r1,10
2026-04-03T20:50:14.787303-07:00,read,key-0,0.776,16,false,leader-w5r1,10
2026-04-03T20:50:14.787302-07:00,read,key-9,0.816,17,false,leader-w5r1,10
2026-04-03T20:50:14.787324-07:00,read,key-0,0.795,16,false,leader-w5r1,10
2026-04-03T20:50:14.787418-07:00,read,key-8,0.720,33,false,leader-w5r1,10
2026-04-03T20:50:14.786906-07:00,read,key-0,1.242,16,false,leader-w5r1,10
2026-04-03T20:50:14.787234-07:00,read,key-9,0.967,17,false,leader-w5r1,10
2026-04-03T20:50:13.984589-07:00,write,key-4,803.648,21,false,leader-w5r1,10
2026-04-03T20:50:14.787311-07:00,read,key-4,0.932,21,false,leader-w5r1,10
2026-04-03T20:50:14.787337-07:00,read,key-1,0.914,20,false,leader-w5r1,10
2026-04-03T20:50:14.78812-07:00,read,key-2,0.418,15,false,leader-w5r1,10
2026-04-03T20:50:14.788149-07:00,read,key-1,0.533,21,false,leader-w5r1,10
2026-04-03T20:50:14.788243-07:00,read,key-4,0.496,21,false,leader-w5r1,10
2026-04-03T20:50:14.788139-07:00,read,key-0,0.626,16,false,leader-w5r1,10
2026-04-03T20:50:14.788251-07:00,read,key-6,0.671,20,false,leader-w5r1,10
2026-04-03T20:50:14.788539-07:00,read,key-8,0.533,33,false,leader-w5r1,10
2026-04-03T20:50:14.787323-07:00,read,key-8,2.107,33,false,leader-w5r1,10
2026-04-03T20:50:14.78874-07:00,read,key-9,0.705,17,false,leader-w5r1,10
2026-04-03T20:50:14.789073-07:00,read,key-6,0.401,20,false,leader-w5r1,10
2026-04-03T20:50:14.78808-07:00,read,key-7,1.402,17,false,leader-w5r1,10
2026-04-03T20:50:14.788202-07:00,read,key-3,1.292,30,false,leader-w5r1,10
2026-04-03T20:50:14.788244-07:00,read,key-4,1.252,21,false,leader-w5r1,10
2026-04-03T20:50:14.78746-07:00,read,key-7,2.046,17,false,leader-w5r1,10
2026-04-03T20:50:14.788766-07:00,read,key-5,0.745,19,false,leader-w5r1,10
2026-04-03T20:50:14.788684-07:00,read,key-9,0.833,17,false,leader-w5r1,10
2026-04-03T20:50:14.78812-07:00,read,key-9,1.399,17,false,leader-w5r1,10
2026-04-03T20:50:14.789431-07:00,read,key-2,0.366,17,false,leader-w5r1,10
2026-04-03T20:50:14.788923-07:00,read,key-5,1.004,18,false,leader-w5r1,10
2026-04-03T20:50:14.789483-07:00,read,key-7,0.447,17,false,leader-w5r1,10
2026-04-03T20:50:14.789446-07:00,read,key-5,0.488,18,false,leader-w5r1,10
2026-04-03T20:50:14.789518-07:00,read,key-8,0.438,33,false,leader-w5r1,10
2026-04-03T20:50:14.789495-07:00,read,key-4,0.500,23,false,leader-w5r1,10
2026-04-03T20:50:14.789475-07:00,read,key-8,0.798,33,false,leader-w5r1,10
2026-04-03T20:50:14.789507-07:00,read,key-7,0.814,17,false,leader-w5r1,10
2026-04-03T20:50:14.789497-07:00,read,key-6,0.843,21,false,leader-w5r1,10
2026-04-03T20:50:14.78952-07:00,read,key-3,0.827,30,false,leader-w5r1,10
2026-04-03T20:50:14.789798-07:00,read,key-0,0.561,16,false,leader-w5r1,10
2026-04-03T20:50:14.789513-07:00,read,key-0,1.138,16,false,leader-w5r1,10
2026-04-03T20:50:14.789958-07:00,read,key-3,0.716,31,false,leader-w5r1,10
2026-04-03T20:50:14.789931-07:00,read,key-5,0.805,18,false,leader-w5r1,10
2026-04-03T20:50:14.789997-07:00,read,key-8,0.817,33,false,leader-w5r1,10
2026-04-03T20:50:14.790322-07:00,read,key-6,0.596,20,false,leader-w5r1,10
2026-04-03T20:50:14.790348-07:00,read,key-9,0.575,17,false,leader-w5r1,10
2026-04-03T20:50:14.790274-07:00,read,key-3,0.828,30,false,leader-w5r1,10
2026-04-03T20:50:14.789929-07:00,read,key-7,1.252,17,false,leader-w5r1,10
2026-04-03T20:50:14.790675-07:00,read,key-4,0.588,21,false,leader-w5r1,10
2026-04-03T20:50:14.790815-07:00,read,key-3,0.552,30,false,leader-w5r1,10
2026-04-03T20:50:14.790925-07:00,read,key-9,0.547,17,false,leader-w5r1,10
2026-04-03T20:50:14.791368-07:00,read,key-8,0.313,33,false,leader-w5r1,10
2026-04-03T20:50:14.791183-07:00,read,key-4,0.509,21,false,leader-w5r1,10
2026-04-03T20:50:14.790919-07:00,read,key-9,1.041,17,false,leader-w5r1,10
2026-04-03T20:50:14.791474-07:00,read,key-5,0.512,18,false,leader-w5r1,10
2026-04-03T20:50:14.790341-07:00,read,key-8,1.648,33,false,leader-w5r1,10
2026-04-03T20:50:14.79036-07:00,read,key-4,1.651,21,false,leader-w5r1,10
2026-04-03T20:50:14.791693-07:00,read,key-9,0.321,17,false,leader-w5r1,10
2026-04-03T20:50:14.790653-07:00,read,key-1,1.414,20,false,leader-w5r1,10
2026-04-03T20:50:14.791991-07:00,read,key-4,0.622,21,false,leader-w5r1,10
2026-04-03T20:50:14.791264-07:00,read,key-3,1.373,30,false,leader-w5r1,10
2026-04-03T20:50:14.791988-07:00,read,key-8,0.792,33,false,leader-w5r1,10
2026-04-03T20:50:14.792634-07:00,read,key-8,0.355,33,false,leader-w5r1,10
2026-04-03T20:50:14.791682-07:00,read,key-5,1.330,20,false,leader-w5r1,10
2026-04-03T20:50:14.792639-07:00,read,key-2,0.602,15,false,leader-w5r1,10
2026-04-03T20:50:14.791962-07:00,read,key-2,1.290,17,false,leader-w5r1,10
2026-04-03T20:50:14.792781-07:00,read,key-1,0.533,20,false,leader-w5r1,10
2026-04-03T20:50:14.793253-07:00,read,key-1,0.311,20,false,leader-w5r1,10
2026-04-03T20:50:14.793242-07:00,read,key-5,0.366,18,false,leader-w5r1,10
2026-04-03T20:50:14.793565-07:00,read,key-9,0.345,17,false,leader-w5r1,10
2026-04-03T20:50:14.793911-07:00,read,key-5,0.647,18,false,leader-w5r1,10
2026-04-03T20:50:14.79456-07:00,read,key-2,0.363,15,false,leader-w5r1,10
2026-04-03T20:50:14.792016-07:00,read,key-8,3.065,34,false,leader-w5r1,10
2026-04-03T20:50:14.79361-07:00,read,key-4,1.472,23,false,leader-w5r1,10
2026-04-03T20:50:14.793013-07:00,read,key-6,2.078,21,false,leader-w5r1,10
2026-04-03T20:50:14.792068-07:00,read,key-2,3.033,17,false,leader-w5r1,10
2026-04-03T20:50:14.79299-07:00,read,key-0,2.154,16,false,leader-w5r1,10
2026-04-03T20:50:14.793315-07:00,read,key-0,1.909,16,false,leader-w5r1,10
2026-04-03T20:50:14.794925-07:00,read,key-7,0.352,17,false,leader-w5r1,10
2026-04-03T20:50:14.795102-07:00,read,key-9,0.454,17,false,leader-w5r1,10
2026-04-03T20:50:14.795083-07:00,read,key-0,0.496,16,false,leader-w5r1,10
2026-04-03T20:50:14.795278-07:00,read,key-7,0.323,18,false,leader-w5r1,10
2026-04-03T20:50:14.795146-07:00,read,key-5,0.476,18,false,leader-w5r1,10
2026-04-03T20:50:14.795225-07:00,read,key-7,0.448,17,false,leader-w5r1,10
2026-04-03T20:50:14.795557-07:00,read,key-1,0.335,20,false,leader-w5r1,10
2026-04-03T20:50:14.795624-07:00,read,key-9,0.334,17,false,leader-w5r1,10
2026-04-03T20:50:14.795602-07:00,read,key-6,0.369,20,false,leader-w5r1,10
2026-04-03T20:50:14.795675-07:00,read,key-2,0.307,15,false,leader-w5r1,10
2026-04-03T20:50:14.795582-07:00,read,key-9,0.429,17,false,leader-w5r1,10
2026-04-03T20:50:14.795892-07:00,read,key-8,0.511,33,false,leader-w5r1,10
2026-04-03T20:50:14.795973-07:00,read,key-0,0.445,16,false,leader-w5r1,10
2026-04-03T20:50:14.796012-07:00,read,key-7,0.417,18,false,leader-w5r1,10
2026-04-03T20:50:14.795959-07:00,read,key-6,0.484,20,false,leader-w5r1,10
2026-04-03T20:50:14.796431-07:00,read,key-8,0.351,33,false,leader-w5r1,10
2026-04-03T20:50:14.79642-07:00,read,key-1,0.371,20,false,leader-w5r1,10
2026-04-03T20:50:14.796405-07:00,read,key-0,0.396,16,false,leader-w5r1,10
2026-04-03T20:50:14.796445-07:00,read,key-0,0.357,16,false,leader-w5r1,10
2026-04-03T20:50:14.795984-07:00,read,key-0,0.874,16,false,leader-w5r1,10
2026-04-03T20:50:14.796792-07:00,read,key-9,0.384,17,false,leader-w5r1,10
2026-04-03T20:50:14.796783-07:00,read,key-1,0.393,20,false,leader-w5r1,10
2026-04-03T20:50:14.796802-07:00,read,key-4,0.394,21,false,leader-w5r1,10
2026-04-03T20:50:14.796858-07:00,read,key-6,0.339,20,false,leader-w5r1,10
2026-04-03T20:50:14.797178-07:00,read,key-5,0.274,18,false,leader-w5r1,10
2026-04-03T20:50:14.797177-07:00,read,key-8,0.297,33,false,leader-w5r1,10
2026-04-03T20:50:14.796801-07:00,read,key-3,0.679,30,false,leader-w5r1,10
2026-04-03T20:50:14.797199-07:00,read,key-4,0.609,21,false,leader-w5r1,10
2026-04-03T20:50:14.797475-07:00,read,key-0,0.349,16,false,leader-w5r1,10
2026-04-03T20:50:14.797197-07:00,read,key-7,0.636,17,false,leader-w5r1,10
2026-04-03T20:50:14.797481-07:00,read,key-9,0.354,17,false,leader-w5r1,10
2026-04-03T20:50:14.797453-07:00,read,key-2,0.399,15,false,leader-w5r1,10
2026-04-03T20:50:14.797809-07:00,read,key-5,0.490,18,false,leader-w5r1,10
2026-04-03T20:50:14.797853-07:00,read,key-4,0.541,21,false,leader-w5r1,10
2026-04-03T20:50:14.797825-07:00,read,key-2,0.609,15,false,leader-w5r1,10
2026-04-03T20:50:14.797837-07:00,read,key-7,0.623,17,false,leader-w5r1,10
2026-04-03T20:50:14.797835-07:00,read,key-5,0.692,20,false,leader-w5r1,10
2026-04-03T20:50:14.798302-07:00,read,key-2,0.538,18,false,leader-w5r1,10
2026-04-03T20:50:14.798395-07:00,read,key-2,0.457,15,false,leader-w5r1,10
2026-04-03T20:50:14.798462-07:00,read,key-2,0.402,15,false,leader-w5r1,10
2026-04-03T20:50:14.798865-07:00,read,key-8,0.376,33,false,leader-w5r1,10
2026-04-03T20:50:14.798434-07:00,read,key-0,0.819,16,false,leader-w5r1,10
2026-04-03T20:50:14.798854-07:00,read,key-5,0.400,18,false,leader-w5r1,10
2026-04-03T20:50:14.798528-07:00,read,key-6,0.742,20,false,leader-w5r1,10
2026-04-03T20:50:14.799242-07:00,read,key-2,0.354,18,false,leader-w5r1,10
2026-04-03T20:50:14.799255-07:00,read,key-4,0.368,21,false,leader-w5r1,10
2026-04-03T20:50:14.799271-07:00,read,key-1,0.366,20,false,leader-w5r1,10
2026-04-03T20:50:14.799623-07:00,read,key-2,0.330,15,false,leader-w5r1,10
2026-04-03T20:50:14.799597-07:00,read,key-1,0.398,20,false,leader-w5r1,10
2026-04-03T20:50:14.799637-07:00,read,key-3,0.374,30,false,leader-w5r1,10
2026-04-03T20:50:14.800013-07:00,read,key-9,1.865,17,false,leader-w5r1,10
2026-04-03T20:50:14.799995-07:00,read,key-7,1.902,19,false,leader-w5r1,10
2026-04-03T20:50:14.799955-07:00,read,key-8,2.037,34,false,leader-w5r1,10
2026-04-03T20:50:14.801879-07:00,read,key-6,0.256,22,false,leader-w5r1,10
2026-04-03T20:50:14.801898-07:00,read,key-6,0.318,20,false,leader-w5r1,10
2026-04-03T20:50:14.801993-07:00,read,key-6,0.315,22,false,leader-w5r1,10
2026-04-03T20:50:14.802136-07:00,read,key-1,0.261,24,false,leader-w5r1,10
2026-04-03T20:50:14.802309-07:00,read,key-6,0.373,22,false,leader-w5r1,10
2026-04-03T20:50:14.802683-07:00,read,key-2,0.262,15,false,leader-w5r1,10
2026-04-03T20:50:14.777032-07:00,write,key-7,813.858,18,false,leader-w5r1,10
2026-04-03T20:50:14.78342-07:00,write,key-4,807.559,23,false,leader-w5r1,10
2026-04-03T20:50:14.779168-07:00,write,key-2,811.873,17,false,leader-w5r1,10
2026-04-03T20:50:14.776562-07:00,write,key-5,814.539,19,false,leader-w5r1,10
2026-04-03T20:50:14.784838-07:00,write,key-1,806.326,21,false,leader-w5r1,10
2026-04-03T20:50:14.784286-07:00,write,key-6,806.950,21,false,leader-w5r1,10
2026-04-03T20:50:14.774526-07:00,write,key-3,816.776,31,false,leader-w5r1,10
2026-04-03T20:50:14.773915-07:00,write,key-2,817.445,16,false,leader-w5r1,10
2026-04-03T20:50:14.780682-07:00,write,key-4,810.744,22,false,leader-w5r1,10
2026-04-03T20:50:14.790737-07:00,write,key-1,802.658,22,false,leader-w5r1,10
2026-04-03T20:50:14.789936-07:00,write,key-5,803.475,20,false,leader-w5r1,10
2026-04-03T20:50:14.791103-07:00,write,key-1,802.341,23,false,leader-w5r1,10
2026-04-03T20:50:14.792012-07:00,write,key-8,805.505,34,false,leader-w5r1,10
2026-04-03T20:50:14.795082-07:00,write,key-2,804.607,18,false,leader-w5r1,10
2026-04-03T20:50:14.795092-07:00,write,key-1,804.598,24,false,leader-w5r1,10
2026-04-03T20:50:14.79884-07:00,write,key-7,806.116,19,false,leader-w5r1,10
2026-04-03T20:50:14.799255-07:00,write,key-6,805.745,22,false,leader-w5r1,10
2026-04-03T20:50:14.802398-07:00,write,key-9,802.642,18,false,leader-w5r1,10
2026-04-03T20:50:14.802216-07:00,write,key-8,802.866,35,false,leader-w5r1,10
