timestamp,type,key,latency_ms,version,stale_read,db_type,write_pct
2026-04-03T20:53:31.544301-07:00,read,key-9,65.826,5,false,leader-w3r3,10
2026-04-03T20:53:31.544315-07:00,read,key-9,65.813,5,false,leader-w3r3,10
2026-04-03T20:53:31.544151-07:00,read,key-3,65.980,1,false,leader-w3r3,10
2026-04-03T20:53:31.544153-07:00,read,key-8,65.979,1,false,leader-w3r3,10
2026-04-03T20:53:31.544331-07:00,read,key-8,65.796,1,false,leader-w3r3,10
2026-04-03T20:53:31.544326-07:00,read,key-2,65.836,1,false,leader-w3r3,10
2026-04-03T20:53:31.54426-07:00,read,key-2,65.910,1,false,leader-w3r3,10
2026-04-03T20:53:31.544407-07:00,read,key-8,65.778,1,false,leader-w3r3,10
2026-04-03T20:53:31.544254-07:00,read,key-7,65.932,1,false,leader-w3r3,10
2026-04-03T20:53:31.544378-07:00,read,key-2,65.815,1,false,leader-w3r3,10
2026-04-03T20:53:31.54418-07:00,read,key-6,66.028,3,false,leader-w3r3,10
2026-04-03T20:53:31.544377-07:00,read,key-5,65.836,2,false,leader-w3r3,10
2026-04-03T20:53:31.544353-07:00,read,key-5,65.863,1,false,leader-w3r3,10
2026-04-03T20:53:31.544412-07:00,read,key-4,65.809,5,false,leader-w3r3,10
2026-04-03T20:53:31.544381-07:00,read,key-8,65.856,1,false,leader-w3r3,10
2026-04-03T20:53:31.544147-07:00,read,key-2,66.100,1,false,leader-w3r3,10
2026-04-03T20:53:31.544354-07:00,read,key-9,65.902,5,false,leader-w3r3,10
2026-04-03T20:53:31.610239-07:00,read,key-3,54.935,1,false,leader-w3r3,10
2026-04-03T20:53:31.610171-07:00,read,key-8,55.030,1,false,leader-w3r3,10
2026-04-03T20:53:31.610222-07:00,read,key-4,54.983,5,false,leader-w3r3,10
2026-04-03T20:53:31.610186-07:00,read,key-7,55.037,1,false,leader-w3r3,10
2026-04-03T20:53:31.610194-07:00,read,key-8,54.987,1,false,leader-w3r3,10
2026-04-03T20:53:31.610156-07:00,read,key-2,55.093,1,false,leader-w3r3,10
2026-04-03T20:53:31.61019-07:00,read,key-5,55.073,1,false,leader-w3r3,10
2026-04-03T20:53:31.610248-07:00,read,key-7,55.030,1,false,leader-w3r3,10
2026-04-03T20:53:31.610137-07:00,read,key-2,55.142,1,false,leader-w3r3,10
2026-04-03T20:53:31.610163-07:00,read,key-6,55.143,3,false,leader-w3r3,10
2026-04-03T20:53:31.610129-07:00,read,key-3,55.204,1,false,leader-w3r3,10
2026-04-03T20:53:31.61013-07:00,read,key-6,55.247,3,false,leader-w3r3,10
2026-04-03T20:53:31.610219-07:00,read,key-4,55.975,6,false,leader-w3r3,10
2026-04-03T20:53:31.610209-07:00,read,key-1,56.117,7,false,leader-w3r3,10
2026-04-03T20:53:31.610214-07:00,read,key-5,56.172,3,false,leader-w3r3,10
2026-04-03T20:53:31.666328-07:00,read,key-9,54.566,5,false,leader-w3r3,10
2026-04-03T20:53:31.665225-07:00,read,key-4,55.669,5,false,leader-w3r3,10
2026-04-03T20:53:31.665207-07:00,read,key-3,55.723,1,false,leader-w3r3,10
2026-04-03T20:53:31.665202-07:00,read,key-9,55.767,5,false,leader-w3r3,10
2026-04-03T20:53:31.66525-07:00,read,key-3,55.729,1,false,leader-w3r3,10
2026-04-03T20:53:31.665279-07:00,read,key-0,55.747,1,false,leader-w3r3,10
2026-04-03T20:53:31.665378-07:00,read,key-0,55.684,1,false,leader-w3r3,10
2026-04-03T20:53:31.665279-07:00,read,key-0,55.825,1,false,leader-w3r3,10
2026-04-03T20:53:31.665264-07:00,read,key-5,55.890,3,false,leader-w3r3,10
2026-04-03T20:53:31.665231-07:00,read,key-0,55.950,1,false,leader-w3r3,10
2026-04-03T20:53:31.665334-07:00,read,key-1,55.862,7,false,leader-w3r3,10
2026-04-03T20:53:31.666388-07:00,read,key-0,54.811,1,false,leader-w3r3,10
2026-04-03T20:53:31.665184-07:00,read,key-9,56.068,5,false,leader-w3r3,10
2026-04-03T20:53:31.666196-07:00,read,key-3,55.499,1,false,leader-w3r3,10
2026-04-03T20:53:31.720981-07:00,read,key-6,55.526,3,false,leader-w3r3,10
2026-04-03T20:53:31.721107-07:00,read,key-7,55.400,1,false,leader-w3r3,10
2026-04-03T20:53:31.720896-07:00,read,key-6,55.642,3,false,leader-w3r3,10
2026-04-03T20:53:31.720931-07:00,read,key-3,55.643,1,false,leader-w3r3,10
2026-04-03T20:53:31.721063-07:00,read,key-6,55.521,3,false,leader-w3r3,10
2026-04-03T20:53:31.720971-07:00,read,key-1,55.631,7,false,leader-w3r3,10
2026-04-03T20:53:31.721028-07:00,read,key-5,55.666,3,false,leader-w3r3,10
2026-04-03T20:53:31.721182-07:00,read,key-5,55.543,1,false,leader-w3r3,10
2026-04-03T20:53:31.721198-07:00,read,key-4,55.639,6,false,leader-w3r3,10
2026-04-03T20:53:31.721155-07:00,read,key-4,55.696,6,false,leader-w3r3,10
2026-04-03T20:53:31.720896-07:00,read,key-9,56.006,5,false,leader-w3r3,10
2026-04-03T20:53:31.721201-07:00,read,key-5,55.770,1,false,leader-w3r3,10
2026-04-03T20:53:31.721254-07:00,read,key-7,56.969,1,false,leader-w3r3,10
2026-04-03T20:53:31.721698-07:00,read,key-7,56.615,1,false,leader-w3r3,10
2026-04-03T20:53:31.776972-07:00,read,key-3,56.862,1,false,leader-w3r3,10
2026-04-03T20:53:31.776509-07:00,read,key-5,57.382,1,false,leader-w3r3,10
2026-04-03T20:53:31.776575-07:00,read,key-0,57.404,1,false,leader-w3r3,10
2026-04-03T20:53:31.776694-07:00,read,key-0,57.335,1,false,leader-w3r3,10
2026-04-03T20:53:31.778314-07:00,read,key-5,55.790,3,false,leader-w3r3,10
2026-04-03T20:53:31.778225-07:00,read,key-8,56.069,2,false,leader-w3r3,10
2026-04-03T20:53:31.776852-07:00,read,key-4,57.494,6,false,leader-w3r3,10
2026-04-03T20:53:31.776903-07:00,read,key-7,57.511,1,false,leader-w3r3,10
2026-04-03T20:53:31.776726-07:00,read,key-5,57.720,3,false,leader-w3r3,10
2026-04-03T20:53:31.776539-07:00,read,key-2,57.971,1,false,leader-w3r3,10
2026-04-03T20:53:31.776586-07:00,read,key-5,57.938,3,false,leader-w3r3,10
2026-04-03T20:53:31.776603-07:00,read,key-6,57.955,3,false,leader-w3r3,10
2026-04-03T20:53:31.776508-07:00,read,key-4,58.114,6,false,leader-w3r3,10
2026-04-03T20:53:31.833838-07:00,read,key-5,55.506,2,false,leader-w3r3,10
2026-04-03T20:53:31.834297-07:00,read,key-3,55.206,1,false,leader-w3r3,10
2026-04-03T20:53:31.834414-07:00,read,key-2,55.121,1,false,leader-w3r3,10
2026-04-03T20:53:31.833892-07:00,read,key-1,55.700,6,false,leader-w3r3,10
2026-04-03T20:53:31.833981-07:00,read,key-6,55.639,3,false,leader-w3r3,10
2026-04-03T20:53:31.834031-07:00,read,key-7,55.678,1,false,leader-w3r3,10
2026-04-03T20:53:31.834532-07:00,read,key-2,55.219,1,false,leader-w3r3,10
2026-04-03T20:53:31.834347-07:00,read,key-6,55.424,3,false,leader-w3r3,10
2026-04-03T20:53:31.834512-07:00,read,key-1,55.205,7,false,leader-w3r3,10
2026-04-03T20:53:31.834559-07:00,read,key-8,55.260,2,false,leader-w3r3,10
2026-04-03T20:53:31.834623-07:00,read,key-0,55.270,1,false,leader-w3r3,10
2026-04-03T20:53:31.834447-07:00,read,key-2,55.512,1,false,leader-w3r3,10
2026-04-03T20:53:31.889821-07:00,read,key-2,55.932,1,false,leader-w3r3,10
2026-04-03T20:53:31.889724-07:00,read,key-8,56.066,2,false,leader-w3r3,10
2026-04-03T20:53:31.889753-07:00,read,key-4,56.112,6,false,leader-w3r3,10
2026-04-03T20:53:31.889537-07:00,read,key-3,56.537,1,false,leader-w3r3,10
2026-04-03T20:53:31.889772-07:00,read,key-4,56.607,6,false,leader-w3r3,10
2026-04-03T20:53:31.889621-07:00,read,key-4,56.832,6,false,leader-w3r3,10
2026-04-03T20:53:31.889814-07:00,read,key-2,56.691,1,false,leader-w3r3,10
2026-04-03T20:53:31.889505-07:00,read,key-7,57.048,1,false,leader-w3r3,10
2026-04-03T20:53:31.889351-07:00,read,key-5,57.245,3,false,leader-w3r3,10
2026-04-03T20:53:31.889895-07:00,read,key-8,56.771,2,false,leader-w3r3,10
2026-04-03T20:53:31.889594-07:00,read,key-2,57.096,1,false,leader-w3r3,10
2026-04-03T20:53:31.889961-07:00,read,key-6,58.028,3,false,leader-w3r3,10
2026-04-03T20:53:31.945866-07:00,read,key-2,56.441,1,false,leader-w3r3,10
2026-04-03T20:53:31.945793-07:00,read,key-0,56.520,3,false,leader-w3r3,10
2026-04-03T20:53:31.9466-07:00,read,key-2,55.707,1,false,leader-w3r3,10
2026-04-03T20:53:31.946381-07:00,read,key-4,56.093,6,false,leader-w3r3,10
2026-04-03T20:53:31.94576-07:00,read,key-0,56.822,3,false,leader-w3r3,10
2026-04-03T20:53:31.946555-07:00,read,key-5,56.124,3,false,leader-w3r3,10
2026-04-03T20:53:31.946076-07:00,read,key-2,56.671,1,false,leader-w3r3,10
2026-04-03T20:53:31.946455-07:00,read,key-5,56.385,3,false,leader-w3r3,10
2026-04-03T20:53:31.946668-07:00,read,key-4,56.298,6,false,leader-w3r3,10
2026-04-03T20:53:31.947991-07:00,read,key-3,55.019,1,false,leader-w3r3,10
2026-04-03T20:53:31.946507-07:00,read,key-3,56.552,1,false,leader-w3r3,10
2026-04-03T20:53:31.946692-07:00,read,key-1,56.394,7,false,leader-w3r3,10
2026-04-03T20:53:32.002315-07:00,read,key-5,58.578,3,false,leader-w3r3,10
2026-04-03T20:53:32.003011-07:00,read,key-3,57.907,1,false,leader-w3r3,10
2026-04-03T20:53:32.002359-07:00,read,key-8,58.589,2,false,leader-w3r3,10
2026-04-03T20:53:32.002585-07:00,read,key-8,58.364,2,false,leader-w3r3,10
2026-04-03T20:53:32.003089-07:00,read,key-5,57.873,3,false,leader-w3r3,10
2026-04-03T20:53:32.002476-07:00,read,key-1,58.486,7,false,leader-w3r3,10
2026-04-03T20:53:32.002682-07:00,read,key-1,58.321,7,false,leader-w3r3,10
2026-04-03T20:53:32.003061-07:00,read,key-8,57.948,2,false,leader-w3r3,10
2026-04-03T20:53:32.002316-07:00,read,key-9,58.732,5,false,leader-w3r3,10
2026-04-03T20:53:32.002969-07:00,read,key-8,58.122,2,false,leader-w3r3,10
2026-04-03T20:53:32.002748-07:00,read,key-9,58.347,5,false,leader-w3r3,10
2026-04-03T20:53:32.002841-07:00,read,key-4,58.283,6,false,leader-w3r3,10
2026-04-03T20:53:32.06092-07:00,read,key-4,62.063,7,false,leader-w3r3,10
2026-04-03T20:53:32.060952-07:00,read,key-7,63.043,2,false,leader-w3r3,10
2026-04-03T20:53:32.061092-07:00,read,key-9,63.179,5,false,leader-w3r3,10
2026-04-03T20:53:32.060965-07:00,read,key-3,63.404,1,false,leader-w3r3,10
2026-04-03T20:53:32.060965-07:00,read,key-5,63.454,3,false,leader-w3r3,10
2026-04-03T20:53:32.060897-07:00,read,key-3,63.560,1,false,leader-w3r3,10
2026-04-03T20:53:32.061051-07:00,read,key-7,63.484,1,false,leader-w3r3,10
2026-04-03T20:53:32.061011-07:00,read,key-2,63.557,1,false,leader-w3r3,10
2026-04-03T20:53:32.061005-07:00,read,key-5,63.624,3,false,leader-w3r3,10
2026-04-03T20:53:32.061127-07:00,read,key-7,63.555,2,false,leader-w3r3,10
2026-04-03T20:53:32.124684-07:00,read,key-2,55.852,1,false,leader-w3r3,10
2026-04-03T20:53:32.124535-07:00,read,key-7,56.115,1,false,leader-w3r3,10
2026-04-03T20:53:32.124569-07:00,read,key-8,56.165,2,false,leader-w3r3,10
2026-04-03T20:53:32.124421-07:00,read,key-6,56.363,3,false,leader-w3r3,10
2026-04-03T20:53:32.124459-07:00,read,key-0,56.397,3,false,leader-w3r3,10
2026-04-03T20:53:32.12463-07:00,read,key-2,56.272,1,false,leader-w3r3,10
2026-04-03T20:53:32.12299-07:00,read,key-0,57.957,3,false,leader-w3r3,10
2026-04-03T20:53:32.124273-07:00,read,key-2,57.058,1,false,leader-w3r3,10
2026-04-03T20:53:32.124371-07:00,read,key-7,57.013,2,false,leader-w3r3,10
2026-04-03T20:53:32.123997-07:00,read,key-4,57.448,7,false,leader-w3r3,10
2026-04-03T20:53:32.180904-07:00,read,key-0,54.990,3,false,leader-w3r3,10
2026-04-03T20:53:32.181448-07:00,read,key-9,54.451,5,false,leader-w3r3,10
2026-04-03T20:53:32.18054-07:00,read,key-3,55.469,1,false,leader-w3r3,10
2026-04-03T20:53:32.180736-07:00,read,key-5,55.351,3,false,leader-w3r3,10
2026-04-03T20:53:32.180858-07:00,read,key-6,55.273,4,false,leader-w3r3,10
2026-04-03T20:53:32.180652-07:00,read,key-0,55.588,3,false,leader-w3r3,10
2026-04-03T20:53:32.181333-07:00,read,key-8,56.275,3,false,leader-w3r3,10
2026-04-03T20:53:32.236242-07:00,read,key-0,55.287,3,false,leader-w3r3,10
2026-04-03T20:53:32.2359-07:00,read,key-0,55.631,3,false,leader-w3r3,10
2026-04-03T20:53:32.236133-07:00,read,key-9,55.540,5,false,leader-w3r3,10
2026-04-03T20:53:32.2359-07:00,read,key-2,55.829,1,false,leader-w3r3,10
2026-04-03T20:53:32.236089-07:00,read,key-8,55.658,3,false,leader-w3r3,10
2026-04-03T20:53:32.23761-07:00,read,key-8,54.194,3,false,leader-w3r3,10
2026-04-03T20:53:32.291807-07:00,read,key-7,55.675,2,false,leader-w3r3,10
2026-04-03T20:53:32.291534-07:00,read,key-4,55.960,6,false,leader-w3r3,10
2026-04-03T20:53:32.291674-07:00,read,key-1,55.808,7,false,leader-w3r3,10
2026-04-03T20:53:32.291731-07:00,read,key-2,56.100,2,false,leader-w3r3,10
2026-04-03T20:53:32.291749-07:00,read,key-3,57.213,1,false,leader-w3r3,10
2026-04-03T20:53:31.544424-07:00,write,key-5,813.723,2,false,leader-w3r3,10
2026-04-03T20:53:31.544132-07:00,write,key-9,814.119,5,false,leader-w3r3,10
2026-04-03T20:53:31.54441-07:00,write,key-1,813.736,7,false,leader-w3r3,10
2026-04-03T20:53:32.347488-07:00,read,key-5,53.685,4,false,leader-w3r3,10
2026-04-03T20:53:32.347642-07:00,read,key-3,53.573,1,false,leader-w3r3,10
2026-04-03T20:53:32.347497-07:00,read,key-0,54.733,4,false,leader-w3r3,10
2026-04-03T20:53:32.348031-07:00,read,key-5,54.288,4,false,leader-w3r3,10
2026-04-03T20:53:32.348963-07:00,read,key-1,54.250,7,false,leader-w3r3,10
2026-04-03T20:53:32.358152-07:00,read,key-1,55.922,7,false,leader-w3r3,10
2026-04-03T20:53:32.35825-07:00,read,key-5,55.895,4,false,leader-w3r3,10
2026-04-03T20:53:32.358293-07:00,read,key-6,56.126,4,false,leader-w3r3,10
2026-04-03T20:53:31.610142-07:00,write,key-5,807.120,3,false,leader-w3r3,10
2026-04-03T20:53:31.610257-07:00,write,key-4,807.159,6,false,leader-w3r3,10
2026-04-03T20:53:32.402234-07:00,read,key-2,59.575,2,false,leader-w3r3,10
2026-04-03T20:53:32.40118-07:00,read,key-1,60.707,7,false,leader-w3r3,10
2026-04-03T20:53:32.402321-07:00,read,key-6,59.998,5,false,leader-w3r3,10
2026-04-03T20:53:32.401218-07:00,read,key-6,62.045,4,false,leader-w3r3,10
2026-04-03T20:53:32.414148-07:00,read,key-1,51.070,7,false,leader-w3r3,10
2026-04-03T20:53:32.414079-07:00,read,key-9,51.253,5,false,leader-w3r3,10
2026-04-03T20:53:32.417415-07:00,read,key-2,56.369,2,false,leader-w3r3,10
2026-04-03T20:53:32.414421-07:00,read,key-2,59.363,2,false,leader-w3r3,10
2026-04-03T20:53:31.665309-07:00,write,key-8,809.354,2,false,leader-w3r3,10
2026-04-03T20:53:32.461816-07:00,read,key-6,53.929,4,false,leader-w3r3,10
2026-04-03T20:53:32.462199-07:00,read,key-4,53.627,7,false,leader-w3r3,10
2026-04-03T20:53:32.465336-07:00,read,key-9,52.778,5,false,leader-w3r3,10
2026-04-03T20:53:32.465221-07:00,read,key-0,52.898,4,false,leader-w3r3,10
2026-04-03T20:53:32.462322-07:00,read,key-2,63.814,2,false,leader-w3r3,10
2026-04-03T20:53:32.473787-07:00,read,key-0,52.405,4,false,leader-w3r3,10
2026-04-03T20:53:32.474664-07:00,read,key-2,55.150,1,false,leader-w3r3,10
2026-04-03T20:53:32.463266-07:00,read,key-7,66.712,3,false,leader-w3r3,10
2026-04-03T20:53:32.473787-07:00,read,key-6,56.257,4,false,leader-w3r3,10
2026-04-03T20:53:32.518116-07:00,read,key-1,52.544,7,false,leader-w3r3,10
2026-04-03T20:53:32.515749-07:00,read,key-4,55.504,7,false,leader-w3r3,10
2026-04-03T20:53:32.515828-07:00,read,key-6,55.656,6,false,leader-w3r3,10
2026-04-03T20:53:32.518121-07:00,read,key-5,54.082,4,false,leader-w3r3,10
2026-04-03T20:53:32.526194-07:00,read,key-4,51.547,7,false,leader-w3r3,10
2026-04-03T20:53:32.526138-07:00,read,key-3,51.615,1,false,leader-w3r3,10
2026-04-03T20:53:31.776838-07:00,write,key-0,805.348,2,false,leader-w3r3,10
2026-04-03T20:53:32.530046-07:00,read,key-6,58.944,5,false,leader-w3r3,10
2026-04-03T20:53:32.529981-07:00,read,key-5,59.086,4,false,leader-w3r3,10
2026-04-03T20:53:32.570665-07:00,read,key-1,55.741,7,false,leader-w3r3,10
2026-04-03T20:53:32.571485-07:00,read,key-6,54.993,6,false,leader-w3r3,10
2026-04-03T20:53:32.571257-07:00,read,key-1,55.188,7,false,leader-w3r3,10
2026-04-03T20:53:32.577744-07:00,read,key-8,51.694,3,false,leader-w3r3,10
2026-04-03T20:53:32.577755-07:00,read,key-8,56.414,3,false,leader-w3r3,10
2026-04-03T20:53:32.582188-07:00,read,key-5,53.672,4,false,leader-w3r3,10
2026-04-03T20:53:31.834105-07:00,write,key-0,805.728,3,false,leader-w3r3,10
2026-04-03T20:53:32.588994-07:00,read,key-7,51.239,4,false,leader-w3r3,10
2026-04-03T20:53:32.589069-07:00,read,key-3,51.308,1,false,leader-w3r3,10
2026-04-03T20:53:32.626482-07:00,read,key-6,58.374,6,false,leader-w3r3,10
2026-04-03T20:53:32.626482-07:00,read,key-4,58.383,7,false,leader-w3r3,10
2026-04-03T20:53:32.629442-07:00,read,key-2,55.444,2,false,leader-w3r3,10
2026-04-03T20:53:32.635863-07:00,read,key-6,52.208,6,false,leader-w3r3,10
2026-04-03T20:53:32.634171-07:00,read,key-1,55.838,7,false,leader-w3r3,10
2026-04-03T20:53:32.639843-07:00,read,key-4,51.440,7,false,leader-w3r3,10
2026-04-03T20:53:32.64038-07:00,read,key-0,50.997,4,false,leader-w3r3,10
2026-04-03T20:53:32.640237-07:00,read,key-4,55.834,7,false,leader-w3r3,10
2026-04-03T20:53:32.684867-07:00,read,key-7,55.380,4,false,leader-w3r3,10
2026-04-03T20:53:32.684889-07:00,read,key-4,55.464,7,false,leader-w3r3,10
2026-04-03T20:53:32.684858-07:00,read,key-0,55.532,4,false,leader-w3r3,10
2026-04-03T20:53:32.691286-07:00,read,key-0,51.737,4,false,leader-w3r3,10
2026-04-03T20:53:32.69138-07:00,read,key-6,51.752,6,false,leader-w3r3,10
2026-04-03T20:53:32.688073-07:00,read,key-3,55.126,1,false,leader-w3r3,10
2026-04-03T20:53:32.690012-07:00,read,key-3,53.189,1,false,leader-w3r3,10
2026-04-03T20:53:32.696072-07:00,read,key-1,51.905,7,false,leader-w3r3,10
2026-04-03T20:53:32.740356-07:00,read,key-4,53.101,7,false,leader-w3r3,10
2026-04-03T20:53:32.740253-07:00,read,key-2,53.208,2,false,leader-w3r3,10
2026-04-03T20:53:32.740393-07:00,read,key-9,53.185,5,false,leader-w3r3,10
2026-04-03T20:53:32.743203-07:00,read,key-6,51.024,6,false,leader-w3r3,10
2026-04-03T20:53:32.743133-07:00,read,key-5,51.203,4,false,leader-w3r3,10
2026-04-03T20:53:32.743026-07:00,read,key-5,51.379,4,false,leader-w3r3,10
2026-04-03T20:53:32.743201-07:00,read,key-6,55.903,6,false,leader-w3r3,10
2026-04-03T20:53:32.74798-07:00,read,key-7,56.004,3,false,leader-w3r3,10
2026-04-03T20:53:32.794406-07:00,read,key-8,55.125,4,false,leader-w3r3,10
2026-04-03T20:53:32.793465-07:00,read,key-2,56.069,2,false,leader-w3r3,10
2026-04-03T20:53:32.794229-07:00,read,key-5,55.434,4,false,leader-w3r3,10
2026-04-03T20:53:32.793462-07:00,read,key-2,57.700,2,false,leader-w3r3,10
2026-04-03T20:53:32.799109-07:00,read,key-0,52.442,4,false,leader-w3r3,10
2026-04-03T20:53:32.794338-07:00,read,key-8,57.271,4,false,leader-w3r3,10
2026-04-03T20:53:32.803987-07:00,read,key-2,51.250,2,false,leader-w3r3,10
2026-04-03T20:53:32.060951-07:00,write,key-4,805.324,7,false,leader-w3r3,10
2026-04-03T20:53:32.061097-07:00,write,key-7,808.138,2,false,leader-w3r3,10
2026-04-03T20:53:32.849665-07:00,read,key-7,57.395,4,false,leader-w3r3,10
2026-04-03T20:53:32.851166-07:00,read,key-8,56.222,4,false,leader-w3r3,10
2026-04-03T20:53:32.851611-07:00,read,key-0,55.909,4,false,leader-w3r3,10
2026-04-03T20:53:32.849536-07:00,read,key-1,58.057,7,false,leader-w3r3,10
2026-04-03T20:53:32.849535-07:00,read,key-9,58.148,5,false,leader-w3r3,10
2026-04-03T20:53:32.855239-07:00,read,key-5,52.494,4,false,leader-w3r3,10
2026-04-03T20:53:32.851554-07:00,read,key-3,56.486,1,false,leader-w3r3,10
2026-04-03T20:53:32.869235-07:00,read,key-5,53.423,4,false,leader-w3r3,10
2026-04-03T20:53:32.907523-07:00,read,key-1,57.163,7,false,leader-w3r3,10
2026-04-03T20:53:32.907735-07:00,read,key-1,56.956,7,false,leader-w3r3,10
2026-04-03T20:53:32.908042-07:00,read,key-2,57.616,3,false,leader-w3r3,10
2026-04-03T20:53:32.907065-07:00,read,key-6,58.612,6,false,leader-w3r3,10
2026-04-03T20:53:32.907391-07:00,read,key-9,58.391,5,false,leader-w3r3,10
2026-04-03T20:53:32.907595-07:00,read,key-4,58.194,7,false,leader-w3r3,10
2026-04-03T20:53:32.907685-07:00,read,key-9,58.160,5,false,leader-w3r3,10
2026-04-03T20:53:32.922663-07:00,read,key-2,52.320,3,false,leader-w3r3,10
2026-04-03T20:53:32.180786-07:00,write,key-8,805.192,3,false,leader-w3r3,10
2026-04-03T20:53:32.180952-07:00,write,key-0,805.241,4,false,leader-w3r3,10
2026-04-03T20:53:32.181385-07:00,write,key-6,808.234,4,false,leader-w3r3,10
2026-04-03T20:53:32.96469-07:00,read,key-0,52.352,4,false,leader-w3r3,10
2026-04-03T20:53:32.964694-07:00,read,key-6,52.456,6,false,leader-w3r3,10
2026-04-03T20:53:32.96566-07:00,read,key-8,51.531,4,false,leader-w3r3,10
2026-04-03T20:53:32.965783-07:00,read,key-3,51.436,1,false,leader-w3r3,10
2026-04-03T20:53:32.965792-07:00,read,key-2,51.475,3,false,leader-w3r3,10
2026-04-03T20:53:32.965682-07:00,read,key-2,51.586,3,false,leader-w3r3,10
2026-04-03T20:53:32.965847-07:00,read,key-3,51.473,1,false,leader-w3r3,10
2026-04-03T20:53:32.974987-07:00,read,key-7,54.222,5,false,leader-w3r3,10
2026-04-03T20:53:32.98598-07:00,read,key-5,53.299,5,false,leader-w3r3,10
2026-04-03T20:53:32.236012-07:00,write,key-2,804.478,2,false,leader-w3r3,10
2026-04-03T20:53:32.986193-07:00,read,key-8,57.368,4,false,leader-w3r3,10
2026-04-03T20:53:32.989621-07:00,read,key-0,55.630,4,false,leader-w3r3,10
2026-04-03T20:53:33.01727-07:00,read,key-8,58.330,4,false,leader-w3r3,10
2026-04-03T20:53:33.017152-07:00,read,key-4,58.548,7,false,leader-w3r3,10
2026-04-03T20:53:33.017268-07:00,read,key-6,58.548,6,false,leader-w3r3,10
2026-04-03T20:53:33.017047-07:00,read,key-4,58.875,7,false,leader-w3r3,10
2026-04-03T20:53:33.017221-07:00,read,key-9,58.772,5,false,leader-w3r3,10
2026-04-03T20:53:33.017193-07:00,read,key-7,58.896,5,false,leader-w3r3,10
2026-04-03T20:53:33.029212-07:00,read,key-6,51.769,6,false,leader-w3r3,10
2026-04-03T20:53:33.039283-07:00,read,key-1,52.208,7,false,leader-w3r3,10
2026-04-03T20:53:33.040496-07:00,read,key-2,51.870,3,false,leader-w3r3,10
2026-04-03T20:53:32.291534-07:00,write,key-5,803.467,4,false,leader-w3r3,10
2026-04-03T20:53:33.043564-07:00,read,key-7,52.207,5,false,leader-w3r3,10
2026-04-03T20:53:33.045256-07:00,read,key-0,50.703,4,false,leader-w3r3,10
2026-04-03T20:53:33.076091-07:00,read,key-2,55.013,3,false,leader-w3r3,10
2026-04-03T20:53:33.075703-07:00,read,key-7,55.404,5,false,leader-w3r3,10
2026-04-03T20:53:33.075995-07:00,read,key-5,55.172,5,false,leader-w3r3,10
2026-04-03T20:53:33.075819-07:00,read,key-3,55.433,1,false,leader-w3r3,10
2026-04-03T20:53:33.075604-07:00,read,key-5,57.251,5,false,leader-w3r3,10
2026-04-03T20:53:33.075924-07:00,read,key-5,56.984,5,false,leader-w3r3,10
2026-04-03T20:53:33.080986-07:00,read,key-3,54.537,1,false,leader-w3r3,10
2026-04-03T20:53:33.092367-07:00,read,key-4,50.801,7,false,leader-w3r3,10
2026-04-03T20:53:33.091495-07:00,read,key-9,51.762,5,false,leader-w3r3,10
2026-04-03T20:53:33.095003-07:00,read,key-6,50.787,6,false,leader-w3r3,10
2026-04-03T20:53:33.095774-07:00,read,key-3,50.963,1,false,leader-w3r3,10
2026-04-03T20:53:33.09596-07:00,read,key-8,52.041,4,false,leader-w3r3,10
2026-04-03T20:53:33.131253-07:00,read,key-3,53.420,1,false,leader-w3r3,10
2026-04-03T20:53:33.13111-07:00,read,key-5,53.599,5,false,leader-w3r3,10
2026-04-03T20:53:33.131169-07:00,read,key-3,53.609,1,false,leader-w3r3,10
2026-04-03T20:53:33.13291-07:00,read,key-0,53.060,4,false,leader-w3r3,10
2026-04-03T20:53:33.131107-07:00,read,key-1,58.191,7,false,leader-w3r3,10
2026-04-03T20:53:33.132859-07:00,read,key-7,56.445,5,false,leader-w3r3,10
2026-04-03T20:53:33.135525-07:00,read,key-9,53.825,5,false,leader-w3r3,10
2026-04-03T20:53:33.143261-07:00,read,key-5,50.837,5,false,leader-w3r3,10
2026-04-03T20:53:33.143171-07:00,read,key-7,51.006,5,false,leader-w3r3,10
2026-04-03T20:53:33.145793-07:00,read,key-4,51.108,7,false,leader-w3r3,10
2026-04-03T20:53:33.148003-07:00,read,key-1,52.486,7,false,leader-w3r3,10
2026-04-03T20:53:33.146738-07:00,read,key-0,54.150,4,false,leader-w3r3,10
2026-04-03T20:53:32.403217-07:00,write,key-7,805.871,3,false,leader-w3r3,10
2026-04-03T20:53:32.417264-07:00,write,key-6,809.046,5,false,leader-w3r3,10
2026-04-03T20:53:33.184675-07:00,read,key-6,54.591,6,false,leader-w3r3,10
2026-04-03T20:53:33.18471-07:00,read,key-2,56.324,3,false,leader-w3r3,10
2026-04-03T20:53:33.189307-07:00,read,key-9,51.942,5,false,leader-w3r3,10
2026-04-03T20:53:33.189301-07:00,read,key-9,51.963,5,false,leader-w3r3,10
2026-04-03T20:53:33.184781-07:00,read,key-7,56.588,5,false,leader-w3r3,10
2026-04-03T20:53:33.189352-07:00,read,key-9,52.109,5,false,leader-w3r3,10
2026-04-03T20:53:33.185972-07:00,read,key-6,55.522,6,false,leader-w3r3,10
2026-04-03T20:53:33.194101-07:00,read,key-8,51.098,4,false,leader-w3r3,10
2026-04-03T20:53:33.196903-07:00,read,key-2,57.298,3,false,leader-w3r3,10
2026-04-03T20:53:33.200491-07:00,read,key-1,53.710,7,false,leader-w3r3,10
2026-04-03T20:53:33.20089-07:00,read,key-1,53.550,7,false,leader-w3r3,10
2026-04-03T20:53:33.209088-07:00,read,key-6,55.865,6,false,leader-w3r3,10
2026-04-03T20:53:33.22631-07:00,read,key-6,52.795,6,false,leader-w3r3,10
2026-04-03T20:53:33.239269-07:00,read,key-4,53.248,8,false,leader-w3r3,10
2026-04-03T20:53:33.241266-07:00,read,key-9,53.084,5,false,leader-w3r3,10
2026-04-03T20:53:33.241036-07:00,read,key-2,53.314,3,false,leader-w3r3,10
2026-04-03T20:53:33.241251-07:00,read,key-7,53.193,5,false,leader-w3r3,10
2026-04-03T20:53:33.241495-07:00,read,key-7,52.957,5,false,leader-w3r3,10
2026-04-03T20:53:33.241371-07:00,read,key-9,53.922,5,false,leader-w3r3,10
2026-04-03T20:53:33.254205-07:00,read,key-3,52.988,2,false,leader-w3r3,10
2026-04-03T20:53:33.254442-07:00,read,key-8,54.474,4,false,leader-w3r3,10
2026-04-03T20:53:33.264956-07:00,read,key-1,52.251,8,false,leader-w3r3,10
2026-04-03T20:53:33.279108-07:00,read,key-4,54.995,8,false,leader-w3r3,10
2026-04-03T20:53:32.529817-07:00,write,key-6,806.589,6,false,leader-w3r3,10
2026-04-03T20:53:33.294454-07:00,read,key-6,53.870,6,false,leader-w3r3,10
2026-04-03T20:53:33.294446-07:00,read,key-2,54.048,4,false,leader-w3r3,10
2026-04-03T20:53:33.295295-07:00,read,key-2,53.719,4,false,leader-w3r3,10
2026-04-03T20:53:33.307196-07:00,read,key-9,54.115,5,false,leader-w3r3,10
2026-04-03T20:53:33.308919-07:00,read,key-5,53.081,5,false,leader-w3r3,10
2026-04-03T20:53:33.317211-07:00,read,key-7,51.991,5,false,leader-w3r3,10
2026-04-03T20:53:32.572204-07:00,write,key-7,806.670,4,false,leader-w3r3,10
2026-04-03T20:53:33.334107-07:00,read,key-4,56.859,8,false,leader-w3r3,10
2026-04-03T20:53:33.336407-07:00,read,key-6,55.082,6,false,leader-w3r3,10
2026-04-03T20:53:33.349016-07:00,read,key-6,51.015,6,false,leader-w3r3,10
2026-04-03T20:53:33.348328-07:00,read,key-3,51.732,3,false,leader-w3r3,10
2026-04-03T20:53:33.361315-07:00,read,key-1,55.175,8,false,leader-w3r3,10
2026-04-03T20:53:33.369207-07:00,read,key-8,52.621,6,false,leader-w3r3,10
2026-04-03T20:53:32.626549-07:00,write,key-8,804.220,4,false,leader-w3r3,10
2026-04-03T20:53:33.378878-07:00,read,key-1,54.949,8,false,leader-w3r3,10
2026-04-03T20:53:33.39097-07:00,read,key-3,52.752,3,false,leader-w3r3,10
2026-04-03T20:53:33.391492-07:00,read,key-9,55.165,5,false,leader-w3r3,10
2026-04-03T20:53:33.400063-07:00,read,key-2,51.038,3,false,leader-w3r3,10
2026-04-03T20:53:33.400035-07:00,read,key-6,51.086,6,false,leader-w3r3,10
2026-04-03T20:53:33.416495-07:00,read,key-7,54.450,5,false,leader-w3r3,10
2026-04-03T20:53:33.430774-07:00,read,key-4,54.781,8,false,leader-w3r3,10
2026-04-03T20:53:33.433832-07:00,read,key-1,53.638,8,false,leader-w3r3,10
2026-04-03T20:53:33.443727-07:00,read,key-3,54.673,3,false,leader-w3r3,10
2026-04-03T20:53:33.446662-07:00,read,key-3,52.425,1,false,leader-w3r3,10
2026-04-03T20:53:33.451103-07:00,read,key-2,51.099,4,false,leader-w3r3,10
2026-04-03T20:53:33.451124-07:00,read,key-8,51.244,6,false,leader-w3r3,10
2026-04-03T20:53:33.470952-07:00,read,key-0,60.823,6,false,leader-w3r3,10
2026-04-03T20:53:33.485561-07:00,read,key-6,54.964,6,false,leader-w3r3,10
2026-04-03T20:53:33.487475-07:00,read,key-9,53.187,6,false,leader-w3r3,10
2026-04-03T20:53:33.498405-07:00,read,key-9,51.762,5,false,leader-w3r3,10
2026-04-03T20:53:33.49909-07:00,read,key-3,51.287,3,false,leader-w3r3,10
2026-04-03T20:53:33.502206-07:00,read,key-4,53.916,8,false,leader-w3r3,10
2026-04-03T20:53:33.502372-07:00,read,key-1,53.945,8,false,leader-w3r3,10
2026-04-03T20:53:33.531782-07:00,read,key-7,55.115,5,false,leader-w3r3,10
2026-04-03T20:53:33.54053-07:00,read,key-3,52.583,3,false,leader-w3r3,10
2026-04-03T20:53:33.540664-07:00,read,key-2,52.584,3,false,leader-w3r3,10
2026-04-03T20:53:32.79358-07:00,write,key-2,806.520,3,false,leader-w3r3,10
2026-04-03T20:53:33.55038-07:00,read,key-4,52.682,8,false,leader-w3r3,10
2026-04-03T20:53:33.550172-07:00,read,key-3,52.983,3,false,leader-w3r3,10
2026-04-03T20:53:33.556126-07:00,read,key-4,52.014,8,false,leader-w3r3,10
2026-04-03T20:53:33.556319-07:00,read,key-7,57.124,5,false,leader-w3r3,10
2026-04-03T20:53:33.586907-07:00,read,key-9,53.248,5,false,leader-w3r3,10
2026-04-03T20:53:33.593251-07:00,read,key-5,53.940,5,false,leader-w3r3,10
2026-04-03T20:53:33.600103-07:00,read,key-6,50.850,6,false,leader-w3r3,10
2026-04-03T20:53:33.603158-07:00,read,key-2,58.971,5,false,leader-w3r3,10
2026-04-03T20:53:33.603065-07:00,read,key-1,59.098,8,false,leader-w3r3,10
2026-04-03T20:53:33.613447-07:00,read,key-2,51.488,5,false,leader-w3r3,10
2026-04-03T20:53:32.866279-07:00,write,key-7,807.569,5,false,leader-w3r3,10
2026-04-03T20:53:33.64016-07:00,read,key-0,55.657,7,false,leader-w3r3,10
2026-04-03T20:53:33.647195-07:00,read,key-2,51.938,5,false,leader-w3r3,10
2026-04-03T20:53:33.650957-07:00,read,key-0,51.199,7,false,leader-w3r3,10
2026-04-03T20:53:33.662133-07:00,read,key-3,57.062,3,false,leader-w3r3,10
2026-04-03T20:53:33.662166-07:00,read,key-9,57.074,6,false,leader-w3r3,10
2026-04-03T20:53:33.664939-07:00,read,key-1,54.384,8,false,leader-w3r3,10
2026-04-03T20:53:33.673849-07:00,read,key-9,53.175,6,false,leader-w3r3,10
2026-04-03T20:53:33.695825-07:00,read,key-3,53.394,3,false,leader-w3r3,10
2026-04-03T20:53:33.699137-07:00,read,key-3,52.316,3,false,leader-w3r3,10
2026-04-03T20:53:33.702158-07:00,read,key-6,51.324,6,false,leader-w3r3,10
2026-04-03T20:53:33.719325-07:00,read,key-2,54.618,5,false,leader-w3r3,10
2026-04-03T20:53:33.719242-07:00,read,key-2,54.714,5,false,leader-w3r3,10
2026-04-03T20:53:33.719199-07:00,read,key-6,54.863,6,false,leader-w3r3,10
2026-04-03T20:53:33.727027-07:00,read,key-7,51.972,5,false,leader-w3r3,10
2026-04-03T20:53:33.751458-07:00,read,key-9,55.516,6,false,leader-w3r3,10
2026-04-03T20:53:33.749226-07:00,read,key-5,57.832,5,false,leader-w3r3,10
2026-04-03T20:53:33.017321-07:00,write,key-5,804.263,5,false,leader-w3r3,10
2026-04-03T20:53:33.773959-07:00,read,key-6,56.976,6,false,leader-w3r3,10
2026-04-03T20:53:33.773948-07:00,read,key-3,57.687,3,false,leader-w3r3,10
2026-04-03T20:53:33.774064-07:00,read,key-1,57.700,8,false,leader-w3r3,10
2026-04-03T20:53:33.779005-07:00,read,key-8,54.695,6,false,leader-w3r3,10
2026-04-03T20:53:33.80698-07:00,read,key-4,54.809,9,false,leader-w3r3,10
2026-04-03T20:53:33.821587-07:00,read,key-4,52.483,8,false,leader-w3r3,10
2026-04-03T20:53:33.831639-07:00,read,key-4,54.362,8,false,leader-w3r3,10
2026-04-03T20:53:33.83094-07:00,read,key-4,55.086,9,false,leader-w3r3,10
2026-04-03T20:53:33.831768-07:00,read,key-0,54.329,7,false,leader-w3r3,10
2026-04-03T20:53:33.833704-07:00,read,key-3,52.404,3,false,leader-w3r3,10
2026-04-03T20:53:33.861796-07:00,read,key-4,52.707,9,false,leader-w3r3,10
2026-04-03T20:53:33.874077-07:00,read,key-8,53.585,6,false,leader-w3r3,10
2026-04-03T20:53:33.886012-07:00,read,key-4,54.074,9,false,leader-w3r3,10
2026-04-03T20:53:33.886029-07:00,read,key-9,54.808,6,false,leader-w3r3,10
2026-04-03T20:53:33.886111-07:00,read,key-6,54.805,6,false,leader-w3r3,10
2026-04-03T20:53:33.914508-07:00,read,key-2,54.380,6,false,leader-w3r3,10
2026-04-03T20:53:33.927666-07:00,read,key-8,55.065,6,false,leader-w3r3,10
2026-04-03T20:53:33.940091-07:00,read,key-2,54.124,6,false,leader-w3r3,10
2026-04-03T20:53:33.940918-07:00,read,key-5,53.387,5,false,leader-w3r3,10
2026-04-03T20:53:33.940841-07:00,read,key-4,53.620,9,false,leader-w3r3,10
2026-04-03T20:53:33.194179-07:00,write,key-3,808.372,2,false,leader-w3r3,10
2026-04-03T20:53:33.968896-07:00,read,key-5,53.017,5,false,leader-w3r3,10
2026-04-03T20:53:33.982736-07:00,read,key-1,53.463,8,false,leader-w3r3,10
2026-04-03T20:53:33.994227-07:00,read,key-0,55.807,7,false,leader-w3r3,10
2026-04-03T20:53:33.245201-07:00,write,key-4,804.850,8,false,leader-w3r3,10
2026-04-03T20:53:33.99431-07:00,read,key-9,55.795,6,false,leader-w3r3,10
2026-04-03T20:53:33.994464-07:00,read,key-8,55.719,6,false,leader-w3r3,10
2026-04-03T20:53:33.241486-07:00,write,key-0,809.303,5,false,leader-w3r3,10
2026-04-03T20:53:34.002554-07:00,read,key-1,51.555,8,false,leader-w3r3,10
2026-04-03T20:53:33.254204-07:00,write,key-8,808.174,5,false,leader-w3r3,10
2026-04-03T20:53:34.036204-07:00,read,key-7,53.563,6,false,leader-w3r3,10
2026-04-03T20:53:33.292521-07:00,write,key-1,806.158,8,false,leader-w3r3,10
2026-04-03T20:53:33.294353-07:00,write,key-8,805.678,6,false,leader-w3r3,10
2026-04-03T20:53:33.294353-07:00,write,key-2,805.768,4,false,leader-w3r3,10
2026-04-03T20:53:34.050185-07:00,read,key-7,51.132,6,false,leader-w3r3,10
2026-04-03T20:53:34.050052-07:00,read,key-9,51.329,6,false,leader-w3r3,10
2026-04-03T20:53:34.050789-07:00,read,key-0,51.243,7,false,leader-w3r3,10
2026-04-03T20:53:34.050038-07:00,read,key-5,55.417,5,false,leader-w3r3,10
2026-04-03T20:53:34.050107-07:00,read,key-5,55.397,5,false,leader-w3r3,10
2026-04-03T20:53:34.054113-07:00,read,key-5,52.662,5,false,leader-w3r3,10
2026-04-03T20:53:34.062379-07:00,read,key-6,51.677,6,false,leader-w3r3,10
2026-04-03T20:53:34.089772-07:00,read,key-3,55.430,3,false,leader-w3r3,10
2026-04-03T20:53:34.101383-07:00,read,key-2,52.685,6,false,leader-w3r3,10
2026-04-03T20:53:34.100121-07:00,read,key-1,54.062,8,false,leader-w3r3,10
2026-04-03T20:53:34.100031-07:00,read,key-5,54.217,5,false,leader-w3r3,10
2026-04-03T20:53:33.348496-07:00,write,key-3,805.864,3,false,leader-w3r3,10
2026-04-03T20:53:34.10132-07:00,read,key-2,53.121,6,false,leader-w3r3,10
2026-04-03T20:53:34.102034-07:00,read,key-5,52.479,6,false,leader-w3r3,10
2026-04-03T20:53:34.106778-07:00,read,key-3,51.321,3,false,leader-w3r3,10
2026-04-03T20:53:34.105459-07:00,read,key-9,55.498,6,false,leader-w3r3,10
2026-04-03T20:53:34.105506-07:00,read,key-6,55.468,6,false,leader-w3r3,10
2026-04-03T20:53:33.362003-07:00,write,key-0,806.332,6,false,leader-w3r3,10
2026-04-03T20:53:34.11406-07:00,read,key-7,54.328,6,false,leader-w3r3,10
2026-04-03T20:53:34.145207-07:00,read,key-8,54.861,6,false,leader-w3r3,10
2026-04-03T20:53:34.154071-07:00,read,key-0,54.197,7,false,leader-w3r3,10
2026-04-03T20:53:34.154442-07:00,read,key-1,53.844,8,false,leader-w3r3,10
2026-04-03T20:53:34.154184-07:00,read,key-9,54.246,6,false,leader-w3r3,10
2026-04-03T20:53:34.154361-07:00,read,key-8,54.092,7,false,leader-w3r3,10
2026-04-03T20:53:34.15425-07:00,read,key-9,54.272,6,false,leader-w3r3,10
2026-04-03T20:53:34.154515-07:00,read,key-8,54.111,7,false,leader-w3r3,10
2026-04-03T20:53:34.158102-07:00,read,key-5,51.263,6,false,leader-w3r3,10
2026-04-03T20:53:34.16096-07:00,read,key-4,51.384,9,false,leader-w3r3,10
2026-04-03T20:53:34.160976-07:00,read,key-8,57.928,7,false,leader-w3r3,10
2026-04-03T20:53:34.168336-07:00,read,key-6,51.612,7,false,leader-w3r3,10
2026-04-03T20:53:34.168391-07:00,read,key-3,53.604,3,false,leader-w3r3,10
2026-04-03T20:53:33.421833-07:00,write,key-9,804.430,6,false,leader-w3r3,10
2026-04-03T20:53:34.200075-07:00,read,key-0,62.021,7,false,leader-w3r3,10
2026-04-03T20:53:34.208288-07:00,read,key-3,53.907,3,false,leader-w3r3,10
2026-04-03T20:53:34.208454-07:00,read,key-0,53.842,7,false,leader-w3r3,10
2026-04-03T20:53:34.209367-07:00,read,key-0,53.636,7,false,leader-w3r3,10
2026-04-03T20:53:34.208628-07:00,read,key-9,54.390,6,false,leader-w3r3,10
2026-04-03T20:53:34.208272-07:00,read,key-9,54.787,6,false,leader-w3r3,10
2026-04-03T20:53:34.212348-07:00,read,key-1,51.197,8,false,leader-w3r3,10
2026-04-03T20:53:34.208432-07:00,read,key-0,55.170,7,false,leader-w3r3,10
2026-04-03T20:53:34.221998-07:00,read,key-4,53.208,9,false,leader-w3r3,10
2026-04-03T20:53:34.219951-07:00,read,key-1,55.894,8,false,leader-w3r3,10
2026-04-03T20:53:34.218907-07:00,read,key-7,56.938,6,false,leader-w3r3,10
2026-04-03T20:53:34.226264-07:00,read,key-1,57.018,8,false,leader-w3r3,10
2026-04-03T20:53:34.263547-07:00,read,key-4,55.740,9,false,leader-w3r3,10
2026-04-03T20:53:34.262198-07:00,read,key-0,57.089,7,false,leader-w3r3,10
2026-04-03T20:53:34.262102-07:00,read,key-3,57.252,3,false,leader-w3r3,10
2026-04-03T20:53:34.263603-07:00,read,key-5,55.753,6,false,leader-w3r3,10
2026-04-03T20:53:34.262298-07:00,read,key-0,57.118,7,false,leader-w3r3,10
2026-04-03T20:53:34.26302-07:00,read,key-0,56.463,7,false,leader-w3r3,10
2026-04-03T20:53:34.263006-07:00,read,key-9,56.535,6,false,leader-w3r3,10
2026-04-03T20:53:34.263061-07:00,read,key-7,56.488,6,false,leader-w3r3,10
2026-04-03T20:53:34.275848-07:00,read,key-1,51.073,8,false,leader-w3r3,10
2026-04-03T20:53:34.27521-07:00,read,key-2,51.739,6,false,leader-w3r3,10
2026-04-03T20:53:34.275847-07:00,read,key-1,51.593,8,false,leader-w3r3,10
2026-04-03T20:53:34.283285-07:00,read,key-3,52.172,3,false,leader-w3r3,10
2026-04-03T20:53:34.319543-07:00,read,key-4,56.746,9,false,leader-w3r3,10
2026-04-03T20:53:34.319356-07:00,read,key-4,56.999,9,false,leader-w3r3,10
2026-04-03T20:53:34.319551-07:00,read,key-3,56.843,3,false,leader-w3r3,10
2026-04-03T20:53:34.319291-07:00,read,key-2,57.165,6,false,leader-w3r3,10
2026-04-03T20:53:34.319484-07:00,read,key-1,57.050,8,false,leader-w3r3,10
2026-04-03T20:53:34.319418-07:00,read,key-0,57.212,7,false,leader-w3r3,10
2026-04-03T20:53:34.319291-07:00,read,key-9,57.341,6,false,leader-w3r3,10
2026-04-03T20:53:34.326951-07:00,read,key-8,51.002,7,false,leader-w3r3,10
2026-04-03T20:53:34.326924-07:00,read,key-9,51.374,6,false,leader-w3r3,10
2026-04-03T20:53:34.327442-07:00,read,key-0,55.586,7,false,leader-w3r3,10
2026-04-03T20:53:34.33546-07:00,read,key-5,51.863,6,false,leader-w3r3,10
2026-04-03T20:53:33.593118-07:00,write,key-0,808.786,7,false,leader-w3r3,10
2026-04-03T20:53:33.608146-07:00,write,key-2,802.014,5,false,leader-w3r3,10
2026-04-03T20:53:34.376356-07:00,read,key-5,53.037,6,false,leader-w3r3,10
2026-04-03T20:53:34.376634-07:00,read,key-6,52.797,7,false,leader-w3r3,10
2026-04-03T20:53:34.376459-07:00,read,key-7,53.035,6,false,leader-w3r3,10
2026-04-03T20:53:34.376292-07:00,read,key-7,53.101,6,false,leader-w3r3,10
2026-04-03T20:53:34.376536-07:00,read,key-5,52.999,6,false,leader-w3r3,10
2026-04-03T20:53:34.377955-07:00,read,key-6,52.557,7,false,leader-w3r3,10
2026-04-03T20:53:34.376632-07:00,read,key-5,55.872,6,false,leader-w3r3,10
2026-04-03T20:53:34.38303-07:00,read,key-9,51.911,7,false,leader-w3r3,10
2026-04-03T20:53:34.387326-07:00,read,key-0,50.948,7,false,leader-w3r3,10
2026-04-03T20:53:34.401907-07:00,read,key-9,53.758,7,false,leader-w3r3,10
2026-04-03T20:53:34.410161-07:00,read,key-4,52.931,10,false,leader-w3r3,10
2026-04-03T20:53:34.429495-07:00,read,key-0,53.505,7,false,leader-w3r3,10
2026-04-03T20:53:34.429434-07:00,read,key-5,53.641,6,false,leader-w3r3,10
2026-04-03T20:53:34.430514-07:00,read,key-7,52.592,7,false,leader-w3r3,10
2026-04-03T20:53:34.429526-07:00,read,key-5,53.603,6,false,leader-w3r3,10
2026-04-03T20:53:34.432506-07:00,read,key-9,53.095,7,false,leader-w3r3,10
2026-04-03T20:53:34.429536-07:00,read,key-7,56.197,7,false,leader-w3r3,10
2026-04-03T20:53:34.434945-07:00,read,key-3,50.847,3,false,leader-w3r3,10
2026-04-03T20:53:34.438277-07:00,read,key-8,59.909,7,false,leader-w3r3,10
2026-04-03T20:53:34.463096-07:00,read,key-9,51.937,7,false,leader-w3r3,10
2026-04-03T20:53:34.455669-07:00,read,key-1,59.478,8,false,leader-w3r3,10
2026-04-03T20:53:34.483108-07:00,read,key-0,52.512,7,false,leader-w3r3,10
2026-04-03T20:53:34.483131-07:00,read,key-9,52.513,7,false,leader-w3r3,10
2026-04-03T20:53:34.485735-07:00,read,key-0,53.175,7,false,leader-w3r3,10
2026-04-03T20:53:34.483004-07:00,read,key-5,55.966,6,false,leader-w3r3,10
2026-04-03T20:53:34.483076-07:00,read,key-4,56.087,10,false,leader-w3r3,10
2026-04-03T20:53:34.485794-07:00,read,key-6,53.394,7,false,leader-w3r3,10
2026-04-03T20:53:34.485604-07:00,read,key-3,54.084,3,false,leader-w3r3,10
2026-04-03T20:53:34.498189-07:00,read,key-8,56.143,7,false,leader-w3r3,10
2026-04-03T20:53:33.753486-07:00,write,key-4,808.834,9,false,leader-w3r3,10
2026-04-03T20:53:34.51515-07:00,read,key-6,52.847,7,false,leader-w3r3,10
2026-04-03T20:53:34.515035-07:00,read,key-6,53.213,7,false,leader-w3r3,10
2026-04-03T20:53:34.535645-07:00,read,key-2,56.424,7,false,leader-w3r3,10
2026-04-03T20:53:34.538912-07:00,read,key-7,53.344,7,false,leader-w3r3,10
2026-04-03T20:53:34.538971-07:00,read,key-7,53.387,7,false,leader-w3r3,10
2026-04-03T20:53:34.535622-07:00,read,key-0,56.966,7,false,leader-w3r3,10
2026-04-03T20:53:34.539689-07:00,read,key-6,52.982,7,false,leader-w3r3,10
2026-04-03T20:53:34.539165-07:00,read,key-7,53.550,7,false,leader-w3r3,10
2026-04-03T20:53:34.53919-07:00,read,key-4,56.053,10,false,leader-w3r3,10
2026-04-03T20:53:34.554336-07:00,read,key-8,51.674,7,false,leader-w3r3,10
2026-04-03T20:53:33.807062-07:00,write,key-2,803.523,6,false,leader-w3r3,10
2026-04-03T20:53:34.56232-07:00,read,key-3,53.731,3,false,leader-w3r3,10
2026-04-03T20:53:34.568001-07:00,read,key-0,58.037,7,false,leader-w3r3,10
2026-04-03T20:53:34.56825-07:00,read,key-1,57.833,8,false,leader-w3r3,10
2026-04-03T20:53:34.592074-07:00,read,key-5,55.369,6,false,leader-w3r3,10
2026-04-03T20:53:34.592589-07:00,read,key-4,55.674,10,false,leader-w3r3,10
2026-04-03T20:53:34.592257-07:00,read,key-2,56.038,7,false,leader-w3r3,10
2026-04-03T20:53:34.592673-07:00,read,key-0,55.643,7,false,leader-w3r3,10
2026-04-03T20:53:34.592716-07:00,read,key-7,56.539,6,false,leader-w3r3,10
2026-04-03T20:53:34.592359-07:00,read,key-5,56.973,6,false,leader-w3r3,10
2026-04-03T20:53:34.595246-07:00,read,key-3,54.297,3,false,leader-w3r3,10
2026-04-03T20:53:34.606013-07:00,read,key-9,50.967,7,false,leader-w3r3,10
2026-04-03T20:53:34.610586-07:00,read,key-5,53.045,6,false,leader-w3r3,10
2026-04-03T20:53:34.626085-07:00,read,key-0,54.855,7,false,leader-w3r3,10
2026-04-03T20:53:34.626041-07:00,read,key-4,54.904,10,false,leader-w3r3,10
2026-04-03T20:53:34.649334-07:00,read,key-2,54.579,7,false,leader-w3r3,10
2026-04-03T20:53:33.886099-07:00,write,key-7,818.089,6,false,leader-w3r3,10
2026-04-03T20:53:34.649258-07:00,read,key-8,54.984,7,false,leader-w3r3,10
2026-04-03T20:53:34.647447-07:00,read,key-8,56.814,7,false,leader-w3r3,10
2026-04-03T20:53:34.649546-07:00,read,key-5,54.798,6,false,leader-w3r3,10
2026-04-03T20:53:34.648267-07:00,read,key-4,56.147,10,false,leader-w3r3,10
2026-04-03T20:53:34.648318-07:00,read,key-8,56.145,7,false,leader-w3r3,10
2026-04-03T20:53:34.656983-07:00,read,key-6,51.584,7,false,leader-w3r3,10
2026-04-03T20:53:34.663634-07:00,read,key-1,51.367,8,false,leader-w3r3,10
2026-04-03T20:53:34.680947-07:00,read,key-5,54.566,6,false,leader-w3r3,10
2026-04-03T20:53:34.680943-07:00,read,key-9,54.569,7,false,leader-w3r3,10
2026-04-03T20:53:34.704188-07:00,read,key-4,53.758,10,false,leader-w3r3,10
2026-04-03T20:53:34.704415-07:00,read,key-7,53.671,8,false,leader-w3r3,10
2026-04-03T20:53:34.704345-07:00,read,key-0,53.872,7,false,leader-w3r3,10
2026-04-03T20:53:34.703917-07:00,read,key-5,54.417,6,false,leader-w3r3,10
2026-04-03T20:53:34.704262-07:00,read,key-8,54.153,7,false,leader-w3r3,10
2026-04-03T20:53:34.704465-07:00,read,key-2,53.978,7,false,leader-w3r3,10
2026-04-03T20:53:34.70857-07:00,read,key-5,52.524,6,false,leader-w3r3,10
2026-04-03T20:53:34.715003-07:00,read,key-6,51.134,7,false,leader-w3r3,10
2026-04-03T20:53:34.735549-07:00,read,key-8,61.732,7,false,leader-w3r3,10
2026-04-03T20:53:34.735517-07:00,read,key-3,61.780,5,false,leader-w3r3,10
2026-04-03T20:53:34.758088-07:00,read,key-6,51.110,7,false,leader-w3r3,10
2026-04-03T20:53:34.758336-07:00,read,key-4,52.754,10,false,leader-w3r3,10
2026-04-03T20:53:34.757953-07:00,read,key-5,53.439,6,false,leader-w3r3,10
2026-04-03T20:53:34.75822-07:00,read,key-4,53.296,10,false,leader-w3r3,10
2026-04-03T20:53:34.761098-07:00,read,key-8,52.763,7,false,leader-w3r3,10
2026-04-03T20:53:34.758445-07:00,read,key-1,55.487,9,false,leader-w3r3,10
2026-04-03T20:53:34.76617-07:00,read,key-6,51.901,7,false,leader-w3r3,10
2026-04-03T20:53:34.021918-07:00,write,key-5,801.970,6,false,leader-w3r3,10
2026-04-03T20:53:34.797288-07:00,read,key-6,52.993,7,false,leader-w3r3,10
2026-04-03T20:53:34.797302-07:00,read,key-5,58.915,7,false,leader-w3r3,10
2026-04-03T20:53:34.813867-07:00,read,key-5,51.696,6,false,leader-w3r3,10
2026-04-03T20:53:34.809202-07:00,read,key-0,63.116,7,false,leader-w3r3,10
2026-04-03T20:53:34.811396-07:00,read,key-7,60.924,8,false,leader-w3r3,10
2026-04-03T20:53:34.811093-07:00,read,key-8,61.306,7,false,leader-w3r3,10
2026-04-03T20:53:34.813934-07:00,read,key-5,60.137,7,false,leader-w3r3,10
2026-04-03T20:53:34.818075-07:00,read,key-4,56.440,10,false,leader-w3r3,10
2026-04-03T20:53:34.823888-07:00,read,key-2,51.001,7,false,leader-w3r3,10
2026-04-03T20:53:34.098681-07:00,write,key-8,805.111,7,false,leader-w3r3,10
2026-04-03T20:53:34.856221-07:00,read,key-8,54.909,7,false,leader-w3r3,10
2026-04-03T20:53:34.865568-07:00,read,key-2,51.374,7,false,leader-w3r3,10
2026-04-03T20:53:34.872325-07:00,read,key-7,52.501,9,false,leader-w3r3,10
2026-04-03T20:53:34.872325-07:00,read,key-1,52.533,9,false,leader-w3r3,10
2026-04-03T20:53:34.874517-07:00,read,key-0,50.853,7,false,leader-w3r3,10
2026-04-03T20:53:34.874075-07:00,read,key-9,51.428,7,false,leader-w3r3,10
2026-04-03T20:53:34.874896-07:00,read,key-7,50.667,9,false,leader-w3r3,10
2026-04-03T20:53:34.872401-07:00,read,key-4,55.871,11,false,leader-w3r3,10
2026-04-03T20:53:34.903794-07:00,read,key-0,51.299,7,false,leader-w3r3,10
2026-04-03T20:53:34.911133-07:00,read,key-8,51.818,7,false,leader-w3r3,10
2026-04-03T20:53:34.916947-07:00,read,key-2,50.977,7,false,leader-w3r3,10
2026-04-03T20:53:34.924861-07:00,read,key-8,52.101,7,false,leader-w3r3,10
2026-04-03T20:53:34.924829-07:00,read,key-4,52.280,10,false,leader-w3r3,10
2026-04-03T20:53:34.925565-07:00,read,key-3,51.597,5,false,leader-w3r3,10
2026-04-03T20:53:34.925511-07:00,read,key-2,51.682,7,false,leader-w3r3,10
2026-04-03T20:53:34.928274-07:00,read,key-2,51.573,7,false,leader-w3r3,10
2026-04-03T20:53:34.955096-07:00,read,key-0,52.549,7,false,leader-w3r3,10
2026-04-03T20:53:34.208524-07:00,write,key-6,803.893,7,false,leader-w3r3,10
2026-04-03T20:53:34.962954-07:00,read,key-2,51.539,7,false,leader-w3r3,10
2026-04-03T20:53:34.967926-07:00,read,key-9,50.993,7,false,leader-w3r3,10
2026-04-03T20:53:34.977195-07:00,read,key-1,51.726,9,false,leader-w3r3,10
2026-04-03T20:53:34.977163-07:00,read,key-9,52.248,7,false,leader-w3r3,10
2026-04-03T20:53:34.977111-07:00,read,key-5,53.214,7,false,leader-w3r3,10
2026-04-03T20:53:34.976964-07:00,read,key-7,53.361,9,false,leader-w3r3,10
2026-04-03T20:53:34.97985-07:00,read,key-0,50.960,7,false,leader-w3r3,10
2026-04-03T20:53:35.007648-07:00,read,key-9,53.214,7,false,leader-w3r3,10
2026-04-03T20:53:35.012419-07:00,read,key-3,53.346,5,false,leader-w3r3,10
2026-04-03T20:53:35.014496-07:00,read,key-9,52.968,7,false,leader-w3r3,10
2026-04-03T20:53:35.018922-07:00,read,key-1,51.042,9,false,leader-w3r3,10
2026-04-03T20:53:35.030327-07:00,read,key-6,51.894,7,false,leader-w3r3,10
2026-04-03T20:53:35.028924-07:00,read,key-8,53.382,7,false,leader-w3r3,10
2026-04-03T20:53:35.029413-07:00,read,key-7,53.462,9,false,leader-w3r3,10
2026-04-03T20:53:35.030327-07:00,read,key-3,58.101,5,false,leader-w3r3,10
2026-04-03T20:53:35.030811-07:00,read,key-9,57.625,7,false,leader-w3r3,10
2026-04-03T20:53:35.060866-07:00,read,key-8,53.927,7,false,leader-w3r3,10
2026-04-03T20:53:35.067467-07:00,read,key-3,54.582,5,false,leader-w3r3,10
2026-04-03T20:53:35.065768-07:00,read,key-5,56.521,7,false,leader-w3r3,10
2026-04-03T20:53:34.319357-07:00,write,key-9,805.681,7,false,leader-w3r3,10
2026-04-03T20:53:35.069967-07:00,read,key-4,55.137,10,false,leader-w3r3,10
2026-04-03T20:53:35.082878-07:00,read,key-6,55.397,7,false,leader-w3r3,10
2026-04-03T20:53:35.082224-07:00,read,key-6,56.156,7,false,leader-w3r3,10
2026-04-03T20:53:35.082308-07:00,read,key-8,57.175,7,false,leader-w3r3,10
2026-04-03T20:53:35.088438-07:00,read,key-2,53.953,7,false,leader-w3r3,10
2026-04-03T20:53:35.08843-07:00,read,key-5,53.974,7,false,leader-w3r3,10
2026-04-03T20:53:35.114903-07:00,read,key-3,54.615,5,false,leader-w3r3,10
2026-04-03T20:53:35.122292-07:00,read,key-9,55.143,7,false,leader-w3r3,10
2026-04-03T20:53:35.122053-07:00,read,key-2,55.500,8,false,leader-w3r3,10
2026-04-03T20:53:35.125106-07:00,read,key-6,53.167,7,false,leader-w3r3,10
2026-04-03T20:53:34.376396-07:00,write,key-2,804.743,7,false,leader-w3r3,10
2026-04-03T20:53:34.378299-07:00,write,key-4,805.740,10,false,leader-w3r3,10
2026-04-03T20:53:35.13828-07:00,read,key-2,53.001,8,false,leader-w3r3,10
2026-04-03T20:53:35.139488-07:00,read,key-3,51.983,5,false,leader-w3r3,10
2026-04-03T20:53:35.138382-07:00,read,key-0,53.134,7,false,leader-w3r3,10
2026-04-03T20:53:35.142406-07:00,read,key-3,54.301,5,false,leader-w3r3,10
2026-04-03T20:53:35.142394-07:00,read,key-3,56.864,5,false,leader-w3r3,10
2026-04-03T20:53:35.169526-07:00,read,key-4,53.845,11,false,leader-w3r3,10
2026-04-03T20:53:35.177439-07:00,read,key-3,52.883,5,false,leader-w3r3,10
2026-04-03T20:53:35.177556-07:00,read,key-5,52.984,7,false,leader-w3r3,10
2026-04-03T20:53:35.178278-07:00,read,key-8,54.038,7,false,leader-w3r3,10
2026-04-03T20:53:35.181139-07:00,read,key-3,53.014,5,false,leader-w3r3,10
2026-04-03T20:53:34.429398-07:00,write,key-7,804.761,7,false,leader-w3r3,10
2026-04-03T20:53:35.184041-07:00,read,key-0,52.071,7,false,leader-w3r3,10
2026-04-03T20:53:35.191474-07:00,read,key-0,51.532,7,false,leader-w3r3,10
2026-04-03T20:53:35.196712-07:00,read,key-4,51.320,11,false,leader-w3r3,10
2026-04-03T20:53:35.199262-07:00,read,key-6,51.715,7,false,leader-w3r3,10
2026-04-03T20:53:35.223378-07:00,read,key-8,53.978,7,false,leader-w3r3,10
2026-04-03T20:53:35.230327-07:00,read,key-8,55.308,7,false,leader-w3r3,10
2026-04-03T20:53:35.234161-07:00,read,key-4,51.827,11,false,leader-w3r3,10
2026-04-03T20:53:35.232321-07:00,read,key-2,55.791,8,false,leader-w3r3,10
2026-04-03T20:53:35.230543-07:00,read,key-8,57.617,8,false,leader-w3r3,10
2026-04-03T20:53:35.236117-07:00,read,key-7,54.871,9,false,leader-w3r3,10
2026-04-03T20:53:35.234157-07:00,read,key-0,56.907,7,false,leader-w3r3,10
2026-04-03T20:53:35.24301-07:00,read,key-3,54.498,5,false,leader-w3r3,10
2026-04-03T20:53:35.248035-07:00,read,key-5,52.088,7,false,leader-w3r3,10
2026-04-03T20:53:35.25098-07:00,read,key-0,50.860,9,false,leader-w3r3,10
2026-04-03T20:53:35.27736-07:00,read,key-1,54.851,10,false,leader-w3r3,10
2026-04-03T20:53:35.285639-07:00,read,key-5,52.259,7,false,leader-w3r3,10
2026-04-03T20:53:35.28599-07:00,read,key-6,52.433,7,false,leader-w3r3,10
2026-04-03T20:53:35.288116-07:00,read,key-5,51.740,7,false,leader-w3r3,10
2026-04-03T20:53:35.290995-07:00,read,key-7,50.845,9,false,leader-w3r3,10
2026-04-03T20:53:35.297511-07:00,read,key-1,52.376,10,false,leader-w3r3,10
2026-04-03T20:53:35.301842-07:00,read,key-5,51.944,7,false,leader-w3r3,10
2026-04-03T20:53:35.300126-07:00,read,key-9,53.785,7,false,leader-w3r3,10
2026-04-03T20:53:35.332216-07:00,read,key-4,53.062,11,false,leader-w3r3,10
2026-04-03T20:53:35.337901-07:00,read,key-9,50.975,7,false,leader-w3r3,10
2026-04-03T20:53:35.339858-07:00,read,key-0,52.245,9,false,leader-w3r3,10
2026-04-03T20:53:35.338424-07:00,read,key-9,53.717,7,false,leader-w3r3,10
2026-04-03T20:53:35.341842-07:00,read,key-5,52.189,7,false,leader-w3r3,10
2026-04-03T20:53:35.34989-07:00,read,key-7,51.044,9,false,leader-w3r3,10
2026-04-03T20:53:35.353788-07:00,read,key-8,52.037,7,false,leader-w3r3,10
2026-04-03T20:53:35.353913-07:00,read,key-5,51.929,7,false,leader-w3r3,10
2026-04-03T20:53:34.616053-07:00,write,key-3,803.040,4,false,leader-w3r3,10
2026-04-03T20:53:35.385281-07:00,read,key-7,51.531,9,false,leader-w3r3,10
2026-04-03T20:53:35.388877-07:00,read,key-5,51.851,7,false,leader-w3r3,10
2026-04-03T20:53:35.392104-07:00,read,key-8,51.086,8,false,leader-w3r3,10
2026-04-03T20:53:35.392142-07:00,read,key-9,51.065,7,false,leader-w3r3,10
2026-04-03T20:53:34.648298-07:00,write,key-3,804.519,5,false,leader-w3r3,10
2026-04-03T20:53:35.400937-07:00,read,key-9,51.936,7,false,leader-w3r3,10
2026-04-03T20:53:35.405827-07:00,read,key-7,52.033,9,false,leader-w3r3,10
2026-04-03T20:53:35.405844-07:00,read,key-5,52.491,7,false,leader-w3r3,10
2026-04-03T20:53:35.419095-07:00,read,key-8,60.773,8,false,leader-w3r3,10
2026-04-03T20:53:35.436816-07:00,read,key-2,53.288,8,false,leader-w3r3,10
2026-04-03T20:53:35.440731-07:00,read,key-7,53.264,9,false,leader-w3r3,10
2026-04-03T20:53:35.443209-07:00,read,key-3,50.833,5,false,leader-w3r3,10
2026-04-03T20:53:35.452818-07:00,read,key-1,53.452,10,false,leader-w3r3,10
2026-04-03T20:53:35.452875-07:00,read,key-5,53.434,7,false,leader-w3r3,10
2026-04-03T20:53:34.704244-07:00,write,key-7,803.869,8,false,leader-w3r3,10
2026-04-03T20:53:35.457863-07:00,read,key-6,54.115,7,false,leader-w3r3,10
2026-04-03T20:53:35.458337-07:00,read,key-7,53.656,9,false,leader-w3r3,10
2026-04-03T20:53:35.479873-07:00,read,key-1,58.244,10,false,leader-w3r3,10
2026-04-03T20:53:35.490108-07:00,read,key-6,51.134,8,false,leader-w3r3,10
2026-04-03T20:53:35.494044-07:00,read,key-2,53.411,9,false,leader-w3r3,10
2026-04-03T20:53:35.493997-07:00,read,key-9,54.104,7,false,leader-w3r3,10
2026-04-03T20:53:35.506274-07:00,read,key-8,56.807,8,false,leader-w3r3,10
2026-04-03T20:53:35.508114-07:00,read,key-3,54.993,5,false,leader-w3r3,10
2026-04-03T20:53:34.758418-07:00,write,key-1,804.786,9,false,leader-w3r3,10
2026-04-03T20:53:35.511994-07:00,read,key-5,52.924,7,false,leader-w3r3,10
2026-04-03T20:53:35.511981-07:00,read,key-2,53.166,10,false,leader-w3r3,10
2026-04-03T20:53:35.538123-07:00,read,key-5,57.702,7,false,leader-w3r3,10
2026-04-03T20:53:35.548104-07:00,read,key-6,50.907,8,false,leader-w3r3,10
2026-04-03T20:53:35.547459-07:00,read,key-0,51.568,9,false,leader-w3r3,10
2026-04-03T20:53:35.563086-07:00,read,key-7,52.559,11,false,leader-w3r3,10
2026-04-03T20:53:35.56515-07:00,read,key-0,51.134,9,false,leader-w3r3,10
2026-04-03T20:53:34.811518-07:00,write,key-5,807.561,7,false,leader-w3r3,10
2026-04-03T20:53:35.563206-07:00,read,key-2,56.473,10,false,leader-w3r3,10
2026-04-03T20:53:35.59583-07:00,read,key-9,52.607,7,false,leader-w3r3,10
2026-04-03T20:53:35.599031-07:00,read,key-6,51.286,8,false,leader-w3r3,10
2026-04-03T20:53:35.599015-07:00,read,key-9,53.894,7,false,leader-w3r3,10
2026-04-03T20:53:34.85029-07:00,write,key-7,806.300,9,false,leader-w3r3,10
2026-04-03T20:53:35.61565-07:00,read,key-2,53.251,11,false,leader-w3r3,10
2026-04-03T20:53:35.616287-07:00,read,key-6,52.654,8,false,leader-w3r3,10
2026-04-03T20:53:35.619682-07:00,read,key-4,51.720,11,false,leader-w3r3,10
2026-04-03T20:53:35.61908-07:00,read,key-3,55.843,5,false,leader-w3r3,10
2026-04-03T20:53:35.64844-07:00,read,key-5,52.992,7,false,leader-w3r3,10
2026-04-03T20:53:35.650319-07:00,read,key-4,53.534,11,false,leader-w3r3,10
2026-04-03T20:53:35.652912-07:00,read,key-2,50.978,12,false,leader-w3r3,10
2026-04-03T20:53:35.656591-07:00,read,key-7,52.752,11,false,leader-w3r3,10
2026-04-03T20:53:35.668944-07:00,read,key-7,54.164,9,false,leader-w3r3,10
2026-04-03T20:53:35.671405-07:00,read,key-0,52.430,9,false,leader-w3r3,10
2026-04-03T20:53:35.674926-07:00,read,key-9,52.217,7,false,leader-w3r3,10
2026-04-03T20:53:34.925372-07:00,write,key-4,804.564,11,false,leader-w3r3,10
2026-04-03T20:53:35.701438-07:00,read,key-8,53.775,8,false,leader-w3r3,10
2026-04-03T20:53:35.703858-07:00,read,key-1,52.487,10,false,leader-w3r3,10
2026-04-03T20:53:35.703893-07:00,read,key-2,53.024,12,false,leader-w3r3,10
2026-04-03T20:53:35.709347-07:00,read,key-9,51.752,7,false,leader-w3r3,10
2026-04-03T20:53:35.723113-07:00,read,key-3,54.168,5,false,leader-w3r3,10
2026-04-03T20:53:35.723839-07:00,read,key-8,53.538,8,false,leader-w3r3,10
2026-04-03T20:53:35.727146-07:00,read,key-2,52.881,8,false,leader-w3r3,10
2026-04-03T20:53:35.729938-07:00,read,key-9,51.019,7,false,leader-w3r3,10
2026-04-03T20:53:35.755219-07:00,read,key-9,52.919,7,false,leader-w3r3,10
2026-04-03T20:53:35.756349-07:00,read,key-3,51.836,5,false,leader-w3r3,10
2026-04-03T20:53:35.761104-07:00,read,key-7,51.795,11,false,leader-w3r3,10
2026-04-03T20:53:35.780958-07:00,read,key-5,52.982,7,false,leader-w3r3,10
2026-04-03T20:53:35.777285-07:00,read,key-9,56.655,7,false,leader-w3r3,10
2026-04-03T20:53:35.777379-07:00,read,key-6,57.496,8,false,leader-w3r3,10
2026-04-03T20:53:35.808142-07:00,read,key-6,56.143,8,false,leader-w3r3,10
2026-04-03T20:53:35.808188-07:00,read,key-3,56.149,5,false,leader-w3r3,10
2026-04-03T20:53:35.812901-07:00,read,key-7,56.991,11,false,leader-w3r3,10
2026-04-03T20:53:35.834877-07:00,read,key-7,55.620,11,false,leader-w3r3,10
2026-04-03T20:53:35.833944-07:00,read,key-6,56.632,8,false,leader-w3r3,10
2026-04-03T20:53:35.833944-07:00,read,key-3,56.703,5,false,leader-w3r3,10
2026-04-03T20:53:35.864339-07:00,read,key-1,52.228,10,false,leader-w3r3,10
2026-04-03T20:53:35.864288-07:00,read,key-9,56.596,7,false,leader-w3r3,10
2026-04-03T20:53:35.869896-07:00,read,key-5,51.230,8,false,leader-w3r3,10
2026-04-03T20:53:35.125041-07:00,write,key-2,804.789,8,false,leader-w3r3,10
2026-04-03T20:53:35.890578-07:00,read,key-8,56.419,8,false,leader-w3r3,10
2026-04-03T20:53:35.8905-07:00,read,key-1,56.541,10,false,leader-w3r3,10
2026-04-03T20:53:35.890649-07:00,read,key-4,56.484,11,false,leader-w3r3,10
2026-04-03T20:53:35.920888-07:00,read,key-3,53.760,5,false,leader-w3r3,10
2026-04-03T20:53:35.916572-07:00,read,key-6,58.077,8,false,leader-w3r3,10
2026-04-03T20:53:35.921128-07:00,read,key-0,55.398,10,false,leader-w3r3,10
2026-04-03T20:53:35.929832-07:00,read,key-0,52.336,10,false,leader-w3r3,10
2026-04-03T20:53:35.191288-07:00,write,key-8,807.026,8,false,leader-w3r3,10
2026-04-03T20:53:35.191519-07:00,write,key-0,809.999,8,false,leader-w3r3,10
2026-04-03T20:53:35.947002-07:00,read,key-7,56.085,11,false,leader-w3r3,10
2026-04-03T20:53:35.947134-07:00,read,key-4,56.473,11,false,leader-w3r3,10
2026-04-03T20:53:35.947044-07:00,read,key-3,56.675,5,false,leader-w3r3,10
2026-04-03T20:53:35.974654-07:00,read,key-7,56.766,11,false,leader-w3r3,10
2026-04-03T20:53:35.976531-07:00,read,key-7,54.970,11,false,leader-w3r3,10
2026-04-03T20:53:35.974654-07:00,read,key-6,56.951,8,false,leader-w3r3,10
2026-04-03T20:53:35.982173-07:00,read,key-6,52.437,8,false,leader-w3r3,10
2026-04-03T20:53:35.998335-07:00,read,key-2,61.450,12,false,leader-w3r3,10
2026-04-03T20:53:36.003721-07:00,read,key-6,56.390,8,false,leader-w3r3,10
2026-04-03T20:53:36.001521-07:00,read,key-9,58.720,7,false,leader-w3r3,10
2026-04-03T20:53:36.003091-07:00,read,key-5,57.300,8,false,leader-w3r3,10
2026-04-03T20:53:36.031609-07:00,read,key-7,55.470,11,false,leader-w3r3,10
2026-04-03T20:53:36.031427-07:00,read,key-2,56.996,12,false,leader-w3r3,10
2026-04-03T20:53:36.031504-07:00,read,key-1,56.948,10,false,leader-w3r3,10
2026-04-03T20:53:36.034615-07:00,read,key-6,54.844,8,false,leader-w3r3,10
2026-04-03T20:53:35.291066-07:00,write,key-0,801.797,9,false,leader-w3r3,10
2026-04-03T20:53:35.288162-07:00,write,key-1,804.767,10,false,leader-w3r3,10
2026-04-03T20:53:36.060394-07:00,read,key-8,55.827,8,false,leader-w3r3,10
2026-04-03T20:53:36.060112-07:00,read,key-3,56.248,5,false,leader-w3r3,10
2026-04-03T20:53:36.059791-07:00,read,key-2,56.610,12,false,leader-w3r3,10
2026-04-03T20:53:36.092929-07:00,read,key-4,51.702,11,false,leader-w3r3,10
2026-04-03T20:53:36.088455-07:00,read,key-4,56.301,13,false,leader-w3r3,10
2026-04-03T20:53:36.087085-07:00,read,key-5,57.766,8,false,leader-w3r3,10
2026-04-03T20:53:36.088428-07:00,read,key-1,56.565,11,false,leader-w3r3,10
2026-04-03T20:53:36.089462-07:00,read,key-0,55.540,10,false,leader-w3r3,10
2026-04-03T20:53:36.116228-07:00,read,key-2,55.792,12,false,leader-w3r3,10
2026-04-03T20:53:36.116403-07:00,read,key-3,55.618,5,false,leader-w3r3,10
2026-04-03T20:53:36.116363-07:00,read,key-7,56.787,11,false,leader-w3r3,10
2026-04-03T20:53:36.144997-07:00,read,key-7,56.157,11,false,leader-w3r3,10
2026-04-03T20:53:36.144641-07:00,read,key-6,56.523,8,false,leader-w3r3,10
2026-04-03T20:53:36.145005-07:00,read,key-8,56.295,8,false,leader-w3r3,10
2026-04-03T20:53:35.394033-07:00,write,key-6,807.300,8,false,leader-w3r3,10
2026-04-03T20:53:36.144855-07:00,read,key-8,56.509,8,false,leader-w3r3,10
2026-04-03T20:53:36.144758-07:00,read,key-2,56.636,12,false,leader-w3r3,10
2026-04-03T20:53:36.172028-07:00,read,key-5,54.545,8,false,leader-w3r3,10
2026-04-03T20:53:36.172028-07:00,read,key-9,54.547,7,false,leader-w3r3,10
2026-04-03T20:53:36.173154-07:00,read,key-5,53.505,8,false,leader-w3r3,10
2026-04-03T20:53:35.443193-07:00,write,key-2,805.785,9,false,leader-w3r3,10
2026-04-03T20:53:36.201302-07:00,read,key-1,53.428,10,false,leader-w3r3,10
2026-04-03T20:53:36.201167-07:00,read,key-1,53.621,11,false,leader-w3r3,10
2026-04-03T20:53:36.201397-07:00,read,key-4,53.333,13,false,leader-w3r3,10
2026-04-03T20:53:36.201159-07:00,read,key-2,53.732,12,false,leader-w3r3,10
2026-04-03T20:53:36.201366-07:00,read,key-3,53.540,5,false,leader-w3r3,10
2026-04-03T20:53:36.201333-07:00,read,key-4,53.644,13,false,leader-w3r3,10
2026-04-03T20:53:36.226579-07:00,read,key-3,55.698,5,false,leader-w3r3,10
2026-04-03T20:53:36.226579-07:00,read,key-7,58.204,11,false,leader-w3r3,10
2026-04-03T20:53:36.248981-07:00,read,key-9,55.379,7,false,leader-w3r3,10
2026-04-03T20:53:36.254736-07:00,read,key-4,52.273,13,false,leader-w3r3,10
2026-04-03T20:53:36.254834-07:00,read,key-3,52.312,5,false,leader-w3r3,10
2026-04-03T20:53:36.254895-07:00,read,key-4,52.259,13,false,leader-w3r3,10
2026-04-03T20:53:36.25498-07:00,read,key-1,52.247,11,false,leader-w3r3,10
2026-04-03T20:53:36.25479-07:00,read,key-2,52.539,12,false,leader-w3r3,10
2026-04-03T20:53:36.254908-07:00,read,key-0,57.399,10,false,leader-w3r3,10
2026-04-03T20:53:35.506311-07:00,write,key-2,807.904,10,false,leader-w3r3,10
2026-04-03T20:53:36.284787-07:00,read,key-8,52.473,8,false,leader-w3r3,10
2026-04-03T20:53:36.282282-07:00,read,key-8,55.630,8,false,leader-w3r3,10
2026-04-03T20:53:35.541246-07:00,write,key-7,806.590,10,false,leader-w3r3,10
2026-04-03T20:53:36.304366-07:00,read,key-8,52.580,8,false,leader-w3r3,10
2026-04-03T20:53:36.307155-07:00,read,key-3,51.276,5,false,leader-w3r3,10
2026-04-03T20:53:36.307331-07:00,read,key-2,51.146,12,false,leader-w3r3,10
2026-04-03T20:53:36.307229-07:00,read,key-7,51.274,11,false,leader-w3r3,10
2026-04-03T20:53:36.307013-07:00,read,key-2,51.581,12,false,leader-w3r3,10
2026-04-03T20:53:36.307148-07:00,read,key-5,51.501,9,false,leader-w3r3,10
2026-04-03T20:53:36.312311-07:00,read,key-8,52.433,8,false,leader-w3r3,10
2026-04-03T20:53:36.314218-07:00,read,key-2,50.945,12,false,leader-w3r3,10
2026-04-03T20:53:35.56311-07:00,write,key-2,804.834,11,false,leader-w3r3,10
2026-04-03T20:53:35.564922-07:00,write,key-7,803.120,11,false,leader-w3r3,10
2026-04-03T20:53:36.337916-07:00,read,key-1,54.517,11,false,leader-w3r3,10
2026-04-03T20:53:36.337267-07:00,read,key-4,55.203,13,false,leader-w3r3,10
2026-04-03T20:53:36.34784-07:00,read,key-0,61.650,10,false,leader-w3r3,10
2026-04-03T20:53:36.358504-07:00,read,key-5,52.722,10,false,leader-w3r3,10
2026-04-03T20:53:36.358479-07:00,read,key-5,52.810,10,false,leader-w3r3,10
2026-04-03T20:53:36.358434-07:00,read,key-3,52.918,5,false,leader-w3r3,10
2026-04-03T20:53:36.358597-07:00,read,key-9,56.503,7,false,leader-w3r3,10
2026-04-03T20:53:36.364749-07:00,read,key-6,51.132,9,false,leader-w3r3,10
2026-04-03T20:53:36.368042-07:00,read,key-0,52.708,10,false,leader-w3r3,10
2026-04-03T20:53:36.367946-07:00,read,key-8,52.920,8,false,leader-w3r3,10
2026-04-03T20:53:36.365165-07:00,read,key-2,56.536,12,false,leader-w3r3,10
2026-04-03T20:53:36.392473-07:00,read,key-3,54.468,6,false,leader-w3r3,10
2026-04-03T20:53:36.411355-07:00,read,key-3,53.114,5,false,leader-w3r3,10
2026-04-03T20:53:36.411291-07:00,read,key-8,53.345,8,false,leader-w3r3,10
2026-04-03T20:53:36.409496-07:00,read,key-3,55.266,6,false,leader-w3r3,10
2026-04-03T20:53:36.415103-07:00,read,key-8,50.945,8,false,leader-w3r3,10
2026-04-03T20:53:36.415885-07:00,read,key-6,51.195,8,false,leader-w3r3,10
2026-04-03T20:53:36.42087-07:00,read,key-8,52.186,8,false,leader-w3r3,10
2026-04-03T20:53:35.668905-07:00,write,key-2,804.163,12,false,leader-w3r3,10
2026-04-03T20:53:36.420755-07:00,read,key-5,52.380,10,false,leader-w3r3,10
2026-04-03T20:53:36.446947-07:00,read,key-5,54.690,10,false,leader-w3r3,10
2026-04-03T20:53:36.473138-07:00,read,key-1,56.553,12,false,leader-w3r3,10
2026-04-03T20:53:36.464473-07:00,read,key-4,65.278,13,false,leader-w3r3,10
2026-04-03T20:53:36.467083-07:00,read,key-2,62.700,12,false,leader-w3r3,10
2026-04-03T20:53:36.464639-07:00,read,key-6,65.311,9,false,leader-w3r3,10
2026-04-03T20:53:36.464765-07:00,read,key-3,65.227,6,false,leader-w3r3,10
2026-04-03T20:53:36.473069-07:00,read,key-6,57.054,9,false,leader-w3r3,10
2026-04-03T20:53:36.46605-07:00,read,key-0,64.090,11,false,leader-w3r3,10
2026-04-03T20:53:36.47306-07:00,read,key-1,57.086,12,false,leader-w3r3,10
2026-04-03T20:53:36.501642-07:00,read,key-4,52.467,13,false,leader-w3r3,10
2026-04-03T20:53:35.756919-07:00,write,key-5,805.539,8,false,leader-w3r3,10
2026-04-03T20:53:36.529753-07:00,read,key-6,55.711,9,false,leader-w3r3,10
2026-04-03T20:53:36.529994-07:00,read,key-6,55.502,9,false,leader-w3r3,10
2026-04-03T20:53:36.529784-07:00,read,key-7,55.750,11,false,leader-w3r3,10
2026-04-03T20:53:36.529693-07:00,read,key-8,55.892,8,false,leader-w3r3,10
2026-04-03T20:53:36.530141-07:00,read,key-3,55.490,6,false,leader-w3r3,10
2026-04-03T20:53:35.78003-07:00,write,key-0,806.452,10,false,leader-w3r3,10
2026-04-03T20:53:36.530124-07:00,read,key-6,56.412,9,false,leader-w3r3,10
2026-04-03T20:53:36.529952-07:00,read,key-9,56.633,7,false,leader-w3r3,10
2026-04-03T20:53:36.530147-07:00,read,key-3,56.485,6,false,leader-w3r3,10
2026-04-03T20:53:36.554112-07:00,read,key-7,58.165,11,false,leader-w3r3,10
2026-04-03T20:53:36.562457-07:00,read,key-5,51.562,10,false,leader-w3r3,10
2026-04-03T20:53:36.586633-07:00,read,key-5,54.943,10,false,leader-w3r3,10
2026-04-03T20:53:36.585633-07:00,read,key-6,55.967,10,false,leader-w3r3,10
2026-04-03T20:53:36.585497-07:00,read,key-3,56.142,6,false,leader-w3r3,10
2026-04-03T20:53:36.585586-07:00,read,key-6,56.060,9,false,leader-w3r3,10
2026-04-03T20:53:36.585465-07:00,read,key-2,56.242,12,false,leader-w3r3,10
2026-04-03T20:53:36.585536-07:00,read,key-0,56.181,12,false,leader-w3r3,10
2026-04-03T20:53:36.586538-07:00,read,key-7,55.203,11,false,leader-w3r3,10
2026-04-03T20:53:36.61228-07:00,read,key-0,51.713,12,false,leader-w3r3,10
2026-04-03T20:53:36.61402-07:00,read,key-2,55.479,12,false,leader-w3r3,10
2026-04-03T20:53:36.641718-07:00,read,key-2,54.928,12,false,leader-w3r3,10
2026-04-03T20:53:36.64164-07:00,read,key-2,55.028,12,false,leader-w3r3,10
2026-04-03T20:53:36.641648-07:00,read,key-6,55.021,10,false,leader-w3r3,10
2026-04-03T20:53:36.641578-07:00,read,key-2,55.117,12,false,leader-w3r3,10
2026-04-03T20:53:36.641708-07:00,read,key-8,55.216,8,false,leader-w3r3,10
2026-04-03T20:53:36.641601-07:00,read,key-6,55.349,10,false,leader-w3r3,10
2026-04-03T20:53:36.641743-07:00,read,key-9,55.238,7,false,leader-w3r3,10
2026-04-03T20:53:36.669501-07:00,read,key-0,57.480,12,false,leader-w3r3,10
2026-04-03T20:53:36.69695-07:00,read,key-2,54.445,12,false,leader-w3r3,10
2026-04-03T20:53:36.696981-07:00,read,key-0,54.596,12,false,leader-w3r3,10
2026-04-03T20:53:36.696671-07:00,read,key-5,55.043,10,false,leader-w3r3,10
2026-04-03T20:53:36.696647-07:00,read,key-0,55.165,11,false,leader-w3r3,10
2026-04-03T20:53:36.696925-07:00,read,key-1,55.412,13,false,leader-w3r3,10
2026-04-03T20:53:36.726986-07:00,read,key-9,60.951,7,false,leader-w3r3,10
2026-04-03T20:53:36.751579-07:00,read,key-9,53.714,7,false,leader-w3r3,10
2026-04-03T20:53:36.751399-07:00,read,key-4,53.906,13,false,leader-w3r3,10
2026-04-03T20:53:36.00361-07:00,write,key-1,805.243,11,false,leader-w3r3,10
2026-04-03T20:53:36.751813-07:00,read,key-6,57.065,10,false,leader-w3r3,10
2026-04-03T20:53:36.752338-07:00,read,key-8,57.992,9,false,leader-w3r3,10
2026-04-03T20:53:36.787949-07:00,read,key-3,59.392,7,false,leader-w3r3,10
2026-04-03T20:53:36.80531-07:00,read,key-9,51.864,7,false,leader-w3r3,10
2026-04-03T20:53:36.808881-07:00,read,key-4,53.605,13,false,leader-w3r3,10
2026-04-03T20:53:36.810334-07:00,read,key-1,52.789,13,false,leader-w3r3,10
2026-04-03T20:53:36.808858-07:00,read,key-7,54.346,11,false,leader-w3r3,10
2026-04-03T20:53:36.060245-07:00,write,key-4,804.770,12,false,leader-w3r3,10
2026-04-03T20:53:36.092864-07:00,write,key-4,806.397,13,false,leader-w3r3,10
2026-04-03T20:53:36.847349-07:00,read,key-9,55.248,7,false,leader-w3r3,10
2026-04-03T20:53:36.85718-07:00,read,key-5,58.743,10,false,leader-w3r3,10
2026-04-03T20:53:36.862491-07:00,read,key-3,53.569,6,false,leader-w3r3,10
2026-04-03T20:53:36.863126-07:00,read,key-2,53.806,13,false,leader-w3r3,10
2026-04-03T20:53:36.865017-07:00,read,key-1,51.915,13,false,leader-w3r3,10
2026-04-03T20:53:36.902604-07:00,read,key-2,54.443,13,false,leader-w3r3,10
2026-04-03T20:53:36.899265-07:00,read,key-2,57.796,13,false,leader-w3r3,10
2026-04-03T20:53:36.916936-07:00,read,key-6,53.804,10,false,leader-w3r3,10
2026-04-03T20:53:36.916935-07:00,read,key-6,53.817,10,false,leader-w3r3,10
2026-04-03T20:53:36.957064-07:00,read,key-2,54.196,13,false,leader-w3r3,10
2026-04-03T20:53:36.957054-07:00,read,key-9,54.206,7,false,leader-w3r3,10
2026-04-03T20:53:36.970745-07:00,read,key-2,54.229,13,false,leader-w3r3,10
2026-04-03T20:53:36.970755-07:00,read,key-9,54.265,7,false,leader-w3r3,10
2026-04-03T20:53:36.226662-07:00,write,key-6,806.087,9,false,leader-w3r3,10
2026-04-03T20:53:37.011266-07:00,read,key-4,56.445,13,false,leader-w3r3,10
2026-04-03T20:53:37.011267-07:00,read,key-1,56.445,13,false,leader-w3r3,10
2026-04-03T20:53:37.032753-07:00,read,key-5,55.281,10,false,leader-w3r3,10
2026-04-03T20:53:37.067718-07:00,read,key-8,55.972,12,false,leader-w3r3,10
2026-04-03T20:53:37.067718-07:00,read,key-7,56.318,11,false,leader-w3r3,10
2026-04-03T20:53:37.088039-07:00,read,key-0,55.147,12,false,leader-w3r3,10
2026-04-03T20:53:36.356952-07:00,write,key-5,804.702,9,false,leader-w3r3,10
2026-04-03T20:53:36.35865-07:00,write,key-0,805.021,11,false,leader-w3r3,10
2026-04-03T20:53:37.123694-07:00,read,key-7,55.039,11,false,leader-w3r3,10
2026-04-03T20:53:37.124039-07:00,read,key-8,54.793,13,false,leader-w3r3,10
2026-04-03T20:53:36.392437-07:00,write,key-5,804.429,10,false,leader-w3r3,10
2026-04-03T20:53:37.143193-07:00,read,key-9,53.710,7,false,leader-w3r3,10
2026-04-03T20:53:37.161657-07:00,read,key-1,54.446,14,false,leader-w3r3,10
2026-04-03T20:53:36.411229-07:00,write,key-1,804.890,12,false,leader-w3r3,10
2026-04-03T20:53:37.163674-07:00,read,key-5,55.793,10,false,leader-w3r3,10
2026-04-03T20:53:36.421746-07:00,write,key-3,805.417,6,false,leader-w3r3,10
2026-04-03T20:53:37.178736-07:00,read,key-1,51.527,13,false,leader-w3r3,10
2026-04-03T20:53:37.178834-07:00,read,key-3,51.838,7,false,leader-w3r3,10
2026-04-03T20:53:37.196869-07:00,read,key-2,56.402,13,false,leader-w3r3,10
2026-04-03T20:53:37.196906-07:00,read,key-4,56.454,13,false,leader-w3r3,10
2026-04-03T20:53:37.216111-07:00,read,key-7,58.429,11,false,leader-w3r3,10
2026-04-03T20:53:37.219472-07:00,read,key-9,55.068,8,false,leader-w3r3,10
2026-04-03T20:53:37.216121-07:00,read,key-5,61.156,10,false,leader-w3r3,10
2026-04-03T20:53:37.227165-07:00,read,key-6,52.902,10,false,leader-w3r3,10
2026-04-03T20:53:37.230675-07:00,read,key-2,51.321,13,false,leader-w3r3,10
2026-04-03T20:53:37.230267-07:00,read,key-0,57.372,12,false,leader-w3r3,10
2026-04-03T20:53:37.253275-07:00,read,key-6,53.394,10,false,leader-w3r3,10
2026-04-03T20:53:37.253363-07:00,read,key-0,53.369,12,false,leader-w3r3,10
2026-04-03T20:53:37.274545-07:00,read,key-2,55.560,13,false,leader-w3r3,10
2026-04-03T20:53:37.274559-07:00,read,key-7,55.574,11,false,leader-w3r3,10
2026-04-03T20:53:37.277283-07:00,read,key-4,52.964,13,false,leader-w3r3,10
2026-04-03T20:53:37.281998-07:00,read,key-3,52.365,7,false,leader-w3r3,10
2026-04-03T20:53:37.280072-07:00,read,key-3,55.633,7,false,leader-w3r3,10
2026-04-03T20:53:37.287647-07:00,read,key-9,52.542,8,false,leader-w3r3,10
2026-04-03T20:53:37.306674-07:00,read,key-6,54.919,10,false,leader-w3r3,10
2026-04-03T20:53:37.306735-07:00,read,key-1,54.856,14,false,leader-w3r3,10
2026-04-03T20:53:37.33025-07:00,read,key-2,55.551,13,false,leader-w3r3,10
2026-04-03T20:53:37.330136-07:00,read,key-3,55.692,7,false,leader-w3r3,10
2026-04-03T20:53:37.330111-07:00,read,key-0,55.817,12,false,leader-w3r3,10
2026-04-03T20:53:37.334367-07:00,read,key-8,53.499,13,false,leader-w3r3,10
2026-04-03T20:53:37.335709-07:00,read,key-9,52.541,8,false,leader-w3r3,10
2026-04-03T20:53:36.586586-07:00,write,key-6,808.289,10,false,leader-w3r3,10
2026-04-03T20:53:36.586482-07:00,write,key-0,808.445,12,false,leader-w3r3,10
2026-04-03T20:53:37.340195-07:00,read,key-5,56.662,10,false,leader-w3r3,10
2026-04-03T20:53:37.361598-07:00,read,key-3,54.398,7,false,leader-w3r3,10
2026-04-03T20:53:37.361597-07:00,read,key-3,54.762,7,false,leader-w3r3,10
2026-04-03T20:53:37.385805-07:00,read,key-7,56.378,11,false,leader-w3r3,10
2026-04-03T20:53:37.38787-07:00,read,key-1,54.466,14,false,leader-w3r3,10
2026-04-03T20:53:37.385933-07:00,read,key-4,56.496,13,false,leader-w3r3,10
2026-04-03T20:53:37.385831-07:00,read,key-5,56.715,10,false,leader-w3r3,10
2026-04-03T20:53:37.388252-07:00,read,key-1,54.419,14,false,leader-w3r3,10
2026-04-03T20:53:37.396862-07:00,read,key-3,53.222,7,false,leader-w3r3,10
2026-04-03T20:53:37.394878-07:00,read,key-9,55.286,8,false,leader-w3r3,10
2026-04-03T20:53:37.394926-07:00,read,key-8,55.294,13,false,leader-w3r3,10
2026-04-03T20:53:36.663994-07:00,write,key-1,806.147,13,false,leader-w3r3,10
2026-04-03T20:53:37.416-07:00,read,key-3,55.605,7,false,leader-w3r3,10
2026-04-03T20:53:37.416362-07:00,read,key-1,59.096,14,false,leader-w3r3,10
2026-04-03T20:53:37.442549-07:00,read,key-5,55.695,10,false,leader-w3r3,10
2026-04-03T20:53:37.442673-07:00,read,key-0,55.571,12,false,leader-w3r3,10
2026-04-03T20:53:37.442432-07:00,read,key-1,55.967,14,false,leader-w3r3,10
2026-04-03T20:53:37.442189-07:00,read,key-5,56.233,10,false,leader-w3r3,10
2026-04-03T20:53:37.442338-07:00,read,key-0,56.147,12,false,leader-w3r3,10
2026-04-03T20:53:36.69667-07:00,write,key-2,804.457,13,false,leader-w3r3,10
2026-04-03T20:53:37.450168-07:00,read,key-0,51.103,12,false,leader-w3r3,10
2026-04-03T20:53:36.696696-07:00,write,key-8,805.475,9,false,leader-w3r3,10
2026-04-03T20:53:37.450089-07:00,read,key-8,52.167,13,false,leader-w3r3,10
2026-04-03T20:53:37.450223-07:00,read,key-0,52.059,12,false,leader-w3r3,10
2026-04-03T20:53:37.471609-07:00,read,key-6,52.202,10,false,leader-w3r3,10
2026-04-03T20:53:37.470145-07:00,read,key-0,56.529,12,false,leader-w3r3,10
2026-04-03T20:53:37.475461-07:00,read,key-4,51.229,13,false,leader-w3r3,10
2026-04-03T20:53:37.498487-07:00,read,key-8,53.946,13,false,leader-w3r3,10
2026-04-03T20:53:37.498403-07:00,read,key-7,54.031,11,false,leader-w3r3,10
2026-04-03T20:53:37.498425-07:00,read,key-2,54.103,15,false,leader-w3r3,10
2026-04-03T20:53:37.498251-07:00,read,key-6,54.360,10,false,leader-w3r3,10
2026-04-03T20:53:37.502283-07:00,read,key-4,53.739,13,false,leader-w3r3,10
2026-04-03T20:53:37.50113-07:00,read,key-7,55.097,11,false,leader-w3r3,10
2026-04-03T20:53:37.502259-07:00,read,key-3,54.169,7,false,leader-w3r3,10
2026-04-03T20:53:37.502171-07:00,read,key-5,54.355,10,false,leader-w3r3,10
2026-04-03T20:53:37.498537-07:00,read,key-8,57.999,13,false,leader-w3r3,10
2026-04-03T20:53:36.751716-07:00,write,key-3,805.881,7,false,leader-w3r3,10
2026-04-03T20:53:37.523815-07:00,read,key-2,52.185,13,false,leader-w3r3,10
2026-04-03T20:53:37.526693-07:00,read,key-1,52.197,14,false,leader-w3r3,10
2026-04-03T20:53:37.556431-07:00,read,key-0,53.402,14,false,leader-w3r3,10
2026-04-03T20:53:37.552616-07:00,read,key-8,57.273,13,false,leader-w3r3,10
2026-04-03T20:53:37.552439-07:00,read,key-2,57.494,14,false,leader-w3r3,10
2026-04-03T20:53:37.556229-07:00,read,key-4,53.720,13,false,leader-w3r3,10
2026-04-03T20:53:37.556027-07:00,read,key-4,53.958,13,false,leader-w3r3,10
2026-04-03T20:53:37.552531-07:00,read,key-9,57.492,8,false,leader-w3r3,10
2026-04-03T20:53:37.556538-07:00,read,key-7,53.498,11,false,leader-w3r3,10
2026-04-03T20:53:37.552689-07:00,read,key-4,57.397,13,false,leader-w3r3,10
2026-04-03T20:53:36.805298-07:00,write,key-8,807.707,10,false,leader-w3r3,10
2026-04-03T20:53:37.557598-07:00,read,key-0,55.473,13,false,leader-w3r3,10
2026-04-03T20:53:37.576004-07:00,read,key-8,56.249,13,false,leader-w3r3,10
2026-04-03T20:53:37.609935-07:00,read,key-5,54.524,10,false,leader-w3r3,10
2026-04-03T20:53:37.610088-07:00,read,key-8,54.516,13,false,leader-w3r3,10
2026-04-03T20:53:37.610024-07:00,read,key-8,55.031,13,false,leader-w3r3,10
2026-04-03T20:53:37.609987-07:00,read,key-9,55.084,8,false,leader-w3r3,10
2026-04-03T20:53:37.609836-07:00,read,key-3,55.339,7,false,leader-w3r3,10
2026-04-03T20:53:37.609892-07:00,read,key-2,55.252,13,false,leader-w3r3,10
2026-04-03T20:53:37.609951-07:00,read,key-2,55.304,13,false,leader-w3r3,10
2026-04-03T20:53:37.610037-07:00,read,key-8,55.256,13,false,leader-w3r3,10
2026-04-03T20:53:37.613074-07:00,read,key-5,54.643,10,false,leader-w3r3,10
2026-04-03T20:53:37.613006-07:00,read,key-2,54.811,15,false,leader-w3r3,10
2026-04-03T20:53:36.863207-07:00,write,key-8,807.382,11,false,leader-w3r3,10
2026-04-03T20:53:37.63226-07:00,read,key-7,60.764,11,false,leader-w3r3,10
2026-04-03T20:53:37.664465-07:00,read,key-4,60.365,13,false,leader-w3r3,10
2026-04-03T20:53:37.665169-07:00,read,key-9,59.767,8,false,leader-w3r3,10
2026-04-03T20:53:37.665295-07:00,read,key-3,59.739,7,false,leader-w3r3,10
2026-04-03T20:53:37.665177-07:00,read,key-5,59.912,10,false,leader-w3r3,10
2026-04-03T20:53:37.665256-07:00,read,key-6,59.865,10,false,leader-w3r3,10
2026-04-03T20:53:37.665057-07:00,read,key-1,60.145,14,false,leader-w3r3,10
2026-04-03T20:53:36.916064-07:00,write,key-8,809.251,12,false,leader-w3r3,10
2026-04-03T20:53:37.667721-07:00,read,key-7,57.673,11,false,leader-w3r3,10
2026-04-03T20:53:37.670591-07:00,read,key-7,54.866,11,false,leader-w3r3,10
2026-04-03T20:53:37.664606-07:00,read,key-1,60.938,14,false,leader-w3r3,10
2026-04-03T20:53:37.665249-07:00,read,key-2,60.368,13,false,leader-w3r3,10
2026-04-03T20:53:37.667819-07:00,read,key-5,57.900,10,false,leader-w3r3,10
2026-04-03T20:53:36.915928-07:00,write,key-9,810.182,8,false,leader-w3r3,10
2026-04-03T20:53:37.693031-07:00,read,key-5,56.140,10,false,leader-w3r3,10
2026-04-03T20:53:37.72611-07:00,read,key-8,56.187,13,false,leader-w3r3,10
2026-04-03T20:53:37.725316-07:00,read,key-8,57.062,13,false,leader-w3r3,10
2026-04-03T20:53:37.725546-07:00,read,key-4,56.835,13,false,leader-w3r3,10
2026-04-03T20:53:37.724836-07:00,read,key-5,57.591,10,false,leader-w3r3,10
2026-04-03T20:53:37.725123-07:00,read,key-1,57.367,14,false,leader-w3r3,10
2026-04-03T20:53:37.725619-07:00,read,key-1,56.922,14,false,leader-w3r3,10
2026-04-03T20:53:37.725203-07:00,read,key-7,57.413,11,false,leader-w3r3,10
2026-04-03T20:53:37.724938-07:00,read,key-8,57.705,13,false,leader-w3r3,10
2026-04-03T20:53:37.725092-07:00,read,key-6,57.588,10,false,leader-w3r3,10
2026-04-03T20:53:37.72572-07:00,read,key-0,57.011,14,false,leader-w3r3,10
2026-04-03T20:53:37.72546-07:00,read,key-3,57.307,7,false,leader-w3r3,10
2026-04-03T20:53:37.725036-07:00,read,key-4,57.744,13,false,leader-w3r3,10
2026-04-03T20:53:37.725396-07:00,read,key-0,58.594,14,false,leader-w3r3,10
2026-04-03T20:53:37.749175-07:00,read,key-3,53.548,8,false,leader-w3r3,10
2026-04-03T20:53:37.025022-07:00,write,key-1,806.160,14,false,leader-w3r3,10
2026-04-03T20:53:37.02498-07:00,write,key-8,806.255,13,false,leader-w3r3,10
2026-04-03T20:53:37.782645-07:00,read,key-4,51.431,13,false,leader-w3r3,10
2026-04-03T20:53:37.782733-07:00,read,key-1,51.412,14,false,leader-w3r3,10
2026-04-03T20:53:37.782543-07:00,read,key-6,51.660,10,false,leader-w3r3,10
2026-04-03T20:53:37.78243-07:00,read,key-9,51.808,8,false,leader-w3r3,10
2026-04-03T20:53:37.782492-07:00,read,key-3,51.840,7,false,leader-w3r3,10
2026-04-03T20:53:37.782383-07:00,read,key-7,52.477,12,false,leader-w3r3,10
2026-04-03T20:53:37.783994-07:00,read,key-3,50.977,7,false,leader-w3r3,10
2026-04-03T20:53:37.782302-07:00,read,key-8,52.680,13,false,leader-w3r3,10
2026-04-03T20:53:37.782769-07:00,read,key-6,52.761,10,false,leader-w3r3,10
2026-04-03T20:53:37.782782-07:00,read,key-2,52.793,15,false,leader-w3r3,10
2026-04-03T20:53:37.802727-07:00,read,key-0,56.646,15,false,leader-w3r3,10
2026-04-03T20:53:37.831235-07:00,read,key-0,52.743,14,false,leader-w3r3,10
2026-04-03T20:53:37.834204-07:00,read,key-3,51.883,8,false,leader-w3r3,10
2026-04-03T20:53:37.834984-07:00,read,key-8,51.207,13,false,leader-w3r3,10
2026-04-03T20:53:37.83424-07:00,read,key-7,51.987,11,false,leader-w3r3,10
2026-04-03T20:53:37.831184-07:00,read,key-9,55.182,8,false,leader-w3r3,10
2026-04-03T20:53:37.834147-07:00,read,key-0,52.248,15,false,leader-w3r3,10
2026-04-03T20:53:37.834862-07:00,read,key-7,51.580,11,false,leader-w3r3,10
2026-04-03T20:53:37.834333-07:00,read,key-6,52.142,10,false,leader-w3r3,10
2026-04-03T20:53:37.834972-07:00,read,key-7,51.797,12,false,leader-w3r3,10
2026-04-03T20:53:37.834081-07:00,read,key-5,52.791,10,false,leader-w3r3,10
2026-04-03T20:53:37.835577-07:00,read,key-5,51.399,10,false,leader-w3r3,10
2026-04-03T20:53:37.835532-07:00,read,key-2,51.813,15,false,leader-w3r3,10
2026-04-03T20:53:37.859377-07:00,read,key-9,57.661,8,false,leader-w3r3,10
2026-04-03T20:53:37.883983-07:00,read,key-0,51.500,15,false,leader-w3r3,10
2026-04-03T20:53:37.886229-07:00,read,key-1,52.110,14,false,leader-w3r3,10
2026-04-03T20:53:37.886368-07:00,read,key-1,52.595,14,false,leader-w3r3,10
2026-04-03T20:53:37.88609-07:00,read,key-2,52.953,15,false,leader-w3r3,10
2026-04-03T20:53:37.886193-07:00,read,key-8,52.861,13,false,leader-w3r3,10
2026-04-03T20:53:37.887347-07:00,read,key-5,52.837,10,false,leader-w3r3,10
2026-04-03T20:53:37.886874-07:00,read,key-8,53.369,13,false,leader-w3r3,10
2026-04-03T20:53:37.886444-07:00,read,key-4,54.208,14,false,leader-w3r3,10
2026-04-03T20:53:37.886771-07:00,read,key-7,54.438,12,false,leader-w3r3,10
2026-04-03T20:53:37.886476-07:00,read,key-7,54.792,12,false,leader-w3r3,10
2026-04-03T20:53:37.886978-07:00,read,key-7,54.326,12,false,leader-w3r3,10
2026-04-03T20:53:37.917042-07:00,read,key-8,55.352,13,false,leader-w3r3,10
2026-04-03T20:53:37.935486-07:00,read,key-2,52.371,15,false,leader-w3r3,10
2026-04-03T20:53:37.940245-07:00,read,key-6,54.389,10,false,leader-w3r3,10
2026-04-03T20:53:37.938342-07:00,read,key-2,56.376,15,false,leader-w3r3,10
2026-04-03T20:53:37.938965-07:00,read,key-0,55.763,14,false,leader-w3r3,10
2026-04-03T20:53:37.939055-07:00,read,key-9,55.719,8,false,leader-w3r3,10
2026-04-03T20:53:37.941306-07:00,read,key-6,53.486,10,false,leader-w3r3,10
2026-04-03T20:53:37.940653-07:00,read,key-1,54.198,15,false,leader-w3r3,10
2026-04-03T20:53:37.941269-07:00,read,key-0,53.590,15,false,leader-w3r3,10
2026-04-03T20:53:37.940186-07:00,read,key-0,54.771,15,false,leader-w3r3,10
2026-04-03T20:53:37.972398-07:00,read,key-1,58.296,15,false,leader-w3r3,10
2026-04-03T20:53:37.994852-07:00,read,key-6,54.830,10,false,leader-w3r3,10
2026-04-03T20:53:37.994793-07:00,read,key-8,55.201,14,false,leader-w3r3,10
2026-04-03T20:53:37.99472-07:00,read,key-4,55.359,14,false,leader-w3r3,10
2026-04-03T20:53:37.994637-07:00,read,key-5,55.545,10,false,leader-w3r3,10
2026-04-03T20:53:37.994959-07:00,read,key-6,55.352,10,false,leader-w3r3,10
2026-04-03T20:53:37.994731-07:00,read,key-6,55.697,10,false,leader-w3r3,10
2026-04-03T20:53:37.994861-07:00,read,key-5,55.727,10,false,leader-w3r3,10
2026-04-03T20:53:38.030699-07:00,read,key-7,54.824,13,false,leader-w3r3,10
2026-04-03T20:53:38.050081-07:00,read,key-5,53.614,10,false,leader-w3r3,10
2026-04-03T20:53:38.050313-07:00,read,key-8,53.467,14,false,leader-w3r3,10
2026-04-03T20:53:38.050429-07:00,read,key-8,53.482,14,false,leader-w3r3,10
2026-04-03T20:53:38.049688-07:00,read,key-0,54.292,15,false,leader-w3r3,10
2026-04-03T20:53:38.050185-07:00,read,key-9,53.827,8,false,leader-w3r3,10
2026-04-03T20:53:38.050589-07:00,read,key-7,53.458,13,false,leader-w3r3,10
2026-04-03T20:53:38.049997-07:00,read,key-4,57.054,15,false,leader-w3r3,10
2026-04-03T20:53:38.08553-07:00,read,key-0,60.769,15,false,leader-w3r3,10
2026-04-03T20:53:38.103782-07:00,read,key-9,52.948,8,false,leader-w3r3,10
2026-04-03T20:53:38.1037-07:00,read,key-4,58.758,16,false,leader-w3r3,10
2026-04-03T20:53:38.103913-07:00,read,key-4,58.685,16,false,leader-w3r3,10
2026-04-03T20:53:38.107054-07:00,read,key-2,55.638,15,false,leader-w3r3,10
2026-04-03T20:53:38.14631-07:00,read,key-9,53.801,9,false,leader-w3r3,10
2026-04-03T20:53:38.156735-07:00,read,key-8,53.960,14,false,leader-w3r3,10
2026-04-03T20:53:38.162696-07:00,read,key-2,52.347,15,false,leader-w3r3,10
2026-04-03T20:53:38.1626-07:00,read,key-1,53.628,15,false,leader-w3r3,10
2026-04-03T20:53:38.162464-07:00,read,key-1,53.897,15,false,leader-w3r3,10
2026-04-03T20:53:38.210704-07:00,read,key-3,56.212,8,false,leader-w3r3,10
2026-04-03T20:53:38.216365-07:00,read,key-7,52.832,12,false,leader-w3r3,10
2026-04-03T20:53:38.215049-07:00,read,key-1,54.209,15,false,leader-w3r3,10
2026-04-03T20:53:38.216232-07:00,read,key-8,57.794,15,false,leader-w3r3,10
2026-04-03T20:53:37.501274-07:00,write,key-2,806.591,14,false,leader-w3r3,10
2026-04-03T20:53:38.266923-07:00,read,key-2,53.047,15,false,leader-w3r3,10
2026-04-03T20:53:38.269202-07:00,read,key-9,53.406,9,false,leader-w3r3,10
2026-04-03T20:53:38.269262-07:00,read,key-8,53.354,15,false,leader-w3r3,10
2026-04-03T20:53:38.274031-07:00,read,key-6,50.985,10,false,leader-w3r3,10
2026-04-03T20:53:37.526678-07:00,write,key-2,806.352,15,false,leader-w3r3,10
2026-04-03T20:53:37.556529-07:00,write,key-0,806.258,13,false,leader-w3r3,10
2026-04-03T20:53:38.307869-07:00,read,key-5,54.924,10,false,leader-w3r3,10
2026-04-03T20:53:38.319976-07:00,read,key-6,53.435,10,false,leader-w3r3,10
2026-04-03T20:53:38.322612-07:00,read,key-4,52.538,15,false,leader-w3r3,10
2026-04-03T20:53:38.322618-07:00,read,key-0,52.631,15,false,leader-w3r3,10
2026-04-03T20:53:38.325019-07:00,read,key-4,50.963,16,false,leader-w3r3,10
2026-04-03T20:53:37.578892-07:00,write,key-0,805.484,14,false,leader-w3r3,10
2026-04-03T20:53:38.333032-07:00,read,key-5,51.962,10,false,leader-w3r3,10
2026-04-03T20:53:38.362796-07:00,read,key-6,58.124,10,false,leader-w3r3,10
2026-04-03T20:53:38.373416-07:00,read,key-6,56.234,10,false,leader-w3r3,10
2026-04-03T20:53:38.375154-07:00,read,key-2,54.722,15,false,leader-w3r3,10
2026-04-03T20:53:38.375251-07:00,read,key-2,55.159,15,false,leader-w3r3,10
2026-04-03T20:53:38.375984-07:00,read,key-7,54.541,14,false,leader-w3r3,10
2026-04-03T20:53:38.384998-07:00,read,key-3,54.362,9,false,leader-w3r3,10
2026-04-03T20:53:38.420927-07:00,read,key-1,56.010,15,false,leader-w3r3,10
2026-04-03T20:53:38.429656-07:00,read,key-6,53.192,10,false,leader-w3r3,10
2026-04-03T20:53:38.430413-07:00,read,key-3,52.795,9,false,leader-w3r3,10
2026-04-03T20:53:38.430529-07:00,read,key-4,59.671,16,false,leader-w3r3,10
2026-04-03T20:53:38.439365-07:00,read,key-7,51.376,14,false,leader-w3r3,10
2026-04-03T20:53:38.476944-07:00,read,key-8,54.218,15,false,leader-w3r3,10
2026-04-03T20:53:38.48321-07:00,read,key-9,52.341,11,false,leader-w3r3,10
2026-04-03T20:53:38.482853-07:00,read,key-9,55.861,11,false,leader-w3r3,10
2026-04-03T20:53:38.490745-07:00,read,key-5,52.039,10,false,leader-w3r3,10
2026-04-03T20:53:38.490203-07:00,read,key-5,53.367,10,false,leader-w3r3,10
2026-04-03T20:53:38.531168-07:00,read,key-7,54.145,14,false,leader-w3r3,10
2026-04-03T20:53:37.78238-07:00,write,key-0,803.421,15,false,leader-w3r3,10
2026-04-03T20:53:37.782681-07:00,write,key-3,803.184,8,false,leader-w3r3,10
2026-04-03T20:53:37.782619-07:00,write,key-7,803.281,12,false,leader-w3r3,10
2026-04-03T20:53:38.538719-07:00,read,key-6,52.272,10,false,leader-w3r3,10
2026-04-03T20:53:38.542786-07:00,read,key-9,54.564,11,false,leader-w3r3,10
2026-04-03T20:53:38.543573-07:00,read,key-4,53.807,16,false,leader-w3r3,10
2026-04-03T20:53:38.585864-07:00,read,key-9,57.286,11,false,leader-w3r3,10
2026-04-03T20:53:38.5858-07:00,read,key-1,57.388,15,false,leader-w3r3,10
2026-04-03T20:53:38.585899-07:00,read,key-0,57.351,15,false,leader-w3r3,10
2026-04-03T20:53:38.590993-07:00,read,key-5,52.446,10,false,leader-w3r3,10
2026-04-03T20:53:38.597354-07:00,read,key-2,55.704,15,false,leader-w3r3,10
2026-04-03T20:53:38.597382-07:00,read,key-2,55.895,15,false,leader-w3r3,10
2026-04-03T20:53:37.886397-07:00,write,key-4,805.655,14,false,leader-w3r3,10
2026-04-03T20:53:38.643158-07:00,read,key-2,51.691,16,false,leader-w3r3,10
2026-04-03T20:53:38.643441-07:00,read,key-8,52.450,15,false,leader-w3r3,10
2026-04-03T20:53:38.643252-07:00,read,key-3,52.723,9,false,leader-w3r3,10
2026-04-03T20:53:38.643191-07:00,read,key-0,52.921,15,false,leader-w3r3,10
2026-04-03T20:53:38.65328-07:00,read,key-8,51.780,15,false,leader-w3r3,10
2026-04-03T20:53:38.653063-07:00,read,key-5,51.995,10,false,leader-w3r3,10
2026-04-03T20:53:37.941211-07:00,write,key-8,804.365,14,false,leader-w3r3,10
2026-04-03T20:53:37.939045-07:00,write,key-1,807.310,15,false,leader-w3r3,10
2026-04-03T20:53:38.69206-07:00,read,key-5,54.430,10,false,leader-w3r3,10
2026-04-03T20:53:38.696116-07:00,read,key-8,52.698,15,false,leader-w3r3,10
2026-04-03T20:53:38.695893-07:00,read,key-1,53.002,16,false,leader-w3r3,10
2026-04-03T20:53:38.694857-07:00,read,key-6,54.442,10,false,leader-w3r3,10
2026-04-03T20:53:38.695977-07:00,read,key-7,56.129,15,false,leader-w3r3,10
2026-04-03T20:53:38.705068-07:00,read,key-8,51.428,15,false,leader-w3r3,10
2026-04-03T20:53:38.705097-07:00,read,key-5,51.538,10,false,leader-w3r3,10
2026-04-03T20:53:37.98786-07:00,write,key-4,810.509,15,false,leader-w3r3,10
2026-04-03T20:53:37.994776-07:00,write,key-7,805.285,13,false,leader-w3r3,10
2026-04-03T20:53:38.746495-07:00,read,key-6,53.569,10,false,leader-w3r3,10
2026-04-03T20:53:38.746354-07:00,read,key-4,53.782,16,false,leader-w3r3,10
2026-04-03T20:53:38.74558-07:00,read,key-0,54.653,15,false,leader-w3r3,10
2026-04-03T20:53:38.749302-07:00,read,key-3,51.042,9,false,leader-w3r3,10
2026-04-03T20:53:38.756501-07:00,read,key-1,51.821,16,false,leader-w3r3,10
2026-04-03T20:53:38.752109-07:00,read,key-5,56.219,10,false,leader-w3r3,10
2026-04-03T20:53:38.756637-07:00,read,key-1,51.768,16,false,leader-w3r3,10
2026-04-03T20:53:38.798376-07:00,read,key-4,56.146,16,false,leader-w3r3,10
2026-04-03T20:53:38.800348-07:00,read,key-9,54.338,11,false,leader-w3r3,10
2026-04-03T20:53:38.800062-07:00,read,key-0,54.760,15,false,leader-w3r3,10
2026-04-03T20:53:38.800068-07:00,read,key-3,54.805,9,false,leader-w3r3,10
2026-04-03T20:53:38.800236-07:00,read,key-2,56.492,16,false,leader-w3r3,10
2026-04-03T20:53:38.800139-07:00,read,key-8,56.794,15,false,leader-w3r3,10
2026-04-03T20:53:38.808407-07:00,read,key-1,53.894,16,false,leader-w3r3,10
2026-04-03T20:53:38.808326-07:00,read,key-2,54.159,16,false,leader-w3r3,10
2026-04-03T20:53:38.808331-07:00,read,key-7,54.240,15,false,leader-w3r3,10
2026-04-03T20:53:38.85453-07:00,read,key-2,56.976,16,false,leader-w3r3,10
2026-04-03T20:53:38.854824-07:00,read,key-4,56.746,16,false,leader-w3r3,10
2026-04-03T20:53:38.856936-07:00,read,key-0,54.759,15,false,leader-w3r3,10
2026-04-03T20:53:38.856732-07:00,read,key-1,55.088,15,false,leader-w3r3,10
2026-04-03T20:53:38.854876-07:00,read,key-6,56.631,10,false,leader-w3r3,10
2026-04-03T20:53:38.862488-07:00,read,key-7,53.240,15,false,leader-w3r3,10
2026-04-03T20:53:38.10405-07:00,write,key-8,811.885,15,false,leader-w3r3,10
2026-04-03T20:53:38.862306-07:00,read,key-3,53.724,9,false,leader-w3r3,10
2026-04-03T20:53:38.854688-07:00,read,key-1,61.442,16,false,leader-w3r3,10
2026-04-03T20:53:38.104014-07:00,write,key-9,812.150,9,false,leader-w3r3,10
2026-04-03T20:53:38.103984-07:00,write,key-4,812.240,16,false,leader-w3r3,10
2026-04-03T20:53:38.862573-07:00,read,key-6,53.801,10,false,leader-w3r3,10
2026-04-03T20:53:38.916223-07:00,read,key-3,55.779,9,false,leader-w3r3,10
2026-04-03T20:53:38.911572-07:00,read,key-2,60.440,16,false,leader-w3r3,10
2026-04-03T20:53:38.911697-07:00,read,key-0,60.338,16,false,leader-w3r3,10
2026-04-03T20:53:38.911823-07:00,read,key-2,60.306,16,false,leader-w3r3,10
2026-04-03T20:53:38.915936-07:00,read,key-5,56.208,10,false,leader-w3r3,10
2026-04-03T20:53:38.916164-07:00,read,key-4,56.020,16,false,leader-w3r3,10
2026-04-03T20:53:38.915732-07:00,read,key-4,56.485,16,false,leader-w3r3,10
2026-04-03T20:53:38.911856-07:00,read,key-5,60.432,10,false,leader-w3r3,10
2026-04-03T20:53:38.916132-07:00,read,key-1,56.213,16,false,leader-w3r3,10
2026-04-03T20:53:38.916033-07:00,read,key-7,56.371,15,false,leader-w3r3,10
2026-04-03T20:53:38.916376-07:00,read,key-4,56.059,16,false,leader-w3r3,10
2026-04-03T20:53:38.911515-07:00,read,key-0,60.942,16,false,leader-w3r3,10
2026-04-03T20:53:38.200122-07:00,write,key-7,807.806,14,false,leader-w3r3,10
2026-04-03T20:53:38.972006-07:00,read,key-1,56.100,16,false,leader-w3r3,10
2026-04-03T20:53:38.972347-07:00,read,key-2,55.846,16,false,leader-w3r3,10
2026-04-03T20:53:38.972037-07:00,read,key-6,56.350,10,false,leader-w3r3,10
2026-04-03T20:53:38.972015-07:00,read,key-9,56.398,11,false,leader-w3r3,10
2026-04-03T20:53:38.972132-07:00,read,key-1,56.320,16,false,leader-w3r3,10
2026-04-03T20:53:38.972437-07:00,read,key-3,58.243,9,false,leader-w3r3,10
2026-04-03T20:53:38.97222-07:00,read,key-7,58.582,16,false,leader-w3r3,10
2026-04-03T20:53:38.972405-07:00,read,key-8,58.474,15,false,leader-w3r3,10
2026-04-03T20:53:38.972146-07:00,read,key-6,58.780,11,false,leader-w3r3,10
2026-04-03T20:53:38.97229-07:00,read,key-2,58.714,16,false,leader-w3r3,10
2026-04-03T20:53:38.972186-07:00,read,key-5,58.857,10,false,leader-w3r3,10
2026-04-03T20:53:39.028415-07:00,read,key-9,57.481,11,false,leader-w3r3,10
2026-04-03T20:53:39.031045-07:00,read,key-4,54.939,16,false,leader-w3r3,10
2026-04-03T20:53:39.028389-07:00,read,key-1,57.762,16,false,leader-w3r3,10
2026-04-03T20:53:39.030803-07:00,read,key-0,55.465,16,false,leader-w3r3,10
2026-04-03T20:53:39.02811-07:00,read,key-9,58.374,11,false,leader-w3r3,10
2026-04-03T20:53:39.030927-07:00,read,key-6,55.624,11,false,leader-w3r3,10
2026-04-03T20:53:39.028293-07:00,read,key-1,58.284,16,false,leader-w3r3,10
2026-04-03T20:53:39.031005-07:00,read,key-3,55.635,9,false,leader-w3r3,10
2026-04-03T20:53:39.03088-07:00,read,key-2,55.811,16,false,leader-w3r3,10
2026-04-03T20:53:39.028454-07:00,read,key-7,58.278,15,false,leader-w3r3,10
2026-04-03T20:53:39.030683-07:00,read,key-1,56.090,16,false,leader-w3r3,10
2026-04-03T20:53:39.086693-07:00,read,key-4,54.735,16,false,leader-w3r3,10
2026-04-03T20:53:39.086553-07:00,read,key-9,54.976,11,false,leader-w3r3,10
2026-04-03T20:53:39.086271-07:00,read,key-1,55.334,16,false,leader-w3r3,10
2026-04-03T20:53:39.086153-07:00,read,key-8,55.547,15,false,leader-w3r3,10
2026-04-03T20:53:39.086486-07:00,read,key-9,55.272,11,false,leader-w3r3,10
2026-04-03T20:53:39.086579-07:00,read,key-8,55.272,15,false,leader-w3r3,10
2026-04-03T20:53:39.085986-07:00,read,key-2,55.935,16,false,leader-w3r3,10
2026-04-03T20:53:39.085903-07:00,read,key-7,56.070,15,false,leader-w3r3,10
2026-04-03T20:53:39.086734-07:00,read,key-1,56.209,16,false,leader-w3r3,10
2026-04-03T20:53:39.086775-07:00,read,key-9,56.265,11,false,leader-w3r3,10
2026-04-03T20:53:39.086641-07:00,read,key-7,56.457,16,false,leader-w3r3,10
2026-04-03T20:53:38.362798-07:00,write,key-9,811.678,10,false,leader-w3r3,10
2026-04-03T20:53:38.384379-07:00,write,key-3,804.039,9,false,leader-w3r3,10
2026-04-03T20:53:39.141922-07:00,read,key-2,54.583,16,false,leader-w3r3,10
2026-04-03T20:53:39.143041-07:00,read,key-0,53.512,17,false,leader-w3r3,10
2026-04-03T20:53:39.141607-07:00,read,key-2,55.043,16,false,leader-w3r3,10
2026-04-03T20:53:39.141853-07:00,read,key-8,54.830,15,false,leader-w3r3,10
2026-04-03T20:53:39.141531-07:00,read,key-0,55.192,17,false,leader-w3r3,10
2026-04-03T20:53:39.14176-07:00,read,key-3,54.995,9,false,leader-w3r3,10
2026-04-03T20:53:39.141976-07:00,read,key-2,54.797,16,false,leader-w3r3,10
2026-04-03T20:53:39.141702-07:00,read,key-3,55.114,9,false,leader-w3r3,10
2026-04-03T20:53:39.1431-07:00,read,key-5,57.174,10,false,leader-w3r3,10
2026-04-03T20:53:39.174478-07:00,read,key-3,57.031,9,false,leader-w3r3,10
2026-04-03T20:53:38.429879-07:00,write,key-9,809.856,11,false,leader-w3r3,10
2026-04-03T20:53:39.188421-07:00,read,key-4,53.388,17,false,leader-w3r3,10
2026-04-03T20:53:39.196818-07:00,read,key-7,53.380,16,false,leader-w3r3,10
2026-04-03T20:53:39.196555-07:00,read,key-8,53.658,15,false,leader-w3r3,10
2026-04-03T20:53:39.196685-07:00,read,key-7,53.532,15,false,leader-w3r3,10
2026-04-03T20:53:39.196508-07:00,read,key-2,53.714,16,false,leader-w3r3,10
2026-04-03T20:53:39.196652-07:00,read,key-9,53.575,11,false,leader-w3r3,10
2026-04-03T20:53:39.196725-07:00,read,key-9,53.545,11,false,leader-w3r3,10
2026-04-03T20:53:39.196775-07:00,read,key-7,56.215,16,false,leader-w3r3,10
2026-04-03T20:53:39.200277-07:00,read,key-9,54.655,11,false,leader-w3r3,10
2026-04-03T20:53:39.231515-07:00,read,key-7,56.017,16,false,leader-w3r3,10
2026-04-03T20:53:39.239737-07:00,read,key-3,56.756,9,false,leader-w3r3,10
2026-04-03T20:53:39.241813-07:00,read,key-0,55.212,17,false,leader-w3r3,10
2026-04-03T20:53:39.250214-07:00,read,key-0,52.082,17,false,leader-w3r3,10
2026-04-03T20:53:39.250296-07:00,read,key-6,52.039,13,false,leader-w3r3,10
2026-04-03T20:53:39.250229-07:00,read,key-0,52.159,17,false,leader-w3r3,10
2026-04-03T20:53:39.250226-07:00,read,key-0,52.173,17,false,leader-w3r3,10
2026-04-03T20:53:39.250219-07:00,read,key-1,52.223,17,false,leader-w3r3,10
2026-04-03T20:53:39.254934-07:00,read,key-9,53.097,12,false,leader-w3r3,10
2026-04-03T20:53:39.252992-07:00,read,key-8,55.675,15,false,leader-w3r3,10
2026-04-03T20:53:38.535555-07:00,write,key-2,804.313,16,false,leader-w3r3,10
2026-04-03T20:53:39.297027-07:00,read,key-4,51.995,17,false,leader-w3r3,10
2026-04-03T20:53:39.302389-07:00,read,key-0,54.297,17,false,leader-w3r3,10
2026-04-03T20:53:39.302443-07:00,read,key-1,54.307,17,false,leader-w3r3,10
2026-04-03T20:53:39.302401-07:00,read,key-3,54.374,9,false,leader-w3r3,10
2026-04-03T20:53:39.3023-07:00,read,key-7,54.511,16,false,leader-w3r3,10
2026-04-03T20:53:39.302337-07:00,read,key-8,54.504,15,false,leader-w3r3,10
2026-04-03T20:53:39.308035-07:00,read,key-1,50.946,17,false,leader-w3r3,10
2026-04-03T20:53:39.308669-07:00,read,key-4,55.063,17,false,leader-w3r3,10
2026-04-03T20:53:38.585317-07:00,write,key-1,807.886,16,false,leader-w3r3,10
2026-04-03T20:53:39.339871-07:00,read,key-3,53.337,9,false,leader-w3r3,10
2026-04-03T20:53:39.349025-07:00,read,key-4,51.794,17,false,leader-w3r3,10
2026-04-03T20:53:39.356752-07:00,read,key-9,53.016,12,false,leader-w3r3,10
2026-04-03T20:53:39.356689-07:00,read,key-1,53.138,17,false,leader-w3r3,10
2026-04-03T20:53:39.356842-07:00,read,key-7,53.033,16,false,leader-w3r3,10
2026-04-03T20:53:39.356814-07:00,read,key-0,53.112,17,false,leader-w3r3,10
2026-04-03T20:53:39.363735-07:00,read,key-0,54.061,19,false,leader-w3r3,10
2026-04-03T20:53:39.393207-07:00,read,key-2,56.765,16,false,leader-w3r3,10
2026-04-03T20:53:39.393212-07:00,read,key-8,56.761,15,false,leader-w3r3,10
2026-04-03T20:53:39.400823-07:00,read,key-2,52.326,16,false,leader-w3r3,10
2026-04-03T20:53:39.409772-07:00,read,key-8,53.565,15,false,leader-w3r3,10
2026-04-03T20:53:39.409877-07:00,read,key-9,53.493,12,false,leader-w3r3,10
2026-04-03T20:53:39.409927-07:00,read,key-2,54.183,16,false,leader-w3r3,10
2026-04-03T20:53:39.417799-07:00,read,key-9,51.212,12,false,leader-w3r3,10
2026-04-03T20:53:39.449982-07:00,read,key-5,53.986,10,false,leader-w3r3,10
2026-04-03T20:53:39.449982-07:00,read,key-8,53.986,15,false,leader-w3r3,10
2026-04-03T20:53:39.453153-07:00,read,key-2,51.744,16,false,leader-w3r3,10
2026-04-03T20:53:39.463342-07:00,read,key-4,53.363,17,false,leader-w3r3,10
2026-04-03T20:53:39.464112-07:00,read,key-3,52.667,9,false,leader-w3r3,10
2026-04-03T20:53:39.469015-07:00,read,key-1,51.255,17,false,leader-w3r3,10
2026-04-03T20:53:39.463372-07:00,read,key-6,56.981,14,false,leader-w3r3,10
2026-04-03T20:53:39.504012-07:00,read,key-2,54.611,16,false,leader-w3r3,10
2026-04-03T20:53:38.748818-07:00,write,key-0,809.927,16,false,leader-w3r3,10
2026-04-03T20:53:39.504902-07:00,read,key-8,53.973,15,false,leader-w3r3,10
2026-04-03T20:53:39.503981-07:00,read,key-6,54.894,14,false,leader-w3r3,10
2026-04-03T20:53:38.748898-07:00,write,key-7,810.084,15,false,leader-w3r3,10
2026-04-03T20:53:39.51671-07:00,read,key-0,53.432,19,false,leader-w3r3,10
2026-04-03T20:53:39.520357-07:00,read,key-0,57.635,19,false,leader-w3r3,10
2026-04-03T20:53:39.558879-07:00,read,key-2,56.020,16,false,leader-w3r3,10
2026-04-03T20:53:39.558633-07:00,read,key-6,56.264,14,false,leader-w3r3,10
2026-04-03T20:53:39.558748-07:00,read,key-4,56.317,17,false,leader-w3r3,10
2026-04-03T20:53:39.558981-07:00,read,key-0,57.460,19,false,leader-w3r3,10
2026-04-03T20:53:39.558879-07:00,read,key-9,57.595,12,false,leader-w3r3,10
2026-04-03T20:53:39.570148-07:00,read,key-5,51.251,10,false,leader-w3r3,10
2026-04-03T20:53:39.577998-07:00,read,key-5,52.939,11,false,leader-w3r3,10
2026-04-03T20:53:39.615067-07:00,read,key-9,57.603,12,false,leader-w3r3,10
2026-04-03T20:53:39.614907-07:00,read,key-0,58.004,19,false,leader-w3r3,10
2026-04-03T20:53:39.616445-07:00,read,key-0,61.655,19,false,leader-w3r3,10
2026-04-03T20:53:39.621403-07:00,read,key-3,62.740,9,false,leader-w3r3,10
2026-04-03T20:53:39.614908-07:00,read,key-8,69.252,15,false,leader-w3r3,10
2026-04-03T20:53:39.63094-07:00,read,key-4,53.258,17,false,leader-w3r3,10
2026-04-03T20:53:39.616477-07:00,read,key-0,68.345,17,false,leader-w3r3,10
2026-04-03T20:53:39.672681-07:00,read,key-8,69.447,15,false,leader-w3r3,10
2026-04-03T20:53:39.684199-07:00,read,key-6,58.056,14,false,leader-w3r3,10
2026-04-03T20:53:39.684825-07:00,read,key-0,57.465,19,false,leader-w3r3,10
2026-04-03T20:53:39.684162-07:00,read,key-1,58.203,17,false,leader-w3r3,10
2026-04-03T20:53:39.678103-07:00,read,key-7,64.286,17,false,leader-w3r3,10
2026-04-03T20:53:39.672915-07:00,read,key-7,69.530,17,false,leader-w3r3,10
2026-04-03T20:53:39.684147-07:00,read,key-6,58.324,14,false,leader-w3r3,10
2026-04-03T20:53:38.972461-07:00,write,key-6,808.666,11,false,leader-w3r3,10
2026-04-03T20:53:39.742391-07:00,read,key-3,52.738,9,false,leader-w3r3,10
2026-04-03T20:53:39.742138-07:00,read,key-7,53.027,17,false,leader-w3r3,10
2026-04-03T20:53:39.742447-07:00,read,key-0,52.784,19,false,leader-w3r3,10
2026-04-03T20:53:39.742293-07:00,read,key-2,52.945,16,false,leader-w3r3,10
2026-04-03T20:53:39.742258-07:00,read,key-8,53.029,15,false,leader-w3r3,10
2026-04-03T20:53:39.742367-07:00,read,key-7,52.933,17,false,leader-w3r3,10
2026-04-03T20:53:39.742473-07:00,read,key-1,52.866,17,false,leader-w3r3,10
2026-04-03T20:53:39.007931-07:00,write,key-7,808.313,16,false,leader-w3r3,10
2026-04-03T20:53:39.781136-07:00,read,key-1,56.160,17,false,leader-w3r3,10
2026-04-03T20:53:39.79524-07:00,read,key-3,51.471,9,false,leader-w3r3,10
2026-04-03T20:53:39.79534-07:00,read,key-0,51.396,19,false,leader-w3r3,10
2026-04-03T20:53:39.795168-07:00,read,key-1,51.638,17,false,leader-w3r3,10
2026-04-03T20:53:39.795301-07:00,read,key-5,51.526,10,false,leader-w3r3,10
2026-04-03T20:53:39.795289-07:00,read,key-5,51.422,11,false,leader-w3r3,10
2026-04-03T20:53:39.795233-07:00,read,key-6,51.702,14,false,leader-w3r3,10
2026-04-03T20:53:39.816247-07:00,read,key-0,53.014,19,false,leader-w3r3,10
2026-04-03T20:53:39.846738-07:00,read,key-1,55.607,18,false,leader-w3r3,10
2026-04-03T20:53:39.846714-07:00,read,key-8,55.833,15,false,leader-w3r3,10
2026-04-03T20:53:39.846937-07:00,read,key-4,55.680,18,false,leader-w3r3,10
2026-04-03T20:53:39.846829-07:00,read,key-5,55.862,11,false,leader-w3r3,10
2026-04-03T20:53:39.846854-07:00,read,key-7,55.857,17,false,leader-w3r3,10
2026-04-03T20:53:39.869268-07:00,read,key-0,55.240,19,false,leader-w3r3,10
2026-04-03T20:53:39.142945-07:00,write,key-1,809.738,17,false,leader-w3r3,10
2026-04-03T20:53:39.141433-07:00,write,key-0,811.263,17,false,leader-w3r3,10
2026-04-03T20:53:39.90235-07:00,read,key-9,54.585,12,false,leader-w3r3,10
2026-04-03T20:53:39.902618-07:00,read,key-7,54.546,17,false,leader-w3r3,10
2026-04-03T20:53:39.902712-07:00,read,key-1,54.468,18,false,leader-w3r3,10
2026-04-03T20:53:39.902694-07:00,read,key-2,54.791,16,false,leader-w3r3,10
2026-04-03T20:53:39.902551-07:00,read,key-7,54.979,17,false,leader-w3r3,10
2026-04-03T20:53:39.196757-07:00,write,key-4,804.068,17,false,leader-w3r3,10
2026-04-03T20:53:39.952696-07:00,read,key-0,53.502,19,false,leader-w3r3,10
2026-04-03T20:53:39.952685-07:00,read,key-2,55.375,16,false,leader-w3r3,10
2026-04-03T20:53:39.957486-07:00,read,key-1,50.941,18,false,leader-w3r3,10
2026-04-03T20:53:39.956939-07:00,read,key-0,51.609,19,false,leader-w3r3,10
2026-04-03T20:53:39.957166-07:00,read,key-9,51.388,12,false,leader-w3r3,10
2026-04-03T20:53:39.957182-07:00,read,key-8,51.444,15,false,leader-w3r3,10
2026-04-03T20:53:39.957532-07:00,read,key-1,51.438,18,false,leader-w3r3,10
2026-04-03T20:53:40.000829-07:00,read,key-5,55.114,11,false,leader-w3r3,10
2026-04-03T20:53:39.250201-07:00,write,key-6,805.745,12,false,leader-w3r3,10
2026-04-03T20:53:40.006202-07:00,read,key-2,52.934,16,false,leader-w3r3,10
2026-04-03T20:53:40.008627-07:00,read,key-0,51.595,19,false,leader-w3r3,10
2026-04-03T20:53:40.008064-07:00,read,key-9,52.278,12,false,leader-w3r3,10
2026-04-03T20:53:40.008429-07:00,read,key-5,51.992,11,false,leader-w3r3,10
2026-04-03T20:53:40.008555-07:00,read,key-1,51.916,17,false,leader-w3r3,10
2026-04-03T20:53:40.008551-07:00,read,key-3,51.955,10,false,leader-w3r3,10
2026-04-03T20:53:40.008971-07:00,read,key-6,56.161,14,false,leader-w3r3,10
2026-04-03T20:53:39.287538-07:00,write,key-9,810.557,12,false,leader-w3r3,10
2026-04-03T20:53:39.296498-07:00,write,key-6,804.183,13,false,leader-w3r3,10
2026-04-03T20:53:40.055952-07:00,read,key-4,55.320,17,false,leader-w3r3,10
2026-04-03T20:53:40.055952-07:00,read,key-2,55.381,16,false,leader-w3r3,10
2026-04-03T20:53:40.059142-07:00,read,key-3,52.267,10,false,leader-w3r3,10
2026-04-03T20:53:40.060225-07:00,read,key-5,51.934,11,false,leader-w3r3,10
2026-04-03T20:53:40.060474-07:00,read,key-1,51.757,17,false,leader-w3r3,10
2026-04-03T20:53:40.060423-07:00,read,key-0,51.833,19,false,leader-w3r3,10
2026-04-03T20:53:40.060509-07:00,read,key-1,51.790,17,false,leader-w3r3,10
2026-04-03T20:53:40.065136-07:00,read,key-9,54.113,12,false,leader-w3r3,10
2026-04-03T20:53:40.0981-07:00,read,key-9,54.653,12,false,leader-w3r3,10
2026-04-03T20:53:40.100685-07:00,read,key-0,57.295,19,false,leader-w3r3,10
2026-04-03T20:53:39.356777-07:00,write,key-0,801.874,18,false,leader-w3r3,10
2026-04-03T20:53:39.358983-07:00,write,key-0,801.892,19,false,leader-w3r3,10
2026-04-03T20:53:40.111278-07:00,read,key-6,53.211,14,false,leader-w3r3,10
2026-04-03T20:53:40.112258-07:00,read,key-9,53.251,13,false,leader-w3r3,10
2026-04-03T20:53:40.112162-07:00,read,key-4,53.401,18,false,leader-w3r3,10
2026-04-03T20:53:40.111412-07:00,read,key-3,54.174,10,false,leader-w3r3,10
2026-04-03T20:53:40.111338-07:00,read,key-4,54.298,18,false,leader-w3r3,10
2026-04-03T20:53:40.112234-07:00,read,key-4,53.414,18,false,leader-w3r3,10
2026-04-03T20:53:40.112301-07:00,read,key-7,53.704,18,false,leader-w3r3,10
2026-04-03T20:53:40.119252-07:00,read,key-9,50.746,13,false,leader-w3r3,10
2026-04-03T20:53:40.15277-07:00,read,key-3,56.081,10,false,leader-w3r3,10
2026-04-03T20:53:40.158651-07:00,read,key-8,53.185,16,false,leader-w3r3,10
2026-04-03T20:53:40.165587-07:00,read,key-7,51.192,17,false,leader-w3r3,10
2026-04-03T20:53:40.160875-07:00,read,key-7,55.934,18,false,leader-w3r3,10
2026-04-03T20:53:40.165637-07:00,read,key-4,51.299,18,false,leader-w3r3,10
2026-04-03T20:53:40.165512-07:00,read,key-9,51.478,12,false,leader-w3r3,10
2026-04-03T20:53:39.40983-07:00,write,key-6,807.167,14,false,leader-w3r3,10
2026-04-03T20:53:40.164493-07:00,read,key-9,52.695,13,false,leader-w3r3,10
2026-04-03T20:53:40.166007-07:00,read,key-1,51.296,18,false,leader-w3r3,10
2026-04-03T20:53:40.16565-07:00,read,key-8,52.925,16,false,leader-w3r3,10
2026-04-03T20:53:40.165565-07:00,read,key-5,53.060,11,false,leader-w3r3,10
2026-04-03T20:53:40.17-07:00,read,key-5,51.808,12,false,leader-w3r3,10
2026-04-03T20:53:40.208863-07:00,read,key-1,54.854,18,false,leader-w3r3,10
2026-04-03T20:53:40.211841-07:00,read,key-3,56.904,10,false,leader-w3r3,10
2026-04-03T20:53:40.216811-07:00,read,key-2,53.027,16,false,leader-w3r3,10
2026-04-03T20:53:40.217305-07:00,read,key-7,52.710,18,false,leader-w3r3,10
2026-04-03T20:53:40.216999-07:00,read,key-0,53.161,19,false,leader-w3r3,10
2026-04-03T20:53:40.216993-07:00,read,key-2,53.250,16,false,leader-w3r3,10
2026-04-03T20:53:40.216939-07:00,read,key-2,53.525,16,false,leader-w3r3,10
2026-04-03T20:53:40.218578-07:00,read,key-0,52.485,19,false,leader-w3r3,10
2026-04-03T20:53:40.21719-07:00,read,key-0,53.996,19,false,leader-w3r3,10
2026-04-03T20:53:40.218628-07:00,read,key-9,52.633,13,false,leader-w3r3,10
2026-04-03T20:53:40.22181-07:00,read,key-1,53.079,18,false,leader-w3r3,10
2026-04-03T20:53:40.263723-07:00,read,key-3,54.799,10,false,leader-w3r3,10
2026-04-03T20:53:39.516781-07:00,write,key-7,802.805,17,false,leader-w3r3,10
2026-04-03T20:53:40.268752-07:00,read,key-6,53.207,14,false,leader-w3r3,10
2026-04-03T20:53:40.270245-07:00,read,key-2,51.748,16,false,leader-w3r3,10
2026-04-03T20:53:40.269843-07:00,read,key-1,52.187,18,false,leader-w3r3,10
2026-04-03T20:53:40.270162-07:00,read,key-6,51.922,14,false,leader-w3r3,10
2026-04-03T20:53:40.271188-07:00,read,key-4,50.935,18,false,leader-w3r3,10
2026-04-03T20:53:40.270017-07:00,read,key-7,52.254,18,false,leader-w3r3,10
2026-04-03T20:53:40.271067-07:00,read,key-3,51.227,10,false,leader-w3r3,10
2026-04-03T20:53:39.520274-07:00,write,key-5,804.994,11,false,leader-w3r3,10
2026-04-03T20:53:40.271263-07:00,read,key-0,55.400,19,false,leader-w3r3,10
2026-04-03T20:53:40.270466-07:00,read,key-3,56.244,10,false,leader-w3r3,10
2026-04-03T20:53:40.274892-07:00,read,key-0,54.991,19,false,leader-w3r3,10
2026-04-03T20:53:40.319587-07:00,read,key-3,56.704,10,false,leader-w3r3,10
2026-04-03T20:53:40.318527-07:00,read,key-7,57.951,18,false,leader-w3r3,10
2026-04-03T20:53:40.321963-07:00,read,key-7,55.005,18,false,leader-w3r3,10
2026-04-03T20:53:40.322086-07:00,read,key-6,54.897,14,false,leader-w3r3,10
2026-04-03T20:53:40.322033-07:00,read,key-6,55.026,14,false,leader-w3r3,10
2026-04-03T20:53:40.322295-07:00,read,key-6,54.996,14,false,leader-w3r3,10
2026-04-03T20:53:40.326666-07:00,read,key-9,50.725,13,false,leader-w3r3,10
2026-04-03T20:53:40.322274-07:00,read,key-6,55.794,14,false,leader-w3r3,10
2026-04-03T20:53:40.322125-07:00,read,key-6,56.059,14,false,leader-w3r3,10
2026-04-03T20:53:40.329886-07:00,read,key-0,51.084,19,false,leader-w3r3,10
2026-04-03T20:53:40.377393-07:00,read,key-6,54.692,14,false,leader-w3r3,10
2026-04-03T20:53:40.376482-07:00,read,key-3,55.779,10,false,leader-w3r3,10
2026-04-03T20:53:40.376969-07:00,read,key-2,55.390,16,false,leader-w3r3,10
2026-04-03T20:53:40.378069-07:00,read,key-2,54.369,16,false,leader-w3r3,10
2026-04-03T20:53:40.376297-07:00,read,key-4,56.205,19,false,leader-w3r3,10
2026-04-03T20:53:40.376985-07:00,read,key-0,55.592,19,false,leader-w3r3,10
2026-04-03T20:53:40.377293-07:00,read,key-9,55.352,15,false,leader-w3r3,10
2026-04-03T20:53:40.37706-07:00,read,key-0,55.651,19,false,leader-w3r3,10
2026-04-03T20:53:40.378185-07:00,read,key-4,55.409,19,false,leader-w3r3,10
2026-04-03T20:53:40.380973-07:00,read,key-5,52.690,12,false,leader-w3r3,10
2026-04-03T20:53:40.432361-07:00,read,key-1,54.788,19,false,leader-w3r3,10
2026-04-03T20:53:40.432264-07:00,read,key-5,54.926,12,false,leader-w3r3,10
2026-04-03T20:53:40.432579-07:00,read,key-5,54.693,12,false,leader-w3r3,10
2026-04-03T20:53:40.432505-07:00,read,key-1,54.782,19,false,leader-w3r3,10
2026-04-03T20:53:40.432647-07:00,read,key-6,54.682,14,false,leader-w3r3,10
2026-04-03T20:53:40.433597-07:00,read,key-2,55.412,16,false,leader-w3r3,10
2026-04-03T20:53:40.433665-07:00,read,key-7,55.369,18,false,leader-w3r3,10
2026-04-03T20:53:40.432713-07:00,read,key-0,56.412,19,false,leader-w3r3,10
2026-04-03T20:53:40.489011-07:00,read,key-9,54.980,15,false,leader-w3r3,10
2026-04-03T20:53:40.48733-07:00,read,key-3,56.717,10,false,leader-w3r3,10
2026-04-03T20:53:40.487153-07:00,read,key-6,57.115,14,false,leader-w3r3,10
2026-04-03T20:53:40.487288-07:00,read,key-0,57.097,19,false,leader-w3r3,10
2026-04-03T20:53:40.487192-07:00,read,key-0,57.235,19,false,leader-w3r3,10
2026-04-03T20:53:40.487273-07:00,read,key-2,57.237,16,false,leader-w3r3,10
2026-04-03T20:53:40.489036-07:00,read,key-5,54.955,12,false,leader-w3r3,10
2026-04-03T20:53:40.489176-07:00,read,key-3,55.590,10,false,leader-w3r3,10
2026-04-03T20:53:40.544271-07:00,read,key-5,52.799,12,false,leader-w3r3,10
2026-04-03T20:53:40.544768-07:00,read,key-8,52.341,16,false,leader-w3r3,10
2026-04-03T20:53:40.544428-07:00,read,key-2,52.685,16,false,leader-w3r3,10
2026-04-03T20:53:40.543998-07:00,read,key-7,53.144,18,false,leader-w3r3,10
2026-04-03T20:53:40.544051-07:00,read,key-8,53.094,16,false,leader-w3r3,10
2026-04-03T20:53:40.544388-07:00,read,key-0,52.769,19,false,leader-w3r3,10
2026-04-03T20:53:39.795132-07:00,write,key-3,804.604,10,false,leader-w3r3,10
2026-04-03T20:53:40.54468-07:00,read,key-2,58.609,16,false,leader-w3r3,10
2026-04-03T20:53:40.544512-07:00,read,key-9,58.809,15,false,leader-w3r3,10
2026-04-03T20:53:39.837302-07:00,write,key-4,806.845,18,false,leader-w3r3,10
2026-04-03T20:53:40.597115-07:00,read,key-5,54.351,12,false,leader-w3r3,10
2026-04-03T20:53:40.59716-07:00,read,key-2,54.378,16,false,leader-w3r3,10
2026-04-03T20:53:40.597111-07:00,read,key-2,54.475,16,false,leader-w3r3,10
2026-04-03T20:53:40.597146-07:00,read,key-0,54.459,19,false,leader-w3r3,10
2026-04-03T20:53:40.597074-07:00,read,key-8,54.570,16,false,leader-w3r3,10
2026-04-03T20:53:39.846808-07:00,write,key-1,805.721,18,false,leader-w3r3,10
2026-04-03T20:53:40.599735-07:00,read,key-9,52.809,15,false,leader-w3r3,10
2026-04-03T20:53:40.603322-07:00,read,key-2,51.697,16,false,leader-w3r3,10
2026-04-03T20:53:40.603291-07:00,read,key-6,51.783,14,false,leader-w3r3,10
2026-04-03T20:53:40.644146-07:00,read,key-6,57.462,14,false,leader-w3r3,10
2026-04-03T20:53:40.65154-07:00,read,key-3,52.716,10,false,leader-w3r3,10
2026-04-03T20:53:40.651587-07:00,read,key-7,52.839,18,false,leader-w3r3,10
2026-04-03T20:53:40.651469-07:00,read,key-4,53.048,21,false,leader-w3r3,10
2026-04-03T20:53:40.651607-07:00,read,key-5,52.990,12,false,leader-w3r3,10
2026-04-03T20:53:40.651645-07:00,read,key-2,53.045,16,false,leader-w3r3,10
2026-04-03T20:53:40.652529-07:00,read,key-8,54.713,16,false,leader-w3r3,10
2026-04-03T20:53:40.652546-07:00,read,key-3,54.834,11,false,leader-w3r3,10
2026-04-03T20:53:40.655022-07:00,read,key-3,52.432,10,false,leader-w3r3,10
2026-04-03T20:53:39.924513-07:00,write,key-7,805.543,18,false,leader-w3r3,10
2026-04-03T20:53:40.704519-07:00,read,key-2,54.708,16,false,leader-w3r3,10
2026-04-03T20:53:40.704429-07:00,read,key-7,54.815,18,false,leader-w3r3,10
2026-04-03T20:53:40.704598-07:00,read,key-3,54.801,11,false,leader-w3r3,10
2026-04-03T20:53:40.707246-07:00,read,key-0,57.991,20,false,leader-w3r3,10
2026-04-03T20:53:40.707456-07:00,read,key-7,57.784,18,false,leader-w3r3,10
2026-04-03T20:53:40.704692-07:00,read,key-2,60.956,16,false,leader-w3r3,10
2026-04-03T20:53:40.707382-07:00,read,key-9,58.977,15,false,leader-w3r3,10
2026-04-03T20:53:40.730058-07:00,read,key-6,54.561,14,false,leader-w3r3,10
2026-04-03T20:53:40.759233-07:00,read,key-3,61.484,11,false,leader-w3r3,10
2026-04-03T20:53:40.759402-07:00,read,key-4,61.441,21,false,leader-w3r3,10
2026-04-03T20:53:40.75925-07:00,read,key-7,61.644,18,false,leader-w3r3,10
2026-04-03T20:53:40.765243-07:00,read,key-1,55.755,20,false,leader-w3r3,10
2026-04-03T20:53:40.766362-07:00,read,key-3,54.658,11,false,leader-w3r3,10
2026-04-03T20:53:40.765242-07:00,read,key-6,55.836,14,false,leader-w3r3,10
2026-04-03T20:53:40.784624-07:00,read,key-6,60.683,14,false,leader-w3r3,10
2026-04-03T20:53:40.060344-07:00,write,key-9,809.222,13,false,leader-w3r3,10
2026-04-03T20:53:40.821022-07:00,read,key-2,52.276,16,false,leader-w3r3,10
2026-04-03T20:53:40.820897-07:00,read,key-5,52.486,12,false,leader-w3r3,10
2026-04-03T20:53:40.820848-07:00,read,key-8,52.592,16,false,leader-w3r3,10
2026-04-03T20:53:40.821082-07:00,read,key-9,52.512,15,false,leader-w3r3,10
2026-04-03T20:53:40.821-07:00,read,key-2,52.645,16,false,leader-w3r3,10
2026-04-03T20:53:40.820727-07:00,read,key-6,53.060,14,false,leader-w3r3,10
2026-04-03T20:53:40.845314-07:00,read,key-4,55.938,20,false,leader-w3r3,10
2026-04-03T20:53:40.873442-07:00,read,key-4,53.181,21,false,leader-w3r3,10
2026-04-03T20:53:40.873385-07:00,read,key-0,53.371,20,false,leader-w3r3,10
2026-04-03T20:53:40.873647-07:00,read,key-7,53.159,18,false,leader-w3r3,10
2026-04-03T20:53:40.869569-07:00,read,key-8,57.491,16,false,leader-w3r3,10
2026-04-03T20:53:40.873301-07:00,read,key-9,53.835,15,false,leader-w3r3,10
2026-04-03T20:53:40.873596-07:00,read,key-2,53.562,16,false,leader-w3r3,10
2026-04-03T20:53:40.873791-07:00,read,key-9,58.014,15,false,leader-w3r3,10
2026-04-03T20:53:40.901257-07:00,read,key-0,54.017,20,false,leader-w3r3,10
2026-04-03T20:53:40.157992-07:00,write,key-8,804.771,16,false,leader-w3r3,10
2026-04-03T20:53:40.927159-07:00,read,key-1,56.880,21,false,leader-w3r3,10
2026-04-03T20:53:40.926758-07:00,read,key-8,57.471,16,false,leader-w3r3,10
2026-04-03T20:53:40.931808-07:00,read,key-6,52.425,14,false,leader-w3r3,10
2026-04-03T20:53:40.926626-07:00,read,key-5,57.699,12,false,leader-w3r3,10
2026-04-03T20:53:40.926807-07:00,read,key-8,57.521,16,false,leader-w3r3,10
2026-04-03T20:53:40.927137-07:00,read,key-7,57.277,18,false,leader-w3r3,10
2026-04-03T20:53:40.927063-07:00,read,key-8,57.428,16,false,leader-w3r3,10
2026-04-03T20:53:40.955279-07:00,read,key-3,54.999,11,false,leader-w3r3,10
2026-04-03T20:53:40.962768-07:00,read,key-0,53.747,20,false,leader-w3r3,10
2026-04-03T20:53:40.216783-07:00,write,key-5,807.364,12,false,leader-w3r3,10
2026-04-03T20:53:40.984043-07:00,read,key-2,52.368,16,false,leader-w3r3,10
2026-04-03T20:53:40.984416-07:00,read,key-0,52.067,20,false,leader-w3r3,10
2026-04-03T20:53:40.98433-07:00,read,key-9,52.255,15,false,leader-w3r3,10
2026-04-03T20:53:40.984236-07:00,read,key-2,52.379,16,false,leader-w3r3,10
2026-04-03T20:53:40.984327-07:00,read,key-7,52.344,18,false,leader-w3r3,10
2026-04-03T20:53:40.984493-07:00,read,key-3,56.032,11,false,leader-w3r3,10
2026-04-03T20:53:41.010284-07:00,read,key-2,53.304,16,false,leader-w3r3,10
2026-04-03T20:53:41.016521-07:00,read,key-3,54.077,11,false,leader-w3r3,10
2026-04-03T20:53:41.02415-07:00,read,key-3,58.356,11,false,leader-w3r3,10
2026-04-03T20:53:41.036618-07:00,read,key-2,52.704,16,false,leader-w3r3,10
2026-04-03T20:53:41.036418-07:00,read,key-7,52.996,18,false,leader-w3r3,10
2026-04-03T20:53:41.036587-07:00,read,key-2,52.872,16,false,leader-w3r3,10
2026-04-03T20:53:41.040529-07:00,read,key-8,51.638,16,false,leader-w3r3,10
2026-04-03T20:53:41.036674-07:00,read,key-5,55.504,12,false,leader-w3r3,10
2026-04-03T20:53:41.070603-07:00,read,key-7,55.825,18,false,leader-w3r3,10
2026-04-03T20:53:40.321995-07:00,write,key-4,805.192,19,false,leader-w3r3,10
2026-04-03T20:53:40.326712-07:00,write,key-9,803.391,15,false,leader-w3r3,10
2026-04-03T20:53:40.325269-07:00,write,key-9,805.093,14,false,leader-w3r3,10
2026-04-03T20:53:41.089461-07:00,read,key-2,53.157,17,false,leader-w3r3,10
2026-04-03T20:53:41.082513-07:00,read,key-0,60.655,20,false,leader-w3r3,10
2026-04-03T20:53:41.089326-07:00,read,key-3,54.216,11,false,leader-w3r3,10
2026-04-03T20:53:41.089417-07:00,read,key-5,54.234,12,false,leader-w3r3,10
2026-04-03T20:53:41.09217-07:00,read,key-4,55.413,23,false,leader-w3r3,10
2026-04-03T20:53:41.130106-07:00,read,key-8,51.894,17,false,leader-w3r3,10
2026-04-03T20:53:41.126437-07:00,read,key-5,55.629,12,false,leader-w3r3,10
2026-04-03T20:53:41.127189-07:00,read,key-2,54.907,17,false,leader-w3r3,10
2026-04-03T20:53:41.147586-07:00,read,key-8,54.149,19,false,leader-w3r3,10
2026-04-03T20:53:41.142623-07:00,read,key-2,59.204,17,false,leader-w3r3,10
2026-04-03T20:53:41.143176-07:00,read,key-5,58.789,12,false,leader-w3r3,10
2026-04-03T20:53:41.143546-07:00,read,key-1,58.531,21,false,leader-w3r3,10
2026-04-03T20:53:40.43244-07:00,write,key-4,805.672,20,false,leader-w3r3,10
2026-04-03T20:53:41.182006-07:00,read,key-4,56.151,23,false,leader-w3r3,10
2026-04-03T20:53:41.182072-07:00,read,key-1,56.195,21,false,leader-w3r3,10
2026-04-03T20:53:40.432088-07:00,write,key-1,806.186,19,false,leader-w3r3,10
2026-04-03T20:53:41.182099-07:00,read,key-0,58.662,20,false,leader-w3r3,10
2026-04-03T20:53:41.201832-07:00,read,key-2,53.645,17,false,leader-w3r3,10
2026-04-03T20:53:41.201968-07:00,read,key-6,53.556,14,false,leader-w3r3,10
2026-04-03T20:53:41.202078-07:00,read,key-9,53.583,15,false,leader-w3r3,10
2026-04-03T20:53:41.23816-07:00,read,key-7,54.285,18,false,leader-w3r3,10
2026-04-03T20:53:41.23827-07:00,read,key-9,54.912,15,false,leader-w3r3,10
2026-04-03T20:53:41.238274-07:00,read,key-7,56.709,18,false,leader-w3r3,10
2026-04-03T20:53:41.255663-07:00,read,key-5,54.293,12,false,leader-w3r3,10
2026-04-03T20:53:41.255527-07:00,read,key-8,54.462,20,false,leader-w3r3,10
2026-04-03T20:53:41.255482-07:00,read,key-5,56.632,12,false,leader-w3r3,10
2026-04-03T20:53:41.29245-07:00,read,key-7,55.250,18,false,leader-w3r3,10
2026-04-03T20:53:41.293185-07:00,read,key-0,56.528,21,false,leader-w3r3,10
2026-04-03T20:53:41.294987-07:00,read,key-2,54.823,17,false,leader-w3r3,10
2026-04-03T20:53:41.309961-07:00,read,key-3,54.791,11,false,leader-w3r3,10
2026-04-03T20:53:41.312117-07:00,read,key-5,52.658,12,false,leader-w3r3,10
2026-04-03T20:53:40.597147-07:00,write,key-1,802.768,20,false,leader-w3r3,10
2026-04-03T20:53:41.349813-07:00,read,key-9,53.645,16,false,leader-w3r3,10
2026-04-03T20:53:41.349717-07:00,read,key-6,53.855,14,false,leader-w3r3,10
2026-04-03T20:53:41.364758-07:00,read,key-1,55.031,22,false,leader-w3r3,10
2026-04-03T20:53:41.364778-07:00,read,key-6,55.011,14,false,leader-w3r3,10
2026-04-03T20:53:41.403462-07:00,read,key-1,52.846,22,false,leader-w3r3,10
2026-04-03T20:53:40.655075-07:00,write,key-4,802.324,21,false,leader-w3r3,10
2026-04-03T20:53:41.419795-07:00,read,key-4,55.656,23,false,leader-w3r3,10
2026-04-03T20:53:41.419795-07:00,read,key-5,55.671,12,false,leader-w3r3,10
2026-04-03T20:53:40.701618-07:00,write,key-0,805.046,20,false,leader-w3r3,10
2026-04-03T20:53:41.456312-07:00,read,key-8,52.282,21,false,leader-w3r3,10
2026-04-03T20:53:40.70426-07:00,write,key-3,804.348,11,false,leader-w3r3,10
2026-04-03T20:53:41.457403-07:00,read,key-2,51.962,18,false,leader-w3r3,10
2026-04-03T20:53:41.475469-07:00,read,key-2,54.377,18,false,leader-w3r3,10
2026-04-03T20:53:41.506666-07:00,read,key-2,55.983,18,false,leader-w3r3,10
2026-04-03T20:53:41.509367-07:00,read,key-7,53.426,18,false,leader-w3r3,10
2026-04-03T20:53:41.508609-07:00,read,key-1,54.231,22,false,leader-w3r3,10
2026-04-03T20:53:41.508599-07:00,read,key-8,54.289,21,false,leader-w3r3,10
2026-04-03T20:53:40.765651-07:00,write,key-1,802.788,21,false,leader-w3r3,10
2026-04-03T20:53:41.529851-07:00,read,key-4,53.975,23,false,leader-w3r3,10
2026-04-03T20:53:41.562795-07:00,read,key-2,59.439,18,false,leader-w3r3,10
2026-04-03T20:53:41.56289-07:00,read,key-1,59.479,22,false,leader-w3r3,10
2026-04-03T20:53:41.562843-07:00,read,key-1,59.544,22,false,leader-w3r3,10
2026-04-03T20:53:41.568442-07:00,read,key-0,54.026,22,false,leader-w3r3,10
2026-04-03T20:53:41.583832-07:00,read,key-7,52.903,18,false,leader-w3r3,10
2026-04-03T20:53:41.622473-07:00,read,key-5,57.505,12,false,leader-w3r3,10
2026-04-03T20:53:41.622241-07:00,read,key-5,57.814,13,false,leader-w3r3,10
2026-04-03T20:53:41.636742-07:00,read,key-1,53.880,22,false,leader-w3r3,10
2026-04-03T20:53:41.680059-07:00,read,key-9,56.308,16,false,leader-w3r3,10
2026-04-03T20:53:41.679982-07:00,read,key-3,56.520,11,false,leader-w3r3,10
2026-04-03T20:53:41.690626-07:00,read,key-3,51.614,12,false,leader-w3r3,10
2026-04-03T20:53:40.98423-07:00,write,key-4,804.272,22,false,leader-w3r3,10
2026-04-03T20:53:41.736506-07:00,read,key-5,55.692,13,false,leader-w3r3,10
2026-04-03T20:53:41.736372-07:00,read,key-9,55.851,16,false,leader-w3r3,10
2026-04-03T20:53:41.742245-07:00,read,key-2,52.239,18,false,leader-w3r3,10
2026-04-03T20:53:41.788509-07:00,read,key-2,56.332,19,false,leader-w3r3,10
2026-04-03T20:53:41.036486-07:00,write,key-8,808.407,17,false,leader-w3r3,10
2026-04-03T20:53:41.792226-07:00,read,key-1,56.431,22,false,leader-w3r3,10
2026-04-03T20:53:41.792202-07:00,read,key-3,56.635,12,false,leader-w3r3,10
2026-04-03T20:53:41.063594-07:00,write,key-4,811.013,23,false,leader-w3r3,10
2026-04-03T20:53:41.844853-07:00,read,key-1,59.000,22,false,leader-w3r3,10
2026-04-03T20:53:41.848662-07:00,read,key-1,55.310,22,false,leader-w3r3,10
2026-04-03T20:53:41.844896-07:00,read,key-0,59.162,22,false,leader-w3r3,10
2026-04-03T20:53:41.09218-07:00,write,key-2,811.949,17,false,leader-w3r3,10
2026-04-03T20:53:41.874617-07:00,read,key-7,52.916,19,false,leader-w3r3,10
2026-04-03T20:53:41.130361-07:00,write,key-8,808.203,18,false,leader-w3r3,10
2026-04-03T20:53:41.143654-07:00,write,key-8,810.321,19,false,leader-w3r3,10
2026-04-03T20:53:41.904063-07:00,read,key-3,54.820,11,false,leader-w3r3,10
2026-04-03T20:53:41.903975-07:00,read,key-7,54.986,18,false,leader-w3r3,10
2026-04-03T20:53:41.903866-07:00,read,key-2,55.106,19,false,leader-w3r3,10
2026-04-03T20:53:41.90413-07:00,read,key-5,57.438,13,false,leader-w3r3,10
2026-04-03T20:53:41.927539-07:00,read,key-7,55.792,20,false,leader-w3r3,10
2026-04-03T20:53:41.201744-07:00,write,key-0,808.856,21,false,leader-w3r3,10
2026-04-03T20:53:41.953979-07:00,read,key-7,56.694,20,false,leader-w3r3,10
2026-04-03T20:53:41.958964-07:00,read,key-5,54.629,13,false,leader-w3r3,10
2026-04-03T20:53:41.961574-07:00,read,key-5,52.199,13,false,leader-w3r3,10
2026-04-03T20:53:41.958976-07:00,read,key-1,55.579,22,false,leader-w3r3,10
2026-04-03T20:53:41.983339-07:00,read,key-1,53.421,22,false,leader-w3r3,10
2026-04-03T20:53:41.238116-07:00,write,key-9,806.597,16,false,leader-w3r3,10
2026-04-03T20:53:41.240765-07:00,write,key-8,808.163,20,false,leader-w3r3,10
2026-04-03T20:53:42.010677-07:00,read,key-1,57.174,22,false,leader-w3r3,10
2026-04-03T20:53:42.014557-07:00,read,key-7,53.336,20,false,leader-w3r3,10
2026-04-03T20:53:42.013775-07:00,read,key-0,54.230,22,false,leader-w3r3,10
2026-04-03T20:53:42.013597-07:00,read,key-4,54.489,23,false,leader-w3r3,10
2026-04-03T20:53:42.010606-07:00,read,key-9,57.505,16,false,leader-w3r3,10
2026-04-03T20:53:42.036765-07:00,read,key-9,64.804,16,false,leader-w3r3,10
2026-04-03T20:53:42.048931-07:00,read,key-0,52.638,22,false,leader-w3r3,10
2026-04-03T20:53:41.309992-07:00,write,key-0,803.643,22,false,leader-w3r3,10
2026-04-03T20:53:42.067897-07:00,read,key-4,51.454,23,false,leader-w3r3,10
2026-04-03T20:53:42.068115-07:00,read,key-2,51.418,20,false,leader-w3r3,10
2026-04-03T20:53:42.068089-07:00,read,key-4,51.536,23,false,leader-w3r3,10
2026-04-03T20:53:42.068008-07:00,read,key-9,52.089,17,false,leader-w3r3,10
2026-04-03T20:53:42.101574-07:00,read,key-6,54.473,15,false,leader-w3r3,10
2026-04-03T20:53:41.347707-07:00,write,key-1,808.352,22,false,leader-w3r3,10
2026-04-03T20:53:42.113637-07:00,read,key-1,53.818,22,false,leader-w3r3,10
2026-04-03T20:53:42.119627-07:00,read,key-6,52.747,15,false,leader-w3r3,10
2026-04-03T20:53:42.120099-07:00,read,key-1,52.360,22,false,leader-w3r3,10
2026-04-03T20:53:42.119536-07:00,read,key-0,53.023,22,false,leader-w3r3,10
2026-04-03T20:53:42.119357-07:00,read,key-6,53.331,15,false,leader-w3r3,10
2026-04-03T20:53:41.39992-07:00,write,key-8,807.840,21,false,leader-w3r3,10
2026-04-03T20:53:41.403576-07:00,write,key-2,807.317,18,false,leader-w3r3,10
2026-04-03T20:53:42.156051-07:00,read,key-1,54.867,22,false,leader-w3r3,10
2026-04-03T20:53:42.15606-07:00,read,key-7,54.829,20,false,leader-w3r3,10
2026-04-03T20:53:42.167459-07:00,read,key-1,52.945,22,false,leader-w3r3,10
2026-04-03T20:53:42.172562-07:00,read,key-6,53.709,15,false,leader-w3r3,10
2026-04-03T20:53:42.172461-07:00,read,key-3,53.972,13,false,leader-w3r3,10
2026-04-03T20:53:42.172378-07:00,read,key-5,54.121,13,false,leader-w3r3,10
2026-04-03T20:53:42.172691-07:00,read,key-2,53.859,20,false,leader-w3r3,10
2026-04-03T20:53:42.207763-07:00,read,key-1,56.820,22,false,leader-w3r3,10
2026-04-03T20:53:42.210921-07:00,read,key-4,53.809,23,false,leader-w3r3,10
2026-04-03T20:53:42.210894-07:00,read,key-8,53.908,23,false,leader-w3r3,10
2026-04-03T20:53:42.210951-07:00,read,key-9,53.961,17,false,leader-w3r3,10
2026-04-03T20:53:42.226434-07:00,read,key-1,55.871,22,false,leader-w3r3,10
2026-04-03T20:53:42.226552-07:00,read,key-9,55.857,17,false,leader-w3r3,10
2026-04-03T20:53:42.226274-07:00,read,key-0,56.180,22,false,leader-w3r3,10
2026-04-03T20:53:41.475456-07:00,write,key-6,807.054,15,false,leader-w3r3,10
2026-04-03T20:53:42.226501-07:00,read,key-6,56.077,15,false,leader-w3r3,10
2026-04-03T20:53:42.220407-07:00,read,key-6,62.175,15,false,leader-w3r3,10
2026-04-03T20:53:42.264914-07:00,read,key-7,53.775,21,false,leader-w3r3,10
2026-04-03T20:53:42.264732-07:00,read,key-6,53.961,15,false,leader-w3r3,10
2026-04-03T20:53:42.264588-07:00,read,key-6,54.270,15,false,leader-w3r3,10
2026-04-03T20:53:42.282411-07:00,read,key-5,56.283,13,false,leader-w3r3,10
2026-04-03T20:53:42.282579-07:00,read,key-3,56.115,13,false,leader-w3r3,10
2026-04-03T20:53:42.282309-07:00,read,key-0,56.478,22,false,leader-w3r3,10
2026-04-03T20:53:42.28251-07:00,read,key-1,56.282,22,false,leader-w3r3,10
2026-04-03T20:53:42.282457-07:00,read,key-3,56.407,13,false,leader-w3r3,10
2026-04-03T20:53:42.282584-07:00,read,key-2,56.510,20,false,leader-w3r3,10
2026-04-03T20:53:41.562655-07:00,write,key-5,808.238,13,false,leader-w3r3,10
2026-04-03T20:53:42.31886-07:00,read,key-4,55.830,23,false,leader-w3r3,10
2026-04-03T20:53:42.318694-07:00,read,key-6,56.154,15,false,leader-w3r3,10
2026-04-03T20:53:42.318696-07:00,read,key-8,56.255,23,false,leader-w3r3,10
2026-04-03T20:53:42.338699-07:00,read,key-1,54.312,22,false,leader-w3r3,10
2026-04-03T20:53:42.338794-07:00,read,key-0,54.249,22,false,leader-w3r3,10
2026-04-03T20:53:42.33879-07:00,read,key-2,54.221,20,false,leader-w3r3,10
2026-04-03T20:53:42.338866-07:00,read,key-8,54.312,23,false,leader-w3r3,10
2026-04-03T20:53:42.338699-07:00,read,key-4,54.554,23,false,leader-w3r3,10
2026-04-03T20:53:42.339097-07:00,read,key-9,55.581,17,false,leader-w3r3,10
2026-04-03T20:53:42.374696-07:00,read,key-7,55.298,21,false,leader-w3r3,10
2026-04-03T20:53:42.370898-07:00,read,key-0,59.286,23,false,leader-w3r3,10
2026-04-03T20:53:41.622389-07:00,write,key-3,807.958,12,false,leader-w3r3,10
2026-04-03T20:53:41.622372-07:00,write,key-2,808.333,19,false,leader-w3r3,10
2026-04-03T20:53:42.374851-07:00,read,key-0,58.274,23,false,leader-w3r3,10
2026-04-03T20:53:42.374953-07:00,read,key-8,58.323,23,false,leader-w3r3,10
2026-04-03T20:53:42.393046-07:00,read,key-0,55.357,22,false,leader-w3r3,10
2026-04-03T20:53:42.393067-07:00,read,key-8,55.435,23,false,leader-w3r3,10
2026-04-03T20:53:42.394682-07:00,read,key-1,53.868,22,false,leader-w3r3,10
2026-04-03T20:53:42.393179-07:00,read,key-8,55.434,23,false,leader-w3r3,10
2026-04-03T20:53:42.430704-07:00,read,key-9,56.946,18,false,leader-w3r3,10
2026-04-03T20:53:42.430188-07:00,read,key-4,57.501,23,false,leader-w3r3,10
2026-04-03T20:53:42.433129-07:00,read,key-9,54.682,18,false,leader-w3r3,10
2026-04-03T20:53:42.433279-07:00,read,key-8,56.279,23,false,leader-w3r3,10
2026-04-03T20:53:42.430349-07:00,read,key-0,59.296,22,false,leader-w3r3,10
2026-04-03T20:53:42.448552-07:00,read,key-6,54.257,15,false,leader-w3r3,10
2026-04-03T20:53:42.448505-07:00,read,key-1,54.370,22,false,leader-w3r3,10
2026-04-03T20:53:42.448409-07:00,read,key-8,54.555,23,false,leader-w3r3,10
2026-04-03T20:53:42.487655-07:00,read,key-2,56.848,20,false,leader-w3r3,10
2026-04-03T20:53:42.487694-07:00,read,key-6,56.810,15,false,leader-w3r3,10
2026-04-03T20:53:42.489562-07:00,read,key-3,55.033,14,false,leader-w3r3,10
2026-04-03T20:53:42.502878-07:00,read,key-7,52.380,20,false,leader-w3r3,10
2026-04-03T20:53:42.502814-07:00,read,key-7,52.442,21,false,leader-w3r3,10
2026-04-03T20:53:42.544512-07:00,read,key-9,55.900,19,false,leader-w3r3,10
2026-04-03T20:53:42.544789-07:00,read,key-6,56.931,15,false,leader-w3r3,10
2026-04-03T20:53:42.555263-07:00,read,key-7,66.388,21,false,leader-w3r3,10
2026-04-03T20:53:42.555359-07:00,read,key-8,66.325,23,false,leader-w3r3,10
2026-04-03T20:53:41.794489-07:00,write,key-7,827.211,19,false,leader-w3r3,10
2026-04-03T20:53:41.84884-07:00,write,key-7,802.205,20,false,leader-w3r3,10
2026-04-03T20:53:42.601724-07:00,read,key-9,51.137,20,false,leader-w3r3,10
2026-04-03T20:53:42.600421-07:00,read,key-2,52.467,20,false,leader-w3r3,10
2026-04-03T20:53:42.621685-07:00,read,key-8,55.806,23,false,leader-w3r3,10
2026-04-03T20:53:42.621654-07:00,read,key-1,55.983,22,false,leader-w3r3,10
2026-04-03T20:53:42.6217-07:00,read,key-0,55.946,24,false,leader-w3r3,10
2026-04-03T20:53:42.651045-07:00,read,key-9,52.627,20,false,leader-w3r3,10
2026-04-03T20:53:42.652863-07:00,read,key-0,52.733,24,false,leader-w3r3,10
2026-04-03T20:53:42.652892-07:00,read,key-6,56.174,15,false,leader-w3r3,10
2026-04-03T20:53:42.677493-07:00,read,key-9,55.226,20,false,leader-w3r3,10
2026-04-03T20:53:42.677647-07:00,read,key-5,55.267,14,false,leader-w3r3,10
2026-04-03T20:53:42.677638-07:00,read,key-1,55.371,23,false,leader-w3r3,10
2026-04-03T20:53:41.938567-07:00,write,key-8,806.429,22,false,leader-w3r3,10
2026-04-03T20:53:42.705602-07:00,read,key-8,55.940,23,false,leader-w3r3,10
2026-04-03T20:53:42.703677-07:00,read,key-1,58.090,22,false,leader-w3r3,10
2026-04-03T20:53:41.958887-07:00,write,key-8,806.209,23,false,leader-w3r3,10
2026-04-03T20:53:42.732915-07:00,read,key-2,59.298,20,false,leader-w3r3,10
2026-04-03T20:53:42.733011-07:00,read,key-8,59.245,23,false,leader-w3r3,10
2026-04-03T20:53:42.732723-07:00,read,key-5,59.616,14,false,leader-w3r3,10
2026-04-03T20:53:42.745003-07:00,read,key-8,59.050,23,false,leader-w3r3,10
2026-04-03T20:53:42.76177-07:00,read,key-3,55.218,14,false,leader-w3r3,10
2026-04-03T20:53:42.761547-07:00,read,key-4,55.624,23,false,leader-w3r3,10
2026-04-03T20:53:42.765097-07:00,read,key-4,52.548,23,false,leader-w3r3,10
2026-04-03T20:53:42.792259-07:00,read,key-8,56.191,23,false,leader-w3r3,10
2026-04-03T20:53:42.792219-07:00,read,key-8,56.237,23,false,leader-w3r3,10
2026-04-03T20:53:42.044717-07:00,write,key-2,804.967,20,false,leader-w3r3,10
2026-04-03T20:53:42.816993-07:00,read,key-8,52.919,23,false,leader-w3r3,10
2026-04-03T20:53:42.817648-07:00,read,key-7,52.277,21,false,leader-w3r3,10
2026-04-03T20:53:42.817175-07:00,read,key-5,53.108,14,false,leader-w3r3,10
2026-04-03T20:53:42.067857-07:00,write,key-9,804.753,17,false,leader-w3r3,10
2026-04-03T20:53:42.849686-07:00,read,key-8,52.235,23,false,leader-w3r3,10
2026-04-03T20:53:42.848459-07:00,read,key-4,53.498,23,false,leader-w3r3,10
2026-04-03T20:53:42.848455-07:00,read,key-2,54.420,20,false,leader-w3r3,10
2026-04-03T20:53:42.101574-07:00,write,key-3,807.895,13,false,leader-w3r3,10
2026-04-03T20:53:42.869927-07:00,read,key-6,54.542,15,false,leader-w3r3,10
2026-04-03T20:53:42.870285-07:00,read,key-6,54.371,15,false,leader-w3r3,10
2026-04-03T20:53:42.869917-07:00,read,key-4,56.647,23,false,leader-w3r3,10
2026-04-03T20:53:42.872611-07:00,read,key-3,53.995,14,false,leader-w3r3,10
2026-04-03T20:53:42.901927-07:00,read,key-5,54.160,15,false,leader-w3r3,10
2026-04-03T20:53:42.90196-07:00,read,key-5,54.191,14,false,leader-w3r3,10
2026-04-03T20:53:42.902878-07:00,read,key-8,55.295,23,false,leader-w3r3,10
2026-04-03T20:53:42.909472-07:00,read,key-4,51.305,23,false,leader-w3r3,10
2026-04-03T20:53:42.924473-07:00,read,key-0,56.374,26,false,leader-w3r3,10
2026-04-03T20:53:42.924659-07:00,read,key-9,56.189,20,false,leader-w3r3,10
2026-04-03T20:53:42.926568-07:00,read,key-4,54.857,23,false,leader-w3r3,10
2026-04-03T20:53:42.956091-07:00,read,key-0,55.246,25,false,leader-w3r3,10
2026-04-03T20:53:42.956153-07:00,read,key-4,55.185,23,false,leader-w3r3,10
2026-04-03T20:53:42.96078-07:00,read,key-8,52.583,23,false,leader-w3r3,10
2026-04-03T20:53:42.980852-07:00,read,key-9,56.408,20,false,leader-w3r3,10
2026-04-03T20:53:42.980852-07:00,read,key-7,56.445,21,false,leader-w3r3,10
2026-04-03T20:53:42.981427-07:00,read,key-8,57.892,23,false,leader-w3r3,10
2026-04-03T20:53:43.011343-07:00,read,key-7,55.867,21,false,leader-w3r3,10
2026-04-03T20:53:43.011344-07:00,read,key-8,55.881,23,false,leader-w3r3,10
2026-04-03T20:53:43.013369-07:00,read,key-2,53.932,20,false,leader-w3r3,10
2026-04-03T20:53:42.264804-07:00,write,key-7,805.151,21,false,leader-w3r3,10
2026-04-03T20:53:43.037299-07:00,read,key-6,53.549,15,false,leader-w3r3,10
2026-04-03T20:53:43.037264-07:00,read,key-1,53.600,24,false,leader-w3r3,10
2026-04-03T20:53:43.039322-07:00,read,key-9,52.168,20,false,leader-w3r3,10
2026-04-03T20:53:43.067227-07:00,read,key-8,58.017,23,false,leader-w3r3,10
2026-04-03T20:53:43.069956-07:00,read,key-7,55.352,21,false,leader-w3r3,10
2026-04-03T20:53:43.067303-07:00,read,key-1,58.100,24,false,leader-w3r3,10
2026-04-03T20:53:43.067213-07:00,read,key-5,58.368,16,false,leader-w3r3,10
2026-04-03T20:53:43.091495-07:00,read,key-9,53.687,20,false,leader-w3r3,10
2026-04-03T20:53:43.090851-07:00,read,key-0,55.603,26,false,leader-w3r3,10
2026-04-03T20:53:43.125584-07:00,read,key-1,53.493,24,false,leader-w3r3,10
2026-04-03T20:53:43.12525-07:00,read,key-1,53.921,24,false,leader-w3r3,10
2026-04-03T20:53:43.125311-07:00,read,key-2,54.019,20,false,leader-w3r3,10
2026-04-03T20:53:43.125405-07:00,read,key-7,53.954,22,false,leader-w3r3,10
2026-04-03T20:53:43.146458-07:00,read,key-7,51.796,21,false,leader-w3r3,10
2026-04-03T20:53:42.393016-07:00,write,key-9,806.475,18,false,leader-w3r3,10
2026-04-03T20:53:42.393256-07:00,write,key-0,806.280,23,false,leader-w3r3,10
2026-04-03T20:53:43.179079-07:00,read,key-3,55.789,15,false,leader-w3r3,10
2026-04-03T20:53:43.179175-07:00,read,key-0,55.709,26,false,leader-w3r3,10
2026-04-03T20:53:43.179331-07:00,read,key-5,55.603,16,false,leader-w3r3,10
2026-04-03T20:53:43.179361-07:00,read,key-0,56.551,26,false,leader-w3r3,10
2026-04-03T20:53:42.430002-07:00,write,key-5,806.486,14,false,leader-w3r3,10
2026-04-03T20:53:43.198261-07:00,read,key-6,52.830,15,false,leader-w3r3,10
2026-04-03T20:53:43.199491-07:00,read,key-2,51.696,20,false,leader-w3r3,10
2026-04-03T20:53:42.448616-07:00,write,key-3,802.606,14,false,leader-w3r3,10
2026-04-03T20:53:43.199536-07:00,read,key-5,57.257,16,false,leader-w3r3,10
2026-04-03T20:53:43.234887-07:00,read,key-7,58.700,22,false,leader-w3r3,10
2026-04-03T20:53:43.234872-07:00,read,key-2,58.833,20,false,leader-w3r3,10
2026-04-03T20:53:42.487813-07:00,write,key-1,806.086,23,false,leader-w3r3,10
2026-04-03T20:53:43.234935-07:00,read,key-1,59.022,24,false,leader-w3r3,10
2026-04-03T20:53:43.236488-07:00,read,key-2,57.524,20,false,leader-w3r3,10
2026-04-03T20:53:43.235914-07:00,read,key-0,59.050,26,false,leader-w3r3,10
2026-04-03T20:53:42.489648-07:00,write,key-0,809.133,24,false,leader-w3r3,10
2026-04-03T20:53:43.251189-07:00,read,key-3,51.315,16,false,leader-w3r3,10
2026-04-03T20:53:43.251221-07:00,read,key-8,51.532,23,false,leader-w3r3,10
2026-04-03T20:53:43.251095-07:00,read,key-6,52.026,15,false,leader-w3r3,10
2026-04-03T20:53:43.256795-07:00,read,key-3,52.092,15,false,leader-w3r3,10
2026-04-03T20:53:42.502968-07:00,write,key-9,807.969,19,false,leader-w3r3,10
2026-04-03T20:53:43.29359-07:00,read,key-2,55.882,20,false,leader-w3r3,10
2026-04-03T20:53:43.293899-07:00,read,key-2,55.598,20,false,leader-w3r3,10
2026-04-03T20:53:43.293958-07:00,read,key-0,55.606,26,false,leader-w3r3,10
2026-04-03T20:53:43.294967-07:00,read,key-9,55.204,20,false,leader-w3r3,10
2026-04-03T20:53:43.294013-07:00,read,key-5,56.876,16,false,leader-w3r3,10
2026-04-03T20:53:42.544599-07:00,write,key-9,807.844,20,false,leader-w3r3,10
2026-04-03T20:53:43.298782-07:00,read,key-3,53.783,16,false,leader-w3r3,10
2026-04-03T20:53:43.302507-07:00,read,key-5,51.280,16,false,leader-w3r3,10
2026-04-03T20:53:43.303124-07:00,read,key-6,50.706,15,false,leader-w3r3,10
2026-04-03T20:53:43.302755-07:00,read,key-3,54.121,15,false,leader-w3r3,10
2026-04-03T20:53:43.310936-07:00,read,key-5,51.005,16,false,leader-w3r3,10
2026-04-03T20:53:43.3495-07:00,read,key-3,55.632,16,false,leader-w3r3,10
2026-04-03T20:53:43.350891-07:00,read,key-3,54.313,16,false,leader-w3r3,10
2026-04-03T20:53:43.352568-07:00,read,key-4,52.760,23,false,leader-w3r3,10
2026-04-03T20:53:43.353831-07:00,read,key-8,53.659,24,false,leader-w3r3,10
2026-04-03T20:53:43.349475-07:00,read,key-4,58.096,23,false,leader-w3r3,10
2026-04-03T20:53:43.349566-07:00,read,key-0,58.064,26,false,leader-w3r3,10
2026-04-03T20:53:43.356878-07:00,read,key-2,51.771,20,false,leader-w3r3,10
2026-04-03T20:53:43.35379-07:00,read,key-3,54.876,16,false,leader-w3r3,10
2026-04-03T20:53:43.361943-07:00,read,key-3,51.052,16,false,leader-w3r3,10
2026-04-03T20:53:43.405205-07:00,read,key-7,58.127,21,false,leader-w3r3,10
2026-04-03T20:53:43.408652-07:00,read,key-6,54.713,15,false,leader-w3r3,10
2026-04-03T20:53:43.407632-07:00,read,key-9,55.806,20,false,leader-w3r3,10
2026-04-03T20:53:43.408668-07:00,read,key-6,54.852,15,false,leader-w3r3,10
2026-04-03T20:53:43.405135-07:00,read,key-0,58.403,26,false,leader-w3r3,10
2026-04-03T20:53:43.407494-07:00,read,key-4,57.072,23,false,leader-w3r3,10
2026-04-03T20:53:43.407577-07:00,read,key-4,56.997,23,false,leader-w3r3,10
2026-04-03T20:53:43.40533-07:00,read,key-6,59.327,15,false,leader-w3r3,10
2026-04-03T20:53:43.412998-07:00,read,key-0,52.202,26,false,leader-w3r3,10
2026-04-03T20:53:42.709071-07:00,write,key-0,803.795,25,false,leader-w3r3,10
2026-04-03T20:53:43.46354-07:00,read,key-8,52.506,24,false,leader-w3r3,10
2026-04-03T20:53:43.463521-07:00,read,key-6,52.555,15,false,leader-w3r3,10
2026-04-03T20:53:43.464569-07:00,read,key-6,51.608,15,false,leader-w3r3,10
2026-04-03T20:53:43.463336-07:00,read,key-6,52.877,15,false,leader-w3r3,10
2026-04-03T20:53:43.463439-07:00,read,key-0,52.874,26,false,leader-w3r3,10
2026-04-03T20:53:43.464576-07:00,read,key-7,51.827,22,false,leader-w3r3,10
2026-04-03T20:53:43.463368-07:00,read,key-6,53.661,15,false,leader-w3r3,10
2026-04-03T20:53:43.464658-07:00,read,key-5,53.131,16,false,leader-w3r3,10
2026-04-03T20:53:43.465201-07:00,read,key-1,52.784,24,false,leader-w3r3,10
2026-04-03T20:53:43.512874-07:00,read,key-9,54.485,20,false,leader-w3r3,10
2026-04-03T20:53:43.516179-07:00,read,key-6,52.647,15,false,leader-w3r3,10
2026-04-03T20:53:43.516404-07:00,read,key-7,52.448,22,false,leader-w3r3,10
2026-04-03T20:53:43.516215-07:00,read,key-4,53.170,23,false,leader-w3r3,10
2026-04-03T20:53:43.517791-07:00,read,key-9,51.642,20,false,leader-w3r3,10
2026-04-03T20:53:43.517031-07:00,read,key-7,52.466,22,false,leader-w3r3,10
2026-04-03T20:53:43.517987-07:00,read,key-6,51.533,15,false,leader-w3r3,10
2026-04-03T20:53:43.51605-07:00,read,key-9,53.562,20,false,leader-w3r3,10
2026-04-03T20:53:43.516079-07:00,read,key-4,53.647,23,false,leader-w3r3,10
2026-04-03T20:53:43.516315-07:00,read,key-2,53.465,21,false,leader-w3r3,10
2026-04-03T20:53:42.792343-07:00,write,key-1,809.982,24,false,leader-w3r3,10
2026-04-03T20:53:42.804059-07:00,write,key-5,804.193,15,false,leader-w3r3,10
2026-04-03T20:53:43.56737-07:00,read,key-1,55.791,24,false,leader-w3r3,10
2026-04-03T20:53:43.568855-07:00,read,key-7,54.643,22,false,leader-w3r3,10
2026-04-03T20:53:43.569436-07:00,read,key-3,54.141,16,false,leader-w3r3,10
2026-04-03T20:53:43.568831-07:00,read,key-7,54.746,22,false,leader-w3r3,10
2026-04-03T20:53:43.569498-07:00,read,key-4,54.194,23,false,leader-w3r3,10
2026-04-03T20:53:43.569388-07:00,read,key-2,55.081,21,false,leader-w3r3,10
2026-04-03T20:53:43.569615-07:00,read,key-4,55.059,23,false,leader-w3r3,10
2026-04-03T20:53:43.569783-07:00,read,key-5,55.254,18,false,leader-w3r3,10
2026-04-03T20:53:43.569522-07:00,read,key-4,55.556,23,false,leader-w3r3,10
2026-04-03T20:53:43.602328-07:00,read,key-7,56.196,22,false,leader-w3r3,10
2026-04-03T20:53:43.608255-07:00,read,key-4,52.069,23,false,leader-w3r3,10
2026-04-03T20:53:43.62508-07:00,read,key-4,54.433,23,false,leader-w3r3,10
2026-04-03T20:53:43.623581-07:00,read,key-1,56.129,25,false,leader-w3r3,10
2026-04-03T20:53:43.624472-07:00,read,key-0,55.630,26,false,leader-w3r3,10
2026-04-03T20:53:43.625039-07:00,read,key-8,55.138,24,false,leader-w3r3,10
2026-04-03T20:53:43.623501-07:00,read,key-2,56.747,21,false,leader-w3r3,10
2026-04-03T20:53:43.623697-07:00,read,key-2,56.675,21,false,leader-w3r3,10
2026-04-03T20:53:43.623166-07:00,read,key-9,57.339,20,false,leader-w3r3,10
2026-04-03T20:53:43.658529-07:00,read,key-9,53.940,20,false,leader-w3r3,10
2026-04-03T20:53:43.660328-07:00,read,key-3,53.401,16,false,leader-w3r3,10
2026-04-03T20:53:43.680104-07:00,read,key-0,55.082,26,false,leader-w3r3,10
2026-04-03T20:53:43.680251-07:00,read,key-9,54.951,20,false,leader-w3r3,10
2026-04-03T20:53:43.679517-07:00,read,key-1,55.763,25,false,leader-w3r3,10
2026-04-03T20:53:43.679711-07:00,read,key-4,55.626,23,false,leader-w3r3,10
2026-04-03T20:53:43.680375-07:00,read,key-6,55.005,15,false,leader-w3r3,10
2026-04-03T20:53:42.926609-07:00,write,key-0,809.357,26,false,leader-w3r3,10
2026-04-03T20:53:43.680508-07:00,read,key-7,55.707,22,false,leader-w3r3,10
2026-04-03T20:53:42.958175-07:00,write,key-3,809.591,15,false,leader-w3r3,10
2026-04-03T20:53:43.713733-07:00,read,key-5,60.636,20,false,leader-w3r3,10
2026-04-03T20:53:43.712476-07:00,read,key-2,61.940,21,false,leader-w3r3,10
2026-04-03T20:53:43.735382-07:00,read,key-7,55.304,22,false,leader-w3r3,10
2026-04-03T20:53:43.735283-07:00,read,key-7,55.408,22,false,leader-w3r3,10
2026-04-03T20:53:43.73519-07:00,read,key-6,55.707,15,false,leader-w3r3,10
2026-04-03T20:53:43.735204-07:00,read,key-6,55.814,15,false,leader-w3r3,10
2026-04-03T20:53:43.73534-07:00,read,key-2,55.750,21,false,leader-w3r3,10
2026-04-03T20:53:43.735967-07:00,read,key-2,55.134,21,false,leader-w3r3,10
2026-04-03T20:53:43.736217-07:00,read,key-0,55.058,26,false,leader-w3r3,10
2026-04-03T20:53:43.774421-07:00,read,key-0,55.299,26,false,leader-w3r3,10
2026-04-03T20:53:43.767768-07:00,read,key-4,62.159,23,false,leader-w3r3,10
2026-04-03T20:53:43.790693-07:00,read,key-1,51.472,25,false,leader-w3r3,10
2026-04-03T20:53:43.791103-07:00,read,key-6,51.264,15,false,leader-w3r3,10
2026-04-03T20:53:43.79102-07:00,read,key-5,51.950,17,false,leader-w3r3,10
2026-04-03T20:53:43.791278-07:00,read,key-3,51.821,17,false,leader-w3r3,10
2026-04-03T20:53:43.791092-07:00,read,key-8,53.114,24,false,leader-w3r3,10
2026-04-03T20:53:43.790691-07:00,read,key-2,55.942,21,false,leader-w3r3,10
2026-04-03T20:53:43.829726-07:00,read,key-5,54.479,20,false,leader-w3r3,10
2026-04-03T20:53:43.84217-07:00,read,key-8,52.554,24,false,leader-w3r3,10
2026-04-03T20:53:43.842972-07:00,read,key-4,52.906,23,false,leader-w3r3,10
2026-04-03T20:53:43.84421-07:00,read,key-8,53.389,25,false,leader-w3r3,10
2026-04-03T20:53:43.846638-07:00,read,key-4,51.372,23,false,leader-w3r3,10
2026-04-03T20:53:43.843102-07:00,read,key-3,55.098,17,false,leader-w3r3,10
2026-04-03T20:53:43.090867-07:00,write,key-5,807.728,16,false,leader-w3r3,10
2026-04-03T20:53:43.884212-07:00,read,key-2,54.500,21,false,leader-w3r3,10
2026-04-03T20:53:43.895881-07:00,read,key-7,54.682,24,false,leader-w3r3,10
2026-04-03T20:53:43.89473-07:00,read,key-0,56.259,26,false,leader-w3r3,10
2026-04-03T20:53:43.898202-07:00,read,key-8,52.935,24,false,leader-w3r3,10
2026-04-03T20:53:43.898013-07:00,read,key-6,53.791,15,false,leader-w3r3,10
2026-04-03T20:53:43.897602-07:00,read,key-7,54.278,24,false,leader-w3r3,10
2026-04-03T20:53:43.145191-07:00,write,key-7,808.027,22,false,leader-w3r3,10
2026-04-03T20:53:43.898596-07:00,read,key-6,57.934,15,false,leader-w3r3,10
2026-04-03T20:53:43.938718-07:00,read,key-9,54.397,20,false,leader-w3r3,10
2026-04-03T20:53:43.950993-07:00,read,key-7,56.344,24,false,leader-w3r3,10
2026-04-03T20:53:43.951882-07:00,read,key-5,55.627,20,false,leader-w3r3,10
2026-04-03T20:53:43.950569-07:00,read,key-7,57.030,24,false,leader-w3r3,10
2026-04-03T20:53:43.956535-07:00,read,key-5,51.235,20,false,leader-w3r3,10
2026-04-03T20:53:43.951807-07:00,read,key-1,56.041,25,false,leader-w3r3,10
2026-04-03T20:53:43.95322-07:00,read,key-1,54.731,25,false,leader-w3r3,10
2026-04-03T20:53:43.951138-07:00,read,key-7,56.895,24,false,leader-w3r3,10
2026-04-03T20:53:43.993121-07:00,read,key-2,62.320,21,false,leader-w3r3,10
2026-04-03T20:53:44.007954-07:00,read,key-8,53.807,25,false,leader-w3r3,10
2026-04-03T20:53:44.00785-07:00,read,key-3,54.014,17,false,leader-w3r3,10
2026-04-03T20:53:44.007342-07:00,read,key-9,54.587,20,false,leader-w3r3,10
2026-04-03T20:53:44.007602-07:00,read,key-5,54.362,20,false,leader-w3r3,10
2026-04-03T20:53:44.007773-07:00,read,key-4,54.209,23,false,leader-w3r3,10
2026-04-03T20:53:44.007511-07:00,read,key-1,54.490,25,false,leader-w3r3,10
2026-04-03T20:53:43.293707-07:00,write,key-3,806.126,16,false,leader-w3r3,10
2026-04-03T20:53:43.308889-07:00,write,key-2,806.270,21,false,leader-w3r3,10
2026-04-03T20:53:43.350173-07:00,write,key-8,808.631,24,false,leader-w3r3,10
2026-04-03T20:53:43.352444-07:00,write,key-5,806.459,17,false,leader-w3r3,10
2026-04-03T20:53:43.569728-07:00,write,key-1,812.912,25,false,leader-w3r3,10
2026-04-03T20:53:43.624675-07:00,write,key-5,808.784,19,false,leader-w3r3,10
2026-04-03T20:53:43.623578-07:00,write,key-5,809.881,18,false,leader-w3r3,10
2026-04-03T20:53:43.680179-07:00,write,key-5,806.579,20,false,leader-w3r3,10
2026-04-03T20:53:43.774374-07:00,write,key-7,808.669,23,false,leader-w3r3,10
2026-04-03T20:53:43.7909-07:00,write,key-7,814.292,24,false,leader-w3r3,10
2026-04-03T20:53:43.82993-07:00,write,key-3,816.042,17,false,leader-w3r3,10
2026-04-03T20:53:43.842369-07:00,write,key-8,809.111,25,false,leader-w3r3,10
