timestamp,type,key,latency_ms,version,stale_read,db_type,write_pct
2026-04-03T20:56:06.971263-07:00,read,key-6,9.794,0,false,leaderless,1
2026-04-03T20:56:06.969169-07:00,read,key-0,11.890,0,false,leaderless,1
2026-04-03T20:56:06.971002-07:00,read,key-6,10.111,0,false,leaderless,1
2026-04-03T20:56:06.969545-07:00,read,key-5,11.617,0,false,leaderless,1
2026-04-03T20:56:06.971242-07:00,read,key-5,9.944,0,false,leaderless,1
2026-04-03T20:56:06.971002-07:00,read,key-2,10.334,0,false,leaderless,1
2026-04-03T20:56:06.969866-07:00,read,key-0,11.485,0,false,leaderless,1
2026-04-03T20:56:06.96939-07:00,read,key-6,11.987,0,false,leaderless,1
2026-04-03T20:56:06.97101-07:00,read,key-6,10.378,0,false,leaderless,1
2026-04-03T20:56:06.971238-07:00,read,key-0,10.155,0,false,leaderless,1
2026-04-03T20:56:06.969254-07:00,read,key-8,12.143,0,false,leaderless,1
2026-04-03T20:56:06.97124-07:00,read,key-7,10.160,0,false,leaderless,1
2026-04-03T20:56:06.970998-07:00,read,key-2,10.394,0,false,leaderless,1
2026-04-03T20:56:06.969194-07:00,read,key-7,12.199,0,false,leaderless,1
2026-04-03T20:56:06.969884-07:00,read,key-1,11.534,0,false,leaderless,1
2026-04-03T20:56:06.969317-07:00,read,key-0,12.076,0,false,leaderless,1
2026-04-03T20:56:06.969158-07:00,read,key-4,12.269,0,false,leaderless,1
2026-04-03T20:56:06.969221-07:00,read,key-5,12.208,0,false,leaderless,1
2026-04-03T20:56:06.971283-07:00,read,key-3,10.110,0,false,leaderless,1
2026-04-03T20:56:06.971006-07:00,read,key-3,10.431,0,false,leaderless,1
2026-04-03T20:56:06.981406-07:00,read,key-7,3.872,0,false,leaderless,1
2026-04-03T20:56:06.981352-07:00,read,key-3,4.175,0,false,leaderless,1
2026-04-03T20:56:06.981119-07:00,read,key-3,4.419,0,false,leaderless,1
2026-04-03T20:56:06.981337-07:00,read,key-5,4.201,0,false,leaderless,1
2026-04-03T20:56:06.981395-07:00,read,key-3,4.146,0,false,leaderless,1
2026-04-03T20:56:06.981061-07:00,read,key-1,4.910,0,false,leaderless,1
2026-04-03T20:56:06.981379-07:00,read,key-2,4.713,0,false,leaderless,1
2026-04-03T20:56:06.981428-07:00,read,key-7,4.692,0,false,leaderless,1
2026-04-03T20:56:06.981398-07:00,read,key-7,4.751,0,false,leaderless,1
2026-04-03T20:56:06.981188-07:00,read,key-9,5.254,0,false,leaderless,1
2026-04-03T20:56:06.981163-07:00,read,key-9,5.334,0,false,leaderless,1
2026-04-03T20:56:06.981061-07:00,read,key-2,5.436,0,false,leaderless,1
2026-04-03T20:56:06.981417-07:00,read,key-0,5.085,0,false,leaderless,1
2026-04-03T20:56:06.981419-07:00,read,key-1,5.094,0,false,leaderless,1
2026-04-03T20:56:06.981526-07:00,read,key-5,4.996,0,false,leaderless,1
2026-04-03T20:56:06.981428-07:00,read,key-6,5.102,0,false,leaderless,1
2026-04-03T20:56:06.981447-07:00,read,key-9,5.102,0,false,leaderless,1
2026-04-03T20:56:06.981541-07:00,read,key-4,5.122,0,false,leaderless,1
2026-04-03T20:56:06.981395-07:00,read,key-9,5.366,0,false,leaderless,1
2026-04-03T20:56:06.9814-07:00,read,key-4,5.361,0,false,leaderless,1
2026-04-03T20:56:06.985539-07:00,read,key-2,3.507,0,false,leaderless,1
2026-04-03T20:56:06.98615-07:00,read,key-4,3.252,0,false,leaderless,1
2026-04-03T20:56:06.985973-07:00,read,key-4,3.430,0,false,leaderless,1
2026-04-03T20:56:06.986764-07:00,read,key-7,2.639,0,false,leaderless,1
2026-04-03T20:56:06.986499-07:00,read,key-9,2.931,0,false,leaderless,1
2026-04-03T20:56:06.986092-07:00,read,key-1,3.370,0,false,leaderless,1
2026-04-03T20:56:06.986551-07:00,read,key-7,3.263,0,false,leaderless,1
2026-04-03T20:56:06.986443-07:00,read,key-2,3.375,0,false,leaderless,1
2026-04-03T20:56:06.985542-07:00,read,key-8,4.302,0,false,leaderless,1
2026-04-03T20:56:06.985279-07:00,read,key-5,4.565,0,false,leaderless,1
2026-04-03T20:56:06.985528-07:00,read,key-9,4.439,0,false,leaderless,1
2026-04-03T20:56:06.986664-07:00,read,key-5,3.303,0,false,leaderless,1
2026-04-03T20:56:06.986514-07:00,read,key-4,3.495,0,false,leaderless,1
2026-04-03T20:56:06.986503-07:00,read,key-1,3.591,0,false,leaderless,1
2026-04-03T20:56:06.986121-07:00,read,key-3,3.974,0,false,leaderless,1
2026-04-03T20:56:06.98554-07:00,read,key-6,4.592,0,false,leaderless,1
2026-04-03T20:56:06.986531-07:00,read,key-9,3.605,0,false,leaderless,1
2026-04-03T20:56:06.986762-07:00,read,key-0,3.381,0,false,leaderless,1
2026-04-03T20:56:06.986499-07:00,read,key-8,3.649,0,false,leaderless,1
2026-04-03T20:56:06.986522-07:00,read,key-2,3.694,0,false,leaderless,1
2026-04-03T20:56:06.990217-07:00,read,key-3,2.369,0,false,leaderless,1
2026-04-03T20:56:06.989818-07:00,read,key-1,3.537,0,false,leaderless,1
2026-04-03T20:56:06.99015-07:00,read,key-2,3.229,0,false,leaderless,1
2026-04-03T20:56:06.990011-07:00,read,key-9,3.368,0,false,leaderless,1
2026-04-03T20:56:06.989968-07:00,read,key-6,3.419,0,false,leaderless,1
2026-04-03T20:56:06.990133-07:00,read,key-1,3.290,0,false,leaderless,1
2026-04-03T20:56:06.990144-07:00,read,key-0,3.309,0,false,leaderless,1
2026-04-03T20:56:06.989845-07:00,read,key-8,3.610,0,false,leaderless,1
2026-04-03T20:56:06.989048-07:00,read,key-2,4.823,0,false,leaderless,1
2026-04-03T20:56:06.989404-07:00,read,key-1,4.494,0,false,leaderless,1
2026-04-03T20:56:06.990095-07:00,read,key-9,3.814,0,false,leaderless,1
2026-04-03T20:56:06.989403-07:00,read,key-8,4.518,0,false,leaderless,1
2026-04-03T20:56:06.989497-07:00,read,key-9,4.440,0,false,leaderless,1
2026-04-03T20:56:06.989463-07:00,read,key-0,4.494,0,false,leaderless,1
2026-04-03T20:56:06.990138-07:00,read,key-8,3.825,0,false,leaderless,1
2026-04-03T20:56:06.989844-07:00,read,key-7,4.133,0,false,leaderless,1
2026-04-03T20:56:06.990097-07:00,read,key-9,3.890,0,false,leaderless,1
2026-04-03T20:56:06.989968-07:00,read,key-1,4.034,0,false,leaderless,1
2026-04-03T20:56:06.989431-07:00,read,key-9,4.578,0,false,leaderless,1
2026-04-03T20:56:06.989815-07:00,read,key-3,4.221,0,false,leaderless,1
2026-04-03T20:56:06.993899-07:00,read,key-6,2.202,0,false,leaderless,1
2026-04-03T20:56:06.994036-07:00,read,key-2,2.065,0,false,leaderless,1
2026-04-03T20:56:06.993356-07:00,read,key-5,3.144,0,false,leaderless,1
2026-04-03T20:56:06.993454-07:00,read,key-5,3.054,0,false,leaderless,1
2026-04-03T20:56:06.993923-07:00,read,key-5,2.588,0,false,leaderless,1
2026-04-03T20:56:06.993424-07:00,read,key-8,3.091,0,false,leaderless,1
2026-04-03T20:56:06.993455-07:00,read,key-9,3.474,0,false,leaderless,1
2026-04-03T20:56:06.993938-07:00,read,key-9,3.009,0,false,leaderless,1
2026-04-03T20:56:06.993964-07:00,read,key-0,3.278,0,false,leaderless,1
2026-04-03T20:56:06.993988-07:00,read,key-9,3.258,0,false,leaderless,1
2026-04-03T20:56:06.993959-07:00,read,key-2,3.297,0,false,leaderless,1
2026-04-03T20:56:06.993387-07:00,read,key-5,3.885,0,false,leaderless,1
2026-04-03T20:56:06.993381-07:00,read,key-6,3.892,0,false,leaderless,1
2026-04-03T20:56:06.992587-07:00,read,key-3,4.691,0,false,leaderless,1
2026-04-03T20:56:06.993381-07:00,read,key-7,3.902,0,false,leaderless,1
2026-04-03T20:56:06.994003-07:00,read,key-4,3.289,0,false,leaderless,1
2026-04-03T20:56:06.993979-07:00,read,key-6,3.316,0,false,leaderless,1
2026-04-03T20:56:06.994014-07:00,read,key-2,3.282,0,false,leaderless,1
2026-04-03T20:56:06.99391-07:00,read,key-9,3.391,0,false,leaderless,1
2026-04-03T20:56:06.993872-07:00,read,key-2,3.431,0,false,leaderless,1
2026-04-03T20:56:06.996501-07:00,read,key-5,3.700,0,false,leaderless,1
2026-04-03T20:56:06.997297-07:00,read,key-8,2.903,0,false,leaderless,1
2026-04-03T20:56:06.997278-07:00,read,key-1,2.955,0,false,leaderless,1
2026-04-03T20:56:06.997258-07:00,read,key-5,3.000,0,false,leaderless,1
2026-04-03T20:56:06.997274-07:00,read,key-0,3.025,0,false,leaderless,1
2026-04-03T20:56:06.996949-07:00,read,key-2,3.417,0,false,leaderless,1
2026-04-03T20:56:06.99612-07:00,read,key-8,4.296,0,false,leaderless,1
2026-04-03T20:56:06.997293-07:00,read,key-7,3.174,0,false,leaderless,1
2026-04-03T20:56:06.997303-07:00,read,key-3,3.166,0,false,leaderless,1
2026-04-03T20:56:06.99693-07:00,read,key-9,4.063,0,false,leaderless,1
2026-04-03T20:56:06.996509-07:00,read,key-6,4.485,0,false,leaderless,1
2026-04-03T20:56:06.996512-07:00,read,key-4,4.490,0,false,leaderless,1
2026-04-03T20:56:06.997244-07:00,read,key-1,3.759,0,false,leaderless,1
2026-04-03T20:56:06.997247-07:00,read,key-6,3.841,0,false,leaderless,1
2026-04-03T20:56:06.997284-07:00,read,key-3,3.818,0,false,leaderless,1
2026-04-03T20:56:06.997274-07:00,read,key-0,4.148,0,false,leaderless,1
2026-04-03T20:56:06.997297-07:00,read,key-0,4.177,0,false,leaderless,1
2026-04-03T20:56:06.996517-07:00,read,key-8,4.965,0,false,leaderless,1
2026-04-03T20:56:06.996104-07:00,read,key-2,5.382,0,false,leaderless,1
2026-04-03T20:56:06.997302-07:00,read,key-8,4.232,0,false,leaderless,1
2026-04-03T20:56:07.001103-07:00,read,key-9,2.568,0,false,leaderless,1
2026-04-03T20:56:07.001423-07:00,read,key-0,2.764,0,false,leaderless,1
2026-04-03T20:56:07.000995-07:00,read,key-3,3.221,0,false,leaderless,1
2026-04-03T20:56:07.001483-07:00,read,key-2,2.869,0,false,leaderless,1
2026-04-03T20:56:07.000202-07:00,read,key-8,4.341,0,false,leaderless,1
2026-04-03T20:56:07.000418-07:00,read,key-8,4.154,0,false,leaderless,1
2026-04-03T20:56:07.001003-07:00,read,key-9,3.580,0,false,leaderless,1
2026-04-03T20:56:07.000234-07:00,read,key-2,4.359,0,false,leaderless,1
2026-04-03T20:56:07.000995-07:00,read,key-9,3.601,0,false,leaderless,1
2026-04-03T20:56:07.001088-07:00,read,key-1,3.532,0,false,leaderless,1
2026-04-03T20:56:07.000202-07:00,read,key-5,4.461,0,false,leaderless,1
2026-04-03T20:56:07.0003-07:00,read,key-5,4.371,0,false,leaderless,1
2026-04-03T20:56:07.000468-07:00,read,key-3,4.210,0,false,leaderless,1
2026-04-03T20:56:07.001004-07:00,read,key-1,3.675,0,false,leaderless,1
2026-04-03T20:56:07.00047-07:00,read,key-7,4.218,0,false,leaderless,1
2026-04-03T20:56:07.000367-07:00,read,key-5,4.351,0,false,leaderless,1
2026-04-03T20:56:07.001475-07:00,read,key-5,3.248,0,false,leaderless,1
2026-04-03T20:56:07.001534-07:00,read,key-8,3.210,0,false,leaderless,1
2026-04-03T20:56:07.001487-07:00,read,key-2,3.279,0,false,leaderless,1
2026-04-03T20:56:07.00026-07:00,read,key-3,4.572,0,false,leaderless,1
2026-04-03T20:56:07.004217-07:00,read,key-8,3.739,0,false,leaderless,1
2026-04-03T20:56:07.004544-07:00,read,key-2,3.422,0,false,leaderless,1
2026-04-03T20:56:07.004689-07:00,read,key-2,3.277,0,false,leaderless,1
2026-04-03T20:56:07.004621-07:00,read,key-1,3.352,0,false,leaderless,1
2026-04-03T20:56:07.004834-07:00,read,key-9,3.162,0,false,leaderless,1
2026-04-03T20:56:07.004187-07:00,read,key-5,3.808,0,false,leaderless,1
2026-04-03T20:56:07.00468-07:00,read,key-4,3.322,0,false,leaderless,1
2026-04-03T20:56:07.004664-07:00,read,key-2,3.377,0,false,leaderless,1
2026-04-03T20:56:07.004746-07:00,read,key-8,3.860,0,false,leaderless,1
2026-04-03T20:56:07.004672-07:00,read,key-3,3.943,0,false,leaderless,1
2026-04-03T20:56:07.004573-07:00,read,key-7,4.048,0,false,leaderless,1
2026-04-03T20:56:07.004352-07:00,read,key-8,4.275,0,false,leaderless,1
2026-04-03T20:56:07.004584-07:00,read,key-4,4.044,0,false,leaderless,1
2026-04-03T20:56:07.004767-07:00,read,key-7,3.869,0,false,leaderless,1
2026-04-03T20:56:07.004724-07:00,read,key-2,3.914,0,false,leaderless,1
2026-04-03T20:56:07.004719-07:00,read,key-6,3.935,0,false,leaderless,1
2026-04-03T20:56:07.003672-07:00,read,key-8,4.984,0,false,leaderless,1
2026-04-03T20:56:07.004593-07:00,read,key-7,4.068,0,false,leaderless,1
2026-04-03T20:56:07.004598-07:00,read,key-5,4.068,0,false,leaderless,1
2026-04-03T20:56:07.00468-07:00,read,key-9,3.992,0,false,leaderless,1
2026-04-03T20:56:07.008622-07:00,read,key-8,2.700,0,false,leaderless,1
2026-04-03T20:56:07.00864-07:00,read,key-3,3.044,0,false,leaderless,1
2026-04-03T20:56:07.008637-07:00,read,key-6,3.076,0,false,leaderless,1
2026-04-03T20:56:07.008004-07:00,read,key-1,3.723,0,false,leaderless,1
2026-04-03T20:56:07.008665-07:00,read,key-2,3.575,0,false,leaderless,1
2026-04-03T20:56:07.007968-07:00,read,key-8,4.307,0,false,leaderless,1
2026-04-03T20:56:07.008628-07:00,read,key-5,3.664,0,false,leaderless,1
2026-04-03T20:56:07.008655-07:00,read,key-7,3.659,0,false,leaderless,1
2026-04-03T20:56:07.008629-07:00,read,key-6,3.703,0,false,leaderless,1
2026-04-03T20:56:07.007957-07:00,read,key-1,4.397,0,false,leaderless,1
2026-04-03T20:56:07.008042-07:00,read,key-1,4.357,0,false,leaderless,1
2026-04-03T20:56:07.008657-07:00,read,key-3,3.754,0,false,leaderless,1
2026-04-03T20:56:07.007996-07:00,read,key-1,4.416,0,false,leaderless,1
2026-04-03T20:56:07.007973-07:00,read,key-9,4.440,0,false,leaderless,1
2026-04-03T20:56:07.008616-07:00,read,key-6,3.801,0,false,leaderless,1
2026-04-03T20:56:07.008667-07:00,read,key-5,3.757,0,false,leaderless,1
2026-04-03T20:56:07.007967-07:00,read,key-0,4.471,0,false,leaderless,1
2026-04-03T20:56:07.008674-07:00,read,key-5,4.379,0,false,leaderless,1
2026-04-03T20:56:07.008606-07:00,read,key-1,4.719,0,false,leaderless,1
2026-04-03T20:56:07.007996-07:00,read,key-5,5.579,0,false,leaderless,1
2026-04-03T20:56:07.012333-07:00,read,key-7,2.000,0,false,leaderless,1
2026-04-03T20:56:07.012414-07:00,read,key-5,2.629,0,false,leaderless,1
2026-04-03T20:56:07.012417-07:00,read,key-3,2.652,0,false,leaderless,1
2026-04-03T20:56:07.012412-07:00,read,key-5,2.681,0,false,leaderless,1
2026-04-03T20:56:07.013054-07:00,read,key-5,2.064,0,false,leaderless,1
2026-04-03T20:56:07.012241-07:00,read,key-3,2.896,0,false,leaderless,1
2026-04-03T20:56:07.011323-07:00,read,key-1,4.042,0,false,leaderless,1
2026-04-03T20:56:07.012275-07:00,read,key-3,3.116,0,false,leaderless,1
2026-04-03T20:56:07.011714-07:00,read,key-0,3.682,0,false,leaderless,1
2026-04-03T20:56:07.0124-07:00,read,key-7,3.020,0,false,leaderless,1
2026-04-03T20:56:07.012416-07:00,read,key-7,3.022,0,false,leaderless,1
2026-04-03T20:56:07.012355-07:00,read,key-1,3.267,0,false,leaderless,1
2026-04-03T20:56:07.012425-07:00,read,key-8,3.257,0,false,leaderless,1
2026-04-03T20:56:07.011729-07:00,read,key-9,4.120,0,false,leaderless,1
2026-04-03T20:56:07.012439-07:00,read,key-6,3.673,0,false,leaderless,1
2026-04-03T20:56:07.012293-07:00,read,key-2,3.998,0,false,leaderless,1
2026-04-03T20:56:07.011684-07:00,read,key-7,4.616,0,false,leaderless,1
2026-04-03T20:56:07.012315-07:00,read,key-4,4.102,0,false,leaderless,1
2026-04-03T20:56:07.013576-07:00,read,key-8,3.829,0,false,leaderless,1
2026-04-03T20:56:07.015137-07:00,read,key-8,2.318,0,false,leaderless,1
2026-04-03T20:56:07.014333-07:00,read,key-9,3.130,0,false,leaderless,1
2026-04-03T20:56:07.013326-07:00,read,key-3,4.143,0,false,leaderless,1
2026-04-03T20:56:07.015093-07:00,read,key-6,2.392,0,false,leaderless,1
2026-04-03T20:56:07.015044-07:00,read,key-1,2.466,0,false,leaderless,1
2026-04-03T20:56:07.01507-07:00,read,key-2,2.459,0,false,leaderless,1
2026-04-03T20:56:07.015397-07:00,read,key-0,2.150,0,false,leaderless,1
2026-04-03T20:56:07.015438-07:00,read,key-5,2.217,0,false,leaderless,1
2026-04-03T20:56:07.015119-07:00,read,key-1,2.570,0,false,leaderless,1
2026-04-03T20:56:07.015392-07:00,read,key-5,2.318,0,false,leaderless,1
2026-04-03T20:56:07.01542-07:00,read,key-5,2.300,0,false,leaderless,1
2026-04-03T20:56:07.015366-07:00,read,key-7,2.359,0,false,leaderless,1
2026-04-03T20:56:07.015623-07:00,read,key-4,2.350,0,false,leaderless,1
2026-04-03T20:56:07.017974-07:00,read,key-4,1.831,0,false,leaderless,1
2026-04-03T20:56:07.017486-07:00,read,key-0,2.353,0,false,leaderless,1
2026-04-03T20:56:07.017669-07:00,read,key-9,2.433,0,false,leaderless,1
2026-04-03T20:56:07.016292-07:00,read,key-8,3.860,0,false,leaderless,1
2026-04-03T20:56:07.016418-07:00,read,key-5,3.761,0,false,leaderless,1
2026-04-03T20:56:07.017727-07:00,read,key-4,2.475,0,false,leaderless,1
2026-04-03T20:56:07.017529-07:00,read,key-0,2.673,0,false,leaderless,1
2026-04-03T20:56:07.017711-07:00,read,key-7,2.501,0,false,leaderless,1
2026-04-03T20:56:07.01585-07:00,read,key-5,4.366,0,false,leaderless,1
2026-04-03T20:56:07.017456-07:00,read,key-0,2.761,0,false,leaderless,1
2026-04-03T20:56:07.017548-07:00,read,key-5,2.681,0,false,leaderless,1
2026-04-03T20:56:07.017406-07:00,read,key-9,3.039,0,false,leaderless,1
2026-04-03T20:56:07.017721-07:00,read,key-4,2.773,0,false,leaderless,1
2026-04-03T20:56:07.01747-07:00,read,key-3,3.083,0,false,leaderless,1
2026-04-03T20:56:07.016113-07:00,read,key-7,4.440,0,false,leaderless,1
2026-04-03T20:56:07.015683-07:00,read,key-8,4.872,0,false,leaderless,1
2026-04-03T20:56:07.017511-07:00,read,key-2,3.046,0,false,leaderless,1
2026-04-03T20:56:07.0163-07:00,read,key-2,4.271,0,false,leaderless,1
2026-04-03T20:56:07.017689-07:00,read,key-0,3.100,0,false,leaderless,1
2026-04-03T20:56:07.017464-07:00,read,key-5,3.394,0,false,leaderless,1
2026-04-03T20:56:07.02018-07:00,read,key-8,3.058,0,false,leaderless,1
2026-04-03T20:56:07.01984-07:00,read,key-4,3.454,0,false,leaderless,1
2026-04-03T20:56:07.020217-07:00,read,key-8,3.111,0,false,leaderless,1
2026-04-03T20:56:07.020554-07:00,read,key-6,2.802,0,false,leaderless,1
2026-04-03T20:56:07.020153-07:00,read,key-9,3.206,0,false,leaderless,1
2026-04-03T20:56:07.020104-07:00,read,key-8,3.255,0,false,leaderless,1
2026-04-03T20:56:07.020218-07:00,read,key-0,3.173,0,false,leaderless,1
2026-04-03T20:56:07.020554-07:00,read,key-1,2.852,0,false,leaderless,1
2026-04-03T20:56:07.020556-07:00,read,key-9,3.145,0,false,leaderless,1
2026-04-03T20:56:07.02023-07:00,read,key-0,3.649,0,false,leaderless,1
2026-04-03T20:56:07.020204-07:00,read,key-0,3.708,0,false,leaderless,1
2026-04-03T20:56:07.020559-07:00,read,key-0,3.361,0,false,leaderless,1
2026-04-03T20:56:07.020203-07:00,read,key-4,3.767,0,false,leaderless,1
2026-04-03T20:56:07.019806-07:00,read,key-2,4.176,0,false,leaderless,1
2026-04-03T20:56:07.020213-07:00,read,key-4,3.796,0,false,leaderless,1
2026-04-03T20:56:07.020495-07:00,read,key-5,3.516,0,false,leaderless,1
2026-04-03T20:56:07.02079-07:00,read,key-2,3.230,0,false,leaderless,1
2026-04-03T20:56:07.020859-07:00,read,key-7,3.181,0,false,leaderless,1
2026-04-03T20:56:07.020572-07:00,read,key-7,3.486,0,false,leaderless,1
2026-04-03T20:56:07.020446-07:00,read,key-0,4.300,0,false,leaderless,1
2026-04-03T20:56:07.023702-07:00,read,key-5,3.291,0,false,leaderless,1
2026-04-03T20:56:07.02388-07:00,read,key-3,3.118,0,false,leaderless,1
2026-04-03T20:56:07.023912-07:00,read,key-9,3.117,0,false,leaderless,1
2026-04-03T20:56:07.023393-07:00,read,key-8,3.652,0,false,leaderless,1
2026-04-03T20:56:07.024746-07:00,read,key-6,2.301,0,false,leaderless,1
2026-04-03T20:56:07.02392-07:00,read,key-4,3.246,0,false,leaderless,1
2026-04-03T20:56:07.024012-07:00,read,key-6,3.351,0,false,leaderless,1
2026-04-03T20:56:07.024021-07:00,read,key-1,3.525,0,false,leaderless,1
2026-04-03T20:56:07.023361-07:00,read,key-2,4.200,0,false,leaderless,1
2026-04-03T20:56:07.023296-07:00,read,key-6,4.280,0,false,leaderless,1
2026-04-03T20:56:07.023983-07:00,read,key-4,3.595,0,false,leaderless,1
2026-04-03T20:56:07.024009-07:00,read,key-2,3.579,0,false,leaderless,1
2026-04-03T20:56:07.02336-07:00,read,key-7,4.231,0,false,leaderless,1
2026-04-03T20:56:07.023357-07:00,read,key-0,4.323,0,false,leaderless,1
2026-04-03T20:56:07.023239-07:00,read,key-2,4.755,0,false,leaderless,1
2026-04-03T20:56:07.02404-07:00,read,key-7,4.009,0,false,leaderless,1
2026-04-03T20:56:07.023407-07:00,read,key-8,4.756,0,false,leaderless,1
2026-04-03T20:56:07.02397-07:00,read,key-6,4.227,0,false,leaderless,1
2026-04-03T20:56:07.024059-07:00,read,key-7,4.147,0,false,leaderless,1
2026-04-03T20:56:07.02333-07:00,read,key-1,4.934,0,false,leaderless,1
2026-04-03T20:56:07.027049-07:00,read,key-4,3.544,0,false,leaderless,1
2026-04-03T20:56:07.028265-07:00,read,key-4,2.351,0,false,leaderless,1
2026-04-03T20:56:07.026994-07:00,read,key-9,3.654,0,false,leaderless,1
2026-04-03T20:56:07.027578-07:00,read,key-5,3.456,0,false,leaderless,1
2026-04-03T20:56:07.028163-07:00,read,key-9,2.975,0,false,leaderless,1
2026-04-03T20:56:07.027592-07:00,read,key-0,3.554,0,false,leaderless,1
2026-04-03T20:56:07.02805-07:00,read,key-4,3.116,0,false,leaderless,1
2026-04-03T20:56:07.026999-07:00,read,key-6,4.168,0,false,leaderless,1
2026-04-03T20:56:07.028199-07:00,read,key-6,2.979,0,false,leaderless,1
2026-04-03T20:56:07.027365-07:00,read,key-8,3.916,0,false,leaderless,1
2026-04-03T20:56:07.02768-07:00,read,key-1,3.607,0,false,leaderless,1
2026-04-03T20:56:07.027547-07:00,read,key-9,3.741,0,false,leaderless,1
2026-04-03T20:56:07.027045-07:00,read,key-1,4.258,0,false,leaderless,1
2026-04-03T20:56:07.02759-07:00,read,key-9,3.722,0,false,leaderless,1
2026-04-03T20:56:07.027167-07:00,read,key-8,4.221,0,false,leaderless,1
2026-04-03T20:56:07.028207-07:00,read,key-0,3.208,0,false,leaderless,1
2026-04-03T20:56:07.02758-07:00,read,key-8,3.848,0,false,leaderless,1
2026-04-03T20:56:07.027561-07:00,read,key-2,3.870,0,false,leaderless,1
2026-04-03T20:56:07.02703-07:00,read,key-5,4.465,0,false,leaderless,1
2026-04-03T20:56:07.027995-07:00,read,key-2,3.520,0,false,leaderless,1
2026-04-03T20:56:07.030649-07:00,read,key-4,3.114,0,false,leaderless,1
2026-04-03T20:56:07.03129-07:00,read,key-9,2.479,0,false,leaderless,1
2026-04-03T20:56:07.031147-07:00,read,key-6,2.653,0,false,leaderless,1
2026-04-03T20:56:07.031517-07:00,read,key-4,2.491,0,false,leaderless,1
2026-04-03T20:56:07.030593-07:00,read,key-0,3.415,0,false,leaderless,1
2026-04-03T20:56:07.031139-07:00,read,key-8,3.158,0,false,leaderless,1
2026-04-03T20:56:07.031304-07:00,read,key-4,3.003,0,false,leaderless,1
2026-04-03T20:56:07.031388-07:00,read,key-5,2.942,0,false,leaderless,1
2026-04-03T20:56:07.031496-07:00,read,key-0,2.923,0,false,leaderless,1
2026-04-03T20:56:07.031433-07:00,read,key-7,3.181,0,false,leaderless,1
2026-04-03T20:56:07.031169-07:00,read,key-0,3.597,0,false,leaderless,1
2026-04-03T20:56:07.031289-07:00,read,key-2,3.494,0,false,leaderless,1
2026-04-03T20:56:07.031035-07:00,read,key-0,3.753,0,false,leaderless,1
2026-04-03T20:56:07.030617-07:00,read,key-2,4.176,0,false,leaderless,1
2026-04-03T20:56:07.031179-07:00,read,key-5,3.622,0,false,leaderless,1
2026-04-03T20:56:07.031167-07:00,read,key-2,3.650,0,false,leaderless,1
2026-04-03T20:56:07.031282-07:00,read,key-1,3.545,0,false,leaderless,1
2026-04-03T20:56:07.031428-07:00,read,key-8,3.409,0,false,leaderless,1
2026-04-03T20:56:07.031312-07:00,read,key-4,3.611,0,false,leaderless,1
2026-04-03T20:56:07.031417-07:00,read,key-8,3.553,0,false,leaderless,1
2026-04-03T20:56:07.034615-07:00,read,key-3,5.106,0,false,leaderless,1
2026-04-03T20:56:07.034818-07:00,read,key-6,5.287,0,false,leaderless,1
2026-04-03T20:56:07.034971-07:00,read,key-5,5.773,0,false,leaderless,1
2026-04-03T20:56:07.034308-07:00,read,key-1,6.728,0,false,leaderless,1
2026-04-03T20:56:07.033764-07:00,read,key-8,7.359,0,false,leaderless,1
2026-04-03T20:56:07.034009-07:00,read,key-2,7.415,0,false,leaderless,1
2026-04-03T20:56:07.034012-07:00,read,key-8,7.433,0,false,leaderless,1
2026-04-03T20:56:07.034299-07:00,read,key-3,7.151,0,false,leaderless,1
2026-04-03T20:56:07.034332-07:00,read,key-1,7.128,0,false,leaderless,1
2026-04-03T20:56:07.033771-07:00,read,key-1,7.717,0,false,leaderless,1
2026-04-03T20:56:07.034924-07:00,read,key-1,6.620,0,false,leaderless,1
2026-04-03T20:56:07.034766-07:00,read,key-7,6.782,0,false,leaderless,1
2026-04-03T20:56:07.034829-07:00,read,key-1,6.729,0,false,leaderless,1
2026-04-03T20:56:07.034838-07:00,read,key-3,6.720,0,false,leaderless,1
2026-04-03T20:56:07.034794-07:00,read,key-0,6.777,0,false,leaderless,1
2026-04-03T20:56:07.034785-07:00,read,key-3,7.049,0,false,leaderless,1
2026-04-03T20:56:07.03479-07:00,read,key-2,7.048,0,false,leaderless,1
2026-04-03T20:56:07.033801-07:00,read,key-4,8.037,0,false,leaderless,1
2026-04-03T20:56:07.034419-07:00,read,key-4,7.438,0,false,leaderless,1
2026-04-03T20:56:07.034802-07:00,read,key-9,7.067,0,false,leaderless,1
2026-04-03T20:56:07.041559-07:00,read,key-0,3.402,0,false,leaderless,1
2026-04-03T20:56:07.04187-07:00,read,key-4,3.591,0,false,leaderless,1
2026-04-03T20:56:07.041839-07:00,read,key-4,4.202,0,false,leaderless,1
2026-04-03T20:56:07.041124-07:00,read,key-8,5.107,0,false,leaderless,1
2026-04-03T20:56:07.040745-07:00,read,key-1,5.827,0,false,leaderless,1
2026-04-03T20:56:07.040106-07:00,read,key-8,6.476,0,false,leaderless,1
2026-04-03T20:56:07.041839-07:00,read,key-8,4.955,0,false,leaderless,1
2026-04-03T20:56:07.041835-07:00,read,key-4,6.034,0,false,leaderless,1
2026-04-03T20:56:07.041858-07:00,read,key-2,6.025,0,false,leaderless,1
2026-04-03T20:56:07.039721-07:00,read,key-8,8.187,0,false,leaderless,1
2026-04-03T20:56:07.041462-07:00,read,key-6,6.453,0,false,leaderless,1
2026-04-03T20:56:07.041425-07:00,read,key-6,6.518,0,false,leaderless,1
2026-04-03T20:56:07.04156-07:00,read,key-6,6.467,0,false,leaderless,1
2026-04-03T20:56:07.041041-07:00,read,key-6,6.998,0,false,leaderless,1
2026-04-03T20:56:07.041447-07:00,read,key-4,6.666,0,false,leaderless,1
2026-04-03T20:56:07.041572-07:00,read,key-8,6.542,0,false,leaderless,1
2026-04-03T20:56:07.041451-07:00,read,key-0,6.664,0,false,leaderless,1
2026-04-03T20:56:07.041549-07:00,read,key-5,6.579,0,false,leaderless,1
2026-04-03T20:56:07.041545-07:00,read,key-9,6.689,0,false,leaderless,1
2026-04-03T20:56:07.046795-07:00,read,key-0,2.249,0,false,leaderless,1
2026-04-03T20:56:07.041489-07:00,read,key-3,7.741,0,false,leaderless,1
2026-04-03T20:56:07.046042-07:00,read,key-4,3.257,0,false,leaderless,1
2026-04-03T20:56:07.046232-07:00,read,key-3,3.149,0,false,leaderless,1
2026-04-03T20:56:07.044962-07:00,read,key-2,4.439,0,false,leaderless,1
2026-04-03T20:56:07.045462-07:00,read,key-9,4.015,0,false,leaderless,1
2026-04-03T20:56:07.046583-07:00,read,key-5,2.903,0,false,leaderless,1
2026-04-03T20:56:07.046573-07:00,read,key-7,2.989,0,false,leaderless,1
2026-04-03T20:56:07.049564-07:00,read,key-4,2.054,0,false,leaderless,1
2026-04-03T20:56:07.049045-07:00,read,key-8,3.736,0,false,leaderless,1
2026-04-03T20:56:07.048235-07:00,read,key-6,4.554,0,false,leaderless,1
2026-04-03T20:56:07.048113-07:00,read,key-1,4.710,0,false,leaderless,1
2026-04-03T20:56:07.048115-07:00,read,key-6,4.807,0,false,leaderless,1
2026-04-03T20:56:07.047909-07:00,read,key-6,5.023,0,false,leaderless,1
2026-04-03T20:56:07.049382-07:00,read,key-4,3.639,0,false,leaderless,1
2026-04-03T20:56:07.04923-07:00,read,key-4,3.822,0,false,leaderless,1
2026-04-03T20:56:07.049401-07:00,read,key-1,4.064,0,false,leaderless,1
2026-04-03T20:56:07.047944-07:00,read,key-7,5.553,0,false,leaderless,1
2026-04-03T20:56:07.047885-07:00,read,key-8,6.079,0,false,leaderless,1
2026-04-03T20:56:07.047916-07:00,read,key-4,6.096,0,false,leaderless,1
2026-04-03T20:56:07.048129-07:00,read,key-8,5.889,0,false,leaderless,1
2026-04-03T20:56:07.04804-07:00,read,key-5,6.760,0,false,leaderless,1
2026-04-03T20:56:07.048027-07:00,read,key-8,6.809,0,false,leaderless,1
2026-04-03T20:56:07.049486-07:00,read,key-1,5.548,0,false,leaderless,1
2026-04-03T20:56:07.0493-07:00,read,key-9,5.913,0,false,leaderless,1
2026-04-03T20:56:07.048116-07:00,read,key-3,7.103,0,false,leaderless,1
2026-04-03T20:56:07.04787-07:00,read,key-6,7.606,0,false,leaderless,1
2026-04-03T20:56:07.049477-07:00,read,key-1,6.058,0,false,leaderless,1
2026-04-03T20:56:07.052825-07:00,read,key-8,2.929,0,false,leaderless,1
2026-04-03T20:56:07.052923-07:00,read,key-8,3.470,0,false,leaderless,1
2026-04-03T20:56:07.053499-07:00,read,key-3,2.898,0,false,leaderless,1
2026-04-03T20:56:07.052792-07:00,read,key-7,3.640,0,false,leaderless,1
2026-04-03T20:56:07.052935-07:00,read,key-7,3.499,0,false,leaderless,1
2026-04-03T20:56:07.052783-07:00,read,key-3,3.700,0,false,leaderless,1
2026-04-03T20:56:07.053021-07:00,read,key-0,3.829,0,false,leaderless,1
2026-04-03T20:56:07.051619-07:00,read,key-2,5.333,0,false,leaderless,1
2026-04-03T20:56:07.053054-07:00,read,key-3,3.910,0,false,leaderless,1
2026-04-03T20:56:07.053466-07:00,read,key-7,3.499,0,false,leaderless,1
2026-04-03T20:56:07.055535-07:00,read,key-8,2.372,0,false,leaderless,1
2026-04-03T20:56:07.053965-07:00,read,key-7,4.214,0,false,leaderless,1
2026-04-03T20:56:07.055214-07:00,read,key-0,2.975,0,false,leaderless,1
2026-04-03T20:56:07.055477-07:00,read,key-0,2.744,0,false,leaderless,1
2026-04-03T20:56:07.0548-07:00,read,key-3,3.510,0,false,leaderless,1
2026-04-03T20:56:07.054014-07:00,read,key-5,4.407,0,false,leaderless,1
2026-04-03T20:56:07.054019-07:00,read,key-9,5.275,0,false,leaderless,1
2026-04-03T20:56:07.055035-07:00,read,key-0,4.398,0,false,leaderless,1
2026-04-03T20:56:07.054837-07:00,read,key-4,4.597,0,false,leaderless,1
2026-04-03T20:56:07.055221-07:00,read,key-5,4.263,0,false,leaderless,1
2026-04-03T20:56:07.055755-07:00,read,key-8,3.752,0,false,leaderless,1
2026-04-03T20:56:07.058179-07:00,read,key-3,3.478,0,false,leaderless,1
2026-04-03T20:56:07.056393-07:00,read,key-0,5.265,0,false,leaderless,1
2026-04-03T20:56:07.056966-07:00,read,key-4,4.709,0,false,leaderless,1
2026-04-03T20:56:07.056398-07:00,read,key-0,5.277,0,false,leaderless,1
2026-04-03T20:56:07.057909-07:00,read,key-4,3.821,0,false,leaderless,1
2026-04-03T20:56:07.056433-07:00,read,key-3,5.778,0,false,leaderless,1
2026-04-03T20:56:07.056435-07:00,read,key-2,5.793,0,false,leaderless,1
2026-04-03T20:56:07.058191-07:00,read,key-2,4.041,0,false,leaderless,1
2026-04-03T20:56:07.056954-07:00,read,key-6,5.306,0,false,leaderless,1
2026-04-03T20:56:07.056484-07:00,read,key-0,5.788,0,false,leaderless,1
2026-04-03T20:56:07.058222-07:00,read,key-6,4.281,0,false,leaderless,1
2026-04-03T20:56:07.056852-07:00,read,key-6,5.696,0,false,leaderless,1
2026-04-03T20:56:07.056965-07:00,read,key-3,5.701,0,false,leaderless,1
2026-04-03T20:56:07.059435-07:00,read,key-6,3.468,0,false,leaderless,1
2026-04-03T20:56:07.058311-07:00,read,key-9,4.625,0,false,leaderless,1
2026-04-03T20:56:07.059435-07:00,read,key-1,3.501,0,false,leaderless,1
2026-04-03T20:56:07.059507-07:00,read,key-9,3.850,0,false,leaderless,1
2026-04-03T20:56:07.059484-07:00,read,key-5,3.913,0,false,leaderless,1
2026-04-03T20:56:07.058422-07:00,read,key-4,5.013,0,false,leaderless,1
2026-04-03T20:56:07.059295-07:00,read,key-7,4.202,0,false,leaderless,1
2026-04-03T20:56:07.063499-07:00,read,key-9,2.403,0,false,leaderless,1
2026-04-03T20:56:07.062273-07:00,read,key-7,3.651,0,false,leaderless,1
2026-04-03T20:56:07.062937-07:00,read,key-1,3.007,0,false,leaderless,1
2026-04-03T20:56:07.062905-07:00,read,key-3,3.061,0,false,leaderless,1
2026-04-03T20:56:07.062213-07:00,read,key-8,4.325,0,false,leaderless,1
2026-04-03T20:56:07.06296-07:00,read,key-8,3.589,0,false,leaderless,1
2026-04-03T20:56:07.063398-07:00,read,key-3,3.202,0,false,leaderless,1
2026-04-03T20:56:07.062504-07:00,read,key-0,4.134,0,false,leaderless,1
2026-04-03T20:56:07.062549-07:00,read,key-5,4.125,0,false,leaderless,1
2026-04-03T20:56:07.063436-07:00,read,key-3,3.397,0,false,leaderless,1
2026-04-03T20:56:07.061676-07:00,read,key-6,5.230,0,false,leaderless,1
2026-04-03T20:56:07.06166-07:00,read,key-5,5.482,0,false,leaderless,1
2026-04-03T20:56:07.061731-07:00,read,key-1,5.430,0,false,leaderless,1
2026-04-03T20:56:07.06226-07:00,read,key-5,4.917,0,false,leaderless,1
2026-04-03T20:56:07.062229-07:00,read,key-1,4.948,0,false,leaderless,1
2026-04-03T20:56:07.061677-07:00,read,key-4,5.508,0,false,leaderless,1
2026-04-03T20:56:07.062232-07:00,read,key-2,4.961,0,false,leaderless,1
2026-04-03T20:56:07.063358-07:00,read,key-7,3.956,0,false,leaderless,1
2026-04-03T20:56:07.062667-07:00,read,key-9,4.807,0,false,leaderless,1
2026-04-03T20:56:07.061659-07:00,read,key-3,5.921,0,false,leaderless,1
2026-04-03T20:56:07.06758-07:00,read,key-6,2.119,0,false,leaderless,1
2026-04-03T20:56:07.067179-07:00,read,key-9,3.911,0,false,leaderless,1
2026-04-03T20:56:07.066602-07:00,read,key-0,4.542,0,false,leaderless,1
2026-04-03T20:56:07.067178-07:00,read,key-7,3.992,0,false,leaderless,1
2026-04-03T20:56:07.067186-07:00,read,key-7,4.000,0,false,leaderless,1
2026-04-03T20:56:07.066676-07:00,read,key-5,4.683,0,false,leaderless,1
2026-04-03T20:56:07.067194-07:00,read,key-0,4.201,0,false,leaderless,1
2026-04-03T20:56:07.065967-07:00,read,key-7,5.449,0,false,leaderless,1
2026-04-03T20:56:07.065925-07:00,read,key-5,5.496,0,false,leaderless,1
2026-04-03T20:56:07.067143-07:00,read,key-3,4.295,0,false,leaderless,1
2026-04-03T20:56:07.067475-07:00,read,key-0,4.069,0,false,leaderless,1
2026-04-03T20:56:07.065945-07:00,read,key-0,6.030,0,false,leaderless,1
2026-04-03T20:56:07.066551-07:00,read,key-2,5.474,0,false,leaderless,1
2026-04-03T20:56:07.066539-07:00,read,key-9,5.486,0,false,leaderless,1
2026-04-03T20:56:07.065903-07:00,read,key-6,6.977,0,false,leaderless,1
2026-04-03T20:56:07.067315-07:00,read,key-7,5.901,0,false,leaderless,1
2026-04-03T20:56:07.066835-07:00,read,key-5,6.642,0,false,leaderless,1
2026-04-03T20:56:07.066908-07:00,read,key-3,6.795,0,false,leaderless,1
2026-04-03T20:56:07.066639-07:00,read,key-1,7.085,0,false,leaderless,1
2026-04-03T20:56:07.067163-07:00,read,key-2,6.606,0,false,leaderless,1
2026-04-03T20:56:07.071422-07:00,read,key-5,3.228,0,false,leaderless,1
2026-04-03T20:56:07.071187-07:00,read,key-1,4.794,0,false,leaderless,1
2026-04-03T20:56:07.071396-07:00,read,key-7,4.837,0,false,leaderless,1
2026-04-03T20:56:07.071438-07:00,read,key-5,4.929,0,false,leaderless,1
2026-04-03T20:56:07.071546-07:00,read,key-3,4.964,0,false,leaderless,1
2026-04-03T20:56:07.0697-07:00,read,key-6,6.940,0,false,leaderless,1
2026-04-03T20:56:07.07136-07:00,read,key-7,5.289,0,false,leaderless,1
2026-04-03T20:56:07.071171-07:00,read,key-8,5.499,0,false,leaderless,1
2026-04-03T20:56:07.071417-07:00,read,key-8,5.285,0,false,leaderless,1
2026-04-03T20:56:07.071145-07:00,read,key-6,5.581,0,false,leaderless,1
2026-04-03T20:56:07.073479-07:00,read,key-0,4.197,0,false,leaderless,1
2026-04-03T20:56:07.073704-07:00,read,key-0,3.992,0,false,leaderless,1
2026-04-03T20:56:07.072025-07:00,read,key-9,5.697,0,false,leaderless,1
2026-04-03T20:56:07.073725-07:00,read,key-8,4.015,0,false,leaderless,1
2026-04-03T20:56:07.071977-07:00,read,key-4,5.766,0,false,leaderless,1
2026-04-03T20:56:07.072026-07:00,read,key-6,5.721,0,false,leaderless,1
2026-04-03T20:56:07.073218-07:00,read,key-4,4.687,0,false,leaderless,1
2026-04-03T20:56:07.07377-07:00,read,key-8,4.156,0,false,leaderless,1
2026-04-03T20:56:07.072882-07:00,read,key-3,5.054,0,false,leaderless,1
2026-04-03T20:56:07.075982-07:00,read,key-4,2.350,0,false,leaderless,1
2026-04-03T20:56:07.076512-07:00,read,key-3,2.016,0,false,leaderless,1
2026-04-03T20:56:07.074651-07:00,read,key-9,3.900,0,false,leaderless,1
2026-04-03T20:56:07.076643-07:00,read,key-2,1.922,0,false,leaderless,1
2026-04-03T20:56:07.076369-07:00,read,key-8,2.226,0,false,leaderless,1
2026-04-03T20:56:07.076237-07:00,read,key-4,3.013,0,false,leaderless,1
2026-04-03T20:56:07.078566-07:00,read,key-5,1.504,0,false,leaderless,1
2026-04-03T20:56:07.077741-07:00,read,key-8,2.343,0,false,leaderless,1
2026-04-03T20:56:07.077906-07:00,read,key-5,2.462,0,false,leaderless,1
2026-04-03T20:56:07.077697-07:00,read,key-7,2.701,0,false,leaderless,1
2026-04-03T20:56:07.077691-07:00,read,key-1,2.737,0,false,leaderless,1
2026-04-03T20:56:07.077748-07:00,read,key-4,3.183,0,false,leaderless,1
2026-04-03T20:56:07.076672-07:00,read,key-9,4.311,0,false,leaderless,1
2026-04-03T20:56:07.077723-07:00,read,key-7,3.262,0,false,leaderless,1
2026-04-03T20:56:07.077934-07:00,read,key-6,3.064,0,false,leaderless,1
2026-04-03T20:56:07.078528-07:00,read,key-8,2.472,0,false,leaderless,1
2026-04-03T20:56:07.07665-07:00,read,key-0,4.669,0,false,leaderless,1
2026-04-03T20:56:07.078334-07:00,read,key-7,3.089,0,false,leaderless,1
2026-04-03T20:56:07.078552-07:00,read,key-9,2.900,0,false,leaderless,1
2026-04-03T20:56:07.076703-07:00,read,key-3,4.797,0,false,leaderless,1
2026-04-03T20:56:07.077937-07:00,read,key-5,3.573,0,false,leaderless,1
2026-04-03T20:56:07.077744-07:00,read,key-2,3.778,0,false,leaderless,1
2026-04-03T20:56:07.076727-07:00,read,key-6,4.801,0,false,leaderless,1
2026-04-03T20:56:07.080071-07:00,read,key-6,1.882,0,false,leaderless,1
2026-04-03T20:56:07.078596-07:00,read,key-2,3.359,0,false,leaderless,1
2026-04-03T20:56:07.079252-07:00,read,key-5,2.724,0,false,leaderless,1
2026-04-03T20:56:07.080085-07:00,read,key-3,1.905,0,false,leaderless,1
2026-04-03T20:56:07.08199-07:00,read,key-2,1.963,0,false,leaderless,1
2026-04-03T20:56:07.081955-07:00,read,key-4,2.007,0,false,leaderless,1
2026-04-03T20:56:07.081977-07:00,read,key-1,2.005,0,false,leaderless,1
2026-04-03T20:56:07.081529-07:00,read,key-4,2.503,0,false,leaderless,1
2026-04-03T20:56:07.081954-07:00,read,key-0,2.098,0,false,leaderless,1
2026-04-03T20:56:07.081424-07:00,read,key-5,2.639,0,false,leaderless,1
2026-04-03T20:56:07.081001-07:00,read,key-2,3.504,0,false,leaderless,1
2026-04-03T20:56:07.080398-07:00,read,key-9,4.203,0,false,leaderless,1
2026-04-03T20:56:07.080931-07:00,read,key-9,3.677,0,false,leaderless,1
2026-04-03T20:56:07.081453-07:00,read,key-0,3.172,0,false,leaderless,1
2026-04-03T20:56:07.080999-07:00,read,key-3,3.632,0,false,leaderless,1
2026-04-03T20:56:07.080369-07:00,read,key-2,4.267,0,false,leaderless,1
2026-04-03T20:56:07.080986-07:00,read,key-7,3.664,0,false,leaderless,1
2026-04-03T20:56:07.081523-07:00,read,key-3,3.128,0,false,leaderless,1
2026-04-03T20:56:07.080429-07:00,read,key-2,4.289,0,false,leaderless,1
2026-04-03T20:56:07.081321-07:00,read,key-0,3.405,0,false,leaderless,1
2026-04-03T20:56:07.080983-07:00,read,key-5,3.768,0,false,leaderless,1
2026-04-03T20:56:07.0815-07:00,read,key-1,3.262,0,false,leaderless,1
2026-04-03T20:56:07.084763-07:00,read,key-8,2.254,0,false,leaderless,1
2026-04-03T20:56:07.083983-07:00,read,key-8,3.393,0,false,leaderless,1
2026-04-03T20:56:07.084609-07:00,read,key-8,2.842,0,false,leaderless,1
2026-04-03T20:56:07.084719-07:00,read,key-6,2.741,0,false,leaderless,1
2026-04-03T20:56:07.084626-07:00,read,key-6,2.852,0,false,leaderless,1
2026-04-03T20:56:07.084053-07:00,read,key-7,3.446,0,false,leaderless,1
2026-04-03T20:56:07.083954-07:00,read,key-1,3.546,0,false,leaderless,1
2026-04-03T20:56:07.084632-07:00,read,key-6,2.947,0,false,leaderless,1
2026-04-03T20:56:07.083963-07:00,read,key-0,3.705,0,false,leaderless,1
2026-04-03T20:56:07.084727-07:00,read,key-8,2.991,0,false,leaderless,1
2026-04-03T20:56:07.084753-07:00,read,key-3,2.985,0,false,leaderless,1
2026-04-03T20:56:07.084653-07:00,read,key-4,3.089,0,false,leaderless,1
2026-04-03T20:56:07.084637-07:00,read,key-8,3.118,0,false,leaderless,1
2026-04-03T20:56:07.084033-07:00,read,key-3,3.771,0,false,leaderless,1
2026-04-03T20:56:07.084064-07:00,read,key-4,3.757,0,false,leaderless,1
2026-04-03T20:56:07.084651-07:00,read,key-0,3.173,0,false,leaderless,1
2026-04-03T20:56:07.084602-07:00,read,key-7,3.231,0,false,leaderless,1
2026-04-03T20:56:07.084507-07:00,read,key-8,3.919,0,false,leaderless,1
2026-04-03T20:56:07.087018-07:00,read,key-3,3.497,0,false,leaderless,1
2026-04-03T20:56:07.087739-07:00,read,key-4,2.778,0,false,leaderless,1
2026-04-03T20:56:07.08746-07:00,read,key-1,3.086,0,false,leaderless,1
2026-04-03T20:56:07.087452-07:00,read,key-6,3.229,0,false,leaderless,1
2026-04-03T20:56:07.087377-07:00,read,key-2,3.311,0,false,leaderless,1
2026-04-03T20:56:07.087479-07:00,read,key-9,3.209,0,false,leaderless,1
2026-04-03T20:56:07.087743-07:00,read,key-1,2.976,0,false,leaderless,1
2026-04-03T20:56:07.087718-07:00,read,key-3,3.010,0,false,leaderless,1
2026-04-03T20:56:07.087579-07:00,read,key-4,3.387,0,false,leaderless,1
2026-04-03T20:56:07.087669-07:00,read,key-6,3.302,0,false,leaderless,1
2026-04-03T20:56:07.087826-07:00,read,key-9,3.158,0,false,leaderless,1
2026-04-03T20:56:07.087502-07:00,read,key-3,3.645,0,false,leaderless,1
2026-04-03T20:56:07.087823-07:00,read,key-0,3.359,1,false,leaderless,1
2026-04-03T20:56:07.087502-07:00,read,key-0,3.680,1,false,leaderless,1
2026-04-03T20:56:07.087756-07:00,read,key-7,3.454,0,false,leaderless,1
2026-04-03T20:56:07.090683-07:00,read,key-7,0.874,0,false,leaderless,1
2026-04-03T20:56:07.091183-07:00,read,key-2,0.496,0,false,leaderless,1
2026-04-03T20:56:07.088427-07:00,read,key-4,3.502,0,false,leaderless,1
2026-04-03T20:56:07.087805-07:00,read,key-5,4.169,0,false,leaderless,1
2026-04-03T20:56:07.087835-07:00,read,key-5,4.223,0,false,leaderless,1
2026-04-03T20:56:07.090729-07:00,read,key-8,2.814,0,false,leaderless,1
2026-04-03T20:56:07.091211-07:00,read,key-3,2.701,0,false,leaderless,1
2026-04-03T20:56:07.090547-07:00,read,key-0,3.490,0,false,leaderless,1
2026-04-03T20:56:07.09168-07:00,read,key-9,2.434,0,false,leaderless,1
2026-04-03T20:56:07.090518-07:00,read,key-4,3.596,0,false,leaderless,1
2026-04-03T20:56:07.091183-07:00,read,key-0,3.156,0,false,leaderless,1
2026-04-03T20:56:07.090689-07:00,read,key-0,3.676,0,false,leaderless,1
2026-04-03T20:56:07.091557-07:00,read,key-4,2.865,0,false,leaderless,1
2026-04-03T20:56:07.090972-07:00,read,key-4,3.468,0,false,leaderless,1
2026-04-03T20:56:07.090967-07:00,read,key-0,3.751,0,false,leaderless,1
2026-04-03T20:56:07.090517-07:00,read,key-9,4.216,0,false,leaderless,1
2026-04-03T20:56:07.091149-07:00,read,key-0,3.588,0,false,leaderless,1
2026-04-03T20:56:07.090986-07:00,read,key-5,3.847,0,false,leaderless,1
2026-04-03T20:56:07.090705-07:00,read,key-2,4.148,0,false,leaderless,1
2026-04-03T20:56:07.094115-07:00,read,key-0,0.742,1,false,leaderless,1
2026-04-03T20:56:07.092058-07:00,read,key-2,2.816,0,false,leaderless,1
2026-04-03T20:56:07.091976-07:00,read,key-1,2.943,0,false,leaderless,1
2026-04-03T20:56:07.090719-07:00,read,key-5,4.277,0,false,leaderless,1
2026-04-03T20:56:07.09193-07:00,read,key-7,3.088,0,false,leaderless,1
2026-04-03T20:56:07.094366-07:00,read,key-9,0.978,0,false,leaderless,1
2026-04-03T20:56:07.094115-07:00,read,key-6,2.702,0,false,leaderless,1
2026-04-03T20:56:07.094834-07:00,read,key-8,1.992,0,false,leaderless,1
2026-04-03T20:56:07.095019-07:00,read,key-5,1.814,0,false,leaderless,1
2026-04-03T20:56:07.094875-07:00,read,key-2,1.957,0,false,leaderless,1
2026-04-03T20:56:07.094719-07:00,read,key-2,2.310,0,false,leaderless,1
2026-04-03T20:56:07.094858-07:00,read,key-4,2.255,0,false,leaderless,1
2026-04-03T20:56:07.094424-07:00,read,key-3,2.712,0,false,leaderless,1
2026-04-03T20:56:07.094339-07:00,read,key-7,2.872,0,false,leaderless,1
2026-04-03T20:56:07.09492-07:00,read,key-3,2.331,0,false,leaderless,1
2026-04-03T20:56:07.094734-07:00,read,key-7,2.531,0,false,leaderless,1
2026-04-03T20:56:07.093544-07:00,read,key-9,3.726,0,false,leaderless,1
2026-04-03T20:56:07.094738-07:00,read,key-8,2.534,0,false,leaderless,1
2026-04-03T20:56:07.094997-07:00,read,key-7,2.475,0,false,leaderless,1
2026-04-03T20:56:07.094442-07:00,read,key-4,3.056,0,false,leaderless,1
2026-04-03T20:56:07.094037-07:00,read,key-0,3.481,0,false,leaderless,1
2026-04-03T20:56:07.093913-07:00,read,key-9,3.616,0,false,leaderless,1
2026-04-03T20:56:07.094854-07:00,read,key-6,2.682,0,false,leaderless,1
2026-04-03T20:56:07.096818-07:00,read,key-7,0.744,0,false,leaderless,1
2026-04-03T20:56:07.096834-07:00,read,key-2,1.569,0,false,leaderless,1
2026-04-03T20:56:07.097136-07:00,read,key-3,1.601,0,false,leaderless,1
2026-04-03T20:56:07.095345-07:00,read,key-4,3.398,0,false,leaderless,1
2026-04-03T20:56:07.096827-07:00,read,key-6,1.934,0,false,leaderless,1
2026-04-03T20:56:07.09703-07:00,read,key-4,1.734,0,false,leaderless,1
2026-04-03T20:56:07.096833-07:00,read,key-6,1.931,0,false,leaderless,1
2026-04-03T20:56:07.097114-07:00,read,key-3,1.659,0,false,leaderless,1
2026-04-03T20:56:07.097537-07:00,read,key-8,2.555,0,false,leaderless,1
2026-04-03T20:56:07.097271-07:00,read,key-9,3.497,0,false,leaderless,1
2026-04-03T20:56:07.097563-07:00,read,key-4,3.206,0,false,leaderless,1
2026-04-03T20:56:07.097273-07:00,read,key-7,3.525,0,false,leaderless,1
2026-04-03T20:56:07.097266-07:00,read,key-5,3.608,1,false,leaderless,1
2026-04-03T20:56:07.098744-07:00,read,key-0,2.270,1,false,leaderless,1
2026-04-03T20:56:07.097499-07:00,read,key-6,3.516,0,false,leaderless,1
2026-04-03T20:56:07.097473-07:00,read,key-8,3.541,0,false,leaderless,1
2026-04-03T20:56:07.097519-07:00,read,key-5,3.538,1,false,leaderless,1
2026-04-03T20:56:07.097213-07:00,read,key-1,3.964,0,false,leaderless,1
2026-04-03T20:56:07.098762-07:00,read,key-0,2.476,0,false,leaderless,1
2026-04-03T20:56:07.098766-07:00,read,key-7,2.515,0,false,leaderless,1
2026-04-03T20:56:07.097529-07:00,read,key-1,3.784,0,false,leaderless,1
2026-04-03T20:56:07.098765-07:00,read,key-6,2.617,0,false,leaderless,1
2026-04-03T20:56:07.098738-07:00,read,key-4,2.667,0,false,leaderless,1
2026-04-03T20:56:07.097252-07:00,read,key-0,4.158,0,false,leaderless,1
2026-04-03T20:56:07.098404-07:00,read,key-1,3.008,0,false,leaderless,1
2026-04-03T20:56:07.098774-07:00,read,key-1,2.673,0,false,leaderless,1
2026-04-03T20:56:07.1008-07:00,read,key-3,0.848,0,false,leaderless,1
2026-04-03T20:56:07.10165-07:00,read,key-0,0.687,1,false,leaderless,1
2026-04-03T20:56:07.101239-07:00,read,key-0,2.329,0,false,leaderless,1
2026-04-03T20:56:07.10141-07:00,read,key-0,2.183,0,false,leaderless,1
2026-04-03T20:56:07.100875-07:00,read,key-2,2.743,0,false,leaderless,1
2026-04-03T20:56:07.101413-07:00,read,key-9,2.214,0,false,leaderless,1
2026-04-03T20:56:07.10077-07:00,read,key-5,2.926,0,false,leaderless,1
2026-04-03T20:56:07.101448-07:00,read,key-9,2.265,0,false,leaderless,1
2026-04-03T20:56:07.100782-07:00,read,key-8,2.965,0,false,leaderless,1
2026-04-03T20:56:07.101016-07:00,read,key-8,2.762,0,false,leaderless,1
2026-04-03T20:56:07.101178-07:00,read,key-2,2.655,0,false,leaderless,1
2026-04-03T20:56:07.101016-07:00,read,key-8,2.823,0,false,leaderless,1
2026-04-03T20:56:07.101315-07:00,read,key-0,2.535,0,false,leaderless,1
2026-04-03T20:56:07.101282-07:00,read,key-8,2.619,0,false,leaderless,1
2026-04-03T20:56:07.101406-07:00,read,key-8,2.658,0,false,leaderless,1
2026-04-03T20:56:07.101031-07:00,read,key-8,3.048,0,false,leaderless,1
2026-04-03T20:56:07.101384-07:00,read,key-7,2.703,0,false,leaderless,1
2026-04-03T20:56:07.101059-07:00,read,key-7,3.058,0,false,leaderless,1
2026-04-03T20:56:07.100092-07:00,read,key-7,4.030,0,false,leaderless,1
2026-04-03T20:56:07.103834-07:00,read,key-2,1.003,0,false,leaderless,1
2026-04-03T20:56:07.103594-07:00,read,key-2,1.259,0,false,leaderless,1
2026-04-03T20:56:07.103779-07:00,read,key-0,2.275,0,false,leaderless,1
2026-04-03T20:56:07.103748-07:00,read,key-9,2.357,0,false,leaderless,1
2026-04-03T20:56:07.103714-07:00,read,key-6,2.412,0,false,leaderless,1
2026-04-03T20:56:07.103851-07:00,read,key-8,2.321,0,false,leaderless,1
2026-04-03T20:56:07.104124-07:00,read,key-2,2.054,0,false,leaderless,1
2026-04-03T20:56:07.103901-07:00,read,key-9,2.291,0,false,leaderless,1
2026-04-03T20:56:07.103619-07:00,read,key-6,2.818,0,false,leaderless,1
2026-04-03T20:56:07.10384-07:00,read,key-0,2.638,0,false,leaderless,1
2026-04-03T20:56:07.103648-07:00,read,key-8,2.835,0,false,leaderless,1
2026-04-03T20:56:07.103568-07:00,read,key-5,2.970,0,false,leaderless,1
2026-04-03T20:56:07.104118-07:00,read,key-7,2.438,0,false,leaderless,1
2026-04-03T20:56:07.104087-07:00,read,key-7,2.472,0,false,leaderless,1
2026-04-03T20:56:07.103697-07:00,read,key-6,2.905,0,false,leaderless,1
2026-04-03T20:56:07.104065-07:00,read,key-9,2.624,0,false,leaderless,1
2026-04-03T20:56:07.10408-07:00,read,key-5,2.626,0,false,leaderless,1
2026-04-03T20:56:07.102339-07:00,read,key-8,4.374,0,false,leaderless,1
2026-04-03T20:56:07.10656-07:00,read,key-2,1.315,0,false,leaderless,1
2026-04-03T20:56:07.106194-07:00,read,key-0,1.688,0,false,leaderless,1
2026-04-03T20:56:07.106127-07:00,read,key-4,2.273,0,false,leaderless,1
2026-04-03T20:56:07.106106-07:00,read,key-8,2.330,0,false,leaderless,1
2026-04-03T20:56:07.106438-07:00,read,key-7,2.019,0,false,leaderless,1
2026-04-03T20:56:07.106479-07:00,read,key-6,2.126,0,false,leaderless,1
2026-04-03T20:56:07.106056-07:00,read,key-2,2.608,0,false,leaderless,1
2026-04-03T20:56:07.106178-07:00,read,key-7,2.666,0,false,leaderless,1
2026-04-03T20:56:07.106539-07:00,read,key-3,2.331,0,false,leaderless,1
2026-04-03T20:56:07.106173-07:00,read,key-7,2.706,0,false,leaderless,1
2026-04-03T20:56:07.104838-07:00,read,key-1,4.202,0,false,leaderless,1
2026-04-03T20:56:07.106557-07:00,read,key-8,2.484,0,false,leaderless,1
2026-04-03T20:56:07.106714-07:00,read,key-8,2.900,0,false,leaderless,1
2026-04-03T20:56:07.107883-07:00,read,key-5,1.735,0,false,leaderless,1
2026-04-03T20:56:07.106707-07:00,read,key-5,3.196,0,false,leaderless,1
2026-04-03T20:56:07.106604-07:00,read,key-2,3.313,0,false,leaderless,1
2026-04-03T20:56:07.107876-07:00,read,key-1,2.051,0,false,leaderless,1
2026-04-03T20:56:07.10669-07:00,read,key-6,3.309,0,false,leaderless,1
2026-04-03T20:56:07.109904-07:00,read,key-6,1.696,0,false,leaderless,1
2026-04-03T20:56:07.11-07:00,read,key-3,1.645,0,false,leaderless,1
2026-04-03T20:56:07.108879-07:00,read,key-0,2.841,0,false,leaderless,1
2026-04-03T20:56:07.108606-07:00,read,key-8,3.250,0,false,leaderless,1
2026-04-03T20:56:07.108437-07:00,read,key-4,3.434,0,false,leaderless,1
2026-04-03T20:56:07.108846-07:00,read,key-7,3.171,0,false,leaderless,1
2026-04-03T20:56:07.108402-07:00,read,key-4,3.615,0,false,leaderless,1
2026-04-03T20:56:07.109614-07:00,read,key-9,2.488,0,false,leaderless,1
2026-04-03T20:56:07.108665-07:00,read,key-3,3.489,0,false,leaderless,1
2026-04-03T20:56:07.109042-07:00,read,key-4,3.300,0,false,leaderless,1
2026-04-03T20:56:07.109042-07:00,read,key-3,3.375,0,false,leaderless,1
2026-04-03T20:56:07.109918-07:00,read,key-2,2.538,0,false,leaderless,1
2026-04-03T20:56:07.108458-07:00,read,key-6,4.017,0,false,leaderless,1
2026-04-03T20:56:07.109619-07:00,read,key-4,2.876,0,false,leaderless,1
2026-04-03T20:56:07.109928-07:00,read,key-3,2.668,0,false,leaderless,1
2026-04-03T20:56:07.108871-07:00,read,key-8,3.792,0,false,leaderless,1
2026-04-03T20:56:07.112103-07:00,read,key-8,2.403,0,false,leaderless,1
2026-04-03T20:56:07.111601-07:00,read,key-7,2.947,0,false,leaderless,1
2026-04-03T20:56:07.112664-07:00,read,key-6,1.897,0,false,leaderless,1
2026-04-03T20:56:07.112476-07:00,read,key-2,2.381,0,false,leaderless,1
2026-04-03T20:56:07.112497-07:00,read,key-3,2.778,0,false,leaderless,1
2026-04-03T20:56:07.111872-07:00,read,key-3,3.410,0,false,leaderless,1
2026-04-03T20:56:07.112156-07:00,read,key-5,3.129,1,false,leaderless,1
2026-04-03T20:56:07.111858-07:00,read,key-3,3.444,0,false,leaderless,1
2026-04-03T20:56:07.111646-07:00,read,key-2,3.661,0,false,leaderless,1
2026-04-03T20:56:07.112018-07:00,read,key-7,3.293,0,false,leaderless,1
2026-04-03T20:56:07.112597-07:00,read,key-1,2.720,1,false,leaderless,1
2026-04-03T20:56:07.112344-07:00,read,key-0,2.999,0,false,leaderless,1
2026-04-03T20:56:07.111722-07:00,read,key-3,3.632,0,false,leaderless,1
2026-04-03T20:56:07.112418-07:00,read,key-7,3.046,0,false,leaderless,1
2026-04-03T20:56:07.112018-07:00,read,key-1,3.446,1,false,leaderless,1
2026-04-03T20:56:07.112457-07:00,read,key-5,3.019,0,false,leaderless,1
2026-04-03T20:56:07.115283-07:00,read,key-4,0.548,0,false,leaderless,1
2026-04-03T20:56:07.115308-07:00,read,key-7,0.580,1,false,leaderless,1
2026-04-03T20:56:07.115287-07:00,read,key-4,0.654,0,false,leaderless,1
2026-04-03T20:56:07.115312-07:00,read,key-9,0.991,0,false,leaderless,1
2026-04-03T20:56:07.115319-07:00,read,key-9,2.729,0,false,leaderless,1
2026-04-03T20:56:07.115303-07:00,read,key-4,2.770,0,false,leaderless,1
2026-04-03T20:56:07.115355-07:00,read,key-4,2.760,0,false,leaderless,1
2026-04-03T20:56:07.115942-07:00,read,key-6,2.371,0,false,leaderless,1
2026-04-03T20:56:07.114858-07:00,read,key-3,3.489,0,false,leaderless,1
2026-04-03T20:56:07.114507-07:00,read,key-4,3.865,0,false,leaderless,1
2026-04-03T20:56:07.115466-07:00,read,key-3,2.943,0,false,leaderless,1
2026-04-03T20:56:07.115833-07:00,read,key-6,2.597,0,false,leaderless,1
2026-04-03T20:56:07.115276-07:00,read,key-1,3.161,0,false,leaderless,1
2026-04-03T20:56:07.114562-07:00,read,key-4,4.046,0,false,leaderless,1
2026-04-03T20:56:07.115889-07:00,read,key-9,2.741,0,false,leaderless,1
2026-04-03T20:56:07.116304-07:00,read,key-6,2.328,0,false,leaderless,1
2026-04-03T20:56:07.115478-07:00,read,key-7,3.176,0,false,leaderless,1
2026-04-03T20:56:07.115464-07:00,read,key-1,3.315,1,false,leaderless,1
2026-04-03T20:56:07.115344-07:00,read,key-3,3.467,0,false,leaderless,1
2026-04-03T20:56:07.114549-07:00,read,key-7,4.306,0,false,leaderless,1
2026-04-03T20:56:07.118438-07:00,read,key-0,0.637,1,false,leaderless,1
2026-04-03T20:56:07.118409-07:00,read,key-4,0.720,0,false,leaderless,1
2026-04-03T20:56:07.118632-07:00,read,key-7,0.730,1,false,leaderless,1
2026-04-03T20:56:07.118856-07:00,read,key-3,0.704,0,false,leaderless,1
2026-04-03T20:56:07.119131-07:00,read,key-3,0.524,0,false,leaderless,1
2026-04-03T20:56:07.119363-07:00,read,key-5,1.725,1,false,leaderless,1
2026-04-03T20:56:07.119657-07:00,read,key-9,1.832,0,false,leaderless,1
2026-04-03T20:56:07.119076-07:00,read,key-7,2.680,0,false,leaderless,1
2026-04-03T20:56:07.11878-07:00,read,key-0,2.982,0,false,leaderless,1
2026-04-03T20:56:07.118074-07:00,read,key-5,3.841,0,false,leaderless,1
2026-04-03T20:56:07.11861-07:00,read,key-2,3.328,0,false,leaderless,1
2026-04-03T20:56:07.118633-07:00,read,key-1,3.305,0,false,leaderless,1
2026-04-03T20:56:07.119561-07:00,read,key-8,2.387,0,false,leaderless,1
2026-04-03T20:56:07.118348-07:00,read,key-5,3.819,0,false,leaderless,1
2026-04-03T20:56:07.118431-07:00,read,key-2,3.821,0,false,leaderless,1
2026-04-03T20:56:07.118811-07:00,read,key-0,3.503,0,false,leaderless,1
2026-04-03T20:56:07.118655-07:00,read,key-0,3.677,0,false,leaderless,1
2026-04-03T20:56:07.118115-07:00,read,key-8,4.221,0,false,leaderless,1
2026-04-03T20:56:07.12149-07:00,read,key-0,0.869,1,false,leaderless,1
2026-04-03T20:56:07.118314-07:00,read,key-4,4.052,0,false,leaderless,1
2026-04-03T20:56:07.118373-07:00,read,key-2,4.107,0,false,leaderless,1
2026-04-03T20:56:07.118049-07:00,read,key-3,4.433,0,false,leaderless,1
2026-04-03T20:56:07.122168-07:00,read,key-0,0.408,1,false,leaderless,1
2026-04-03T20:56:07.122367-07:00,read,key-0,0.481,1,false,leaderless,1
2026-04-03T20:56:07.122481-07:00,read,key-2,0.462,0,false,leaderless,1
2026-04-03T20:56:07.122944-07:00,read,key-9,0.389,0,false,leaderless,1
2026-04-03T20:56:07.122253-07:00,read,key-0,2.112,0,false,leaderless,1
2026-04-03T20:56:07.122578-07:00,read,key-8,1.898,0,false,leaderless,1
2026-04-03T20:56:07.122849-07:00,read,key-2,1.720,0,false,leaderless,1
2026-04-03T20:56:07.122484-07:00,read,key-8,2.212,0,false,leaderless,1
2026-04-03T20:56:07.121916-07:00,read,key-5,2.938,0,false,leaderless,1
2026-04-03T20:56:07.122338-07:00,read,key-5,2.604,0,false,leaderless,1
2026-04-03T20:56:07.121938-07:00,read,key-9,3.015,0,false,leaderless,1
2026-04-03T20:56:07.121938-07:00,read,key-4,3.030,0,false,leaderless,1
2026-04-03T20:56:07.121763-07:00,read,key-0,3.208,0,false,leaderless,1
2026-04-03T20:56:07.122333-07:00,read,key-9,2.668,0,false,leaderless,1
2026-04-03T20:56:07.12236-07:00,read,key-0,2.674,0,false,leaderless,1
2026-04-03T20:56:07.121089-07:00,read,key-6,3.957,0,false,leaderless,1
2026-04-03T20:56:07.121949-07:00,read,key-4,3.103,0,false,leaderless,1
2026-04-03T20:56:07.122315-07:00,read,key-2,2.742,0,false,leaderless,1
2026-04-03T20:56:07.121757-07:00,read,key-0,3.402,0,false,leaderless,1
2026-04-03T20:56:07.124943-07:00,read,key-5,1.021,1,false,leaderless,1
2026-04-03T20:56:07.12516-07:00,read,key-3,1.505,0,false,leaderless,1
2026-04-03T20:56:07.125965-07:00,read,key-9,0.937,0,false,leaderless,1
2026-04-03T20:56:07.124973-07:00,read,key-1,2.031,0,false,leaderless,1
2026-04-03T20:56:07.124954-07:00,read,key-0,2.068,0,false,leaderless,1
2026-04-03T20:56:07.124969-07:00,read,key-1,2.201,0,false,leaderless,1
2026-04-03T20:56:07.125002-07:00,read,key-4,2.279,0,false,leaderless,1
2026-04-03T20:56:07.124367-07:00,read,key-1,2.924,0,false,leaderless,1
2026-04-03T20:56:07.124854-07:00,read,key-0,2.514,0,false,leaderless,1
2026-04-03T20:56:07.124476-07:00,read,key-5,3.027,0,false,leaderless,1
2026-04-03T20:56:07.12457-07:00,read,key-4,2.954,0,false,leaderless,1
2026-04-03T20:56:07.125047-07:00,read,key-9,2.516,0,false,leaderless,1
2026-04-03T20:56:07.123334-07:00,read,key-0,4.331,0,false,leaderless,1
2026-04-03T20:56:07.125035-07:00,read,key-9,2.634,0,false,leaderless,1
2026-04-03T20:56:07.125058-07:00,read,key-5,2.617,0,false,leaderless,1
2026-04-03T20:56:07.124697-07:00,read,key-5,2.998,0,false,leaderless,1
2026-04-03T20:56:07.127291-07:00,read,key-6,1.889,0,false,leaderless,1
2026-04-03T20:56:07.127565-07:00,read,key-0,1.795,1,false,leaderless,1
2026-04-03T20:56:07.12737-07:00,read,key-6,1.995,0,false,leaderless,1
2026-04-03T20:56:07.127023-07:00,read,key-3,2.356,0,false,leaderless,1
2026-04-03T20:56:07.126666-07:00,read,key-2,2.727,0,false,leaderless,1
2026-04-03T20:56:07.127282-07:00,read,key-3,2.119,0,false,leaderless,1
2026-04-03T20:56:07.127004-07:00,read,key-3,2.557,0,false,leaderless,1
2026-04-03T20:56:07.127171-07:00,read,key-0,2.440,0,false,leaderless,1
2026-04-03T20:56:07.127525-07:00,read,key-0,2.117,1,false,leaderless,1
2026-04-03T20:56:07.126903-07:00,read,key-8,2.822,0,false,leaderless,1
2026-04-03T20:56:07.127504-07:00,read,key-3,2.289,0,false,leaderless,1
2026-04-03T20:56:07.129643-07:00,read,key-1,0.676,1,false,leaderless,1
2026-04-03T20:56:07.129612-07:00,read,key-9,0.730,0,false,leaderless,1
2026-04-03T20:56:07.12767-07:00,read,key-3,3.058,0,false,leaderless,1
2026-04-03T20:56:07.127677-07:00,read,key-2,3.119,0,false,leaderless,1
2026-04-03T20:56:07.129181-07:00,read,key-6,1.638,0,false,leaderless,1
2026-04-03T20:56:07.127697-07:00,read,key-5,3.123,0,false,leaderless,1
2026-04-03T20:56:07.127667-07:00,read,key-4,3.163,0,false,leaderless,1
2026-04-03T20:56:07.13083-07:00,read,key-3,1.400,0,false,leaderless,1
2026-04-03T20:56:07.129725-07:00,read,key-1,2.695,0,false,leaderless,1
2026-04-03T20:56:07.129563-07:00,read,key-0,2.992,0,false,leaderless,1
2026-04-03T20:56:07.129366-07:00,read,key-9,3.231,0,false,leaderless,1
2026-04-03T20:56:07.12938-07:00,read,key-3,3.306,0,false,leaderless,1
2026-04-03T20:56:07.129794-07:00,read,key-2,2.900,0,false,leaderless,1
2026-04-03T20:56:07.129402-07:00,read,key-8,3.304,0,false,leaderless,1
2026-04-03T20:56:07.129394-07:00,read,key-4,3.320,0,false,leaderless,1
2026-04-03T20:56:07.13082-07:00,read,key-7,1.898,0,false,leaderless,1
2026-04-03T20:56:07.132555-07:00,read,key-5,0.463,1,false,leaderless,1
2026-04-03T20:56:07.129361-07:00,read,key-3,3.678,0,false,leaderless,1
2026-04-03T20:56:07.13082-07:00,read,key-0,2.224,0,false,leaderless,1
2026-04-03T20:56:07.130729-07:00,read,key-5,2.328,0,false,leaderless,1
2026-04-03T20:56:07.13032-07:00,read,key-8,2.739,0,false,leaderless,1
2026-04-03T20:56:07.130796-07:00,read,key-1,2.283,0,false,leaderless,1
2026-04-03T20:56:07.130343-07:00,read,key-6,2.743,0,false,leaderless,1
2026-04-03T20:56:07.132695-07:00,read,key-4,0.767,0,false,leaderless,1
2026-04-03T20:56:07.133046-07:00,read,key-3,0.570,0,false,leaderless,1
2026-04-03T20:56:07.132719-07:00,read,key-9,2.503,0,false,leaderless,1
2026-04-03T20:56:07.133617-07:00,read,key-6,1.725,0,false,leaderless,1
2026-04-03T20:56:07.132423-07:00,read,key-7,3.295,0,false,leaderless,1
2026-04-03T20:56:07.13306-07:00,read,key-9,2.682,0,false,leaderless,1
2026-04-03T20:56:07.133087-07:00,read,key-7,2.743,0,false,leaderless,1
2026-04-03T20:56:07.132707-07:00,read,key-3,3.127,0,false,leaderless,1
2026-04-03T20:56:07.132231-07:00,read,key-9,3.615,0,false,leaderless,1
2026-04-03T20:56:07.132687-07:00,read,key-5,3.173,0,false,leaderless,1
2026-04-03T20:56:07.132598-07:00,read,key-3,3.307,0,false,leaderless,1
2026-04-03T20:56:07.133081-07:00,read,key-8,2.838,0,false,leaderless,1
2026-04-03T20:56:07.13302-07:00,read,key-3,3.057,0,false,leaderless,1
2026-04-03T20:56:07.133463-07:00,read,key-5,2.667,0,false,leaderless,1
2026-04-03T20:56:07.133059-07:00,read,key-7,3.176,0,false,leaderless,1
2026-04-03T20:56:07.133039-07:00,read,key-4,3.312,0,false,leaderless,1
2026-04-03T20:56:07.132715-07:00,read,key-7,3.761,0,false,leaderless,1
2026-04-03T20:56:07.135831-07:00,read,key-6,2.662,0,false,leaderless,1
2026-04-03T20:56:07.135836-07:00,read,key-3,2.719,0,false,leaderless,1
2026-04-03T20:56:07.135343-07:00,read,key-0,3.212,0,false,leaderless,1
2026-04-03T20:56:07.136477-07:00,read,key-3,2.080,0,false,leaderless,1
2026-04-03T20:56:07.135719-07:00,read,key-3,2.938,0,false,leaderless,1
2026-04-03T20:56:07.136131-07:00,read,key-2,2.557,0,false,leaderless,1
2026-04-03T20:56:07.136078-07:00,read,key-5,2.837,0,false,leaderless,1
2026-04-03T20:56:07.135223-07:00,read,key-2,3.703,0,false,leaderless,1
2026-04-03T20:56:07.13592-07:00,read,key-9,3.021,0,false,leaderless,1
2026-04-03T20:56:07.136236-07:00,read,key-0,2.712,1,false,leaderless,1
2026-04-03T20:56:07.135743-07:00,read,key-1,3.220,0,false,leaderless,1
2026-04-03T20:56:07.135906-07:00,read,key-4,3.117,0,false,leaderless,1
2026-04-03T20:56:07.136353-07:00,read,key-8,2.685,0,false,leaderless,1
2026-04-03T20:56:07.135847-07:00,read,key-9,3.407,0,false,leaderless,1
2026-04-03T20:56:07.138658-07:00,read,key-2,0.904,0,false,leaderless,1
2026-04-03T20:56:07.138927-07:00,read,key-3,2.816,0,false,leaderless,1
2026-04-03T20:56:07.138689-07:00,read,key-5,3.056,0,false,leaderless,1
2026-04-03T20:56:07.138948-07:00,read,key-0,2.818,0,false,leaderless,1
2026-04-03T20:56:07.139039-07:00,read,key-4,2.749,0,false,leaderless,1
2026-04-03T20:56:07.138556-07:00,read,key-8,3.328,0,false,leaderless,1
2026-04-03T20:56:07.139255-07:00,read,key-1,2.824,0,false,leaderless,1
2026-04-03T20:56:07.138916-07:00,read,key-6,3.182,0,false,leaderless,1
2026-04-03T20:56:07.138942-07:00,read,key-2,3.183,0,false,leaderless,1
2026-04-03T20:56:07.139564-07:00,read,key-7,2.715,0,false,leaderless,1
2026-04-03T20:56:07.138555-07:00,read,key-1,3.750,0,false,leaderless,1
2026-04-03T20:56:07.138558-07:00,read,key-0,3.821,0,false,leaderless,1
2026-04-03T20:56:07.138494-07:00,read,key-0,3.940,0,false,leaderless,1
2026-04-03T20:56:07.139024-07:00,read,key-2,3.432,0,false,leaderless,1
2026-04-03T20:56:07.141886-07:00,read,key-7,0.574,2,false,leaderless,1
2026-04-03T20:56:07.142306-07:00,read,key-9,0.612,1,false,leaderless,1
2026-04-03T20:56:07.14292-07:00,read,key-8,0.213,0,false,leaderless,1
2026-04-03T20:56:07.143138-07:00,read,key-1,1.589,0,false,leaderless,1
2026-04-03T20:56:07.141788-07:00,read,key-7,3.257,0,false,leaderless,1
2026-04-03T20:56:07.142126-07:00,read,key-4,2.936,0,false,leaderless,1
2026-04-03T20:56:07.142462-07:00,read,key-4,2.909,0,false,leaderless,1
2026-04-03T20:56:07.142436-07:00,read,key-5,2.960,0,false,leaderless,1
2026-04-03T20:56:07.142381-07:00,read,key-6,3.032,0,false,leaderless,1
2026-04-03T20:56:07.142281-07:00,read,key-1,3.194,0,false,leaderless,1
2026-04-03T20:56:07.142457-07:00,read,key-9,3.084,0,false,leaderless,1
2026-04-03T20:56:07.142079-07:00,read,key-6,3.499,0,false,leaderless,1
2026-04-03T20:56:07.142099-07:00,read,key-9,3.481,0,false,leaderless,1
2026-04-03T20:56:07.141746-07:00,read,key-1,3.840,0,false,leaderless,1
2026-04-03T20:56:07.141744-07:00,read,key-9,3.843,0,false,leaderless,1
2026-04-03T20:56:07.141768-07:00,read,key-5,3.824,0,false,leaderless,1
2026-04-03T20:56:07.145542-07:00,read,key-5,0.550,1,false,leaderless,1
2026-04-03T20:56:07.146094-07:00,read,key-2,0.260,0,false,leaderless,1
2026-04-03T20:56:07.145063-07:00,read,key-0,2.609,0,false,leaderless,1
2026-04-03T20:56:07.146354-07:00,read,key-1,1.363,1,false,leaderless,1
2026-04-03T20:56:07.145047-07:00,read,key-4,2.847,0,false,leaderless,1
2026-04-03T20:56:07.145592-07:00,read,key-5,2.309,0,false,leaderless,1
2026-04-03T20:56:07.145372-07:00,read,key-2,2.535,0,false,leaderless,1
2026-04-03T20:56:07.145588-07:00,read,key-4,2.361,0,false,leaderless,1
2026-04-03T20:56:07.145477-07:00,read,key-5,2.602,0,false,leaderless,1
2026-04-03T20:56:07.144728-07:00,read,key-8,3.371,0,false,leaderless,1
2026-04-03T20:56:07.145587-07:00,read,key-6,2.542,0,false,leaderless,1
2026-04-03T20:56:07.145396-07:00,read,key-7,2.735,0,false,leaderless,1
2026-04-03T20:56:07.145413-07:00,read,key-3,2.878,0,false,leaderless,1
2026-04-03T20:56:07.14558-07:00,read,key-3,2.753,0,false,leaderless,1
2026-04-03T20:56:07.14558-07:00,read,key-6,2.754,0,false,leaderless,1
2026-04-03T20:56:07.147895-07:00,read,key-6,0.500,0,false,leaderless,1
2026-04-03T20:56:07.1481-07:00,read,key-5,2.498,0,false,leaderless,1
2026-04-03T20:56:07.148395-07:00,read,key-8,2.378,0,false,leaderless,1
2026-04-03T20:56:07.148292-07:00,read,key-2,2.504,0,false,leaderless,1
2026-04-03T20:56:07.147673-07:00,read,key-8,3.126,0,false,leaderless,1
2026-04-03T20:56:07.14813-07:00,read,key-5,2.868,1,false,leaderless,1
2026-04-03T20:56:07.148334-07:00,read,key-1,2.664,0,false,leaderless,1
2026-04-03T20:56:07.14795-07:00,read,key-7,3.061,2,false,leaderless,1
2026-04-03T20:56:07.147718-07:00,read,key-2,3.299,0,false,leaderless,1
2026-04-03T20:56:07.148335-07:00,read,key-5,2.688,1,false,leaderless,1
2026-04-03T20:56:07.14808-07:00,read,key-5,2.968,0,false,leaderless,1
2026-04-03T20:56:07.148132-07:00,read,key-1,2.983,0,false,leaderless,1
2026-04-03T20:56:07.147908-07:00,read,key-1,3.443,0,false,leaderless,1
2026-04-03T20:56:07.150775-07:00,read,key-1,0.739,1,false,leaderless,1
2026-04-03T20:56:07.147903-07:00,read,key-7,3.731,0,false,leaderless,1
2026-04-03T20:56:07.151635-07:00,read,key-3,1.729,0,false,leaderless,1
2026-04-03T20:56:07.151515-07:00,read,key-9,2.062,0,false,leaderless,1
2026-04-03T20:56:07.150999-07:00,read,key-0,2.589,0,false,leaderless,1
2026-04-03T20:56:07.150999-07:00,read,key-5,2.608,0,false,leaderless,1
2026-04-03T20:56:07.151018-07:00,read,key-4,2.601,0,false,leaderless,1
2026-04-03T20:56:07.151049-07:00,read,key-1,2.570,0,false,leaderless,1
2026-04-03T20:56:07.150796-07:00,read,key-1,2.833,0,false,leaderless,1
2026-04-03T20:56:07.151352-07:00,read,key-1,2.289,0,false,leaderless,1
2026-04-03T20:56:07.151012-07:00,read,key-6,2.946,0,false,leaderless,1
2026-04-03T20:56:07.151024-07:00,read,key-5,2.953,0,false,leaderless,1
2026-04-03T20:56:07.151116-07:00,read,key-7,2.874,0,false,leaderless,1
2026-04-03T20:56:07.150599-07:00,read,key-1,3.418,0,false,leaderless,1
2026-04-03T20:56:07.150802-07:00,read,key-8,3.235,0,false,leaderless,1
2026-04-03T20:56:07.153643-07:00,read,key-9,0.521,1,false,leaderless,1
2026-04-03T20:56:07.153959-07:00,read,key-7,0.559,2,false,leaderless,1
2026-04-03T20:56:07.154165-07:00,read,key-6,0.426,0,false,leaderless,1
2026-04-03T20:56:07.154592-07:00,read,key-4,1.644,0,false,leaderless,1
2026-04-03T20:56:07.153631-07:00,read,key-6,2.668,0,false,leaderless,1
2026-04-03T20:56:07.15362-07:00,read,key-9,2.683,0,false,leaderless,1
2026-04-03T20:56:07.153978-07:00,read,key-4,2.343,0,false,leaderless,1
2026-04-03T20:56:07.153588-07:00,read,key-1,2.746,0,false,leaderless,1
2026-04-03T20:56:07.153608-07:00,read,key-8,2.729,0,false,leaderless,1
2026-04-03T20:56:07.153365-07:00,read,key-4,2.995,0,false,leaderless,1
2026-04-03T20:56:07.153991-07:00,read,key-3,2.722,0,false,leaderless,1
2026-04-03T20:56:07.15362-07:00,read,key-5,3.094,0,false,leaderless,1
2026-04-03T20:56:07.154038-07:00,read,key-6,2.681,0,false,leaderless,1
2026-04-03T20:56:07.154019-07:00,read,key-6,2.722,0,false,leaderless,1
2026-04-03T20:56:07.156335-07:00,read,key-2,0.415,0,false,leaderless,1
2026-04-03T20:56:07.153578-07:00,read,key-9,3.181,0,false,leaderless,1
2026-04-03T20:56:07.154519-07:00,read,key-0,2.250,0,false,leaderless,1
2026-04-03T20:56:07.156714-07:00,read,key-0,2.458,0,false,leaderless,1
2026-04-03T20:56:07.156759-07:00,read,key-3,2.445,0,false,leaderless,1
2026-04-03T20:56:07.15636-07:00,read,key-6,2.876,0,false,leaderless,1
2026-04-03T20:56:07.156751-07:00,read,key-1,2.782,0,false,leaderless,1
2026-04-03T20:56:07.156338-07:00,read,key-5,3.225,0,false,leaderless,1
2026-04-03T20:56:07.156715-07:00,read,key-6,2.850,0,false,leaderless,1
2026-04-03T20:56:07.156719-07:00,read,key-0,2.867,0,false,leaderless,1
2026-04-03T20:56:07.156741-07:00,read,key-9,2.860,1,false,leaderless,1
2026-04-03T20:56:07.156237-07:00,read,key-6,3.368,0,false,leaderless,1
2026-04-03T20:56:07.156321-07:00,read,key-4,3.304,0,false,leaderless,1
2026-04-03T20:56:07.156299-07:00,read,key-8,3.327,0,false,leaderless,1
2026-04-03T20:56:07.156304-07:00,read,key-0,3.328,0,false,leaderless,1
2026-04-03T20:56:07.15677-07:00,read,key-8,3.025,0,false,leaderless,1
2026-04-03T20:56:07.159566-07:00,read,key-2,0.524,0,false,leaderless,1
2026-04-03T20:56:07.159174-07:00,read,key-0,2.849,0,false,leaderless,1
2026-04-03T20:56:07.159626-07:00,read,key-0,2.631,0,false,leaderless,1
2026-04-03T20:56:07.159237-07:00,read,key-6,3.096,0,false,leaderless,1
2026-04-03T20:56:07.160091-07:00,read,key-2,2.264,0,false,leaderless,1
2026-04-03T20:56:07.159587-07:00,read,key-3,2.781,0,false,leaderless,1
2026-04-03T20:56:07.159796-07:00,read,key-7,2.585,2,false,leaderless,1
2026-04-03T20:56:07.159627-07:00,read,key-0,2.758,1,false,leaderless,1
2026-04-03T20:56:07.159565-07:00,read,key-2,2.916,0,false,leaderless,1
2026-04-03T20:56:07.159633-07:00,read,key-4,2.912,0,false,leaderless,1
2026-04-03T20:56:07.159206-07:00,read,key-0,3.526,0,false,leaderless,1
2026-04-03T20:56:07.159534-07:00,read,key-3,3.217,0,false,leaderless,1
2026-04-03T20:56:07.159606-07:00,read,key-8,3.146,0,false,leaderless,1
2026-04-03T20:56:07.159603-07:00,read,key-3,3.677,0,false,leaderless,1
2026-04-03T20:56:07.163281-07:00,read,key-6,1.848,0,false,leaderless,1
2026-04-03T20:56:07.162356-07:00,read,key-0,2.844,0,false,leaderless,1
2026-04-03T20:56:07.162025-07:00,read,key-4,3.178,0,false,leaderless,1
2026-04-03T20:56:07.162482-07:00,read,key-8,2.773,0,false,leaderless,1
2026-04-03T20:56:07.162382-07:00,read,key-9,3.057,0,false,leaderless,1
2026-04-03T20:56:07.162334-07:00,read,key-1,3.119,0,false,leaderless,1
2026-04-03T20:56:07.162386-07:00,read,key-3,3.084,0,false,leaderless,1
2026-04-03T20:56:07.162753-07:00,read,key-6,2.922,0,false,leaderless,1
2026-04-03T20:56:07.162368-07:00,read,key-4,3.332,0,false,leaderless,1
2026-04-03T20:56:07.162733-07:00,read,key-0,3.033,0,false,leaderless,1
2026-04-03T20:56:07.162752-07:00,read,key-7,3.023,0,false,leaderless,1
2026-04-03T20:56:07.162258-07:00,read,key-5,3.642,0,false,leaderless,1
2026-04-03T20:56:07.165767-07:00,read,key-8,2.688,0,false,leaderless,1
2026-04-03T20:56:07.165901-07:00,read,key-0,2.583,0,false,leaderless,1
2026-04-03T20:56:07.165675-07:00,read,key-3,2.842,1,false,leaderless,1
2026-04-03T20:56:07.165205-07:00,read,key-1,3.313,0,false,leaderless,1
2026-04-03T20:56:07.165255-07:00,read,key-6,3.271,0,false,leaderless,1
2026-04-03T20:56:07.165449-07:00,read,key-2,3.186,0,false,leaderless,1
2026-04-03T20:56:07.16513-07:00,read,key-3,3.507,0,false,leaderless,1
2026-04-03T20:56:07.165701-07:00,read,key-6,2.950,0,false,leaderless,1
2026-04-03T20:56:07.165453-07:00,read,key-9,3.210,0,false,leaderless,1
2026-04-03T20:56:07.16547-07:00,read,key-5,3.193,0,false,leaderless,1
2026-04-03T20:56:07.165776-07:00,read,key-7,2.893,0,false,leaderless,1
2026-04-03T20:56:07.168519-07:00,read,key-2,0.458,1,false,leaderless,1
2026-04-03T20:56:07.168527-07:00,read,key-3,0.828,1,false,leaderless,1
2026-04-03T20:56:07.168637-07:00,read,key-9,0.976,1,false,leaderless,1
2026-04-03T20:56:07.168639-07:00,read,key-8,1.210,1,false,leaderless,1
2026-04-03T20:56:07.168652-07:00,read,key-0,2.588,0,false,leaderless,1
2026-04-03T20:56:07.168979-07:00,read,key-2,2.649,0,false,leaderless,1
2026-04-03T20:56:07.16985-07:00,read,key-5,1.796,0,false,leaderless,1
2026-04-03T20:56:07.168665-07:00,read,key-3,3.014,0,false,leaderless,1
2026-04-03T20:56:07.168665-07:00,read,key-3,3.058,0,false,leaderless,1
2026-04-03T20:56:07.169356-07:00,read,key-0,2.368,0,false,leaderless,1
2026-04-03T20:56:07.168519-07:00,read,key-5,3.273,0,false,leaderless,1
2026-04-03T20:56:07.168455-07:00,read,key-3,3.447,0,false,leaderless,1
2026-04-03T20:56:07.168485-07:00,read,key-1,3.424,0,false,leaderless,1
2026-04-03T20:56:07.16867-07:00,read,key-5,3.298,0,false,leaderless,1
2026-04-03T20:56:07.169614-07:00,read,key-7,2.392,0,false,leaderless,1
2026-04-03T20:56:07.17168-07:00,read,key-1,0.500,1,false,leaderless,1
2026-04-03T20:56:07.171724-07:00,read,key-0,0.535,1,false,leaderless,1
2026-04-03T20:56:07.171904-07:00,read,key-7,0.926,2,false,leaderless,1
2026-04-03T20:56:07.172006-07:00,read,key-2,0.826,1,false,leaderless,1
2026-04-03T20:56:07.172181-07:00,read,key-4,1.124,0,false,leaderless,1
2026-04-03T20:56:07.171241-07:00,read,key-6,3.447,0,false,leaderless,1
2026-04-03T20:56:07.172831-07:00,read,key-9,1.883,0,false,leaderless,1
2026-04-03T20:56:07.171794-07:00,read,key-1,2.960,0,false,leaderless,1
2026-04-03T20:56:07.171629-07:00,read,key-0,3.377,0,false,leaderless,1
2026-04-03T20:56:07.17226-07:00,read,key-8,2.783,0,false,leaderless,1
2026-04-03T20:56:07.17191-07:00,read,key-4,3.163,0,false,leaderless,1
2026-04-03T20:56:07.171647-07:00,read,key-6,3.456,0,false,leaderless,1
2026-04-03T20:56:07.171725-07:00,read,key-8,3.489,0,false,leaderless,1
2026-04-03T20:56:07.172834-07:00,read,key-4,2.447,0,false,leaderless,1
2026-04-03T20:56:07.17197-07:00,read,key-5,3.357,0,false,leaderless,1
2026-04-03T20:56:07.175006-07:00,read,key-5,0.794,1,false,leaderless,1
2026-04-03T20:56:07.175215-07:00,read,key-4,1.197,0,false,leaderless,1
2026-04-03T20:56:07.174755-07:00,read,key-2,1.662,0,false,leaderless,1
2026-04-03T20:56:07.17469-07:00,read,key-9,1.754,0,false,leaderless,1
2026-04-03T20:56:07.173306-07:00,read,key-4,3.212,0,false,leaderless,1
2026-04-03T20:56:07.174715-07:00,read,key-2,1.803,0,false,leaderless,1
2026-04-03T20:56:07.175282-07:00,read,key-2,2.863,0,false,leaderless,1
2026-04-03T20:56:07.176519-07:00,read,key-3,1.698,1,false,leaderless,1
2026-04-03T20:56:07.176445-07:00,read,key-5,1.866,0,false,leaderless,1
2026-04-03T20:56:07.175074-07:00,read,key-6,3.263,0,false,leaderless,1
2026-04-03T20:56:07.176413-07:00,read,key-0,1.944,0,false,leaderless,1
2026-04-03T20:56:07.175825-07:00,read,key-1,2.537,0,false,leaderless,1
2026-04-03T20:56:07.175103-07:00,read,key-3,3.366,0,false,leaderless,1
2026-04-03T20:56:07.175327-07:00,read,key-2,3.319,0,false,leaderless,1
2026-04-03T20:56:07.178471-07:00,read,key-8,0.312,1,false,leaderless,1
2026-04-03T20:56:07.176417-07:00,read,key-0,2.427,0,false,leaderless,1
2026-04-03T20:56:07.178147-07:00,read,key-4,2.732,0,false,leaderless,1
2026-04-03T20:56:07.178846-07:00,read,key-3,2.084,0,false,leaderless,1
2026-04-03T20:56:07.178647-07:00,read,key-9,2.436,0,false,leaderless,1
2026-04-03T20:56:07.178339-07:00,read,key-5,3.061,0,false,leaderless,1
2026-04-03T20:56:07.178358-07:00,read,key-7,3.076,0,false,leaderless,1
2026-04-03T20:56:07.178218-07:00,read,key-9,3.218,0,false,leaderless,1
2026-04-03T20:56:07.178784-07:00,read,key-7,2.703,0,false,leaderless,1
2026-04-03T20:56:07.178363-07:00,read,key-1,3.141,0,false,leaderless,1
2026-04-03T20:56:07.178312-07:00,read,key-1,3.202,0,false,leaderless,1
2026-04-03T20:56:07.180932-07:00,read,key-2,0.721,1,false,leaderless,1
2026-04-03T20:56:07.181654-07:00,read,key-9,0.342,1,false,leaderless,1
2026-04-03T20:56:07.181401-07:00,read,key-2,0.692,1,false,leaderless,1
2026-04-03T20:56:07.182094-07:00,read,key-9,0.289,1,false,leaderless,1
2026-04-03T20:56:07.181515-07:00,read,key-1,2.177,0,false,leaderless,1
2026-04-03T20:56:07.181997-07:00,read,key-2,1.733,0,false,leaderless,1
2026-04-03T20:56:07.182384-07:00,read,key-1,1.369,0,false,leaderless,1
2026-04-03T20:56:07.181437-07:00,read,key-3,2.342,0,false,leaderless,1
2026-04-03T20:56:07.181435-07:00,read,key-0,2.359,0,false,leaderless,1
2026-04-03T20:56:07.181488-07:00,read,key-0,2.362,1,false,leaderless,1
2026-04-03T20:56:07.183693-07:00,read,key-7,0.669,2,false,leaderless,1
2026-04-03T20:56:07.181084-07:00,read,key-2,3.300,0,false,leaderless,1
2026-04-03T20:56:07.18088-07:00,read,key-7,3.505,0,false,leaderless,1
2026-04-03T20:56:07.183754-07:00,read,key-1,0.635,0,false,leaderless,1
2026-04-03T20:56:07.181505-07:00,read,key-7,2.920,0,false,leaderless,1
2026-04-03T20:56:07.184386-07:00,read,key-3,0.364,1,false,leaderless,1
2026-04-03T20:56:07.18475-07:00,read,key-3,2.006,0,false,leaderless,1
2026-04-03T20:56:07.18439-07:00,read,key-5,2.552,0,false,leaderless,1
2026-04-03T20:56:07.183851-07:00,read,key-8,3.128,0,false,leaderless,1
2026-04-03T20:56:07.183781-07:00,read,key-4,3.219,0,false,leaderless,1
2026-04-03T20:56:07.183731-07:00,read,key-3,3.276,0,false,leaderless,1
2026-04-03T20:56:07.184363-07:00,read,key-6,2.652,0,false,leaderless,1
2026-04-03T20:56:07.184426-07:00,read,key-7,2.593,0,false,leaderless,1
2026-04-03T20:56:07.184387-07:00,read,key-9,2.636,0,false,leaderless,1
2026-04-03T20:56:07.183795-07:00,read,key-8,3.382,0,false,leaderless,1
2026-04-03T20:56:07.186757-07:00,read,key-3,0.622,1,false,leaderless,1
2026-04-03T20:56:07.187019-07:00,read,key-1,0.573,0,false,leaderless,1
2026-04-03T20:56:07.186979-07:00,read,key-2,0.621,1,false,leaderless,1
2026-04-03T20:56:07.187001-07:00,read,key-4,0.637,1,false,leaderless,1
2026-04-03T20:56:07.187008-07:00,read,key-2,1.002,1,false,leaderless,1
2026-04-03T20:56:07.18764-07:00,read,key-7,2.466,0,false,leaderless,1
2026-04-03T20:56:07.186943-07:00,read,key-1,3.224,0,false,leaderless,1
2026-04-03T20:56:07.188011-07:00,read,key-1,2.528,0,false,leaderless,1
2026-04-03T20:56:07.187025-07:00,read,key-3,3.575,0,false,leaderless,1
2026-04-03T20:56:07.187016-07:00,read,key-1,3.621,0,false,leaderless,1
2026-04-03T20:56:07.187602-07:00,read,key-8,3.045,0,false,leaderless,1
2026-04-03T20:56:07.187593-07:00,read,key-8,3.057,0,false,leaderless,1
2026-04-03T20:56:07.187381-07:00,read,key-8,3.280,0,false,leaderless,1
2026-04-03T20:56:07.187178-07:00,read,key-2,3.487,0,false,leaderless,1
2026-04-03T20:56:07.190106-07:00,read,key-4,0.590,1,false,leaderless,1
2026-04-03T20:56:07.190648-07:00,read,key-7,0.420,2,false,leaderless,1
2026-04-03T20:56:07.190697-07:00,read,key-2,0.424,1,false,leaderless,1
2026-04-03T20:56:07.191069-07:00,read,key-6,0.311,0,false,leaderless,1
2026-04-03T20:56:07.191382-07:00,read,key-4,1.544,0,false,leaderless,1
2026-04-03T20:56:07.191123-07:00,read,key-6,1.813,0,false,leaderless,1
2026-04-03T20:56:07.190601-07:00,read,key-9,2.564,0,false,leaderless,1
2026-04-03T20:56:07.190662-07:00,read,key-1,2.519,0,false,leaderless,1
2026-04-03T20:56:07.190651-07:00,read,key-8,2.582,0,false,leaderless,1
2026-04-03T20:56:07.190666-07:00,read,key-6,2.592,0,false,leaderless,1
2026-04-03T20:56:07.190638-07:00,read,key-6,2.647,0,false,leaderless,1
2026-04-03T20:56:07.190168-07:00,read,key-1,3.124,0,false,leaderless,1
2026-04-03T20:56:07.19054-07:00,read,key-9,2.793,0,false,leaderless,1
2026-04-03T20:56:07.193166-07:00,read,key-6,0.584,0,false,leaderless,1
2026-04-03T20:56:07.193259-07:00,read,key-0,2.383,0,false,leaderless,1
2026-04-03T20:56:07.193235-07:00,read,key-6,2.597,0,false,leaderless,1
2026-04-03T20:56:07.192927-07:00,read,key-9,2.933,0,false,leaderless,1
2026-04-03T20:56:07.192937-07:00,read,key-5,2.961,1,false,leaderless,1
2026-04-03T20:56:07.193751-07:00,read,key-5,2.155,1,false,leaderless,1
2026-04-03T20:56:07.193182-07:00,read,key-8,2.728,0,false,leaderless,1
2026-04-03T20:56:07.193293-07:00,read,key-4,2.619,1,false,leaderless,1
2026-04-03T20:56:07.193286-07:00,read,key-7,2.762,2,false,leaderless,1
2026-04-03T20:56:07.193336-07:00,read,key-8,2.716,0,false,leaderless,1
2026-04-03T20:56:07.195899-07:00,read,key-5,0.529,1,false,leaderless,1
2026-04-03T20:56:07.19605-07:00,read,key-0,0.400,1,false,leaderless,1
2026-04-03T20:56:07.196451-07:00,read,key-4,0.247,1,false,leaderless,1
2026-04-03T20:56:07.196699-07:00,read,key-5,1.668,0,false,leaderless,1
2026-04-03T20:56:07.195911-07:00,read,key-3,2.742,0,false,leaderless,1
2026-04-03T20:56:07.19643-07:00,read,key-5,2.234,0,false,leaderless,1
2026-04-03T20:56:07.198368-07:00,read,key-5,0.551,2,false,leaderless,1
2026-04-03T20:56:07.195907-07:00,read,key-6,3.038,0,false,leaderless,1
2026-04-03T20:56:07.196054-07:00,read,key-6,2.972,0,false,leaderless,1
2026-04-03T20:56:07.198654-07:00,read,key-1,0.490,1,false,leaderless,1
2026-04-03T20:56:07.195643-07:00,read,key-1,3.511,0,false,leaderless,1
2026-04-03T20:56:07.195861-07:00,read,key-2,3.315,0,false,leaderless,1
2026-04-03T20:56:07.195914-07:00,read,key-1,3.293,0,false,leaderless,1
2026-04-03T20:56:07.195833-07:00,read,key-5,3.398,0,false,leaderless,1
2026-04-03T20:56:07.199177-07:00,read,key-0,0.408,1,false,leaderless,1
2026-04-03T20:56:07.199145-07:00,read,key-2,0.452,1,false,leaderless,1
2026-04-03T20:56:07.199207-07:00,read,key-9,0.405,0,false,leaderless,1
2026-04-03T20:56:07.199613-07:00,read,key-2,0.244,1,false,leaderless,1
2026-04-03T20:56:07.198919-07:00,read,key-7,2.567,0,false,leaderless,1
2026-04-03T20:56:07.199027-07:00,read,key-3,2.476,0,false,leaderless,1
2026-04-03T20:56:07.199232-07:00,read,key-3,2.286,0,false,leaderless,1
2026-04-03T20:56:07.198946-07:00,read,key-9,2.724,0,false,leaderless,1
2026-04-03T20:56:07.199598-07:00,read,key-5,2.159,0,false,leaderless,1
2026-04-03T20:56:07.199155-07:00,read,key-0,2.626,0,false,leaderless,1
2026-04-03T20:56:07.198667-07:00,read,key-0,3.118,0,false,leaderless,1
2026-04-03T20:56:07.199585-07:00,read,key-2,2.208,0,false,leaderless,1
2026-04-03T20:56:07.199858-07:00,read,key-0,1.941,0,false,leaderless,1
2026-04-03T20:56:07.201487-07:00,read,key-1,0.652,1,false,leaderless,1
2026-04-03T20:56:07.201795-07:00,read,key-0,0.500,1,false,leaderless,1
2026-04-03T20:56:07.201758-07:00,read,key-9,0.623,0,false,leaderless,1
2026-04-03T20:56:07.202296-07:00,read,key-2,1.836,0,false,leaderless,1
2026-04-03T20:56:07.202141-07:00,read,key-2,2.039,0,false,leaderless,1
2026-04-03T20:56:07.201782-07:00,read,key-5,2.569,0,false,leaderless,1
2026-04-03T20:56:07.201504-07:00,read,key-1,2.925,0,false,leaderless,1
2026-04-03T20:56:07.201786-07:00,read,key-0,2.648,0,false,leaderless,1
2026-04-03T20:56:07.201519-07:00,read,key-1,2.936,0,false,leaderless,1
2026-04-03T20:56:07.201671-07:00,read,key-1,2.816,0,false,leaderless,1
2026-04-03T20:56:07.2018-07:00,read,key-7,2.689,0,false,leaderless,1
2026-04-03T20:56:07.202382-07:00,read,key-7,2.108,0,false,leaderless,1
2026-04-03T20:56:07.204434-07:00,read,key-5,2.596,0,false,leaderless,1
2026-04-03T20:56:07.204133-07:00,read,key-3,2.898,0,false,leaderless,1
2026-04-03T20:56:07.20449-07:00,read,key-4,2.561,0,false,leaderless,1
2026-04-03T20:56:07.204352-07:00,read,key-9,2.704,0,false,leaderless,1
2026-04-03T20:56:07.204491-07:00,read,key-6,2.592,0,false,leaderless,1
2026-04-03T20:56:07.204456-07:00,read,key-2,2.628,0,false,leaderless,1
2026-04-03T20:56:07.204488-07:00,read,key-6,2.604,0,false,leaderless,1
2026-04-03T20:56:07.204181-07:00,read,key-0,3.005,0,false,leaderless,1
2026-04-03T20:56:07.20443-07:00,read,key-0,2.815,0,false,leaderless,1
2026-04-03T20:56:07.207247-07:00,read,key-6,2.500,0,false,leaderless,1
2026-04-03T20:56:07.207085-07:00,read,key-5,2.673,1,false,leaderless,1
2026-04-03T20:56:07.207084-07:00,read,key-5,2.899,1,false,leaderless,1
2026-04-03T20:56:07.207052-07:00,read,key-9,2.952,0,false,leaderless,1
2026-04-03T20:56:07.207032-07:00,read,key-6,3.025,0,false,leaderless,1
2026-04-03T20:56:07.207031-07:00,read,key-9,3.026,0,false,leaderless,1
2026-04-03T20:56:07.207057-07:00,read,key-7,3.168,0,false,leaderless,1
2026-04-03T20:56:07.207187-07:00,read,key-5,3.060,0,false,leaderless,1
2026-04-03T20:56:07.207094-07:00,read,key-5,3.170,0,false,leaderless,1
2026-04-03T20:56:07.210058-07:00,read,key-5,0.475,1,false,leaderless,1
2026-04-03T20:56:07.209985-07:00,read,key-5,0.563,1,false,leaderless,1
2026-04-03T20:56:07.210249-07:00,read,key-1,0.568,1,false,leaderless,1
2026-04-03T20:56:07.210817-07:00,read,key-6,0.251,0,false,leaderless,1
2026-04-03T20:56:07.21107-07:00,read,key-5,0.346,1,false,leaderless,1
2026-04-03T20:56:07.211417-07:00,read,key-4,1.378,0,false,leaderless,1
2026-04-03T20:56:07.210226-07:00,read,key-4,2.587,0,false,leaderless,1
2026-04-03T20:56:07.210534-07:00,read,key-7,2.294,0,false,leaderless,1
2026-04-03T20:56:07.210005-07:00,read,key-9,2.825,0,false,leaderless,1
2026-04-03T20:56:07.210058-07:00,read,key-4,2.940,0,false,leaderless,1
2026-04-03T20:56:07.20976-07:00,read,key-5,3.380,0,false,leaderless,1
2026-04-03T20:56:07.210549-07:00,read,key-6,2.597,0,false,leaderless,1
2026-04-03T20:56:07.209748-07:00,read,key-1,3.400,0,false,leaderless,1
2026-04-03T20:56:07.210265-07:00,read,key-2,2.895,0,false,leaderless,1
2026-04-03T20:56:07.212829-07:00,read,key-0,0.460,1,false,leaderless,1
2026-04-03T20:56:07.212814-07:00,read,key-1,0.556,1,false,leaderless,1
2026-04-03T20:56:07.212831-07:00,read,key-3,0.832,1,false,leaderless,1
2026-04-03T20:56:07.21314-07:00,read,key-1,0.732,1,false,leaderless,1
2026-04-03T20:56:07.213664-07:00,read,key-6,0.398,0,false,leaderless,1
2026-04-03T20:56:07.212796-07:00,read,key-9,2.826,0,false,leaderless,1
2026-04-03T20:56:07.213149-07:00,read,key-8,2.703,0,false,leaderless,1
2026-04-03T20:56:07.21329-07:00,read,key-0,2.587,0,false,leaderless,1
2026-04-03T20:56:07.21316-07:00,read,key-9,2.741,0,false,leaderless,1
2026-04-03T20:56:07.213147-07:00,read,key-6,2.762,0,false,leaderless,1
2026-04-03T20:56:07.212999-07:00,read,key-9,3.041,0,false,leaderless,1
2026-04-03T20:56:07.213873-07:00,read,key-7,2.264,2,false,leaderless,1
2026-04-03T20:56:07.214063-07:00,read,key-3,2.161,0,false,leaderless,1
2026-04-03T20:56:07.213372-07:00,read,key-0,2.893,0,false,leaderless,1
2026-04-03T20:56:07.215853-07:00,read,key-5,0.582,1,false,leaderless,1
2026-04-03T20:56:07.215902-07:00,read,key-7,2.287,0,false,leaderless,1
2026-04-03T20:56:07.21604-07:00,read,key-9,2.390,0,false,leaderless,1
2026-04-03T20:56:07.216138-07:00,read,key-0,2.295,0,false,leaderless,1
2026-04-03T20:56:07.216437-07:00,read,key-7,2.023,0,false,leaderless,1
2026-04-03T20:56:07.216266-07:00,read,key-7,2.195,0,false,leaderless,1
2026-04-03T20:56:07.215623-07:00,read,key-0,2.844,0,false,leaderless,1
2026-04-03T20:56:07.215877-07:00,read,key-1,2.708,0,false,leaderless,1
2026-04-03T20:56:07.216225-07:00,read,key-4,2.365,0,false,leaderless,1
2026-04-03T20:56:07.21591-07:00,read,key-7,2.680,0,false,leaderless,1
2026-04-03T20:56:07.218592-07:00,read,key-7,2.253,0,false,leaderless,1
2026-04-03T20:56:07.218461-07:00,read,key-0,2.397,0,false,leaderless,1
2026-04-03T20:56:07.218434-07:00,read,key-1,2.605,0,false,leaderless,1
2026-04-03T20:56:07.21819-07:00,read,key-0,2.854,0,false,leaderless,1
2026-04-03T20:56:07.218461-07:00,read,key-4,2.596,0,false,leaderless,1
2026-04-03T20:56:07.218431-07:00,read,key-2,2.632,0,false,leaderless,1
2026-04-03T20:56:07.21859-07:00,read,key-6,2.483,0,false,leaderless,1
2026-04-03T20:56:07.218468-07:00,read,key-2,2.621,0,false,leaderless,1
2026-04-03T20:56:07.218587-07:00,read,key-9,2.508,0,false,leaderless,1
2026-04-03T20:56:07.220845-07:00,read,key-3,0.502,0,false,leaderless,1
2026-04-03T20:56:07.220859-07:00,read,key-4,0.501,0,false,leaderless,1
2026-04-03T20:56:07.221039-07:00,read,key-2,4.546,0,false,leaderless,1
2026-04-03T20:56:07.22109-07:00,read,key-3,4.547,0,false,leaderless,1
2026-04-03T20:56:07.221064-07:00,read,key-5,4.585,0,false,leaderless,1
2026-04-03T20:56:07.221361-07:00,read,key-5,4.331,0,false,leaderless,1
2026-04-03T20:56:07.221058-07:00,read,key-7,4.935,0,false,leaderless,1
2026-04-03T20:56:07.221348-07:00,read,key-7,4.681,0,false,leaderless,1
2026-04-03T20:56:07.221046-07:00,read,key-9,5.012,0,false,leaderless,1
2026-04-03T20:56:07.221077-07:00,read,key-8,5.033,0,false,leaderless,1
2026-04-03T20:56:07.225586-07:00,read,key-4,0.554,1,false,leaderless,1
2026-04-03T20:56:07.221095-07:00,read,key-5,5.062,1,false,leaderless,1
2026-04-03T20:56:07.22565-07:00,read,key-5,0.952,1,false,leaderless,1
2026-04-03T20:56:07.226159-07:00,read,key-0,0.501,1,false,leaderless,1
2026-04-03T20:56:07.226111-07:00,read,key-7,0.731,1,false,leaderless,1
2026-04-03T20:56:07.226661-07:00,read,key-7,0.224,2,false,leaderless,1
2026-04-03T20:56:07.226843-07:00,read,key-6,0.245,0,false,leaderless,1
2026-04-03T20:56:07.227089-07:00,read,key-7,0.321,2,false,leaderless,1
2026-04-03T20:56:07.226887-07:00,read,key-3,1.862,0,false,leaderless,1
2026-04-03T20:56:07.226059-07:00,read,key-0,2.699,0,false,leaderless,1
2026-04-03T20:56:07.227412-07:00,read,key-6,1.414,0,false,leaderless,1
2026-04-03T20:56:07.225995-07:00,read,key-6,3.054,0,false,leaderless,1
2026-04-03T20:56:07.226603-07:00,read,key-3,2.465,0,false,leaderless,1
2026-04-03T20:56:07.225692-07:00,read,key-0,3.380,0,false,leaderless,1
2026-04-03T20:56:07.226141-07:00,read,key-8,2.937,0,false,leaderless,1
2026-04-03T20:56:07.225638-07:00,read,key-9,3.460,0,false,leaderless,1
2026-04-03T20:56:07.22603-07:00,read,key-4,3.081,0,false,leaderless,1
2026-04-03T20:56:07.228827-07:00,read,key-2,0.498,0,false,leaderless,1
2026-04-03T20:56:07.229049-07:00,read,key-9,0.653,0,false,leaderless,1
2026-04-03T20:56:07.229325-07:00,read,key-1,0.397,1,false,leaderless,1
2026-04-03T20:56:07.229099-07:00,read,key-8,0.667,1,false,leaderless,1
2026-04-03T20:56:07.229724-07:00,read,key-9,1.698,0,false,leaderless,1
2026-04-03T20:56:07.22908-07:00,read,key-4,2.363,0,false,leaderless,1
2026-04-03T20:56:07.229766-07:00,read,key-7,1.988,0,false,leaderless,1
2026-04-03T20:56:07.228759-07:00,read,key-6,3.009,0,false,leaderless,1
2026-04-03T20:56:07.229703-07:00,read,key-3,2.070,0,false,leaderless,1
2026-04-03T20:56:07.229069-07:00,read,key-9,2.709,0,false,leaderless,1
2026-04-03T20:56:07.22875-07:00,read,key-0,3.060,0,false,leaderless,1
2026-04-03T20:56:07.229074-07:00,read,key-9,2.841,0,false,leaderless,1
2026-04-03T20:56:07.229112-07:00,read,key-2,2.813,0,false,leaderless,1
2026-04-03T20:56:07.231916-07:00,read,key-3,0.466,1,false,leaderless,1
2026-04-03T20:56:07.231926-07:00,read,key-4,2.139,0,false,leaderless,1
2026-04-03T20:56:07.231755-07:00,read,key-6,2.318,0,false,leaderless,1
2026-04-03T20:56:07.231811-07:00,read,key-6,2.296,0,false,leaderless,1
2026-04-03T20:56:07.231444-07:00,read,key-4,2.672,0,false,leaderless,1
2026-04-03T20:56:07.23178-07:00,read,key-8,2.683,0,false,leaderless,1
2026-04-03T20:56:07.231423-07:00,read,key-2,3.041,0,false,leaderless,1
2026-04-03T20:56:07.232383-07:00,read,key-7,2.090,0,false,leaderless,1
2026-04-03T20:56:07.23177-07:00,read,key-4,2.720,0,false,leaderless,1
2026-04-03T20:56:07.234475-07:00,read,key-1,0.372,1,false,leaderless,1
2026-04-03T20:56:07.234491-07:00,read,key-1,0.601,1,false,leaderless,1
2026-04-03T20:56:07.234464-07:00,read,key-7,2.322,0,false,leaderless,1
2026-04-03T20:56:07.234066-07:00,read,key-8,2.756,0,false,leaderless,1
2026-04-03T20:56:07.234466-07:00,read,key-1,2.734,0,false,leaderless,1
2026-04-03T20:56:07.234848-07:00,read,key-8,2.372,0,false,leaderless,1
2026-04-03T20:56:07.234117-07:00,read,key-7,3.113,0,false,leaderless,1
2026-04-03T20:56:07.236787-07:00,read,key-8,0.446,1,false,leaderless,1
2026-04-03T20:56:07.235093-07:00,read,key-4,2.158,0,false,leaderless,1
2026-04-03T20:56:07.234108-07:00,read,key-1,3.145,0,false,leaderless,1
2026-04-03T20:56:07.234074-07:00,read,key-3,3.197,0,false,leaderless,1
2026-04-03T20:56:07.237221-07:00,read,key-3,0.419,1,false,leaderless,1
2026-04-03T20:56:07.237641-07:00,read,key-2,0.241,1,false,leaderless,1
2026-04-03T20:56:07.236823-07:00,read,key-6,3.049,0,false,leaderless,1
2026-04-03T20:56:07.237252-07:00,read,key-8,2.682,0,false,leaderless,1
2026-04-03T20:56:07.237253-07:00,read,key-5,2.774,0,false,leaderless,1
2026-04-03T20:56:07.237201-07:00,read,key-5,2.939,0,false,leaderless,1
2026-04-03T20:56:07.237272-07:00,read,key-3,2.901,0,false,leaderless,1
2026-04-03T20:56:07.237232-07:00,read,key-0,2.949,0,false,leaderless,1
2026-04-03T20:56:07.237235-07:00,read,key-4,2.951,0,false,leaderless,1
2026-04-03T20:56:07.237883-07:00,read,key-4,2.638,0,false,leaderless,1
2026-04-03T20:56:07.240029-07:00,read,key-6,0.497,0,false,leaderless,1
2026-04-03T20:56:07.240187-07:00,read,key-9,0.378,2,false,leaderless,1
2026-04-03T20:56:07.240566-07:00,read,key-1,0.413,1,false,leaderless,1
2026-04-03T20:56:07.24098-07:00,read,key-8,0.260,1,false,leaderless,1
2026-04-03T20:56:07.240173-07:00,read,key-8,2.294,0,false,leaderless,1
2026-04-03T20:56:07.239873-07:00,read,key-3,3.129,0,false,leaderless,1
2026-04-03T20:56:07.240527-07:00,read,key-2,2.504,0,false,leaderless,1
2026-04-03T20:56:07.240141-07:00,read,key-5,2.916,1,false,leaderless,1
2026-04-03T20:56:07.240182-07:00,read,key-0,2.886,0,false,leaderless,1
2026-04-03T20:56:07.239935-07:00,read,key-9,3.134,1,false,leaderless,1
2026-04-03T20:56:07.240522-07:00,read,key-2,2.555,0,false,leaderless,1
2026-04-03T20:56:07.241242-07:00,read,key-2,1.839,0,false,leaderless,1
2026-04-03T20:56:07.243032-07:00,read,key-8,0.501,0,false,leaderless,1
2026-04-03T20:56:07.243003-07:00,read,key-5,0.543,1,false,leaderless,1
2026-04-03T20:56:07.243078-07:00,read,key-9,2.141,0,false,leaderless,1
2026-04-03T20:56:07.243547-07:00,read,key-3,1.684,0,false,leaderless,1
2026-04-03T20:56:07.24307-07:00,read,key-0,2.322,0,false,leaderless,1
2026-04-03T20:56:07.243057-07:00,read,key-0,2.358,0,false,leaderless,1
2026-04-03T20:56:07.242469-07:00,read,key-1,2.959,0,false,leaderless,1
2026-04-03T20:56:07.243081-07:00,read,key-0,2.580,0,false,leaderless,1
2026-04-03T20:56:07.243533-07:00,read,key-1,2.184,0,false,leaderless,1
2026-04-03T20:56:07.243069-07:00,read,key-6,2.657,0,false,leaderless,1
2026-04-03T20:56:07.245416-07:00,read,key-1,0.394,1,false,leaderless,1
2026-04-03T20:56:07.245232-07:00,read,key-3,0.621,1,false,leaderless,1
2026-04-03T20:56:07.245663-07:00,read,key-9,0.401,1,false,leaderless,1
2026-04-03T20:56:07.245718-07:00,read,key-1,0.398,1,false,leaderless,1
2026-04-03T20:56:07.246065-07:00,read,key-3,0.315,1,false,leaderless,1
2026-04-03T20:56:07.245727-07:00,read,key-1,0.709,1,false,leaderless,1
2026-04-03T20:56:07.246381-07:00,read,key-4,0.314,1,false,leaderless,1
2026-04-03T20:56:07.246696-07:00,read,key-1,0.241,1,false,leaderless,1
2026-04-03T20:56:07.246938-07:00,read,key-4,0.420,1,false,leaderless,1
2026-04-03T20:56:07.245429-07:00,read,key-6,2.641,0,false,leaderless,1
2026-04-03T20:56:07.245854-07:00,read,key-8,2.221,0,false,leaderless,1
2026-04-03T20:56:07.246117-07:00,read,key-9,2.013,0,false,leaderless,1
2026-04-03T20:56:07.246437-07:00,read,key-4,1.942,0,false,leaderless,1
2026-04-03T20:56:07.24522-07:00,read,key-2,3.188,0,false,leaderless,1
2026-04-03T20:56:07.245812-07:00,read,key-0,2.717,0,false,leaderless,1
2026-04-03T20:56:07.245393-07:00,read,key-8,3.158,0,false,leaderless,1
2026-04-03T20:56:07.248071-07:00,read,key-0,0.507,1,false,leaderless,1
2026-04-03T20:56:07.248579-07:00,read,key-0,0.343,1,false,leaderless,1
2026-04-03T20:56:07.248552-07:00,read,key-6,0.469,0,false,leaderless,1
2026-04-03T20:56:07.248922-07:00,read,key-2,0.294,0,false,leaderless,1
2026-04-03T20:56:07.249023-07:00,read,key-5,0.377,2,false,leaderless,1
2026-04-03T20:56:07.249217-07:00,read,key-0,0.709,1,false,leaderless,1
2026-04-03T20:56:07.247359-07:00,read,key-3,2.873,0,false,leaderless,1
2026-04-03T20:56:07.248076-07:00,read,key-5,2.161,0,false,leaderless,1
2026-04-03T20:56:07.24853-07:00,read,key-5,1.712,0,false,leaderless,1
2026-04-03T20:56:07.248409-07:00,read,key-8,1.845,0,false,leaderless,1
2026-04-03T20:56:07.24838-07:00,read,key-2,1.877,0,false,leaderless,1
2026-04-03T20:56:07.248131-07:00,read,key-4,2.169,0,false,leaderless,1
2026-04-03T20:56:07.249928-07:00,read,key-9,0.388,1,false,leaderless,1
2026-04-03T20:56:07.249401-07:00,read,key-7,0.961,2,false,leaderless,1
2026-04-03T20:56:07.250238-07:00,read,key-5,0.431,2,false,leaderless,1
2026-04-03T20:56:07.250258-07:00,read,key-6,0.464,0,false,leaderless,1
2026-04-03T20:56:07.250243-07:00,read,key-6,0.715,0,false,leaderless,1
2026-04-03T20:56:07.250255-07:00,read,key-4,1.952,1,false,leaderless,1
2026-04-03T20:56:07.250959-07:00,read,key-1,1.397,0,false,leaderless,1
2026-04-03T20:56:07.250233-07:00,read,key-6,2.486,0,false,leaderless,1
2026-04-03T20:56:07.250364-07:00,read,key-8,2.374,0,false,leaderless,1
2026-04-03T20:56:07.25067-07:00,read,key-4,2.076,0,false,leaderless,1
2026-04-03T20:56:07.250301-07:00,read,key-4,2.466,0,false,leaderless,1
2026-04-03T20:56:07.250723-07:00,read,key-0,2.046,1,false,leaderless,1
2026-04-03T20:56:07.250319-07:00,read,key-1,2.451,0,false,leaderless,1
2026-04-03T20:56:07.252771-07:00,read,key-1,0.374,1,false,leaderless,1
2026-04-03T20:56:07.252739-07:00,read,key-9,0.473,1,false,leaderless,1
2026-04-03T20:56:07.252208-07:00,read,key-1,2.927,0,false,leaderless,1
2026-04-03T20:56:07.252767-07:00,read,key-7,2.394,0,false,leaderless,1
2026-04-03T20:56:07.252719-07:00,read,key-7,2.487,0,false,leaderless,1
2026-04-03T20:56:07.253146-07:00,read,key-8,2.170,0,false,leaderless,1
2026-04-03T20:56:07.252357-07:00,read,key-2,2.980,0,false,leaderless,1
2026-04-03T20:56:07.25277-07:00,read,key-6,2.625,0,false,leaderless,1
2026-04-03T20:56:07.252748-07:00,read,key-0,2.700,0,false,leaderless,1
2026-04-03T20:56:07.253213-07:00,read,key-4,2.243,0,false,leaderless,1
2026-04-03T20:56:07.255208-07:00,read,key-6,0.597,0,false,leaderless,1
2026-04-03T20:56:07.255449-07:00,read,key-7,0.381,2,false,leaderless,1
2026-04-03T20:56:07.255135-07:00,read,key-7,0.981,2,false,leaderless,1
2026-04-03T20:56:07.255805-07:00,read,key-7,0.360,2,false,leaderless,1
2026-04-03T20:56:07.255316-07:00,read,key-3,1.087,1,false,leaderless,1
2026-04-03T20:56:07.256404-07:00,read,key-5,1.742,0,false,leaderless,1
2026-04-03T20:56:07.255396-07:00,read,key-1,2.780,0,false,leaderless,1
2026-04-03T20:56:07.255831-07:00,read,key-6,2.356,0,false,leaderless,1
2026-04-03T20:56:07.256166-07:00,read,key-2,2.025,0,false,leaderless,1
2026-04-03T20:56:07.256118-07:00,read,key-0,2.194,0,false,leaderless,1
2026-04-03T20:56:07.258188-07:00,read,key-1,0.461,1,false,leaderless,1
2026-04-03T20:56:07.258193-07:00,read,key-6,0.487,0,false,leaderless,1
2026-04-03T20:56:07.258313-07:00,read,key-5,0.385,1,false,leaderless,1
2026-04-03T20:56:07.255338-07:00,read,key-4,3.364,0,false,leaderless,1
2026-04-03T20:56:07.255162-07:00,read,key-3,3.543,0,false,leaderless,1
2026-04-03T20:56:07.255457-07:00,read,key-4,3.248,0,false,leaderless,1
2026-04-03T20:56:07.258177-07:00,read,key-5,2.415,0,false,leaderless,1
2026-04-03T20:56:07.258706-07:00,read,key-1,1.927,0,false,leaderless,1
2026-04-03T20:56:07.258703-07:00,read,key-9,2.182,0,false,leaderless,1
2026-04-03T20:56:07.25865-07:00,read,key-6,2.256,0,false,leaderless,1
2026-04-03T20:56:07.258681-07:00,read,key-6,2.232,0,false,leaderless,1
2026-04-03T20:56:07.258706-07:00,read,key-2,2.257,0,false,leaderless,1
2026-04-03T20:56:07.258148-07:00,read,key-0,2.926,0,false,leaderless,1
2026-04-03T20:56:07.261075-07:00,read,key-7,1.838,0,false,leaderless,1
2026-04-03T20:56:07.260593-07:00,read,key-6,2.593,0,false,leaderless,1
2026-04-03T20:56:07.260963-07:00,read,key-3,2.322,1,false,leaderless,1
2026-04-03T20:56:07.260635-07:00,read,key-5,2.754,0,false,leaderless,1
2026-04-03T20:56:07.260914-07:00,read,key-3,2.575,0,false,leaderless,1
2026-04-03T20:56:07.260886-07:00,read,key-0,2.640,1,false,leaderless,1
2026-04-03T20:56:07.260907-07:00,read,key-3,2.648,1,false,leaderless,1
2026-04-03T20:56:07.26339-07:00,read,key-4,0.330,0,false,leaderless,1
2026-04-03T20:56:07.26349-07:00,read,key-2,0.342,0,false,leaderless,1
2026-04-03T20:56:07.263555-07:00,read,key-1,0.347,1,false,leaderless,1
2026-04-03T20:56:07.26372-07:00,read,key-6,0.314,0,false,leaderless,1
2026-04-03T20:56:07.263832-07:00,read,key-3,0.337,1,false,leaderless,1
2026-04-03T20:56:07.26417-07:00,read,key-7,1.280,2,false,leaderless,1
2026-04-03T20:56:07.262914-07:00,read,key-9,2.655,0,false,leaderless,1
2026-04-03T20:56:07.263903-07:00,read,key-9,1.819,0,false,leaderless,1
2026-04-03T20:56:07.263286-07:00,read,key-7,2.454,0,false,leaderless,1
2026-04-03T20:56:07.263187-07:00,read,key-7,2.667,0,false,leaderless,1
2026-04-03T20:56:07.263528-07:00,read,key-5,2.340,0,false,leaderless,1
2026-04-03T20:56:07.264035-07:00,read,key-0,1.938,0,false,leaderless,1
2026-04-03T20:56:07.265742-07:00,read,key-6,0.423,0,false,leaderless,1
2026-04-03T20:56:07.265724-07:00,read,key-7,0.531,2,false,leaderless,1
2026-04-03T20:56:07.265856-07:00,read,key-4,0.672,1,false,leaderless,1
2026-04-03T20:56:07.266255-07:00,read,key-5,0.496,2,false,leaderless,1
2026-04-03T20:56:07.266528-07:00,read,key-1,1.715,0,false,leaderless,1
2026-04-03T20:56:07.265452-07:00,read,key-9,3.186,0,false,leaderless,1
2026-04-03T20:56:07.26557-07:00,read,key-5,3.070,0,false,leaderless,1
2026-04-03T20:56:07.268244-07:00,read,key-2,0.398,2,false,leaderless,1
2026-04-03T20:56:07.265974-07:00,read,key-1,2.682,0,false,leaderless,1
2026-04-03T20:56:07.266752-07:00,read,key-4,1.904,0,false,leaderless,1
2026-04-03T20:56:07.266166-07:00,read,key-3,2.512,0,false,leaderless,1
2026-04-03T20:56:07.265871-07:00,read,key-5,2.962,0,false,leaderless,1
2026-04-03T20:56:07.268638-07:00,read,key-1,0.484,1,false,leaderless,1
2026-04-03T20:56:07.268641-07:00,read,key-2,0.509,1,false,leaderless,1
2026-04-03T20:56:07.268643-07:00,read,key-6,0.536,0,false,leaderless,1
2026-04-03T20:56:07.268657-07:00,read,key-2,0.906,2,false,leaderless,1
2026-04-03T20:56:07.268834-07:00,read,key-8,0.738,1,false,leaderless,1
2026-04-03T20:56:07.269123-07:00,read,key-8,0.679,1,false,leaderless,1
2026-04-03T20:56:07.269564-07:00,read,key-4,0.246,1,false,leaderless,1
2026-04-03T20:56:07.269811-07:00,read,key-4,1.543,0,false,leaderless,1
2026-04-03T20:56:07.269181-07:00,read,key-9,2.496,0,false,leaderless,1
2026-04-03T20:56:07.269803-07:00,read,key-7,1.898,0,false,leaderless,1
2026-04-03T20:56:07.268679-07:00,read,key-5,3.049,0,false,leaderless,1
2026-04-03T20:56:07.268657-07:00,read,key-7,3.092,0,false,leaderless,1
2026-04-03T20:56:07.269152-07:00,read,key-8,2.664,0,false,leaderless,1
2026-04-03T20:56:07.269573-07:00,read,key-0,2.256,0,false,leaderless,1
2026-04-03T20:56:07.271729-07:00,read,key-0,0.435,1,false,leaderless,1
2026-04-03T20:56:07.271678-07:00,read,key-1,0.487,1,false,leaderless,1
2026-04-03T20:56:07.271703-07:00,read,key-8,0.465,1,false,leaderless,1
2026-04-03T20:56:07.272167-07:00,read,key-3,5.784,0,false,leaderless,1
2026-04-03T20:56:07.272165-07:00,read,key-7,6.159,0,false,leaderless,1
2026-04-03T20:56:07.27175-07:00,read,key-0,6.753,0,false,leaderless,1
2026-04-03T20:56:07.271818-07:00,read,key-6,6.721,0,false,leaderless,1
2026-04-03T20:56:07.272168-07:00,read,key-6,6.385,0,false,leaderless,1
2026-04-03T20:56:07.27183-07:00,read,key-1,6.725,0,false,leaderless,1
2026-04-03T20:56:07.271355-07:00,read,key-2,7.217,0,false,leaderless,1
2026-04-03T20:56:07.277951-07:00,read,key-2,0.661,1,false,leaderless,1
2026-04-03T20:56:07.278613-07:00,read,key-7,2.899,0,false,leaderless,1
2026-04-03T20:56:07.278556-07:00,read,key-8,3.019,0,false,leaderless,1
2026-04-03T20:56:07.278572-07:00,read,key-5,3.032,0,false,leaderless,1
2026-04-03T20:56:07.278324-07:00,read,key-5,3.306,0,false,leaderless,1
2026-04-03T20:56:07.278554-07:00,read,key-2,3.113,0,false,leaderless,1
2026-04-03T20:56:07.278539-07:00,read,key-4,3.180,0,false,leaderless,1
2026-04-03T20:56:07.278504-07:00,read,key-1,3.877,0,false,leaderless,1
2026-04-03T20:56:07.281513-07:00,read,key-0,0.894,1,false,leaderless,1
2026-04-03T20:56:07.281606-07:00,read,key-5,0.804,2,false,leaderless,1
2026-04-03T20:56:07.281576-07:00,read,key-3,0.838,1,false,leaderless,1
2026-04-03T20:56:07.282416-07:00,read,key-4,0.349,1,false,leaderless,1
2026-04-03T20:56:07.281631-07:00,read,key-3,1.196,1,false,leaderless,1
2026-04-03T20:56:07.282411-07:00,read,key-2,0.421,1,false,leaderless,1
2026-04-03T20:56:07.282829-07:00,read,key-8,2.771,0,false,leaderless,1
2026-04-03T20:56:07.282382-07:00,read,key-8,3.236,0,false,leaderless,1
2026-04-03T20:56:07.285619-07:00,read,key-9,0.644,2,false,leaderless,1
2026-04-03T20:56:07.281668-07:00,read,key-3,4.878,0,false,leaderless,1
2026-04-03T20:56:07.282766-07:00,read,key-5,3.812,0,false,leaderless,1
2026-04-03T20:56:07.282409-07:00,read,key-0,4.206,0,false,leaderless,1
2026-04-03T20:56:07.28172-07:00,read,key-7,4.896,0,false,leaderless,1
2026-04-03T20:56:07.286264-07:00,read,key-3,0.455,1,false,leaderless,1
2026-04-03T20:56:07.282833-07:00,read,key-5,3.903,0,false,leaderless,1
2026-04-03T20:56:07.286547-07:00,read,key-6,0.484,0,false,leaderless,1
2026-04-03T20:56:07.286721-07:00,read,key-0,1.631,0,false,leaderless,1
2026-04-03T20:56:07.286618-07:00,read,key-9,1.877,0,false,leaderless,1
2026-04-03T20:56:07.286737-07:00,read,key-5,1.933,0,false,leaderless,1
2026-04-03T20:56:07.285601-07:00,read,key-1,3.101,0,false,leaderless,1
2026-04-03T20:56:07.287031-07:00,read,key-4,1.680,0,false,leaderless,1
2026-04-03T20:56:07.286616-07:00,read,key-8,2.111,0,false,leaderless,1
2026-04-03T20:56:07.286581-07:00,read,key-6,2.146,0,false,leaderless,1
2026-04-03T20:56:07.288712-07:00,read,key-9,0.358,1,false,leaderless,1
2026-04-03T20:56:07.288671-07:00,read,key-8,2.344,0,false,leaderless,1
2026-04-03T20:56:07.288353-07:00,read,key-9,2.663,0,false,leaderless,1
2026-04-03T20:56:07.288703-07:00,read,key-7,2.313,0,false,leaderless,1
2026-04-03T20:56:07.288728-07:00,read,key-1,2.536,0,false,leaderless,1
2026-04-03T20:56:07.288729-07:00,read,key-1,2.604,0,false,leaderless,1
2026-04-03T20:56:07.289072-07:00,read,key-4,2.262,0,false,leaderless,1
2026-04-03T20:56:07.288496-07:00,read,key-3,2.840,0,false,leaderless,1
2026-04-03T20:56:07.291018-07:00,read,key-2,0.489,2,false,leaderless,1
2026-04-03T20:56:07.291016-07:00,read,key-9,0.640,1,false,leaderless,1
2026-04-03T20:56:07.291508-07:00,read,key-1,0.240,1,false,leaderless,1
2026-04-03T20:56:07.291337-07:00,read,key-6,0.451,0,false,leaderless,1
2026-04-03T20:56:07.291265-07:00,read,key-1,0.700,1,false,leaderless,1
2026-04-03T20:56:07.291749-07:00,read,key-9,0.320,2,false,leaderless,1
2026-04-03T20:56:07.291966-07:00,read,key-5,0.286,2,false,leaderless,1
2026-04-03T20:56:07.291789-07:00,read,key-2,0.489,2,false,leaderless,1
2026-04-03T20:56:07.292253-07:00,read,key-6,0.219,0,false,leaderless,1
2026-04-03T20:56:07.291019-07:00,read,key-4,2.741,0,false,leaderless,1
2026-04-03T20:56:07.292279-07:00,read,key-1,1.483,1,false,leaderless,1
2026-04-03T20:56:07.291656-07:00,read,key-6,2.108,0,false,leaderless,1
2026-04-03T20:56:07.292476-07:00,read,key-5,1.301,0,false,leaderless,1
2026-04-03T20:56:07.291334-07:00,read,key-0,2.457,0,false,leaderless,1
2026-04-03T20:56:07.292071-07:00,read,key-5,1.878,0,false,leaderless,1
2026-04-03T20:56:07.291335-07:00,read,key-4,2.621,0,false,leaderless,1
2026-04-03T20:56:07.293766-07:00,read,key-5,0.646,2,false,leaderless,1
2026-04-03T20:56:07.29376-07:00,read,key-1,0.690,1,false,leaderless,1
2026-04-03T20:56:07.293764-07:00,read,key-2,0.707,1,false,leaderless,1
2026-04-03T20:56:07.293792-07:00,read,key-1,0.916,1,false,leaderless,1
2026-04-03T20:56:07.293958-07:00,read,key-9,0.761,1,false,leaderless,1
2026-04-03T20:56:07.29472-07:00,read,key-5,1.573,0,false,leaderless,1
2026-04-03T20:56:07.294709-07:00,read,key-9,1.585,0,false,leaderless,1
2026-04-03T20:56:07.29395-07:00,read,key-9,2.373,0,false,leaderless,1
2026-04-03T20:56:07.294452-07:00,read,key-4,2.211,0,false,leaderless,1
2026-04-03T20:56:07.294413-07:00,read,key-4,2.276,0,false,leaderless,1
2026-04-03T20:56:07.29633-07:00,read,key-9,0.428,2,false,leaderless,1
2026-04-03T20:56:07.296759-07:00,read,key-5,0.273,2,false,leaderless,1
2026-04-03T20:56:07.297033-07:00,read,key-3,0.283,1,false,leaderless,1
2026-04-03T20:56:07.294472-07:00,read,key-4,2.870,0,false,leaderless,1
2026-04-03T20:56:07.297343-07:00,read,key-3,0.213,1,false,leaderless,1
2026-04-03T20:56:07.297558-07:00,read,key-1,0.205,1,false,leaderless,1
2026-04-03T20:56:07.297763-07:00,read,key-7,0.160,2,false,leaderless,1
2026-04-03T20:56:07.296339-07:00,read,key-9,2.424,0,false,leaderless,1
2026-04-03T20:56:07.297317-07:00,read,key-4,1.667,0,false,leaderless,1
2026-04-03T20:56:07.296663-07:00,read,key-2,2.370,0,false,leaderless,1
2026-04-03T20:56:07.296355-07:00,read,key-5,2.679,0,false,leaderless,1
2026-04-03T20:56:07.297924-07:00,read,key-8,1.111,0,false,leaderless,1
2026-04-03T20:56:07.296689-07:00,read,key-9,2.514,0,false,leaderless,1
2026-04-03T20:56:07.298765-07:00,read,key-3,0.567,1,false,leaderless,1
2026-04-03T20:56:07.299036-07:00,read,key-7,2.411,0,false,leaderless,1
2026-04-03T20:56:07.299204-07:00,read,key-2,2.272,2,false,leaderless,1
2026-04-03T20:56:07.299332-07:00,read,key-6,2.160,0,false,leaderless,1
2026-04-03T20:56:07.298985-07:00,read,key-7,2.516,0,false,leaderless,1
2026-04-03T20:56:07.299034-07:00,read,key-0,2.472,0,false,leaderless,1
2026-04-03T20:56:07.301493-07:00,read,key-5,2.312,0,false,leaderless,1
2026-04-03T20:56:07.301477-07:00,read,key-7,2.361,0,false,leaderless,1
2026-04-03T20:56:07.301448-07:00,read,key-5,2.426,0,false,leaderless,1
2026-04-03T20:56:07.301507-07:00,read,key-2,2.432,0,false,leaderless,1
2026-04-03T20:56:07.301502-07:00,read,key-6,2.446,0,false,leaderless,1
2026-04-03T20:56:07.303839-07:00,read,key-1,0.307,1,false,leaderless,1
2026-04-03T20:56:07.303949-07:00,read,key-4,0.510,1,false,leaderless,1
2026-04-03T20:56:07.303876-07:00,read,key-6,2.366,0,false,leaderless,1
2026-04-03T20:56:07.303806-07:00,read,key-7,2.499,0,false,leaderless,1
2026-04-03T20:56:07.30446-07:00,read,key-9,1.872,0,false,leaderless,1
2026-04-03T20:56:07.304147-07:00,read,key-4,2.220,0,false,leaderless,1
2026-04-03T20:56:07.30394-07:00,read,key-8,2.504,0,false,leaderless,1
2026-04-03T20:56:07.306305-07:00,read,key-3,0.559,2,false,leaderless,1
2026-04-03T20:56:07.306368-07:00,read,key-6,0.770,0,false,leaderless,1
2026-04-03T20:56:07.306865-07:00,read,key-0,1.988,0,false,leaderless,1
2026-04-03T20:56:07.307139-07:00,read,key-9,1.718,0,false,leaderless,1
2026-04-03T20:56:07.306243-07:00,read,key-7,2.634,0,false,leaderless,1
2026-04-03T20:56:07.306444-07:00,read,key-9,2.435,0,false,leaderless,1
2026-04-03T20:56:07.308877-07:00,read,key-2,0.515,2,false,leaderless,1
2026-04-03T20:56:07.309393-07:00,read,key-2,1.597,0,false,leaderless,1
2026-04-03T20:56:07.308858-07:00,read,key-2,2.335,0,false,leaderless,1
2026-04-03T20:56:07.308854-07:00,read,key-3,2.357,0,false,leaderless,1
2026-04-03T20:56:07.30888-07:00,read,key-8,2.477,0,false,leaderless,1
2026-04-03T20:56:07.311193-07:00,read,key-1,0.383,1,false,leaderless,1
2026-04-03T20:56:07.310991-07:00,read,key-2,2.521,0,false,leaderless,1
2026-04-03T20:56:07.311357-07:00,read,key-4,2.156,0,false,leaderless,1
2026-04-03T20:56:07.311213-07:00,read,key-9,2.316,0,false,leaderless,1
2026-04-03T20:56:07.311578-07:00,read,key-8,1.969,0,false,leaderless,1
2026-04-03T20:56:07.313547-07:00,read,key-4,0.429,1,false,leaderless,1
2026-04-03T20:56:07.313513-07:00,read,key-2,0.470,2,false,leaderless,1
2026-04-03T20:56:07.313529-07:00,read,key-8,0.464,1,false,leaderless,1
2026-04-03T20:56:07.313994-07:00,read,key-6,0.318,0,false,leaderless,1
2026-04-03T20:56:07.313514-07:00,read,key-6,0.819,0,false,leaderless,1
2026-04-03T20:56:07.313984-07:00,read,key-0,1.997,1,false,leaderless,1
2026-04-03T20:56:07.314334-07:00,read,key-0,1.661,0,false,leaderless,1
2026-04-03T20:56:07.314313-07:00,read,key-5,1.688,3,false,leaderless,1
2026-04-03T20:56:07.313978-07:00,read,key-1,2.027,0,false,leaderless,1
2026-04-03T20:56:07.316002-07:00,read,key-9,0.334,1,false,leaderless,1
2026-04-03T20:56:07.315983-07:00,read,key-4,0.526,1,false,leaderless,1
2026-04-03T20:56:07.315996-07:00,read,key-8,0.536,2,false,leaderless,1
2026-04-03T20:56:07.316337-07:00,read,key-4,0.292,1,false,leaderless,1
2026-04-03T20:56:07.316006-07:00,read,key-4,0.743,1,false,leaderless,1
2026-04-03T20:56:07.316509-07:00,read,key-6,1.928,0,false,leaderless,1
2026-04-03T20:56:07.31663-07:00,read,key-4,1.858,0,false,leaderless,1
2026-04-03T20:56:07.316534-07:00,read,key-0,2.037,0,false,leaderless,1
2026-04-03T20:56:07.31675-07:00,read,key-7,1.868,0,false,leaderless,1
2026-04-03T20:56:07.318572-07:00,read,key-0,0.286,1,false,leaderless,1
2026-04-03T20:56:07.318859-07:00,read,key-6,0.302,0,false,leaderless,1
2026-04-03T20:56:07.319161-07:00,read,key-1,2.007,0,false,leaderless,1
2026-04-03T20:56:07.318488-07:00,read,key-5,2.680,0,false,leaderless,1
2026-04-03T20:56:07.318439-07:00,read,key-9,2.776,0,false,leaderless,1
2026-04-03T20:56:07.318619-07:00,read,key-4,2.613,0,false,leaderless,1
2026-04-03T20:56:07.321169-07:00,read,key-6,0.376,0,false,leaderless,1
2026-04-03T20:56:07.32117-07:00,read,key-9,2.413,0,false,leaderless,1
2026-04-03T20:56:07.321215-07:00,read,key-7,2.466,0,false,leaderless,1
2026-04-03T20:56:07.321233-07:00,read,key-2,2.467,0,false,leaderless,1
2026-04-03T20:56:07.321547-07:00,read,key-2,2.180,0,false,leaderless,1
2026-04-03T20:56:07.323585-07:00,read,key-2,0.447,1,false,leaderless,1
2026-04-03T20:56:07.324033-07:00,read,key-2,0.555,1,false,leaderless,1
2026-04-03T20:56:07.323701-07:00,read,key-1,2.546,0,false,leaderless,1
2026-04-03T20:56:07.323727-07:00,read,key-3,2.528,0,false,leaderless,1
2026-04-03T20:56:07.32459-07:00,read,key-0,1.667,0,false,leaderless,1
2026-04-03T20:56:07.323682-07:00,read,key-1,2.702,1,false,leaderless,1
2026-04-03T20:56:07.326248-07:00,read,key-1,0.409,1,false,leaderless,1
2026-04-03T20:56:07.326256-07:00,read,key-1,0.464,1,false,leaderless,1
2026-04-03T20:56:07.326258-07:00,read,key-6,0.656,0,false,leaderless,1
2026-04-03T20:56:07.326915-07:00,read,key-5,1.907,3,false,leaderless,1
2026-04-03T20:56:07.326659-07:00,read,key-2,2.165,0,false,leaderless,1
2026-04-03T20:56:07.326722-07:00,read,key-3,2.151,0,false,leaderless,1
2026-04-03T20:56:07.326385-07:00,read,key-8,2.512,0,false,leaderless,1
2026-04-03T20:56:07.328873-07:00,read,key-1,2.064,0,false,leaderless,1
2026-04-03T20:56:07.328898-07:00,read,key-7,2.390,0,false,leaderless,1
2026-04-03T20:56:07.328824-07:00,read,key-8,2.485,0,false,leaderless,1
2026-04-03T20:56:07.330938-07:00,read,key-0,0.377,1,false,leaderless,1
2026-04-03T20:56:07.331317-07:00,read,key-0,0.332,1,false,leaderless,1
2026-04-03T20:56:07.331288-07:00,read,key-0,0.373,1,false,leaderless,1
2026-04-03T20:56:07.33131-07:00,read,key-7,2.238,0,false,leaderless,1
2026-04-03T20:56:07.331663-07:00,read,key-0,1.928,0,false,leaderless,1
2026-04-03T20:56:07.33165-07:00,read,key-2,1.995,0,false,leaderless,1
2026-04-03T20:56:07.333592-07:00,read,key-9,0.399,2,false,leaderless,1
2026-04-03T20:56:07.333992-07:00,read,key-1,0.267,1,false,leaderless,1
2026-04-03T20:56:07.333645-07:00,read,key-5,0.627,4,false,leaderless,1
2026-04-03T20:56:07.334273-07:00,read,key-7,0.213,2,false,leaderless,1
2026-04-03T20:56:07.333549-07:00,read,key-9,2.723,0,false,leaderless,1
2026-04-03T20:56:07.334487-07:00,read,key-1,1.827,0,false,leaderless,1
2026-04-03T20:56:07.33426-07:00,read,key-9,2.064,0,false,leaderless,1
2026-04-03T20:56:07.336273-07:00,read,key-4,0.309,1,false,leaderless,1
2026-04-03T20:56:07.336583-07:00,read,key-3,0.188,1,false,leaderless,1
2026-04-03T20:56:07.336315-07:00,read,key-2,2.505,0,false,leaderless,1
2026-04-03T20:56:07.336771-07:00,read,key-9,2.145,0,false,leaderless,1
2026-04-03T20:56:07.336325-07:00,read,key-4,2.629,0,false,leaderless,1
2026-04-03T20:56:07.338917-07:00,read,key-6,2.311,0,false,leaderless,1
2026-04-03T20:56:07.338955-07:00,read,key-8,2.385,0,false,leaderless,1
2026-04-03T20:56:07.33882-07:00,read,key-1,2.567,0,false,leaderless,1
2026-04-03T20:56:07.341229-07:00,read,key-7,0.442,2,false,leaderless,1
2026-04-03T20:56:07.341341-07:00,read,key-1,0.341,1,false,leaderless,1
2026-04-03T20:56:07.341389-07:00,read,key-8,2.492,0,false,leaderless,1
2026-04-03T20:56:07.341672-07:00,read,key-1,2.214,0,false,leaderless,1
2026-04-03T20:56:07.341683-07:00,read,key-2,2.209,0,false,leaderless,1
2026-04-03T20:56:07.343887-07:00,read,key-1,2.390,0,false,leaderless,1
2026-04-03T20:56:07.343882-07:00,read,key-2,2.542,0,false,leaderless,1
2026-04-03T20:56:07.343894-07:00,read,key-3,2.625,0,false,leaderless,1
2026-04-03T20:56:07.34652-07:00,read,key-1,0.332,1,false,leaderless,1
2026-04-03T20:56:07.346853-07:00,read,key-9,1.738,0,false,leaderless,1
2026-04-03T20:56:07.346278-07:00,read,key-5,2.362,0,false,leaderless,1
2026-04-03T20:56:07.346425-07:00,read,key-5,2.294,0,false,leaderless,1
2026-04-03T20:56:07.348641-07:00,read,key-4,0.416,1,false,leaderless,1
2026-04-03T20:56:07.34872-07:00,read,key-2,0.394,2,false,leaderless,1
2026-04-03T20:56:07.349058-07:00,read,key-9,0.240,2,false,leaderless,1
2026-04-03T20:56:07.349116-07:00,read,key-8,1.743,0,false,leaderless,1
2026-04-03T20:56:07.348592-07:00,read,key-4,2.297,0,false,leaderless,1
2026-04-03T20:56:07.349299-07:00,read,key-0,1.595,0,false,leaderless,1
2026-04-03T20:56:07.350889-07:00,read,key-2,0.391,2,false,leaderless,1
2026-04-03T20:56:07.35086-07:00,read,key-5,0.425,4,false,leaderless,1
2026-04-03T20:56:07.350895-07:00,read,key-8,0.630,2,false,leaderless,1
2026-04-03T20:56:07.351281-07:00,read,key-8,0.245,2,false,leaderless,1
2026-04-03T20:56:07.351286-07:00,read,key-5,1.949,0,false,leaderless,1
2026-04-03T20:56:07.351525-07:00,read,key-9,1.745,0,false,leaderless,1
2026-04-03T20:56:07.351527-07:00,read,key-7,1.787,0,false,leaderless,1
2026-04-03T20:56:07.353236-07:00,read,key-1,0.354,1,false,leaderless,1
2026-04-03T20:56:07.353271-07:00,read,key-6,0.514,0,false,leaderless,1
2026-04-03T20:56:07.353314-07:00,read,key-4,3.636,0,false,leaderless,1
2026-04-03T20:56:07.353787-07:00,read,key-3,3.201,0,false,leaderless,1
2026-04-03T20:56:07.353591-07:00,read,key-3,3.400,0,false,leaderless,1
2026-04-03T20:56:07.356951-07:00,read,key-7,0.345,2,false,leaderless,1
2026-04-03T20:56:07.356989-07:00,read,key-4,2.593,0,false,leaderless,1
2026-04-03T20:56:07.356992-07:00,read,key-3,2.670,0,false,leaderless,1
2026-04-03T20:56:07.357298-07:00,read,key-3,2.388,0,false,leaderless,1
2026-04-03T20:56:07.359583-07:00,read,key-4,2.628,0,false,leaderless,1
2026-04-03T20:56:07.359687-07:00,read,key-7,2.573,0,false,leaderless,1
2026-04-03T20:56:07.359663-07:00,read,key-2,2.655,0,false,leaderless,1
2026-04-03T20:56:07.362212-07:00,read,key-7,2.476,0,false,leaderless,1
2026-04-03T20:56:07.36226-07:00,read,key-2,2.584,0,false,leaderless,1
2026-04-03T20:56:07.362319-07:00,read,key-2,2.538,0,false,leaderless,1
2026-04-03T20:56:07.364858-07:00,read,key-6,0.387,0,false,leaderless,1
2026-04-03T20:56:07.364845-07:00,read,key-7,0.972,0,false,leaderless,1
2026-04-03T20:56:07.364689-07:00,read,key-8,1.142,0,false,leaderless,1
2026-04-03T20:56:07.365818-07:00,read,key-7,0.531,2,false,leaderless,1
2026-04-03T20:56:07.365247-07:00,read,key-2,1.442,0,false,leaderless,1
2026-04-03T20:56:07.365832-07:00,read,key-9,1.146,2,false,leaderless,1
2026-04-03T20:56:07.36669-07:00,read,key-2,0.588,2,false,leaderless,1
2026-04-03T20:56:07.366979-07:00,read,key-1,1.994,0,false,leaderless,1
2026-04-03T20:56:07.367279-07:00,read,key-2,1.697,0,false,leaderless,1
2026-04-03T20:56:07.36635-07:00,read,key-8,2.748,0,false,leaderless,1
2026-04-03T20:56:07.368974-07:00,read,key-6,0.459,0,false,leaderless,1
2026-04-03T20:56:07.369098-07:00,read,key-8,2.470,0,false,leaderless,1
2026-04-03T20:56:07.369434-07:00,read,key-8,2.152,0,false,leaderless,1
2026-04-03T20:56:07.368976-07:00,read,key-5,2.626,0,false,leaderless,1
2026-04-03T20:56:07.371604-07:00,read,key-9,0.365,2,false,leaderless,1
2026-04-03T20:56:07.371569-07:00,read,key-4,0.432,1,false,leaderless,1
2026-04-03T20:56:07.371588-07:00,read,key-8,0.448,1,false,leaderless,1
2026-04-03T20:56:07.372036-07:00,read,key-0,0.280,1,false,leaderless,1
2026-04-03T20:56:07.372318-07:00,read,key-8,1.937,0,false,leaderless,1
2026-04-03T20:56:07.37197-07:00,read,key-4,2.325,0,false,leaderless,1
2026-04-03T20:56:07.372003-07:00,read,key-7,2.425,0,false,leaderless,1
2026-04-03T20:56:07.374296-07:00,read,key-0,0.307,1,false,leaderless,1
2026-04-03T20:56:07.374429-07:00,read,key-4,2.280,0,false,leaderless,1
2026-04-03T20:56:07.374256-07:00,read,key-0,2.469,0,false,leaderless,1
2026-04-03T20:56:07.374605-07:00,read,key-2,2.121,0,false,leaderless,1
2026-04-03T20:56:07.376709-07:00,read,key-5,0.422,4,false,leaderless,1
2026-04-03T20:56:07.376725-07:00,read,key-5,0.691,4,false,leaderless,1
2026-04-03T20:56:07.377132-07:00,read,key-5,0.301,2,false,leaderless,1
2026-04-03T20:56:07.376727-07:00,read,key-4,2.637,0,false,leaderless,1
2026-04-03T20:56:07.377434-07:00,read,key-8,1.950,0,false,leaderless,1
2026-04-03T20:56:07.377418-07:00,read,key-2,1.976,0,false,leaderless,1
2026-04-03T20:56:07.379394-07:00,read,key-9,0.349,2,false,leaderless,1
2026-04-03T20:56:07.379365-07:00,read,key-0,2.369,1,false,leaderless,1
2026-04-03T20:56:07.379744-07:00,read,key-7,2.062,0,false,leaderless,1
2026-04-03T20:56:07.379386-07:00,read,key-3,2.424,0,false,leaderless,1
2026-04-03T20:56:07.381811-07:00,read,key-7,0.334,2,false,leaderless,1
2026-04-03T20:56:07.382146-07:00,read,key-2,0.209,0,false,leaderless,1
2026-04-03T20:56:07.382356-07:00,read,key-5,0.268,2,false,leaderless,1
2026-04-03T20:56:07.382625-07:00,read,key-4,0.232,1,false,leaderless,1
2026-04-03T20:56:07.382858-07:00,read,key-8,0.163,1,false,leaderless,1
2026-04-03T20:56:07.383022-07:00,read,key-0,1.110,0,false,leaderless,1
2026-04-03T20:56:07.381737-07:00,read,key-0,2.638,0,false,leaderless,1
2026-04-03T20:56:07.381807-07:00,read,key-2,2.589,0,false,leaderless,1
2026-04-03T20:56:07.384397-07:00,read,key-0,1.988,1,false,leaderless,1
2026-04-03T20:56:07.384133-07:00,read,key-7,2.270,0,false,leaderless,1
2026-04-03T20:56:07.386386-07:00,read,key-4,2.112,0,false,leaderless,1
2026-04-03T20:56:07.386404-07:00,read,key-5,2.175,0,false,leaderless,1
2026-04-03T20:56:07.388499-07:00,read,key-6,2.256,0,false,leaderless,1
2026-04-03T20:56:07.38858-07:00,read,key-7,2.208,0,false,leaderless,1
2026-04-03T20:56:07.390757-07:00,read,key-7,0.320,2,false,leaderless,1
2026-04-03T20:56:07.391078-07:00,read,key-8,0.286,0,false,leaderless,1
2026-04-03T20:56:07.390789-07:00,read,key-8,0.583,2,false,leaderless,1
2026-04-03T20:56:07.391365-07:00,read,key-2,1.864,0,false,leaderless,1
2026-04-03T20:56:07.391373-07:00,read,key-2,1.866,0,false,leaderless,1
2026-04-03T20:56:07.39323-07:00,read,key-8,2.374,0,false,leaderless,1
2026-04-03T20:56:07.39324-07:00,read,key-1,2.374,0,false,leaderless,1
2026-04-03T20:56:07.395615-07:00,read,key-8,0.338,2,false,leaderless,1
2026-04-03T20:56:07.395954-07:00,read,key-8,0.246,1,false,leaderless,1
2026-04-03T20:56:07.395605-07:00,read,key-3,2.579,0,false,leaderless,1
2026-04-03T20:56:07.3962-07:00,read,key-7,2.008,0,false,leaderless,1
2026-04-03T20:56:07.398184-07:00,read,key-9,0.383,2,false,leaderless,1
2026-04-03T20:56:07.398568-07:00,read,key-8,0.231,2,false,leaderless,1
2026-04-03T20:56:07.398801-07:00,read,key-5,1.732,0,false,leaderless,1
2026-04-03T20:56:07.398209-07:00,read,key-9,2.341,0,false,leaderless,1
2026-04-03T20:56:07.40055-07:00,read,key-8,2.180,0,false,leaderless,1
2026-04-03T20:56:07.400534-07:00,read,key-9,2.271,0,false,leaderless,1
2026-04-03T20:56:07.402731-07:00,read,key-1,0.257,1,false,leaderless,1
2026-04-03T20:56:07.402806-07:00,read,key-3,0.307,2,false,leaderless,1
2026-04-03T20:56:07.403114-07:00,read,key-7,0.248,2,false,leaderless,1
2026-04-03T20:56:07.402991-07:00,read,key-4,2.298,0,false,leaderless,1
2026-04-03T20:56:07.403363-07:00,read,key-0,1.970,0,false,leaderless,1
2026-04-03T20:56:07.405289-07:00,read,key-1,2.481,0,false,leaderless,1
2026-04-03T20:56:07.405334-07:00,read,key-5,2.479,0,false,leaderless,1
2026-04-03T20:56:07.407814-07:00,read,key-6,2.448,0,false,leaderless,1
2026-04-03T20:56:07.407771-07:00,read,key-7,2.514,0,false,leaderless,1
2026-04-03T20:56:07.410263-07:00,read,key-7,2.719,1,false,leaderless,1
2026-04-03T20:56:07.410286-07:00,read,key-9,2.709,0,false,leaderless,1
2026-04-03T20:56:07.412984-07:00,read,key-5,0.280,4,false,leaderless,1
2026-04-03T20:56:07.412996-07:00,read,key-5,2.645,0,false,leaderless,1
2026-04-03T20:56:07.413265-07:00,read,key-8,2.412,0,false,leaderless,1
2026-04-03T20:56:07.415642-07:00,read,key-1,0.327,1,false,leaderless,1
2026-04-03T20:56:07.415971-07:00,read,key-9,1.984,0,false,leaderless,1
2026-04-03T20:56:07.415678-07:00,read,key-2,2.365,0,false,leaderless,1
2026-04-03T20:56:07.417956-07:00,read,key-2,0.402,2,false,leaderless,1
2026-04-03T20:56:07.418359-07:00,read,key-6,0.295,0,false,leaderless,1
2026-04-03T20:56:07.418655-07:00,read,key-2,0.269,2,false,leaderless,1
2026-04-03T20:56:07.418044-07:00,read,key-2,2.217,0,false,leaderless,1
2026-04-03T20:56:07.418925-07:00,read,key-7,1.371,1,false,leaderless,1
2026-04-03T20:56:07.420297-07:00,read,key-3,0.318,2,false,leaderless,1
2026-04-03T20:56:07.420616-07:00,read,key-0,0.215,1,false,leaderless,1
2026-04-03T20:56:07.420832-07:00,read,key-1,0.216,1,false,leaderless,1
2026-04-03T20:56:07.420262-07:00,read,key-1,2.271,0,false,leaderless,1
2026-04-03T20:56:07.42105-07:00,read,key-0,1.507,0,false,leaderless,1
2026-04-03T20:56:07.422557-07:00,read,key-3,0.411,2,false,leaderless,1
2026-04-03T20:56:07.422534-07:00,read,key-7,0.446,1,false,leaderless,1
2026-04-03T20:56:07.422981-07:00,read,key-6,2.389,0,false,leaderless,1
2026-04-03T20:56:07.425371-07:00,read,key-6,0.257,0,false,leaderless,1
2026-04-03T20:56:07.425629-07:00,read,key-3,0.181,0,false,leaderless,1
2026-04-03T20:56:07.425811-07:00,read,key-4,0.279,1,false,leaderless,1
2026-04-03T20:56:07.42609-07:00,read,key-3,2.601,0,false,leaderless,1
2026-04-03T20:56:07.428692-07:00,read,key-3,2.198,0,false,leaderless,1
2026-04-03T20:56:07.430891-07:00,read,key-4,2.633,0,false,leaderless,1
2026-04-03T20:56:07.433525-07:00,read,key-6,0.245,0,false,leaderless,1
2026-04-03T20:56:07.433772-07:00,read,key-6,2.468,0,false,leaderless,1
2026-04-03T20:56:07.436241-07:00,read,key-5,2.172,0,false,leaderless,1
2026-04-03T20:56:07.438414-07:00,read,key-3,3.160,2,false,leaderless,1
2026-04-03T20:56:07.441576-07:00,read,key-4,2.714,0,false,leaderless,1
2026-04-03T20:56:07.444291-07:00,read,key-4,2.733,0,false,leaderless,1
2026-04-03T20:56:07.447026-07:00,read,key-1,0.352,1,false,leaderless,1
2026-04-03T20:56:07.447379-07:00,read,key-1,2.205,0,false,leaderless,1
2026-04-03T20:56:07.449585-07:00,read,key-6,0.217,0,false,leaderless,1
2026-04-03T20:56:07.449804-07:00,read,key-1,5.592,1,false,leaderless,1
2026-04-03T20:56:07.455397-07:00,read,key-4,2.888,0,false,leaderless,1
2026-04-03T20:56:07.458286-07:00,read,key-8,0.316,2,false,leaderless,1
2026-04-03T20:56:07.458603-07:00,read,key-2,2.458,2,false,leaderless,1
2026-04-03T20:56:07.461065-07:00,read,key-4,0.294,1,false,leaderless,1
2026-04-03T20:56:07.46136-07:00,read,key-7,2.195,0,false,leaderless,1
2026-04-03T20:56:07.463556-07:00,read,key-0,0.292,1,false,leaderless,1
2026-04-03T20:56:07.463849-07:00,read,key-2,0.275,2,false,leaderless,1
2026-04-03T20:56:07.464126-07:00,read,key-1,0.265,1,false,leaderless,1
2026-04-03T20:56:07.464392-07:00,read,key-9,0.216,2,false,leaderless,1
2026-04-03T20:56:07.46461-07:00,read,key-1,2.444,0,false,leaderless,1
2026-04-03T20:56:07.467055-07:00,read,key-6,0.266,0,false,leaderless,1
2026-04-03T20:56:07.467322-07:00,read,key-0,0.294,1,false,leaderless,1
2026-04-03T20:56:07.467617-07:00,read,key-0,0.217,2,false,leaderless,1
2026-04-03T20:56:07.467836-07:00,read,key-3,2.288,0,false,leaderless,1
2026-04-03T20:56:07.470125-07:00,read,key-5,2.275,0,false,leaderless,1
2026-04-03T20:56:07.472402-07:00,read,key-3,2.185,0,false,leaderless,1
2026-04-03T20:56:07.474588-07:00,read,key-4,0.309,1,false,leaderless,1
2026-04-03T20:56:07.474897-07:00,read,key-3,0.269,2,false,leaderless,1
2026-04-03T20:56:07.475168-07:00,read,key-6,2.431,0,false,leaderless,1
2026-04-03T20:56:07.477599-07:00,read,key-8,0.346,2,false,leaderless,1
2026-04-03T20:56:07.477947-07:00,read,key-8,2.555,1,false,leaderless,1
2026-04-03T20:56:07.480503-07:00,read,key-4,2.409,0,false,leaderless,1
2026-04-03T20:56:07.482913-07:00,read,key-2,0.294,1,false,leaderless,1
2026-04-03T20:56:07.483209-07:00,read,key-4,0.227,1,false,leaderless,1
2026-04-03T20:56:07.483437-07:00,read,key-8,0.269,2,false,leaderless,1
2026-04-03T20:56:07.071092-07:00,write,key-0,809.964,1,false,leaderless,1
2026-04-03T20:56:07.881068-07:00,read,key-0,2.338,2,false,leaderless,1
2026-04-03T20:56:07.883413-07:00,read,key-7,0.991,3,false,leaderless,1
2026-04-03T20:56:07.884408-07:00,read,key-9,1.816,2,false,leaderless,1
2026-04-03T20:56:07.081511-07:00,write,key-5,806.005,1,false,leaderless,1
2026-04-03T20:56:07.887516-07:00,read,key-9,0.528,2,false,leaderless,1
2026-04-03T20:56:07.888048-07:00,read,key-7,0.443,3,false,leaderless,1
2026-04-03T20:56:07.886228-07:00,read,key-2,7.459,2,false,leaderless,1
2026-04-03T20:56:07.888492-07:00,read,key-2,5.202,1,false,leaderless,1
2026-04-03T20:56:07.893696-07:00,read,key-5,0.519,2,false,leaderless,1
2026-04-03T20:56:07.893692-07:00,read,key-0,1.045,2,false,leaderless,1
2026-04-03T20:56:07.894217-07:00,read,key-2,1.052,2,false,leaderless,1
2026-04-03T20:56:07.89474-07:00,read,key-7,0.618,3,false,leaderless,1
2026-04-03T20:56:07.89527-07:00,read,key-4,0.573,2,false,leaderless,1
2026-04-03T20:56:07.89536-07:00,read,key-7,0.511,2,false,leaderless,1
2026-04-03T20:56:07.895845-07:00,read,key-5,0.347,4,false,leaderless,1
2026-04-03T20:56:07.896194-07:00,read,key-8,0.502,2,false,leaderless,1
2026-04-03T20:56:07.896697-07:00,read,key-2,0.710,2,false,leaderless,1
2026-04-03T20:56:07.89741-07:00,read,key-7,0.562,3,false,leaderless,1
2026-04-03T20:56:07.897974-07:00,read,key-0,0.484,2,false,leaderless,1
2026-04-03T20:56:07.89846-07:00,read,key-6,0.437,0,false,leaderless,1
2026-04-03T20:56:07.898898-07:00,read,key-9,0.490,2,false,leaderless,1
2026-04-03T20:56:07.899389-07:00,read,key-6,0.340,0,false,leaderless,1
2026-04-03T20:56:07.89973-07:00,read,key-0,0.413,2,false,leaderless,1
2026-04-03T20:56:07.900145-07:00,read,key-1,3.508,1,false,leaderless,1
2026-04-03T20:56:07.903655-07:00,read,key-3,0.319,2,false,leaderless,1
2026-04-03T20:56:07.903976-07:00,read,key-8,0.303,2,false,leaderless,1
2026-04-03T20:56:07.904281-07:00,read,key-8,0.373,2,false,leaderless,1
2026-04-03T20:56:07.904655-07:00,read,key-4,0.346,1,false,leaderless,1
2026-04-03T20:56:07.905002-07:00,read,key-6,0.415,0,false,leaderless,1
2026-04-03T20:56:07.905419-07:00,read,key-3,0.360,2,false,leaderless,1
2026-04-03T20:56:07.90578-07:00,read,key-8,0.293,2,false,leaderless,1
2026-04-03T20:56:07.906074-07:00,read,key-6,0.344,0,false,leaderless,1
2026-04-03T20:56:07.906419-07:00,read,key-1,3.109,1,false,leaderless,1
2026-04-03T20:56:07.909532-07:00,read,key-8,0.335,2,false,leaderless,1
2026-04-03T20:56:07.909869-07:00,read,key-5,0.265,4,false,leaderless,1
2026-04-03T20:56:07.910136-07:00,read,key-3,0.379,2,false,leaderless,1
2026-04-03T20:56:07.910516-07:00,read,key-4,0.365,1,false,leaderless,1
2026-04-03T20:56:07.106484-07:00,write,key-1,804.717,1,false,leaderless,1
2026-04-03T20:56:07.910883-07:00,read,key-2,3.671,2,false,leaderless,1
2026-04-03T20:56:07.104854-07:00,write,key-7,809.946,1,false,leaderless,1
2026-04-03T20:56:07.9112-07:00,read,key-8,3.682,2,false,leaderless,1
2026-04-03T20:56:07.914799-07:00,read,key-1,0.320,1,false,leaderless,1
2026-04-03T20:56:07.914555-07:00,read,key-7,0.635,2,false,leaderless,1
2026-04-03T20:56:07.915121-07:00,read,key-6,0.337,0,false,leaderless,1
2026-04-03T20:56:07.914884-07:00,read,key-5,0.650,4,false,leaderless,1
2026-04-03T20:56:07.915192-07:00,read,key-6,0.384,0,false,leaderless,1
2026-04-03T20:56:07.915459-07:00,read,key-5,0.337,4,false,leaderless,1
2026-04-03T20:56:07.915577-07:00,read,key-6,0.325,0,false,leaderless,1
2026-04-03T20:56:07.915797-07:00,read,key-5,0.338,4,false,leaderless,1
2026-04-03T20:56:07.915536-07:00,read,key-7,0.641,3,false,leaderless,1
2026-04-03T20:56:07.916137-07:00,read,key-9,0.320,2,false,leaderless,1
2026-04-03T20:56:07.916178-07:00,read,key-5,0.323,4,false,leaderless,1
2026-04-03T20:56:07.915903-07:00,read,key-0,0.642,2,false,leaderless,1
2026-04-03T20:56:07.916502-07:00,read,key-7,0.529,3,false,leaderless,1
2026-04-03T20:56:07.916545-07:00,read,key-1,0.512,1,false,leaderless,1
2026-04-03T20:56:07.916458-07:00,read,key-8,1.239,1,false,leaderless,1
2026-04-03T20:56:07.917033-07:00,read,key-6,0.966,0,false,leaderless,1
2026-04-03T20:56:07.917698-07:00,read,key-9,0.338,2,false,leaderless,1
2026-04-03T20:56:07.918-07:00,read,key-4,0.327,3,false,leaderless,1
2026-04-03T20:56:07.918329-07:00,read,key-9,0.271,2,false,leaderless,1
2026-04-03T20:56:07.918601-07:00,read,key-1,0.212,1,false,leaderless,1
2026-04-03T20:56:07.918814-07:00,read,key-9,0.360,2,false,leaderless,1
2026-04-03T20:56:07.918038-07:00,read,key-2,1.616,1,false,leaderless,1
2026-04-03T20:56:07.919176-07:00,read,key-3,0.528,2,false,leaderless,1
2026-04-03T20:56:07.917059-07:00,read,key-3,2.981,1,false,leaderless,1
2026-04-03T20:56:07.919705-07:00,read,key-6,0.347,0,false,leaderless,1
2026-04-03T20:56:07.919655-07:00,read,key-1,0.430,1,false,leaderless,1
2026-04-03T20:56:07.920042-07:00,read,key-8,0.359,1,false,leaderless,1
2026-04-03T20:56:07.920087-07:00,read,key-5,0.361,4,false,leaderless,1
2026-04-03T20:56:07.920054-07:00,read,key-2,0.444,2,false,leaderless,1
2026-04-03T20:56:07.920448-07:00,read,key-6,0.305,0,false,leaderless,1
2026-04-03T20:56:07.9205-07:00,read,key-5,0.304,2,false,leaderless,1
2026-04-03T20:56:07.920402-07:00,read,key-0,0.449,2,false,leaderless,1
2026-04-03T20:56:07.920755-07:00,read,key-8,0.338,1,false,leaderless,1
2026-04-03T20:56:07.921094-07:00,read,key-7,0.276,3,false,leaderless,1
2026-04-03T20:56:07.920805-07:00,read,key-4,0.644,1,false,leaderless,1
2026-04-03T20:56:07.920853-07:00,read,key-0,0.897,1,false,leaderless,1
2026-04-03T20:56:07.92145-07:00,read,key-9,0.319,2,false,leaderless,1
2026-04-03T20:56:07.92177-07:00,read,key-1,0.273,1,false,leaderless,1
2026-04-03T20:56:07.921372-07:00,read,key-4,0.714,1,false,leaderless,1
2026-04-03T20:56:07.921751-07:00,read,key-6,0.937,0,false,leaderless,1
2026-04-03T20:56:07.922087-07:00,read,key-8,0.605,2,false,leaderless,1
2026-04-03T20:56:07.922691-07:00,read,key-4,0.434,2,false,leaderless,1
2026-04-03T20:56:07.922693-07:00,read,key-7,0.493,3,false,leaderless,1
2026-04-03T20:56:07.923126-07:00,read,key-2,0.467,2,false,leaderless,1
2026-04-03T20:56:07.922044-07:00,read,key-5,1.579,2,false,leaderless,1
2026-04-03T20:56:07.923188-07:00,read,key-1,0.465,1,false,leaderless,1
2026-04-03T20:56:07.923624-07:00,read,key-7,0.323,2,false,leaderless,1
2026-04-03T20:56:07.923654-07:00,read,key-8,0.354,2,false,leaderless,1
2026-04-03T20:56:07.923594-07:00,read,key-7,0.421,2,false,leaderless,1
2026-04-03T20:56:07.923949-07:00,read,key-6,0.226,0,false,leaderless,1
2026-04-03T20:56:07.924017-07:00,read,key-6,0.412,0,false,leaderless,1
2026-04-03T20:56:07.924009-07:00,read,key-3,0.433,1,false,leaderless,1
2026-04-03T20:56:07.924176-07:00,read,key-6,0.303,0,false,leaderless,1
2026-04-03T20:56:07.924443-07:00,read,key-8,0.263,1,false,leaderless,1
2026-04-03T20:56:07.92443-07:00,read,key-3,0.338,2,false,leaderless,1
2026-04-03T20:56:07.924707-07:00,read,key-5,0.261,4,false,leaderless,1
2026-04-03T20:56:07.92448-07:00,read,key-0,0.507,1,false,leaderless,1
2026-04-03T20:56:07.924969-07:00,read,key-2,0.272,2,false,leaderless,1
2026-04-03T20:56:07.925242-07:00,read,key-6,0.289,0,false,leaderless,1
2026-04-03T20:56:07.925532-07:00,read,key-0,0.326,2,false,leaderless,1
2026-04-03T20:56:07.925859-07:00,read,key-6,0.594,0,false,leaderless,1
2026-04-03T20:56:07.926455-07:00,read,key-1,0.282,1,false,leaderless,1
2026-04-03T20:56:07.924769-07:00,read,key-0,2.582,2,false,leaderless,1
2026-04-03T20:56:07.924988-07:00,read,key-6,2.368,0,false,leaderless,1
2026-04-03T20:56:07.927357-07:00,read,key-8,0.290,2,false,leaderless,1
2026-04-03T20:56:07.927353-07:00,read,key-2,0.308,2,false,leaderless,1
2026-04-03T20:56:07.927663-07:00,read,key-6,0.241,0,false,leaderless,1
2026-04-03T20:56:07.927649-07:00,read,key-5,0.255,4,false,leaderless,1
2026-04-03T20:56:07.927905-07:00,read,key-0,0.222,2,false,leaderless,1
2026-04-03T20:56:07.927905-07:00,read,key-8,0.295,1,false,leaderless,1
2026-04-03T20:56:07.125053-07:00,write,key-7,803.400,2,false,leaderless,1
2026-04-03T20:56:07.928128-07:00,read,key-0,0.332,2,false,leaderless,1
2026-04-03T20:56:07.926738-07:00,read,key-5,2.358,4,false,leaderless,1
2026-04-03T20:56:07.928201-07:00,read,key-4,0.903,2,false,leaderless,1
2026-04-03T20:56:07.928461-07:00,read,key-1,1.021,1,false,leaderless,1
2026-04-03T20:56:07.929105-07:00,read,key-2,0.398,2,false,leaderless,1
2026-04-03T20:56:07.929097-07:00,read,key-8,0.423,1,false,leaderless,1
2026-04-03T20:56:07.928452-07:00,read,key-2,1.102,2,false,leaderless,1
2026-04-03T20:56:07.929504-07:00,read,key-5,0.335,4,false,leaderless,1
2026-04-03T20:56:07.929483-07:00,read,key-3,0.401,2,false,leaderless,1
2026-04-03T20:56:07.929557-07:00,read,key-5,0.331,4,false,leaderless,1
2026-04-03T20:56:07.929841-07:00,read,key-1,0.232,1,false,leaderless,1
2026-04-03T20:56:07.929885-07:00,read,key-7,0.378,2,false,leaderless,1
2026-04-03T20:56:07.930265-07:00,read,key-0,0.336,1,false,leaderless,1
2026-04-03T20:56:07.929521-07:00,read,key-1,1.284,1,false,leaderless,1
2026-04-03T20:56:07.930074-07:00,read,key-2,0.799,2,false,leaderless,1
2026-04-03T20:56:07.930602-07:00,read,key-5,0.332,4,false,leaderless,1
2026-04-03T20:56:07.930806-07:00,read,key-7,0.273,3,false,leaderless,1
2026-04-03T20:56:07.930935-07:00,read,key-3,0.330,2,false,leaderless,1
2026-04-03T20:56:07.930874-07:00,read,key-7,0.404,4,false,leaderless,1
2026-04-03T20:56:07.931081-07:00,read,key-1,0.388,1,false,leaderless,1
2026-04-03T20:56:07.931267-07:00,read,key-7,0.270,3,false,leaderless,1
2026-04-03T20:56:07.931279-07:00,read,key-1,0.343,1,false,leaderless,1
2026-04-03T20:56:07.93147-07:00,read,key-7,0.274,3,false,leaderless,1
2026-04-03T20:56:07.931537-07:00,read,key-1,0.278,1,false,leaderless,1
2026-04-03T20:56:07.931622-07:00,read,key-4,0.242,3,false,leaderless,1
2026-04-03T20:56:07.931816-07:00,read,key-9,0.236,2,false,leaderless,1
2026-04-03T20:56:07.931865-07:00,read,key-9,0.278,2,false,leaderless,1
2026-04-03T20:56:07.932143-07:00,read,key-8,0.292,2,false,leaderless,1
2026-04-03T20:56:07.932054-07:00,read,key-8,0.395,2,false,leaderless,1
2026-04-03T20:56:07.932437-07:00,read,key-0,0.302,2,false,leaderless,1
2026-04-03T20:56:07.932449-07:00,read,key-5,0.307,4,false,leaderless,1
2026-04-03T20:56:07.932739-07:00,read,key-5,0.320,4,false,leaderless,1
2026-04-03T20:56:07.932758-07:00,read,key-3,0.368,2,false,leaderless,1
2026-04-03T20:56:07.933126-07:00,read,key-5,0.334,4,false,leaderless,1
2026-04-03T20:56:07.93306-07:00,read,key-2,0.437,2,false,leaderless,1
2026-04-03T20:56:07.933462-07:00,read,key-6,0.202,0,false,leaderless,1
2026-04-03T20:56:07.933498-07:00,read,key-1,0.241,1,false,leaderless,1
2026-04-03T20:56:07.933665-07:00,read,key-3,0.317,2,false,leaderless,1
2026-04-03T20:56:07.93374-07:00,read,key-9,0.267,2,false,leaderless,1
2026-04-03T20:56:07.933983-07:00,read,key-4,0.283,1,false,leaderless,1
2026-04-03T20:56:07.934008-07:00,read,key-6,0.278,0,false,leaderless,1
2026-04-03T20:56:07.934287-07:00,read,key-9,0.247,1,false,leaderless,1
2026-04-03T20:56:07.934267-07:00,read,key-9,0.279,2,false,leaderless,1
2026-04-03T20:56:07.934547-07:00,read,key-8,0.197,2,false,leaderless,1
2026-04-03T20:56:07.934535-07:00,read,key-8,0.229,2,false,leaderless,1
2026-04-03T20:56:07.934745-07:00,read,key-4,0.232,2,false,leaderless,1
2026-04-03T20:56:07.934765-07:00,read,key-6,0.258,0,false,leaderless,1
2026-04-03T20:56:07.934978-07:00,read,key-2,0.156,2,false,leaderless,1
2026-04-03T20:56:07.935024-07:00,read,key-9,0.297,1,false,leaderless,1
2026-04-03T20:56:07.935135-07:00,read,key-9,0.243,2,false,leaderless,1
2026-04-03T20:56:07.935321-07:00,read,key-2,0.248,2,false,leaderless,1
2026-04-03T20:56:07.93538-07:00,read,key-5,0.452,4,false,leaderless,1
2026-04-03T20:56:07.93557-07:00,read,key-5,0.270,4,false,leaderless,1
2026-04-03T20:56:07.935832-07:00,read,key-4,0.234,3,false,leaderless,1
2026-04-03T20:56:07.935841-07:00,read,key-4,0.245,1,false,leaderless,1
2026-04-03T20:56:07.936067-07:00,read,key-9,0.203,2,false,leaderless,1
2026-04-03T20:56:07.936086-07:00,read,key-3,0.228,1,false,leaderless,1
2026-04-03T20:56:07.936271-07:00,read,key-4,0.168,3,false,leaderless,1
2026-04-03T20:56:07.936316-07:00,read,key-2,0.259,3,false,leaderless,1
2026-04-03T20:56:07.93644-07:00,read,key-7,0.233,2,false,leaderless,1
2026-04-03T20:56:07.936576-07:00,read,key-1,0.288,1,false,leaderless,1
2026-04-03T20:56:07.936674-07:00,read,key-2,0.198,3,false,leaderless,1
2026-04-03T20:56:07.936865-07:00,read,key-8,0.156,1,false,leaderless,1
2026-04-03T20:56:07.936873-07:00,read,key-8,0.438,1,false,leaderless,1
2026-04-03T20:56:07.937021-07:00,read,key-8,0.302,2,false,leaderless,1
2026-04-03T20:56:07.937324-07:00,read,key-4,0.225,3,false,leaderless,1
2026-04-03T20:56:07.937311-07:00,read,key-5,0.262,4,false,leaderless,1
2026-04-03T20:56:07.93755-07:00,read,key-4,0.172,3,false,leaderless,1
2026-04-03T20:56:07.937573-07:00,read,key-8,0.236,2,false,leaderless,1
2026-04-03T20:56:07.937723-07:00,read,key-1,0.246,1,false,leaderless,1
2026-04-03T20:56:07.937811-07:00,read,key-9,0.242,2,false,leaderless,1
2026-04-03T20:56:07.938053-07:00,read,key-1,0.278,1,false,leaderless,1
2026-04-03T20:56:07.93797-07:00,read,key-4,0.377,2,false,leaderless,1
2026-04-03T20:56:07.938332-07:00,read,key-4,0.321,1,false,leaderless,1
2026-04-03T20:56:07.938348-07:00,read,key-3,0.319,2,false,leaderless,1
2026-04-03T20:56:07.938668-07:00,read,key-9,0.200,2,false,leaderless,1
2026-04-03T20:56:07.938654-07:00,read,key-6,0.227,0,false,leaderless,1
2026-04-03T20:56:07.938869-07:00,read,key-1,0.219,1,false,leaderless,1
2026-04-03T20:56:07.135861-07:00,write,key-9,806.562,1,false,leaderless,1
2026-04-03T20:56:07.138964-07:00,write,key-3,807.955,1,false,leaderless,1
2026-04-03T20:56:07.162546-07:00,write,key-8,804.134,1,false,leaderless,1
2026-04-03T20:56:07.1652-07:00,write,key-2,803.422,1,false,leaderless,1
2026-04-03T20:56:07.175045-07:00,write,key-5,804.525,2,false,leaderless,1
2026-04-03T20:56:07.176519-07:00,write,key-4,803.101,1,false,leaderless,1
2026-04-03T20:56:07.231774-07:00,write,key-9,806.322,2,false,leaderless,1
2026-04-03T20:56:07.258698-07:00,write,key-2,807.826,2,false,leaderless,1
2026-04-03T20:56:07.293778-07:00,write,key-8,803.834,2,false,leaderless,1
2026-04-03T20:56:07.299035-07:00,write,key-5,804.813,3,false,leaderless,1
2026-04-03T20:56:07.306333-07:00,write,key-3,806.442,2,false,leaderless,1
2026-04-03T20:56:07.328824-07:00,write,key-5,803.742,4,false,leaderless,1
2026-04-03T20:56:07.384376-07:00,write,key-0,805.678,2,false,leaderless,1
2026-04-03T20:56:07.422969-07:00,write,key-7,804.234,3,false,leaderless,1
2026-04-03T20:56:07.483707-07:00,write,key-4,808.264,2,false,leaderless,1
2026-04-03T20:56:07.895873-07:00,write,key-4,810.269,3,false,leaderless,1
2026-04-03T20:56:07.931746-07:00,write,key-2,810.772,3,false,leaderless,1
2026-04-03T20:56:07.929889-07:00,write,key-7,812.741,4,false,leaderless,1
