timestamp,type,key,latency_ms,version,stale_read,db_type,write_pct
2026-04-03T20:52:58.780252-07:00,write,key-3,10.173,116,false,leader-w1r5,90
2026-04-03T20:52:58.780269-07:00,write,key-2,10.158,123,false,leader-w1r5,90
2026-04-03T20:52:58.780476-07:00,write,key-1,9.948,110,false,leader-w1r5,90
2026-04-03T20:52:58.780444-07:00,write,key-4,10.002,115,false,leader-w1r5,90
2026-04-03T20:52:58.780362-07:00,write,key-2,10.090,121,false,leader-w1r5,90
2026-04-03T20:52:58.780311-07:00,write,key-7,10.146,133,false,leader-w1r5,90
2026-04-03T20:52:58.7805-07:00,write,key-6,9.938,97,false,leader-w1r5,90
2026-04-03T20:52:58.780401-07:00,write,key-4,10.063,114,false,leader-w1r5,90
2026-04-03T20:52:58.780485-07:00,write,key-8,9.981,121,false,leader-w1r5,90
2026-04-03T20:52:58.780407-07:00,write,key-8,10.069,123,false,leader-w1r5,90
2026-04-03T20:52:58.780507-07:00,write,key-9,9.984,137,false,leader-w1r5,90
2026-04-03T20:52:58.780351-07:00,write,key-0,10.151,130,false,leader-w1r5,90
2026-04-03T20:52:58.780178-07:00,write,key-6,10.325,98,false,leader-w1r5,90
2026-04-03T20:52:58.780183-07:00,write,key-1,10.327,108,false,leader-w1r5,90
2026-04-03T20:52:58.780308-07:00,write,key-8,10.214,122,false,leader-w1r5,90
2026-04-03T20:52:58.780265-07:00,write,key-4,10.238,113,false,leader-w1r5,90
2026-04-03T20:52:58.780421-07:00,write,key-1,10.484,109,false,leader-w1r5,90
2026-04-03T20:52:58.780475-07:00,write,key-2,10.475,122,false,leader-w1r5,90
2026-04-03T20:52:58.790427-07:00,write,key-5,1.406,130,false,leader-w1r5,90
2026-04-03T20:52:58.790469-07:00,write,key-5,1.385,129,false,leader-w1r5,90
2026-04-03T20:52:58.790465-07:00,write,key-5,1.399,128,false,leader-w1r5,90
2026-04-03T20:52:58.790477-07:00,write,key-4,1.406,116,false,leader-w1r5,90
2026-04-03T20:52:58.790492-07:00,write,key-0,1.400,131,false,leader-w1r5,90
2026-04-03T20:52:58.790448-07:00,write,key-5,1.445,126,false,leader-w1r5,90
2026-04-03T20:52:58.790445-07:00,write,key-8,1.466,124,false,leader-w1r5,90
2026-04-03T20:52:58.790458-07:00,write,key-2,1.454,125,false,leader-w1r5,90
2026-04-03T20:52:58.790463-07:00,write,key-2,1.450,124,false,leader-w1r5,90
2026-04-03T20:52:58.790455-07:00,write,key-5,1.462,127,false,leader-w1r5,90
2026-04-03T20:52:58.791884-07:00,write,key-2,0.548,126,false,leader-w1r5,90
2026-04-03T20:52:58.791893-07:00,write,key-5,0.564,131,false,leader-w1r5,90
2026-04-03T20:52:58.791855-07:00,write,key-3,0.628,117,false,leader-w1r5,90
2026-04-03T20:52:58.791834-07:00,write,key-2,0.652,127,false,leader-w1r5,90
2026-04-03T20:52:58.790534-07:00,write,key-7,1.970,136,false,leader-w1r5,90
2026-04-03T20:52:58.790905-07:00,write,key-7,1.643,135,false,leader-w1r5,90
2026-04-03T20:52:58.790509-07:00,write,key-7,2.063,134,false,leader-w1r5,90
2026-04-03T20:52:58.790956-07:00,write,key-4,1.627,117,false,leader-w1r5,90
2026-04-03T20:52:58.790523-07:00,write,key-0,2.087,132,false,leader-w1r5,90
2026-04-03T20:52:58.791865-07:00,write,key-0,0.764,133,false,leader-w1r5,90
2026-04-03T20:52:58.791911-07:00,write,key-7,3.023,139,false,leader-w1r5,90
2026-04-03T20:52:58.792584-07:00,write,key-9,2.368,138,false,leader-w1r5,90
2026-04-03T20:52:58.792611-07:00,write,key-1,2.360,111,false,leader-w1r5,90
2026-04-03T20:52:58.792484-07:00,write,key-0,2.478,134,false,leader-w1r5,90
2026-04-03T20:52:58.792458-07:00,write,key-2,2.531,129,false,leader-w1r5,90
2026-04-03T20:52:58.792489-07:00,write,key-3,2.501,118,false,leader-w1r5,90
2026-04-03T20:52:58.792505-07:00,write,key-7,2.502,138,false,leader-w1r5,90
2026-04-03T20:52:58.792549-07:00,write,key-7,2.468,137,false,leader-w1r5,90
2026-04-03T20:52:58.791894-07:00,write,key-2,3.131,128,false,leader-w1r5,90
2026-04-03T20:52:58.791918-07:00,write,key-5,3.017,132,false,leader-w1r5,90
2026-04-03T20:52:58.795009-07:00,write,key-8,1.610,126,false,leader-w1r5,90
2026-04-03T20:52:58.794981-07:00,write,key-8,1.659,125,false,leader-w1r5,90
2026-04-03T20:52:58.794992-07:00,write,key-7,1.677,140,false,leader-w1r5,90
2026-04-03T20:52:58.792575-07:00,write,key-1,4.103,113,false,leader-w1r5,90
2026-04-03T20:52:58.79499-07:00,write,key-0,1.732,136,false,leader-w1r5,90
2026-04-03T20:52:58.794937-07:00,write,key-1,1.813,112,false,leader-w1r5,90
2026-04-03T20:52:58.79263-07:00,write,key-5,4.147,133,false,leader-w1r5,90
2026-04-03T20:52:58.794972-07:00,write,key-2,1.823,130,false,leader-w1r5,90
2026-04-03T20:52:58.794967-07:00,write,key-0,2.271,135,false,leader-w1r5,90
2026-04-03T20:52:58.796796-07:00,write,key-8,2.313,127,false,leader-w1r5,90
2026-04-03T20:52:58.79678-07:00,write,key-6,2.339,99,false,leader-w1r5,90
2026-04-03T20:52:58.796678-07:00,write,key-3,2.458,119,false,leader-w1r5,90
2026-04-03T20:52:58.79675-07:00,write,key-6,2.408,100,false,leader-w1r5,90
2026-04-03T20:52:58.79662-07:00,write,key-0,2.654,138,false,leader-w1r5,90
2026-04-03T20:52:58.795026-07:00,write,key-0,4.434,137,false,leader-w1r5,90
2026-04-03T20:52:58.799162-07:00,write,key-0,0.376,139,false,leader-w1r5,90
2026-04-03T20:52:58.79912-07:00,write,key-3,0.487,120,false,leader-w1r5,90
2026-04-03T20:52:58.799609-07:00,write,key-2,1.595,132,false,leader-w1r5,90
2026-04-03T20:52:58.799462-07:00,write,key-8,1.758,130,false,leader-w1r5,90
2026-04-03T20:52:58.796669-07:00,write,key-8,4.576,128,false,leader-w1r5,90
2026-04-03T20:52:58.799276-07:00,write,key-8,1.974,129,false,leader-w1r5,90
2026-04-03T20:52:58.795038-07:00,write,key-0,6.235,140,false,leader-w1r5,90
2026-04-03T20:52:58.796641-07:00,write,key-6,4.638,102,false,leader-w1r5,90
2026-04-03T20:52:58.799539-07:00,write,key-2,1.665,131,false,leader-w1r5,90
2026-04-03T20:52:58.79911-07:00,write,key-6,2.191,101,false,leader-w1r5,90
2026-04-03T20:52:58.795019-07:00,write,key-0,6.296,141,false,leader-w1r5,90
2026-04-03T20:52:58.797239-07:00,write,key-7,4.294,141,false,leader-w1r5,90
2026-04-03T20:52:58.801252-07:00,write,key-5,1.017,135,false,leader-w1r5,90
2026-04-03T20:52:58.801221-07:00,write,key-3,1.054,123,false,leader-w1r5,90
2026-04-03T20:52:58.801206-07:00,write,key-1,1.101,114,false,leader-w1r5,90
2026-04-03T20:52:58.801274-07:00,write,key-3,1.049,121,false,leader-w1r5,90
2026-04-03T20:52:58.801302-07:00,write,key-8,1.030,132,false,leader-w1r5,90
2026-04-03T20:52:58.80128-07:00,write,key-5,1.067,134,false,leader-w1r5,90
2026-04-03T20:52:58.8013-07:00,write,key-8,1.046,131,false,leader-w1r5,90
2026-04-03T20:52:58.801246-07:00,write,key-4,1.134,118,false,leader-w1r5,90
2026-04-03T20:52:58.801315-07:00,write,key-3,1.078,122,false,leader-w1r5,90
2026-04-03T20:52:58.802394-07:00,write,key-4,1.380,120,false,leader-w1r5,90
2026-04-03T20:52:58.802307-07:00,write,key-2,1.478,134,false,leader-w1r5,90
2026-04-03T20:52:58.802349-07:00,write,key-9,1.452,139,false,leader-w1r5,90
2026-04-03T20:52:58.802381-07:00,write,key-7,1.437,142,false,leader-w1r5,90
2026-04-03T20:52:58.80235-07:00,write,key-2,1.483,133,false,leader-w1r5,90
2026-04-03T20:52:58.802334-07:00,write,key-4,1.516,119,false,leader-w1r5,90
2026-04-03T20:52:58.802328-07:00,write,key-1,1.536,115,false,leader-w1r5,90
2026-04-03T20:52:58.803835-07:00,write,key-9,1.039,141,false,leader-w1r5,90
2026-04-03T20:52:58.803865-07:00,write,key-9,1.014,140,false,leader-w1r5,90
2026-04-03T20:52:58.803787-07:00,write,key-4,1.115,121,false,leader-w1r5,90
2026-04-03T20:52:58.80385-07:00,write,key-4,1.068,123,false,leader-w1r5,90
2026-04-03T20:52:58.803803-07:00,write,key-8,1.126,133,false,leader-w1r5,90
2026-04-03T20:52:58.803819-07:00,write,key-4,1.119,122,false,leader-w1r5,90
2026-04-03T20:52:58.803776-07:00,write,key-5,1.171,136,false,leader-w1r5,90
2026-04-03T20:52:58.804881-07:00,write,key-8,0.537,134,false,leader-w1r5,90
2026-04-03T20:52:58.804904-07:00,write,key-3,0.537,124,false,leader-w1r5,90
2026-04-03T20:52:58.80494-07:00,write,key-3,0.500,125,false,leader-w1r5,90
2026-04-03T20:52:58.804875-07:00,write,key-2,0.619,135,false,leader-w1r5,90
2026-04-03T20:52:58.804949-07:00,write,key-4,0.635,124,false,leader-w1r5,90
2026-04-03T20:52:58.80492-07:00,write,key-6,0.683,103,false,leader-w1r5,90
2026-04-03T20:52:58.805603-07:00,write,key-1,0.540,116,false,leader-w1r5,90
2026-04-03T20:52:58.805585-07:00,write,key-3,0.584,126,false,leader-w1r5,90
2026-04-03T20:52:58.805443-07:00,write,key-9,0.750,142,false,leader-w1r5,90
2026-04-03T20:52:58.805419-07:00,write,key-5,0.790,137,false,leader-w1r5,90
2026-04-03T20:52:58.805479-07:00,write,key-5,0.754,138,false,leader-w1r5,90
2026-04-03T20:52:58.805496-07:00,write,key-7,0.754,143,false,leader-w1r5,90
2026-04-03T20:52:58.80621-07:00,write,key-9,0.682,143,false,leader-w1r5,90
2026-04-03T20:52:58.806193-07:00,write,key-2,0.705,136,false,leader-w1r5,90
2026-04-03T20:52:58.80625-07:00,write,key-1,0.666,117,false,leader-w1r5,90
2026-04-03T20:52:58.806233-07:00,write,key-4,0.684,125,false,leader-w1r5,90
2026-04-03T20:52:58.806894-07:00,write,key-8,0.458,135,false,leader-w1r5,90
2026-04-03T20:52:58.806918-07:00,write,key-6,0.453,104,false,leader-w1r5,90
2026-04-03T20:52:58.8069-07:00,write,key-5,0.488,139,false,leader-w1r5,90
2026-04-03T20:52:58.806917-07:00,write,key-6,0.478,105,false,leader-w1r5,90
2026-04-03T20:52:58.807372-07:00,write,key-5,0.461,140,false,leader-w1r5,90
2026-04-03T20:52:58.807396-07:00,write,key-2,0.696,137,false,leader-w1r5,90
2026-04-03T20:52:58.807352-07:00,write,key-1,0.766,118,false,leader-w1r5,90
2026-04-03T20:52:58.807391-07:00,write,key-0,0.746,142,false,leader-w1r5,90
2026-04-03T20:52:58.80814-07:00,write,key-5,0.751,142,false,leader-w1r5,90
2026-04-03T20:52:58.808119-07:00,write,key-4,0.812,126,false,leader-w1r5,90
2026-04-03T20:52:58.808094-07:00,write,key-1,0.868,119,false,leader-w1r5,90
2026-04-03T20:52:58.807834-07:00,write,key-5,1.147,141,false,leader-w1r5,90
2026-04-03T20:52:58.808963-07:00,write,key-0,0.446,143,false,leader-w1r5,90
2026-04-03T20:52:58.808933-07:00,write,key-5,0.482,143,false,leader-w1r5,90
2026-04-03T20:52:58.80941-07:00,write,key-2,0.306,138,false,leader-w1r5,90
2026-04-03T20:52:58.809416-07:00,write,key-6,0.349,106,false,leader-w1r5,90
2026-04-03T20:52:58.809766-07:00,write,key-8,0.286,136,false,leader-w1r5,90
2026-04-03T20:52:58.809718-07:00,write,key-2,0.410,139,false,leader-w1r5,90
2026-04-03T20:52:58.810128-07:00,write,key-9,0.307,144,false,leader-w1r5,90
2026-04-03T20:52:58.810053-07:00,write,key-7,0.386,144,false,leader-w1r5,90
2026-04-03T20:52:58.810439-07:00,write,key-9,1.039,145,false,leader-w1r5,90
2026-04-03T20:52:58.810436-07:00,write,key-7,1.092,145,false,leader-w1r5,90
2026-04-03T20:52:58.81148-07:00,write,key-3,0.783,127,false,leader-w1r5,90
2026-04-03T20:52:58.811529-07:00,write,key-4,0.877,127,false,leader-w1r5,90
2026-04-03T20:52:58.812264-07:00,write,key-2,0.276,140,false,leader-w1r5,90
2026-04-03T20:52:58.812407-07:00,write,key-9,0.404,146,false,leader-w1r5,90
2026-04-03T20:52:58.812541-07:00,write,key-8,0.374,137,false,leader-w1r5,90
2026-04-03T20:52:58.812812-07:00,write,key-3,0.434,128,false,leader-w1r5,90
2026-04-03T20:52:58.813247-07:00,write,key-5,0.282,144,false,leader-w1r5,90
2026-04-03T20:52:58.780194-07:00,read,key-2,60.884,140,false,leader-w1r5,90
2026-04-03T20:52:58.78038-07:00,read,key-0,60.698,143,false,leader-w1r5,90
2026-04-03T20:52:58.84108-07:00,write,key-3,0.362,129,false,leader-w1r5,90
2026-04-03T20:52:58.84108-07:00,write,key-9,0.506,147,false,leader-w1r5,90
2026-04-03T20:52:58.841444-07:00,write,key-2,0.671,141,false,leader-w1r5,90
2026-04-03T20:52:58.841587-07:00,write,key-2,0.571,142,false,leader-w1r5,90
2026-04-03T20:52:58.842159-07:00,write,key-1,0.334,120,false,leader-w1r5,90
2026-04-03T20:52:58.842117-07:00,write,key-1,0.397,121,false,leader-w1r5,90
2026-04-03T20:52:58.790428-07:00,read,key-2,52.465,123,true,leader-w1r5,90
2026-04-03T20:52:58.842515-07:00,write,key-4,0.473,128,false,leader-w1r5,90
2026-04-03T20:52:58.842895-07:00,write,key-2,0.219,143,false,leader-w1r5,90
2026-04-03T20:52:58.84299-07:00,write,key-3,0.370,130,false,leader-w1r5,90
2026-04-03T20:52:58.843361-07:00,write,key-0,0.307,144,false,leader-w1r5,90
2026-04-03T20:52:58.843671-07:00,write,key-4,0.371,129,false,leader-w1r5,90
2026-04-03T20:52:58.844044-07:00,write,key-0,0.484,145,false,leader-w1r5,90
2026-04-03T20:52:58.844556-07:00,write,key-7,0.421,146,false,leader-w1r5,90
2026-04-03T20:52:58.844979-07:00,write,key-5,0.397,145,false,leader-w1r5,90
2026-04-03T20:52:58.845377-07:00,write,key-3,0.705,131,false,leader-w1r5,90
2026-04-03T20:52:58.791915-07:00,read,key-8,58.143,137,false,leader-w1r5,90
2026-04-03T20:52:58.790507-07:00,read,key-6,59.578,106,false,leader-w1r5,90
2026-04-03T20:52:58.850059-07:00,write,key-0,0.353,146,false,leader-w1r5,90
2026-04-03T20:52:58.850087-07:00,write,key-6,0.346,107,false,leader-w1r5,90
2026-04-03T20:52:58.791914-07:00,read,key-6,58.589,107,false,leader-w1r5,90
2026-04-03T20:52:58.850435-07:00,write,key-2,0.433,144,false,leader-w1r5,90
2026-04-03T20:52:58.850504-07:00,write,key-6,0.398,108,false,leader-w1r5,90
2026-04-03T20:52:58.850902-07:00,write,key-1,0.315,122,false,leader-w1r5,90
2026-04-03T20:52:58.850871-07:00,write,key-3,0.379,132,false,leader-w1r5,90
2026-04-03T20:52:58.792433-07:00,read,key-4,58.960,129,false,leader-w1r5,90
2026-04-03T20:52:58.851219-07:00,write,key-7,0.314,147,false,leader-w1r5,90
2026-04-03T20:52:58.851251-07:00,write,key-6,0.300,109,false,leader-w1r5,90
2026-04-03T20:52:58.851394-07:00,write,key-5,0.531,146,false,leader-w1r5,90
2026-04-03T20:52:58.851534-07:00,write,key-0,0.414,147,false,leader-w1r5,90
2026-04-03T20:52:58.790513-07:00,read,key-2,61.735,143,true,leader-w1r5,90
2026-04-03T20:52:58.851553-07:00,write,key-9,0.744,148,false,leader-w1r5,90
2026-04-03T20:52:58.851926-07:00,write,key-8,0.385,138,false,leader-w1r5,90
2026-04-03T20:52:58.85195-07:00,write,key-5,0.710,147,false,leader-w1r5,90
2026-04-03T20:52:58.852249-07:00,write,key-5,0.437,148,false,leader-w1r5,90
2026-04-03T20:52:58.852297-07:00,write,key-2,0.759,145,false,leader-w1r5,90
2026-04-03T20:52:58.852312-07:00,write,key-9,0.746,149,false,leader-w1r5,90
2026-04-03T20:52:58.852688-07:00,write,key-1,0.685,123,false,leader-w1r5,90
2026-04-03T20:52:58.853059-07:00,write,key-1,0.555,124,false,leader-w1r5,90
2026-04-03T20:52:58.853058-07:00,write,key-3,1.358,133,false,leader-w1r5,90
2026-04-03T20:52:58.853616-07:00,write,key-1,0.817,125,false,leader-w1r5,90
2026-04-03T20:52:58.853376-07:00,write,key-0,1.573,148,false,leader-w1r5,90
2026-04-03T20:52:58.854434-07:00,write,key-2,0.774,146,false,leader-w1r5,90
2026-04-03T20:52:58.85495-07:00,write,key-5,0.566,149,false,leader-w1r5,90
2026-04-03T20:52:58.796723-07:00,read,key-9,58.805,149,false,leader-w1r5,90
2026-04-03T20:52:58.799137-07:00,read,key-8,56.400,138,false,leader-w1r5,90
2026-04-03T20:52:58.854417-07:00,write,key-4,1.141,130,false,leader-w1r5,90
2026-04-03T20:52:58.855208-07:00,write,key-7,0.589,148,false,leader-w1r5,90
2026-04-03T20:52:58.855538-07:00,write,key-5,0.474,151,false,leader-w1r5,90
2026-04-03T20:52:58.855529-07:00,write,key-5,0.536,150,false,leader-w1r5,90
2026-04-03T20:52:58.855799-07:00,write,key-0,1.345,149,false,leader-w1r5,90
2026-04-03T20:52:58.85556-07:00,write,key-9,1.590,150,false,leader-w1r5,90
2026-04-03T20:52:58.856014-07:00,write,key-6,1.260,110,false,leader-w1r5,90
2026-04-03T20:52:58.857145-07:00,write,key-4,0.417,131,false,leader-w1r5,90
2026-04-03T20:52:58.856067-07:00,write,key-7,1.658,149,false,leader-w1r5,90
2026-04-03T20:52:58.857151-07:00,write,key-6,0.600,111,false,leader-w1r5,90
2026-04-03T20:52:58.855518-07:00,write,key-3,2.630,134,false,leader-w1r5,90
2026-04-03T20:52:58.857726-07:00,write,key-2,0.724,147,false,leader-w1r5,90
2026-04-03T20:52:58.857563-07:00,write,key-0,0.890,150,false,leader-w1r5,90
2026-04-03T20:52:58.858455-07:00,write,key-3,0.859,135,false,leader-w1r5,90
2026-04-03T20:52:58.858149-07:00,write,key-4,1.203,132,false,leader-w1r5,90
2026-04-03T20:52:58.857752-07:00,write,key-6,1.978,112,false,leader-w1r5,90
2026-04-03T20:52:58.858452-07:00,write,key-0,1.362,151,false,leader-w1r5,90
2026-04-03T20:52:58.859354-07:00,write,key-5,0.677,152,false,leader-w1r5,90
2026-04-03T20:52:58.859815-07:00,write,key-1,0.472,126,false,leader-w1r5,90
2026-04-03T20:52:58.859731-07:00,write,key-3,0.559,136,false,leader-w1r5,90
2026-04-03T20:52:58.860031-07:00,write,key-3,0.283,137,false,leader-w1r5,90
2026-04-03T20:52:58.860291-07:00,write,key-0,0.389,152,false,leader-w1r5,90
2026-04-03T20:52:58.86029-07:00,write,key-3,0.394,138,false,leader-w1r5,90
2026-04-03T20:52:58.860316-07:00,write,key-9,0.399,151,false,leader-w1r5,90
2026-04-03T20:52:58.860682-07:00,write,key-2,0.321,148,false,leader-w1r5,90
2026-04-03T20:52:58.860716-07:00,write,key-9,0.300,152,false,leader-w1r5,90
2026-04-03T20:52:58.860685-07:00,write,key-8,0.350,139,false,leader-w1r5,90
2026-04-03T20:52:58.861018-07:00,write,key-5,0.341,153,false,leader-w1r5,90
2026-04-03T20:52:58.861036-07:00,write,key-0,0.338,153,false,leader-w1r5,90
2026-04-03T20:52:58.861359-07:00,write,key-2,0.496,149,false,leader-w1r5,90
2026-04-03T20:52:58.861375-07:00,write,key-7,0.518,150,false,leader-w1r5,90
2026-04-03T20:52:58.861856-07:00,write,key-8,0.334,141,false,leader-w1r5,90
2026-04-03T20:52:58.861894-07:00,write,key-8,0.311,140,false,leader-w1r5,90
2026-04-03T20:52:58.862206-07:00,write,key-8,0.351,142,false,leader-w1r5,90
2026-04-03T20:52:58.862559-07:00,write,key-6,0.329,113,false,leader-w1r5,90
2026-04-03T20:52:58.862889-07:00,write,key-1,0.398,127,false,leader-w1r5,90
2026-04-03T20:52:58.863288-07:00,write,key-2,0.236,150,false,leader-w1r5,90
2026-04-03T20:52:58.863526-07:00,write,key-2,0.409,151,false,leader-w1r5,90
2026-04-03T20:52:58.863936-07:00,write,key-2,0.372,152,false,leader-w1r5,90
2026-04-03T20:52:58.864309-07:00,write,key-9,0.256,153,false,leader-w1r5,90
2026-04-03T20:52:58.864566-07:00,write,key-6,0.255,114,false,leader-w1r5,90
2026-04-03T20:52:58.806169-07:00,read,key-1,59.074,125,true,leader-w1r5,90
2026-04-03T20:52:58.806144-07:00,read,key-4,59.141,132,false,leader-w1r5,90
2026-04-03T20:52:58.80227-07:00,read,key-2,63.016,146,true,leader-w1r5,90
2026-04-03T20:52:58.864822-07:00,write,key-0,0.632,154,false,leader-w1r5,90
2026-04-03T20:52:58.865244-07:00,write,key-8,0.589,143,false,leader-w1r5,90
2026-04-03T20:52:58.865287-07:00,write,key-1,0.782,128,false,leader-w1r5,90
2026-04-03T20:52:58.865455-07:00,write,key-0,0.939,155,false,leader-w1r5,90
2026-04-03T20:52:58.865835-07:00,write,key-2,0.818,153,false,leader-w1r5,90
2026-04-03T20:52:58.86607-07:00,write,key-8,0.838,144,false,leader-w1r5,90
2026-04-03T20:52:58.866395-07:00,write,key-0,0.986,156,false,leader-w1r5,90
2026-04-03T20:52:58.866655-07:00,write,key-6,1.245,115,false,leader-w1r5,90
2026-04-03T20:52:58.808893-07:00,read,key-2,59.225,152,true,leader-w1r5,90
2026-04-03T20:52:58.813531-07:00,read,key-1,54.613,128,false,leader-w1r5,90
2026-04-03T20:52:58.80493-07:00,read,key-5,63.229,153,false,leader-w1r5,90
2026-04-03T20:52:58.812916-07:00,read,key-1,55.264,128,false,leader-w1r5,90
2026-04-03T20:52:58.802276-07:00,read,key-2,65.904,152,true,leader-w1r5,90
2026-04-03T20:52:58.808982-07:00,read,key-9,59.247,153,false,leader-w1r5,90
2026-04-03T20:52:58.801534-07:00,read,key-0,66.729,154,true,leader-w1r5,90
2026-04-03T20:52:58.868146-07:00,write,key-5,21.297,154,false,leader-w1r5,90
2026-04-03T20:52:58.866909-07:00,write,key-1,22.543,129,false,leader-w1r5,90
2026-04-03T20:52:58.86823-07:00,write,key-8,21.257,145,false,leader-w1r5,90
2026-04-03T20:52:58.868161-07:00,write,key-7,21.639,151,false,leader-w1r5,90
2026-04-03T20:52:58.867902-07:00,write,key-7,21.915,153,false,leader-w1r5,90
2026-04-03T20:52:58.868182-07:00,write,key-5,21.618,155,false,leader-w1r5,90
2026-04-03T20:52:58.868119-07:00,write,key-1,21.725,130,false,leader-w1r5,90
2026-04-03T20:52:58.867382-07:00,write,key-7,22.477,152,false,leader-w1r5,90
2026-04-03T20:52:58.868265-07:00,write,key-5,21.637,156,false,leader-w1r5,90
2026-04-03T20:52:58.868181-07:00,write,key-1,21.944,131,false,leader-w1r5,90
2026-04-03T20:52:58.889452-07:00,write,key-4,1.093,133,false,leader-w1r5,90
2026-04-03T20:52:58.889487-07:00,write,key-2,1.142,154,false,leader-w1r5,90
2026-04-03T20:52:58.889902-07:00,write,key-1,1.629,132,false,leader-w1r5,90
2026-04-03T20:52:58.890126-07:00,write,key-6,1.423,117,false,leader-w1r5,90
2026-04-03T20:52:58.889846-07:00,write,key-6,1.726,116,false,leader-w1r5,90
2026-04-03T20:52:58.88982-07:00,write,key-2,1.760,155,false,leader-w1r5,90
2026-04-03T20:52:58.889445-07:00,write,key-4,2.135,134,false,leader-w1r5,90
2026-04-03T20:52:58.889803-07:00,write,key-3,1.803,139,false,leader-w1r5,90
2026-04-03T20:52:58.889838-07:00,write,key-1,1.803,133,false,leader-w1r5,90
2026-04-03T20:52:58.890547-07:00,write,key-4,1.094,135,false,leader-w1r5,90
2026-04-03T20:52:58.88986-07:00,write,key-9,1.791,154,false,leader-w1r5,90
2026-04-03T20:52:58.891572-07:00,write,key-4,1.509,136,false,leader-w1r5,90
2026-04-03T20:52:58.891644-07:00,write,key-3,1.506,141,false,leader-w1r5,90
2026-04-03T20:52:58.891581-07:00,write,key-2,1.572,156,false,leader-w1r5,90
2026-04-03T20:52:58.891608-07:00,write,key-7,1.588,155,false,leader-w1r5,90
2026-04-03T20:52:58.891644-07:00,write,key-6,1.564,118,false,leader-w1r5,90
2026-04-03T20:52:58.891581-07:00,write,key-1,1.630,134,false,leader-w1r5,90
2026-04-03T20:52:58.891533-07:00,write,key-7,1.683,154,false,leader-w1r5,90
2026-04-03T20:52:58.89155-07:00,write,key-5,1.677,157,false,leader-w1r5,90
2026-04-03T20:52:58.890632-07:00,write,key-3,2.705,140,false,leader-w1r5,90
2026-04-03T20:52:58.893213-07:00,write,key-3,1.257,142,false,leader-w1r5,90
2026-04-03T20:52:58.893197-07:00,write,key-6,1.317,119,false,leader-w1r5,90
2026-04-03T20:52:58.893155-07:00,write,key-0,1.422,157,false,leader-w1r5,90
2026-04-03T20:52:58.893209-07:00,write,key-0,1.612,158,false,leader-w1r5,90
2026-04-03T20:52:58.893083-07:00,write,key-1,1.749,135,false,leader-w1r5,90
2026-04-03T20:52:58.893229-07:00,write,key-5,2.506,159,false,leader-w1r5,90
2026-04-03T20:52:58.894514-07:00,write,key-5,1.232,158,false,leader-w1r5,90
2026-04-03T20:52:58.894822-07:00,write,key-3,0.986,143,false,leader-w1r5,90
2026-04-03T20:52:58.893339-07:00,write,key-6,2.933,120,false,leader-w1r5,90
2026-04-03T20:52:58.891652-07:00,write,key-6,4.894,121,false,leader-w1r5,90
2026-04-03T20:52:58.893218-07:00,write,key-3,3.346,144,false,leader-w1r5,90
2026-04-03T20:52:58.843115-07:00,read,key-7,53.467,145,true,leader-w1r5,90
2026-04-03T20:52:58.894833-07:00,write,key-3,2.295,145,false,leader-w1r5,90
2026-04-03T20:52:58.895736-07:00,write,key-5,1.459,160,false,leader-w1r5,90
2026-04-03T20:52:58.896274-07:00,write,key-2,0.943,157,false,leader-w1r5,90
2026-04-03T20:52:58.895811-07:00,write,key-8,1.414,146,false,leader-w1r5,90
2026-04-03T20:52:58.894471-07:00,write,key-9,2.777,155,false,leader-w1r5,90
2026-04-03T20:52:58.895748-07:00,write,key-8,1.511,147,false,leader-w1r5,90
2026-04-03T20:52:58.896547-07:00,write,key-7,0.896,157,false,leader-w1r5,90
2026-04-03T20:52:58.896565-07:00,write,key-5,0.885,161,false,leader-w1r5,90
2026-04-03T20:52:58.896583-07:00,write,key-7,0.941,156,false,leader-w1r5,90
2026-04-03T20:52:58.897226-07:00,write,key-0,0.849,159,false,leader-w1r5,90
2026-04-03T20:52:58.897219-07:00,write,key-9,0.878,156,false,leader-w1r5,90
2026-04-03T20:52:58.897451-07:00,write,key-2,0.678,158,false,leader-w1r5,90
2026-04-03T20:52:58.842494-07:00,read,key-6,55.695,121,false,leader-w1r5,90
2026-04-03T20:52:58.897249-07:00,write,key-7,0.949,158,false,leader-w1r5,90
2026-04-03T20:52:58.89726-07:00,write,key-1,0.950,136,false,leader-w1r5,90
2026-04-03T20:52:58.897445-07:00,write,key-3,0.774,146,false,leader-w1r5,90
2026-04-03T20:52:58.897196-07:00,write,key-0,1.075,160,false,leader-w1r5,90
2026-04-03T20:52:58.89713-07:00,write,key-8,1.172,148,false,leader-w1r5,90
2026-04-03T20:52:58.89813-07:00,write,key-1,0.560,137,false,leader-w1r5,90
2026-04-03T20:52:58.898076-07:00,write,key-2,0.698,159,false,leader-w1r5,90
2026-04-03T20:52:58.898199-07:00,write,key-1,0.720,140,false,leader-w1r5,90
2026-04-03T20:52:58.898098-07:00,write,key-2,0.835,160,false,leader-w1r5,90
2026-04-03T20:52:58.898272-07:00,write,key-1,0.669,139,false,leader-w1r5,90
2026-04-03T20:52:58.898192-07:00,write,key-4,0.793,137,false,leader-w1r5,90
2026-04-03T20:52:58.89821-07:00,write,key-1,0.780,138,false,leader-w1r5,90
2026-04-03T20:52:58.898221-07:00,write,key-2,0.812,161,false,leader-w1r5,90
2026-04-03T20:52:58.898303-07:00,write,key-0,0.954,161,false,leader-w1r5,90
2026-04-03T20:52:58.899-07:00,write,key-3,0.537,147,false,leader-w1r5,90
2026-04-03T20:52:58.89892-07:00,write,key-8,0.618,149,false,leader-w1r5,90
2026-04-03T20:52:58.899014-07:00,write,key-2,0.545,162,false,leader-w1r5,90
2026-04-03T20:52:58.898944-07:00,write,key-5,0.624,162,false,leader-w1r5,90
2026-04-03T20:52:58.898774-07:00,write,key-3,0.814,148,false,leader-w1r5,90
2026-04-03T20:52:58.898691-07:00,write,key-9,0.958,157,false,leader-w1r5,90
2026-04-03T20:52:58.898956-07:00,write,key-9,0.701,158,false,leader-w1r5,90
2026-04-03T20:52:58.899036-07:00,write,key-4,1.409,138,false,leader-w1r5,90
2026-04-03T20:52:58.899538-07:00,write,key-1,1.306,141,false,leader-w1r5,90
2026-04-03T20:52:58.899651-07:00,write,key-5,1.291,163,false,leader-w1r5,90
2026-04-03T20:52:58.846084-07:00,read,key-6,54.896,121,false,leader-w1r5,90
2026-04-03T20:52:58.899559-07:00,write,key-3,1.423,149,false,leader-w1r5,90
2026-04-03T20:52:58.899258-07:00,write,key-0,1.728,164,false,leader-w1r5,90
2026-04-03T20:52:58.89957-07:00,write,key-6,1.455,122,false,leader-w1r5,90
2026-04-03T20:52:58.89954-07:00,write,key-0,1.581,163,false,leader-w1r5,90
2026-04-03T20:52:58.89959-07:00,write,key-0,1.549,162,false,leader-w1r5,90
2026-04-03T20:52:58.900846-07:00,write,key-5,0.755,164,false,leader-w1r5,90
2026-04-03T20:52:58.900445-07:00,write,key-4,1.497,139,false,leader-w1r5,90
2026-04-03T20:52:58.900981-07:00,write,key-0,1.249,165,false,leader-w1r5,90
2026-04-03T20:52:58.899658-07:00,write,key-4,2.594,140,false,leader-w1r5,90
2026-04-03T20:52:58.901027-07:00,write,key-3,1.332,150,false,leader-w1r5,90
2026-04-03T20:52:58.901122-07:00,write,key-1,1.338,142,false,leader-w1r5,90
2026-04-03T20:52:58.900944-07:00,write,key-5,1.517,165,false,leader-w1r5,90
2026-04-03T20:52:58.901944-07:00,write,key-4,1.761,141,false,leader-w1r5,90
2026-04-03T20:52:58.902461-07:00,write,key-1,1.327,143,false,leader-w1r5,90
2026-04-03T20:52:58.902254-07:00,write,key-7,1.544,159,false,leader-w1r5,90
2026-04-03T20:52:58.90236-07:00,write,key-2,1.466,163,false,leader-w1r5,90
2026-04-03T20:52:58.902231-07:00,write,key-6,1.736,123,false,leader-w1r5,90
2026-04-03T20:52:58.9038-07:00,write,key-5,1.195,166,false,leader-w1r5,90
2026-04-03T20:52:58.903827-07:00,write,key-2,1.223,164,false,leader-w1r5,90
2026-04-03T20:52:58.903707-07:00,write,key-7,1.364,160,false,leader-w1r5,90
2026-04-03T20:52:58.903968-07:00,write,key-4,1.120,142,false,leader-w1r5,90
2026-04-03T20:52:58.850413-07:00,read,key-7,55.127,160,false,leader-w1r5,90
2026-04-03T20:52:58.905052-07:00,write,key-9,0.558,159,false,leader-w1r5,90
2026-04-03T20:52:58.905072-07:00,write,key-7,0.577,161,false,leader-w1r5,90
2026-04-03T20:52:58.904995-07:00,write,key-2,0.681,165,false,leader-w1r5,90
2026-04-03T20:52:58.905649-07:00,write,key-0,0.309,166,false,leader-w1r5,90
2026-04-03T20:52:58.905611-07:00,write,key-4,0.372,143,false,leader-w1r5,90
2026-04-03T20:52:58.905677-07:00,write,key-0,0.323,167,false,leader-w1r5,90
2026-04-03T20:52:58.905542-07:00,write,key-4,0.482,144,false,leader-w1r5,90
2026-04-03T20:52:58.852661-07:00,read,key-9,53.505,158,true,leader-w1r5,90
2026-04-03T20:52:58.906029-07:00,write,key-2,0.419,166,false,leader-w1r5,90
2026-04-03T20:52:58.90596-07:00,write,key-4,0.504,145,false,leader-w1r5,90
2026-04-03T20:52:58.905983-07:00,write,key-8,0.483,150,false,leader-w1r5,90
2026-04-03T20:52:58.906-07:00,write,key-5,0.473,167,false,leader-w1r5,90
2026-04-03T20:52:58.90617-07:00,write,key-3,0.720,151,false,leader-w1r5,90
2026-04-03T20:52:58.906465-07:00,write,key-5,0.591,168,false,leader-w1r5,90
2026-04-03T20:52:58.906468-07:00,write,key-4,0.641,146,false,leader-w1r5,90
2026-04-03T20:52:58.906475-07:00,write,key-2,0.886,167,false,leader-w1r5,90
2026-04-03T20:52:58.907057-07:00,write,key-5,0.406,169,false,leader-w1r5,90
2026-04-03T20:52:58.906892-07:00,write,key-2,0.626,168,false,leader-w1r5,90
2026-04-03T20:52:58.907111-07:00,write,key-5,0.664,170,false,leader-w1r5,90
2026-04-03T20:52:58.907465-07:00,write,key-8,0.531,151,false,leader-w1r5,90
2026-04-03T20:52:58.907362-07:00,write,key-3,0.689,152,false,leader-w1r5,90
2026-04-03T20:52:58.90752-07:00,write,key-8,0.816,152,false,leader-w1r5,90
2026-04-03T20:52:58.907777-07:00,write,key-6,1.123,124,false,leader-w1r5,90
2026-04-03T20:52:58.907998-07:00,write,key-1,0.902,144,false,leader-w1r5,90
2026-04-03T20:52:58.908052-07:00,write,key-1,1.110,145,false,leader-w1r5,90
2026-04-03T20:52:58.909164-07:00,write,key-5,0.337,171,false,leader-w1r5,90
2026-04-03T20:52:58.909502-07:00,write,key-5,0.383,172,false,leader-w1r5,90
2026-04-03T20:52:58.908337-07:00,write,key-9,1.673,160,false,leader-w1r5,90
2026-04-03T20:52:58.908904-07:00,write,key-7,1.147,162,false,leader-w1r5,90
2026-04-03T20:52:58.909886-07:00,write,key-4,0.478,147,false,leader-w1r5,90
2026-04-03T20:52:58.910011-07:00,write,key-3,0.470,153,false,leader-w1r5,90
2026-04-03T20:52:58.910052-07:00,write,key-7,0.447,163,false,leader-w1r5,90
2026-04-03T20:52:58.910482-07:00,write,key-0,0.556,169,false,leader-w1r5,90
2026-04-03T20:52:58.910366-07:00,write,key-0,0.717,168,false,leader-w1r5,90
2026-04-03T20:52:58.9105-07:00,write,key-7,0.643,164,false,leader-w1r5,90
2026-04-03T20:52:58.911084-07:00,write,key-9,0.484,161,false,leader-w1r5,90
2026-04-03T20:52:58.91104-07:00,write,key-1,1.006,146,false,leader-w1r5,90
2026-04-03T20:52:58.911145-07:00,write,key-7,0.912,165,false,leader-w1r5,90
2026-04-03T20:52:58.91157-07:00,write,key-7,0.513,166,false,leader-w1r5,90
2026-04-03T20:52:58.859317-07:00,read,key-1,52.767,145,true,leader-w1r5,90
2026-04-03T20:52:58.912083-07:00,write,key-0,0.514,170,false,leader-w1r5,90
2026-04-03T20:52:58.912059-07:00,write,key-6,0.650,125,false,leader-w1r5,90
2026-04-03T20:52:58.912048-07:00,write,key-4,0.680,148,false,leader-w1r5,90
2026-04-03T20:52:58.91273-07:00,write,key-4,0.466,149,false,leader-w1r5,90
2026-04-03T20:52:58.91271-07:00,write,key-2,0.507,169,false,leader-w1r5,90
2026-04-03T20:52:58.912599-07:00,write,key-8,0.668,153,false,leader-w1r5,90
2026-04-03T20:52:58.913197-07:00,write,key-0,0.508,171,false,leader-w1r5,90
2026-04-03T20:52:58.913707-07:00,write,key-0,0.315,172,false,leader-w1r5,90
2026-04-03T20:52:58.914024-07:00,write,key-0,0.301,173,false,leader-w1r5,90
2026-04-03T20:52:58.914326-07:00,write,key-9,0.251,162,false,leader-w1r5,90
2026-04-03T20:52:58.914578-07:00,write,key-1,0.324,147,false,leader-w1r5,90
2026-04-03T20:52:58.914903-07:00,write,key-8,0.261,154,false,leader-w1r5,90
2026-04-03T20:52:58.915165-07:00,write,key-5,0.235,173,false,leader-w1r5,90
2026-04-03T20:52:58.915401-07:00,write,key-3,0.234,154,false,leader-w1r5,90
2026-04-03T20:52:58.865288-07:00,read,key-5,50.778,173,false,leader-w1r5,90
2026-04-03T20:52:58.857275-07:00,read,key-1,58.831,125,true,leader-w1r5,90
2026-04-03T20:52:58.916069-07:00,write,key-1,0.267,148,false,leader-w1r5,90
2026-04-03T20:52:58.862192-07:00,read,key-0,79.030,153,true,leader-w1r5,90
2026-04-03T20:52:58.861004-07:00,read,key-2,80.262,169,false,leader-w1r5,90
2026-04-03T20:52:58.941269-07:00,write,key-1,0.354,149,false,leader-w1r5,90
2026-04-03T20:52:58.941225-07:00,write,key-5,0.423,174,false,leader-w1r5,90
2026-04-03T20:52:58.941649-07:00,write,key-6,0.285,126,false,leader-w1r5,90
2026-04-03T20:52:58.941624-07:00,write,key-7,0.371,167,false,leader-w1r5,90
2026-04-03T20:52:58.941997-07:00,write,key-6,0.353,127,false,leader-w1r5,90
2026-04-03T20:52:58.942351-07:00,write,key-4,0.263,150,false,leader-w1r5,90
2026-04-03T20:52:58.942615-07:00,write,key-0,0.313,174,false,leader-w1r5,90
2026-04-03T20:52:58.94293-07:00,write,key-7,0.237,168,false,leader-w1r5,90
2026-04-03T20:52:58.893151-07:00,read,key-7,52.990,168,false,leader-w1r5,90
2026-04-03T20:52:58.946146-07:00,write,key-6,0.293,128,false,leader-w1r5,90
2026-04-03T20:52:58.94644-07:00,write,key-3,0.250,155,false,leader-w1r5,90
2026-04-03T20:52:58.946691-07:00,write,key-5,0.356,175,false,leader-w1r5,90
2026-04-03T20:52:58.947049-07:00,write,key-1,0.289,150,false,leader-w1r5,90
2026-04-03T20:52:58.947339-07:00,write,key-9,0.362,163,false,leader-w1r5,90
2026-04-03T20:52:58.947702-07:00,write,key-9,0.299,164,false,leader-w1r5,90
2026-04-03T20:52:58.948002-07:00,write,key-0,0.297,175,false,leader-w1r5,90
2026-04-03T20:52:58.948301-07:00,write,key-0,0.255,176,false,leader-w1r5,90
2026-04-03T20:52:58.894578-07:00,read,key-7,56.443,168,false,leader-w1r5,90
2026-04-03T20:52:58.951022-07:00,write,key-9,0.437,165,false,leader-w1r5,90
2026-04-03T20:52:58.951461-07:00,write,key-6,0.368,129,false,leader-w1r5,90
2026-04-03T20:52:58.95183-07:00,write,key-5,0.362,176,false,leader-w1r5,90
2026-04-03T20:52:58.952194-07:00,write,key-6,0.284,130,false,leader-w1r5,90
2026-04-03T20:52:58.900987-07:00,read,key-8,51.952,154,false,leader-w1r5,90
2026-04-03T20:52:58.95294-07:00,write,key-9,0.263,166,false,leader-w1r5,90
2026-04-03T20:52:58.901139-07:00,read,key-0,52.696,176,false,leader-w1r5,90
2026-04-03T20:52:58.953837-07:00,write,key-3,0.384,156,false,leader-w1r5,90
2026-04-03T20:52:58.897525-07:00,read,key-3,56.823,155,true,leader-w1r5,90
2026-04-03T20:52:58.902464-07:00,read,key-8,51.883,149,true,leader-w1r5,90
2026-04-03T20:52:58.95435-07:00,write,key-3,0.403,158,false,leader-w1r5,90
2026-04-03T20:52:58.954368-07:00,write,key-3,0.419,157,false,leader-w1r5,90
2026-04-03T20:52:58.954755-07:00,write,key-2,0.400,170,false,leader-w1r5,90
2026-04-03T20:52:58.954789-07:00,write,key-6,0.387,131,false,leader-w1r5,90
2026-04-03T20:52:58.955178-07:00,write,key-8,0.233,155,false,leader-w1r5,90
2026-04-03T20:52:58.955156-07:00,write,key-8,0.271,156,false,leader-w1r5,90
2026-04-03T20:52:58.955427-07:00,write,key-7,0.494,169,false,leader-w1r5,90
2026-04-03T20:52:58.955413-07:00,write,key-0,0.518,177,false,leader-w1r5,90
2026-04-03T20:52:58.955923-07:00,write,key-9,0.344,167,false,leader-w1r5,90
2026-04-03T20:52:58.955933-07:00,write,key-3,0.351,159,false,leader-w1r5,90
2026-04-03T20:52:58.956268-07:00,write,key-7,0.275,170,false,leader-w1r5,90
2026-04-03T20:52:58.956285-07:00,write,key-4,0.320,151,false,leader-w1r5,90
2026-04-03T20:52:58.90379-07:00,read,key-3,53.135,158,true,leader-w1r5,90
2026-04-03T20:52:58.901601-07:00,read,key-3,55.337,158,true,leader-w1r5,90
2026-04-03T20:52:58.956544-07:00,write,key-8,0.467,157,false,leader-w1r5,90
2026-04-03T20:52:58.956609-07:00,write,key-5,0.535,177,false,leader-w1r5,90
2026-04-03T20:52:58.905089-07:00,read,key-8,52.107,156,true,leader-w1r5,90
2026-04-03T20:52:58.956926-07:00,write,key-1,0.379,151,false,leader-w1r5,90
2026-04-03T20:52:58.956941-07:00,write,key-4,0.522,152,false,leader-w1r5,90
2026-04-03T20:52:58.906449-07:00,read,key-8,51.019,157,false,leader-w1r5,90
2026-04-03T20:52:58.900983-07:00,read,key-4,56.656,150,true,leader-w1r5,90
2026-04-03T20:52:58.957012-07:00,write,key-4,0.640,153,false,leader-w1r5,90
2026-04-03T20:52:58.957145-07:00,write,key-4,0.808,154,false,leader-w1r5,90
2026-04-03T20:52:58.957197-07:00,write,key-1,0.761,152,false,leader-w1r5,90
2026-04-03T20:52:58.957306-07:00,write,key-6,0.930,132,false,leader-w1r5,90
2026-04-03T20:52:58.95747-07:00,write,key-9,0.777,168,false,leader-w1r5,90
2026-04-03T20:52:58.95747-07:00,write,key-0,1.079,178,false,leader-w1r5,90
2026-04-03T20:52:58.957642-07:00,write,key-4,0.990,155,false,leader-w1r5,90
2026-04-03T20:52:58.957653-07:00,write,key-4,1.355,156,false,leader-w1r5,90
2026-04-03T20:52:58.957961-07:00,write,key-7,1.830,171,false,leader-w1r5,90
2026-04-03T20:52:58.958248-07:00,write,key-0,3.046,179,false,leader-w1r5,90
2026-04-03T20:52:58.95901-07:00,write,key-5,2.307,178,false,leader-w1r5,90
2026-04-03T20:52:58.959794-07:00,write,key-8,1.531,158,false,leader-w1r5,90
2026-04-03T20:52:58.958237-07:00,write,key-1,3.096,153,false,leader-w1r5,90
2026-04-03T20:52:58.958632-07:00,write,key-9,2.734,169,false,leader-w1r5,90
2026-04-03T20:52:58.958551-07:00,write,key-8,2.840,159,false,leader-w1r5,90
2026-04-03T20:52:58.961368-07:00,write,key-0,0.631,180,false,leader-w1r5,90
2026-04-03T20:52:58.961319-07:00,write,key-4,0.694,157,false,leader-w1r5,90
2026-04-03T20:52:58.961295-07:00,write,key-3,0.732,161,false,leader-w1r5,90
2026-04-03T20:52:58.961392-07:00,write,key-3,0.649,160,false,leader-w1r5,90
2026-04-03T20:52:58.961335-07:00,write,key-7,0.711,172,false,leader-w1r5,90
2026-04-03T20:52:58.908902-07:00,read,key-9,53.710,169,false,leader-w1r5,90
2026-04-03T20:52:58.962016-07:00,write,key-4,0.843,158,false,leader-w1r5,90
2026-04-03T20:52:58.962047-07:00,write,key-5,0.975,179,false,leader-w1r5,90
2026-04-03T20:52:58.962042-07:00,write,key-8,0.982,160,false,leader-w1r5,90
2026-04-03T20:52:58.962613-07:00,write,key-5,0.816,181,false,leader-w1r5,90
2026-04-03T20:52:58.96286-07:00,write,key-7,0.608,173,false,leader-w1r5,90
2026-04-03T20:52:58.963024-07:00,write,key-5,0.449,180,false,leader-w1r5,90
2026-04-03T20:52:58.96343-07:00,write,key-4,0.413,159,false,leader-w1r5,90
2026-04-03T20:52:58.963475-07:00,write,key-5,0.381,182,false,leader-w1r5,90
2026-04-03T20:52:58.963023-07:00,write,key-5,0.845,183,false,leader-w1r5,90
2026-04-03T20:52:58.912089-07:00,read,key-9,51.875,169,false,leader-w1r5,90
2026-04-03T20:52:58.963845-07:00,write,key-0,0.299,181,false,leader-w1r5,90
2026-04-03T20:52:58.963858-07:00,write,key-5,0.351,184,false,leader-w1r5,90
2026-04-03T20:52:58.913218-07:00,read,key-9,51.069,169,false,leader-w1r5,90
2026-04-03T20:52:58.96387-07:00,write,key-4,0.574,160,false,leader-w1r5,90
2026-04-03T20:52:58.913268-07:00,read,key-9,51.329,161,true,leader-w1r5,90
2026-04-03T20:52:58.963965-07:00,write,key-3,0.847,162,false,leader-w1r5,90
2026-04-03T20:52:58.964145-07:00,write,key-5,0.703,185,false,leader-w1r5,90
2026-04-03T20:52:58.964209-07:00,write,key-2,0.916,171,false,leader-w1r5,90
2026-04-03T20:52:58.964814-07:00,write,key-8,0.777,161,false,leader-w1r5,90
2026-04-03T20:52:58.9646-07:00,write,key-1,1.042,154,false,leader-w1r5,90
2026-04-03T20:52:58.964445-07:00,write,key-0,1.219,182,false,leader-w1r5,90
2026-04-03T20:52:58.965665-07:00,write,key-4,0.562,161,false,leader-w1r5,90
2026-04-03T20:52:58.964849-07:00,write,key-9,1.794,170,false,leader-w1r5,90
2026-04-03T20:52:58.965126-07:00,write,key-0,1.542,183,false,leader-w1r5,90
2026-04-03T20:52:58.965592-07:00,write,key-0,1.496,184,false,leader-w1r5,90
2026-04-03T20:52:58.966228-07:00,write,key-1,0.864,155,false,leader-w1r5,90
2026-04-03T20:52:58.966669-07:00,write,key-5,0.966,187,false,leader-w1r5,90
2026-04-03T20:52:58.966643-07:00,write,key-5,1.013,186,false,leader-w1r5,90
2026-04-03T20:52:58.967637-07:00,write,key-3,0.420,163,false,leader-w1r5,90
2026-04-03T20:52:58.967093-07:00,write,key-9,1.174,171,false,leader-w1r5,90
2026-04-03T20:52:58.968059-07:00,write,key-7,0.396,174,false,leader-w1r5,90
2026-04-03T20:52:58.916337-07:00,read,key-3,52.233,162,true,leader-w1r5,90
2026-04-03T20:52:58.968269-07:00,write,key-9,0.474,172,false,leader-w1r5,90
2026-04-03T20:52:58.968572-07:00,write,key-0,0.487,185,false,leader-w1r5,90
2026-04-03T20:52:58.968744-07:00,write,key-3,0.922,164,false,leader-w1r5,90
2026-04-03T20:52:58.916108-07:00,read,key-8,53.789,161,false,leader-w1r5,90
2026-04-03T20:52:58.915637-07:00,read,key-4,54.301,161,false,leader-w1r5,90
2026-04-03T20:52:58.969668-07:00,write,key-4,0.703,162,false,leader-w1r5,90
2026-04-03T20:52:58.96906-07:00,write,key-8,1.337,162,false,leader-w1r5,90
2026-04-03T20:52:58.969898-07:00,write,key-9,0.651,173,false,leader-w1r5,90
2026-04-03T20:52:58.970372-07:00,write,key-2,0.440,172,false,leader-w1r5,90
2026-04-03T20:52:58.970398-07:00,write,key-6,0.583,133,false,leader-w1r5,90
2026-04-03T20:52:58.969939-07:00,write,key-7,1.061,175,false,leader-w1r5,90
2026-04-03T20:52:58.97055-07:00,write,key-3,0.639,165,false,leader-w1r5,90
2026-04-03T20:52:58.970813-07:00,write,key-0,0.524,186,false,leader-w1r5,90
2026-04-03T20:52:58.970981-07:00,write,key-6,0.377,134,false,leader-w1r5,90
2026-04-03T20:52:58.971003-07:00,write,key-1,0.593,156,false,leader-w1r5,90
2026-04-03T20:52:58.971191-07:00,write,key-9,0.609,174,false,leader-w1r5,90
2026-04-03T20:52:58.971359-07:00,write,key-1,0.467,157,false,leader-w1r5,90
2026-04-03T20:52:58.971598-07:00,write,key-7,0.493,176,false,leader-w1r5,90
2026-04-03T20:52:58.971827-07:00,write,key-3,0.751,166,false,leader-w1r5,90
2026-04-03T20:52:58.971801-07:00,write,key-0,0.823,187,false,leader-w1r5,90
2026-04-03T20:52:58.972625-07:00,write,key-6,0.544,135,false,leader-w1r5,90
2026-04-03T20:52:58.972579-07:00,write,key-3,0.601,167,false,leader-w1r5,90
2026-04-03T20:52:58.972108-07:00,write,key-2,1.116,173,false,leader-w1r5,90
2026-04-03T20:52:58.973172-07:00,write,key-1,0.561,158,false,leader-w1r5,90
2026-04-03T20:52:58.973225-07:00,write,key-9,0.546,175,false,leader-w1r5,90
2026-04-03T20:52:58.973181-07:00,write,key-7,0.595,177,false,leader-w1r5,90
2026-04-03T20:52:58.973734-07:00,write,key-2,0.339,174,false,leader-w1r5,90
2026-04-03T20:52:58.973774-07:00,write,key-1,0.444,159,false,leader-w1r5,90
2026-04-03T20:52:58.974074-07:00,write,key-0,0.443,188,false,leader-w1r5,90
2026-04-03T20:52:58.974219-07:00,write,key-4,0.303,163,false,leader-w1r5,90
2026-04-03T20:52:58.974519-07:00,write,key-5,0.417,188,false,leader-w1r5,90
2026-04-03T20:52:58.974937-07:00,write,key-8,0.376,163,false,leader-w1r5,90
2026-04-03T20:52:58.975314-07:00,write,key-2,0.484,175,false,leader-w1r5,90
2026-04-03T20:52:58.975799-07:00,write,key-3,0.260,168,false,leader-w1r5,90
2026-04-03T20:52:58.976061-07:00,write,key-4,0.245,164,false,leader-w1r5,90
2026-04-03T20:52:58.976306-07:00,write,key-6,0.346,136,false,leader-w1r5,90
2026-04-03T20:52:58.976654-07:00,write,key-9,1.198,176,false,leader-w1r5,90
2026-04-03T20:52:58.943167-07:00,read,key-1,55.059,159,false,leader-w1r5,90
2026-04-03T20:52:58.941935-07:00,read,key-7,56.398,177,false,leader-w1r5,90
2026-04-03T20:52:58.998228-07:00,write,key-2,0.374,176,false,leader-w1r5,90
2026-04-03T20:52:58.998334-07:00,write,key-1,0.592,160,false,leader-w1r5,90
2026-04-03T20:52:58.998604-07:00,write,key-1,0.609,161,false,leader-w1r5,90
2026-04-03T20:52:58.998928-07:00,write,key-4,0.565,165,false,leader-w1r5,90
2026-04-03T20:52:58.999214-07:00,write,key-0,0.652,189,false,leader-w1r5,90
2026-04-03T20:52:58.948556-07:00,read,key-1,54.587,161,false,leader-w1r5,90
2026-04-03T20:52:58.952478-07:00,read,key-5,51.166,188,false,leader-w1r5,90
2026-04-03T20:52:59.003647-07:00,write,key-3,0.347,169,false,leader-w1r5,90
2026-04-03T20:52:59.003995-07:00,write,key-5,0.440,189,false,leader-w1r5,90
2026-04-03T20:52:59.004437-07:00,write,key-7,0.381,178,false,leader-w1r5,90
2026-04-03T20:52:58.953204-07:00,read,key-8,51.778,163,false,leader-w1r5,90
2026-04-03T20:52:59.004819-07:00,write,key-9,0.343,177,false,leader-w1r5,90
2026-04-03T20:52:59.004984-07:00,write,key-6,0.451,137,false,leader-w1r5,90
2026-04-03T20:52:59.005436-07:00,write,key-8,0.306,164,false,leader-w1r5,90
2026-04-03T20:52:58.954223-07:00,read,key-0,51.535,189,false,leader-w1r5,90
2026-04-03T20:52:59.005744-07:00,write,key-9,0.309,178,false,leader-w1r5,90
2026-04-03T20:52:59.005759-07:00,write,key-6,0.319,138,false,leader-w1r5,90
2026-04-03T20:52:59.006079-07:00,write,key-2,0.278,177,false,leader-w1r5,90
2026-04-03T20:52:59.006053-07:00,write,key-0,0.337,190,false,leader-w1r5,90
2026-04-03T20:52:59.006358-07:00,write,key-6,0.333,139,false,leader-w1r5,90
2026-04-03T20:52:59.006695-07:00,write,key-2,0.272,178,false,leader-w1r5,90
2026-04-03T20:52:59.006968-07:00,write,key-0,0.321,191,false,leader-w1r5,90
2026-04-03T20:52:59.00729-07:00,write,key-4,0.202,166,false,leader-w1r5,90
2026-04-03T20:52:59.007493-07:00,write,key-4,0.209,167,false,leader-w1r5,90
2026-04-03T20:52:59.007703-07:00,write,key-8,0.285,165,false,leader-w1r5,90
2026-04-03T20:52:59.007988-07:00,write,key-4,0.292,168,false,leader-w1r5,90
2026-04-03T20:52:59.008282-07:00,write,key-3,0.351,170,false,leader-w1r5,90
2026-04-03T20:52:59.008634-07:00,write,key-7,0.265,179,false,leader-w1r5,90
2026-04-03T20:52:59.0089-07:00,write,key-8,0.260,166,false,leader-w1r5,90
2026-04-03T20:52:59.009161-07:00,write,key-3,0.260,171,false,leader-w1r5,90
2026-04-03T20:52:59.009422-07:00,write,key-5,0.307,190,false,leader-w1r5,90
2026-04-03T20:52:58.957954-07:00,read,key-8,52.000,157,true,leader-w1r5,90
2026-04-03T20:52:59.00973-07:00,write,key-5,0.337,191,false,leader-w1r5,90
2026-04-03T20:52:59.009956-07:00,write,key-4,0.259,169,false,leader-w1r5,90
2026-04-03T20:52:59.010217-07:00,write,key-1,0.199,163,false,leader-w1r5,90
2026-04-03T20:52:59.010068-07:00,write,key-1,0.478,162,false,leader-w1r5,90
2026-04-03T20:52:59.010417-07:00,write,key-0,0.385,192,false,leader-w1r5,90
2026-04-03T20:52:59.010803-07:00,write,key-9,0.265,179,false,leader-w1r5,90
2026-04-03T20:52:59.010547-07:00,write,key-8,0.591,167,false,leader-w1r5,90
2026-04-03T20:52:59.011139-07:00,write,key-9,0.312,180,false,leader-w1r5,90
2026-04-03T20:52:59.011069-07:00,write,key-1,0.401,164,false,leader-w1r5,90
2026-04-03T20:52:59.011452-07:00,write,key-4,0.302,171,false,leader-w1r5,90
2026-04-03T20:52:59.011472-07:00,write,key-4,0.303,170,false,leader-w1r5,90
2026-04-03T20:52:59.011776-07:00,write,key-4,0.337,172,false,leader-w1r5,90
2026-04-03T20:52:59.011755-07:00,write,key-0,0.375,193,false,leader-w1r5,90
2026-04-03T20:52:59.012114-07:00,write,key-6,0.352,140,false,leader-w1r5,90
2026-04-03T20:52:58.961326-07:00,read,key-5,51.658,178,true,leader-w1r5,90
2026-04-03T20:52:58.962028-07:00,read,key-2,51.041,178,false,leader-w1r5,90
2026-04-03T20:52:59.012986-07:00,write,key-0,0.284,194,false,leader-w1r5,90
2026-04-03T20:52:59.013071-07:00,write,key-4,0.267,173,false,leader-w1r5,90
2026-04-03T20:52:59.013339-07:00,write,key-5,0.229,192,false,leader-w1r5,90
2026-04-03T20:52:59.013271-07:00,write,key-1,0.502,165,false,leader-w1r5,90
2026-04-03T20:52:59.013569-07:00,write,key-1,0.386,166,false,leader-w1r5,90
2026-04-03T20:52:59.013774-07:00,write,key-2,0.313,179,false,leader-w1r5,90
2026-04-03T20:52:58.962-07:00,read,key-3,52.254,171,false,leader-w1r5,90
2026-04-03T20:52:59.013956-07:00,write,key-5,0.444,193,false,leader-w1r5,90
2026-04-03T20:52:59.014402-07:00,write,key-0,0.239,196,false,leader-w1r5,90
2026-04-03T20:52:59.014255-07:00,write,key-0,0.409,195,false,leader-w1r5,90
2026-04-03T20:52:59.014642-07:00,write,key-2,0.415,180,false,leader-w1r5,90
2026-04-03T20:52:58.963469-07:00,read,key-1,51.683,166,false,leader-w1r5,90
2026-04-03T20:52:58.964289-07:00,read,key-9,50.906,180,false,leader-w1r5,90
2026-04-03T20:52:59.015154-07:00,write,key-7,0.251,180,false,leader-w1r5,90
2026-04-03T20:52:59.01506-07:00,write,key-4,0.359,174,false,leader-w1r5,90
2026-04-03T20:52:59.015197-07:00,write,key-6,0.505,141,false,leader-w1r5,90
2026-04-03T20:52:59.015406-07:00,write,key-4,0.306,175,false,leader-w1r5,90
2026-04-03T20:52:59.01542-07:00,write,key-5,0.617,194,false,leader-w1r5,90
2026-04-03T20:52:59.015703-07:00,write,key-6,0.362,142,false,leader-w1r5,90
2026-04-03T20:52:59.015713-07:00,write,key-2,0.679,181,false,leader-w1r5,90
2026-04-03T20:52:59.016038-07:00,write,key-9,0.385,181,false,leader-w1r5,90
2026-04-03T20:52:59.016393-07:00,write,key-8,0.468,168,false,leader-w1r5,90
2026-04-03T20:52:59.016067-07:00,write,key-0,1.081,197,false,leader-w1r5,90
2026-04-03T20:52:59.016424-07:00,write,key-3,0.929,172,false,leader-w1r5,90
2026-04-03T20:52:58.965643-07:00,read,key-0,52.767,196,true,leader-w1r5,90
2026-04-03T20:52:59.016862-07:00,write,key-8,1.591,169,false,leader-w1r5,90
2026-04-03T20:52:59.017149-07:00,write,key-7,1.503,181,false,leader-w1r5,90
2026-04-03T20:52:59.018454-07:00,write,key-7,0.320,182,false,leader-w1r5,90
2026-04-03T20:52:59.018653-07:00,write,key-7,0.520,184,false,leader-w1r5,90
2026-04-03T20:52:58.967658-07:00,read,key-7,51.529,173,true,leader-w1r5,90
2026-04-03T20:52:59.018412-07:00,write,key-4,0.784,176,false,leader-w1r5,90
2026-04-03T20:52:59.018774-07:00,write,key-7,0.456,183,false,leader-w1r5,90
2026-04-03T20:52:59.017355-07:00,write,key-8,2.171,170,false,leader-w1r5,90
2026-04-03T20:52:59.019189-07:00,write,key-6,0.508,143,false,leader-w1r5,90
2026-04-03T20:52:59.019174-07:00,write,key-4,0.576,177,false,leader-w1r5,90
2026-04-03T20:52:59.019231-07:00,write,key-5,0.568,195,false,leader-w1r5,90
2026-04-03T20:52:59.019224-07:00,write,key-2,0.672,182,false,leader-w1r5,90
2026-04-03T20:52:59.019526-07:00,write,key-3,0.617,173,false,leader-w1r5,90
2026-04-03T20:52:59.01975-07:00,write,key-9,0.407,182,false,leader-w1r5,90
2026-04-03T20:52:59.019912-07:00,write,key-7,0.449,185,false,leader-w1r5,90
2026-04-03T20:52:59.0198-07:00,write,key-0,0.579,198,false,leader-w1r5,90
2026-04-03T20:52:59.020363-07:00,write,key-1,0.386,167,false,leader-w1r5,90
2026-04-03T20:52:59.02038-07:00,write,key-6,0.388,144,false,leader-w1r5,90
2026-04-03T20:52:59.020144-07:00,write,key-7,0.682,186,false,leader-w1r5,90
2026-04-03T20:52:59.020159-07:00,write,key-5,0.677,196,false,leader-w1r5,90
2026-04-03T20:52:58.968457-07:00,read,key-2,52.452,171,true,leader-w1r5,90
2026-04-03T20:52:59.02075-07:00,write,key-4,0.433,178,false,leader-w1r5,90
2026-04-03T20:52:59.020828-07:00,write,key-5,0.529,197,false,leader-w1r5,90
2026-04-03T20:52:59.020909-07:00,write,key-4,0.511,179,false,leader-w1r5,90
2026-04-03T20:52:59.021421-07:00,write,key-3,0.417,174,false,leader-w1r5,90
2026-04-03T20:52:58.967092-07:00,read,key-3,54.759,173,true,leader-w1r5,90
2026-04-03T20:52:59.021357-07:00,write,key-4,0.503,180,false,leader-w1r5,90
2026-04-03T20:52:59.021839-07:00,write,key-9,0.605,183,false,leader-w1r5,90
2026-04-03T20:52:59.021852-07:00,write,key-5,0.600,198,false,leader-w1r5,90
2026-04-03T20:52:59.021861-07:00,write,key-1,0.971,168,false,leader-w1r5,90
2026-04-03T20:52:59.022444-07:00,write,key-2,0.399,183,false,leader-w1r5,90
2026-04-03T20:52:59.022845-07:00,write,key-9,0.403,184,false,leader-w1r5,90
2026-04-03T20:52:59.022453-07:00,write,key-8,0.826,171,false,leader-w1r5,90
2026-04-03T20:52:58.971338-07:00,read,key-4,52.076,180,false,leader-w1r5,90
2026-04-03T20:52:59.02328-07:00,write,key-5,0.354,199,false,leader-w1r5,90
2026-04-03T20:52:59.023414-07:00,write,key-1,0.588,169,false,leader-w1r5,90
2026-04-03T20:52:59.024003-07:00,write,key-5,0.445,200,false,leader-w1r5,90
2026-04-03T20:52:59.023635-07:00,write,key-3,1.085,175,false,leader-w1r5,90
2026-04-03T20:52:59.02445-07:00,write,key-0,0.598,199,false,leader-w1r5,90
2026-04-03T20:52:59.025049-07:00,write,key-4,0.390,181,false,leader-w1r5,90
2026-04-03T20:52:58.974524-07:00,read,key-1,51.140,169,false,leader-w1r5,90
2026-04-03T20:52:58.973778-07:00,read,key-1,52.057,158,true,leader-w1r5,90
2026-04-03T20:52:59.025439-07:00,write,key-0,0.546,200,false,leader-w1r5,90
2026-04-03T20:52:59.025666-07:00,write,key-9,0.588,185,false,leader-w1r5,90
2026-04-03T20:52:59.025987-07:00,write,key-3,0.460,176,false,leader-w1r5,90
2026-04-03T20:52:59.025838-07:00,write,key-5,0.675,201,false,leader-w1r5,90
2026-04-03T20:52:59.026256-07:00,write,key-5,0.365,202,false,leader-w1r5,90
2026-04-03T20:52:59.026447-07:00,write,key-2,0.365,184,false,leader-w1r5,90
2026-04-03T20:52:59.026623-07:00,write,key-6,0.309,145,false,leader-w1r5,90
2026-04-03T20:52:59.026514-07:00,write,key-7,0.429,187,false,leader-w1r5,90
2026-04-03T20:52:59.026813-07:00,write,key-1,0.297,170,false,leader-w1r5,90
2026-04-03T20:52:59.026943-07:00,write,key-1,0.332,171,false,leader-w1r5,90
2026-04-03T20:52:59.026933-07:00,write,key-7,0.475,188,false,leader-w1r5,90
2026-04-03T20:52:59.027112-07:00,write,key-9,0.309,186,false,leader-w1r5,90
2026-04-03T20:52:59.027409-07:00,write,key-8,0.296,172,false,leader-w1r5,90
2026-04-03T20:52:59.027422-07:00,write,key-5,0.305,203,false,leader-w1r5,90
2026-04-03T20:52:59.027276-07:00,write,key-3,0.493,177,false,leader-w1r5,90
2026-04-03T20:52:59.027707-07:00,write,key-6,0.282,146,false,leader-w1r5,90
2026-04-03T20:52:59.027769-07:00,write,key-1,0.284,172,false,leader-w1r5,90
2026-04-03T20:52:59.027729-07:00,write,key-5,0.430,204,false,leader-w1r5,90
2026-04-03T20:52:59.028055-07:00,write,key-8,0.238,173,false,leader-w1r5,90
2026-04-03T20:52:59.02799-07:00,write,key-6,0.393,147,false,leader-w1r5,90
2026-04-03T20:52:59.02816-07:00,write,key-3,0.357,178,false,leader-w1r5,90
2026-04-03T20:52:59.028295-07:00,write,key-7,0.327,189,false,leader-w1r5,90
2026-04-03T20:52:59.028385-07:00,write,key-5,0.358,205,false,leader-w1r5,90
2026-04-03T20:52:59.028518-07:00,write,key-5,0.374,206,false,leader-w1r5,90
2026-04-03T20:52:59.028744-07:00,write,key-5,0.337,207,false,leader-w1r5,90
2026-04-03T20:52:59.028623-07:00,write,key-7,0.537,190,false,leader-w1r5,90
2026-04-03T20:52:59.029082-07:00,write,key-8,0.303,174,false,leader-w1r5,90
2026-04-03T20:52:59.028893-07:00,write,key-3,0.493,179,false,leader-w1r5,90
2026-04-03T20:52:59.029162-07:00,write,key-3,0.483,180,false,leader-w1r5,90
2026-04-03T20:52:59.029386-07:00,write,key-3,0.396,181,false,leader-w1r5,90
2026-04-03T20:52:59.029387-07:00,write,key-5,0.491,208,false,leader-w1r5,90
2026-04-03T20:52:59.029646-07:00,write,key-8,0.351,175,false,leader-w1r5,90
2026-04-03T20:52:59.029998-07:00,write,key-8,0.282,176,false,leader-w1r5,90
2026-04-03T20:52:59.02988-07:00,write,key-9,0.424,187,false,leader-w1r5,90
2026-04-03T20:52:59.030282-07:00,write,key-4,0.225,182,false,leader-w1r5,90
2026-04-03T20:52:59.030508-07:00,write,key-4,0.249,183,false,leader-w1r5,90
2026-04-03T20:52:59.030305-07:00,write,key-9,0.464,188,false,leader-w1r5,90
2026-04-03T20:52:58.977853-07:00,read,key-9,53.087,176,true,leader-w1r5,90
2026-04-03T20:52:59.030759-07:00,write,key-9,0.337,189,false,leader-w1r5,90
2026-04-03T20:52:59.030771-07:00,write,key-0,0.436,201,false,leader-w1r5,90
2026-04-03T20:52:59.030942-07:00,write,key-5,0.282,209,false,leader-w1r5,90
2026-04-03T20:52:59.031097-07:00,write,key-9,0.295,190,false,leader-w1r5,90
2026-04-03T20:52:59.031208-07:00,write,key-6,0.353,148,false,leader-w1r5,90
2026-04-03T20:52:59.031225-07:00,write,key-1,0.390,173,false,leader-w1r5,90
2026-04-03T20:52:59.031393-07:00,write,key-8,0.357,177,false,leader-w1r5,90
2026-04-03T20:52:59.031563-07:00,write,key-0,0.287,202,false,leader-w1r5,90
2026-04-03T20:52:59.031615-07:00,write,key-2,0.456,185,false,leader-w1r5,90
2026-04-03T20:52:59.03185-07:00,write,key-1,0.325,174,false,leader-w1r5,90
2026-04-03T20:52:59.031751-07:00,write,key-9,0.451,191,false,leader-w1r5,90
2026-04-03T20:52:59.032073-07:00,write,key-3,0.726,182,false,leader-w1r5,90
2026-04-03T20:52:59.0328-07:00,write,key-3,0.474,183,false,leader-w1r5,90
2026-04-03T20:52:58.999867-07:00,read,key-7,53.305,190,false,leader-w1r5,90
2026-04-03T20:52:58.999495-07:00,read,key-7,53.684,177,true,leader-w1r5,90
2026-04-03T20:52:59.053181-07:00,write,key-6,0.323,149,false,leader-w1r5,90
2026-04-03T20:52:59.053174-07:00,write,key-8,0.360,178,false,leader-w1r5,90
2026-04-03T20:52:59.053505-07:00,write,key-5,0.395,210,false,leader-w1r5,90
2026-04-03T20:52:59.053536-07:00,write,key-8,0.379,179,false,leader-w1r5,90
2026-04-03T20:52:59.053916-07:00,write,key-6,0.324,150,false,leader-w1r5,90
2026-04-03T20:52:59.054242-07:00,write,key-5,0.349,211,false,leader-w1r5,90
2026-04-03T20:52:59.054592-07:00,write,key-3,0.326,184,false,leader-w1r5,90
2026-04-03T20:52:59.003144-07:00,read,key-2,51.856,185,false,leader-w1r5,90
2026-04-03T20:52:59.05492-07:00,write,key-7,0.278,191,false,leader-w1r5,90
2026-04-03T20:52:59.055001-07:00,write,key-9,0.414,192,false,leader-w1r5,90
2026-04-03T20:52:59.055199-07:00,write,key-3,0.344,185,false,leader-w1r5,90
2026-04-03T20:52:59.055417-07:00,write,key-7,0.338,192,false,leader-w1r5,90
2026-04-03T20:52:59.055543-07:00,write,key-7,0.376,193,false,leader-w1r5,90
2026-04-03T20:52:59.055757-07:00,write,key-9,0.309,193,false,leader-w1r5,90
2026-04-03T20:52:59.05592-07:00,write,key-4,0.271,184,false,leader-w1r5,90
2026-04-03T20:52:59.056067-07:00,write,key-1,0.281,175,false,leader-w1r5,90
2026-04-03T20:52:59.056192-07:00,write,key-4,0.445,185,false,leader-w1r5,90
2026-04-03T20:52:59.056349-07:00,write,key-5,0.292,212,false,leader-w1r5,90
2026-04-03T20:52:59.056642-07:00,write,key-7,0.312,194,false,leader-w1r5,90
2026-04-03T20:52:59.056638-07:00,write,key-9,0.336,194,false,leader-w1r5,90
2026-04-03T20:52:59.005164-07:00,read,key-1,51.832,174,true,leader-w1r5,90
2026-04-03T20:52:59.056955-07:00,write,key-8,0.331,180,false,leader-w1r5,90
2026-04-03T20:52:59.056998-07:00,write,key-3,0.402,186,false,leader-w1r5,90
2026-04-03T20:52:59.057287-07:00,write,key-9,0.460,195,false,leader-w1r5,90
2026-04-03T20:52:59.057401-07:00,write,key-5,0.367,213,false,leader-w1r5,90
2026-04-03T20:52:59.006392-07:00,read,key-2,51.720,185,false,leader-w1r5,90
2026-04-03T20:52:59.057769-07:00,write,key-3,0.436,187,false,leader-w1r5,90
2026-04-03T20:52:59.058114-07:00,write,key-2,0.486,186,false,leader-w1r5,90
2026-04-03T20:52:59.058207-07:00,write,key-3,0.804,188,false,leader-w1r5,90
2026-04-03T20:52:59.058601-07:00,write,key-2,1.220,187,false,leader-w1r5,90
2026-04-03T20:52:59.059013-07:00,write,key-5,0.917,214,false,leader-w1r5,90
2026-04-03T20:52:59.059823-07:00,write,key-0,0.373,203,false,leader-w1r5,90
2026-04-03T20:52:59.059931-07:00,write,key-1,0.268,176,false,leader-w1r5,90
2026-04-03T20:52:59.060198-07:00,write,key-2,0.345,188,false,leader-w1r5,90
2026-04-03T20:52:59.0602-07:00,write,key-5,0.379,215,false,leader-w1r5,90
2026-04-03T20:52:59.060544-07:00,write,key-8,0.278,181,false,leader-w1r5,90
2026-04-03T20:52:59.060581-07:00,write,key-9,0.378,196,false,leader-w1r5,90
2026-04-03T20:52:59.060822-07:00,write,key-4,0.303,186,false,leader-w1r5,90
2026-04-03T20:52:59.061126-07:00,write,key-1,0.385,177,false,leader-w1r5,90
2026-04-03T20:52:59.060962-07:00,write,key-1,0.561,178,false,leader-w1r5,90
2026-04-03T20:52:59.061513-07:00,write,key-9,0.355,197,false,leader-w1r5,90
2026-04-03T20:52:59.061523-07:00,write,key-5,0.483,216,false,leader-w1r5,90
2026-04-03T20:52:59.061869-07:00,write,key-5,0.269,217,false,leader-w1r5,90
2026-04-03T20:52:59.062139-07:00,write,key-4,0.263,187,false,leader-w1r5,90
2026-04-03T20:52:59.062007-07:00,write,key-8,0.433,182,false,leader-w1r5,90
2026-04-03T20:52:59.062403-07:00,write,key-7,0.213,195,false,leader-w1r5,90
2026-04-03T20:52:59.062442-07:00,write,key-5,0.319,218,false,leader-w1r5,90
2026-04-03T20:52:59.062617-07:00,write,key-0,0.252,204,false,leader-w1r5,90
2026-04-03T20:52:59.062762-07:00,write,key-5,0.343,219,false,leader-w1r5,90
2026-04-03T20:52:59.062871-07:00,write,key-9,0.266,198,false,leader-w1r5,90
2026-04-03T20:52:59.012132-07:00,read,key-7,51.146,195,false,leader-w1r5,90
2026-04-03T20:52:59.012468-07:00,read,key-3,51.070,171,true,leader-w1r5,90
2026-04-03T20:52:59.063106-07:00,write,key-5,0.510,220,false,leader-w1r5,90
2026-04-03T20:52:59.063137-07:00,write,key-9,0.487,199,false,leader-w1r5,90
2026-04-03T20:52:59.063281-07:00,write,key-8,0.592,183,false,leader-w1r5,90
2026-04-03T20:52:59.063618-07:00,write,key-6,0.353,151,false,leader-w1r5,90
2026-04-03T20:52:59.063539-07:00,write,key-2,0.548,189,false,leader-w1r5,90
2026-04-03T20:52:59.063626-07:00,write,key-1,0.638,179,false,leader-w1r5,90
2026-04-03T20:52:59.063874-07:00,write,key-8,0.429,184,false,leader-w1r5,90
2026-04-03T20:52:59.063971-07:00,write,key-4,0.458,188,false,leader-w1r5,90
2026-04-03T20:52:59.064087-07:00,write,key-3,0.453,189,false,leader-w1r5,90
2026-04-03T20:52:59.064265-07:00,write,key-6,0.361,152,false,leader-w1r5,90
2026-04-03T20:52:59.064305-07:00,write,key-1,0.660,181,false,leader-w1r5,90
2026-04-03T20:52:59.064542-07:00,write,key-1,0.513,180,false,leader-w1r5,90
2026-04-03T20:52:59.064431-07:00,write,key-5,0.624,221,false,leader-w1r5,90
2026-04-03T20:52:59.014088-07:00,read,key-5,50.979,220,true,leader-w1r5,90
2026-04-03T20:52:59.064627-07:00,write,key-9,0.661,200,false,leader-w1r5,90
2026-04-03T20:52:59.064966-07:00,write,key-0,0.461,206,false,leader-w1r5,90
2026-04-03T20:52:59.065056-07:00,write,key-0,0.392,205,false,leader-w1r5,90
2026-04-03T20:52:59.065068-07:00,write,key-6,1.046,153,false,leader-w1r5,90
2026-04-03T20:52:59.065289-07:00,write,key-6,1.203,154,false,leader-w1r5,90
2026-04-03T20:52:59.065429-07:00,write,key-1,1.754,182,false,leader-w1r5,90
2026-04-03T20:52:59.014665-07:00,read,key-8,52.864,184,false,leader-w1r5,90
2026-04-03T20:52:59.065448-07:00,write,key-7,2.263,196,false,leader-w1r5,90
2026-04-03T20:52:59.067712-07:00,write,key-2,0.491,190,false,leader-w1r5,90
2026-04-03T20:52:59.066493-07:00,write,key-6,1.731,155,false,leader-w1r5,90
2026-04-03T20:52:59.067531-07:00,write,key-0,0.835,208,false,leader-w1r5,90
2026-04-03T20:52:59.067183-07:00,write,key-0,1.231,207,false,leader-w1r5,90
2026-04-03T20:52:59.068226-07:00,write,key-9,0.515,201,false,leader-w1r5,90
2026-04-03T20:52:59.068207-07:00,write,key-1,0.546,183,false,leader-w1r5,90
2026-04-03T20:52:59.068367-07:00,write,key-5,0.534,222,false,leader-w1r5,90
2026-04-03T20:52:59.068416-07:00,write,key-0,0.534,209,false,leader-w1r5,90
2026-04-03T20:52:59.068951-07:00,write,key-2,0.326,191,false,leader-w1r5,90
2026-04-03T20:52:59.068742-07:00,write,key-3,0.607,191,false,leader-w1r5,90
2026-04-03T20:52:59.068915-07:00,write,key-3,0.452,192,false,leader-w1r5,90
2026-04-03T20:52:59.068754-07:00,write,key-3,0.626,190,false,leader-w1r5,90
2026-04-03T20:52:59.069278-07:00,write,key-7,0.533,197,false,leader-w1r5,90
2026-04-03T20:52:59.069367-07:00,write,key-1,0.544,184,false,leader-w1r5,90
2026-04-03T20:52:59.06938-07:00,write,key-0,0.545,210,false,leader-w1r5,90
2026-04-03T20:52:59.069813-07:00,write,key-7,0.353,198,false,leader-w1r5,90
2026-04-03T20:52:59.070167-07:00,write,key-0,0.302,211,false,leader-w1r5,90
2026-04-03T20:52:59.069911-07:00,write,key-3,0.600,193,false,leader-w1r5,90
2026-04-03T20:52:59.069928-07:00,write,key-6,0.600,156,false,leader-w1r5,90
2026-04-03T20:52:59.07047-07:00,write,key-1,0.385,185,false,leader-w1r5,90
2026-04-03T20:52:59.07053-07:00,write,key-0,0.342,212,false,leader-w1r5,90
2026-04-03T20:52:59.070512-07:00,write,key-7,0.372,199,false,leader-w1r5,90
2026-04-03T20:52:59.070885-07:00,write,key-3,0.406,194,false,leader-w1r5,90
2026-04-03T20:52:59.070857-07:00,write,key-8,0.500,185,false,leader-w1r5,90
2026-04-03T20:52:59.070872-07:00,write,key-7,0.511,200,false,leader-w1r5,90
2026-04-03T20:52:59.071386-07:00,write,key-4,0.364,189,false,leader-w1r5,90
2026-04-03T20:52:59.071358-07:00,write,key-5,0.405,223,false,leader-w1r5,90
2026-04-03T20:52:59.071292-07:00,write,key-9,0.476,202,false,leader-w1r5,90
2026-04-03T20:52:59.020769-07:00,read,key-1,52.067,185,false,leader-w1r5,90
2026-04-03T20:52:59.020838-07:00,read,key-4,52.012,188,true,leader-w1r5,90
2026-04-03T20:52:59.021184-07:00,read,key-7,51.667,200,false,leader-w1r5,90
2026-04-03T20:52:59.071765-07:00,write,key-3,1.091,195,false,leader-w1r5,90
2026-04-03T20:52:59.071752-07:00,write,key-5,1.172,224,false,leader-w1r5,90
2026-04-03T20:52:59.019697-07:00,read,key-3,53.288,195,false,leader-w1r5,90
2026-04-03T20:52:59.072852-07:00,write,key-7,0.397,201,false,leader-w1r5,90
2026-04-03T20:52:59.072852-07:00,write,key-8,0.408,186,false,leader-w1r5,90
2026-04-03T20:52:59.072838-07:00,write,key-9,0.794,203,false,leader-w1r5,90
2026-04-03T20:52:59.072858-07:00,write,key-6,0.797,157,false,leader-w1r5,90
2026-04-03T20:52:59.022834-07:00,read,key-0,51.088,212,false,leader-w1r5,90
2026-04-03T20:52:59.072925-07:00,write,key-2,1.153,192,false,leader-w1r5,90
2026-04-03T20:52:59.072987-07:00,write,key-6,1.112,158,false,leader-w1r5,90
2026-04-03T20:52:59.073261-07:00,write,key-2,1.011,193,false,leader-w1r5,90
2026-04-03T20:52:59.073633-07:00,write,key-1,0.902,186,false,leader-w1r5,90
2026-04-03T20:52:59.073655-07:00,write,key-3,1.027,196,false,leader-w1r5,90
2026-04-03T20:52:59.074079-07:00,write,key-4,1.295,190,false,leader-w1r5,90
2026-04-03T20:52:59.073923-07:00,write,key-9,1.475,204,false,leader-w1r5,90
2026-04-03T20:52:59.02325-07:00,read,key-9,52.233,184,true,leader-w1r5,90
2026-04-03T20:52:59.024722-07:00,read,key-7,51.671,201,false,leader-w1r5,90
2026-04-03T20:52:59.074273-07:00,write,key-2,2.123,194,false,leader-w1r5,90
2026-04-03T20:52:59.074536-07:00,write,key-4,1.883,191,false,leader-w1r5,90
2026-04-03T20:52:59.074101-07:00,write,key-4,2.327,192,false,leader-w1r5,90
2026-04-03T20:52:59.074684-07:00,write,key-6,2.590,159,false,leader-w1r5,90
2026-04-03T20:52:59.07642-07:00,write,key-7,1.102,202,false,leader-w1r5,90
2026-04-03T20:52:59.0754-07:00,write,key-7,2.146,203,false,leader-w1r5,90
2026-04-03T20:52:59.076394-07:00,write,key-5,1.208,225,false,leader-w1r5,90
2026-04-03T20:52:59.076428-07:00,write,key-1,1.589,187,false,leader-w1r5,90
2026-04-03T20:52:59.077275-07:00,write,key-1,0.744,188,false,leader-w1r5,90
2026-04-03T20:52:59.077547-07:00,write,key-5,0.631,226,false,leader-w1r5,90
2026-04-03T20:52:59.078021-07:00,write,key-1,0.337,189,false,leader-w1r5,90
2026-04-03T20:52:59.077523-07:00,write,key-7,0.874,204,false,leader-w1r5,90
2026-04-03T20:52:59.078359-07:00,write,key-1,0.243,191,false,leader-w1r5,90
2026-04-03T20:52:59.07818-07:00,write,key-1,0.476,190,false,leader-w1r5,90
2026-04-03T20:52:59.075376-07:00,write,key-3,3.438,197,false,leader-w1r5,90
2026-04-03T20:52:59.07802-07:00,write,key-9,0.824,205,false,leader-w1r5,90
2026-04-03T20:52:59.078398-07:00,write,key-1,0.663,192,false,leader-w1r5,90
2026-04-03T20:52:59.077604-07:00,write,key-5,1.514,227,false,leader-w1r5,90
2026-04-03T20:52:59.078658-07:00,write,key-5,0.578,228,false,leader-w1r5,90
2026-04-03T20:52:59.079119-07:00,write,key-0,0.515,213,false,leader-w1r5,90
2026-04-03T20:52:59.079237-07:00,write,key-3,0.477,198,false,leader-w1r5,90
2026-04-03T20:52:59.078845-07:00,write,key-2,1.024,195,false,leader-w1r5,90
2026-04-03T20:52:59.079062-07:00,write,key-4,0.810,193,false,leader-w1r5,90
2026-04-03T20:52:59.079634-07:00,write,key-6,0.415,160,false,leader-w1r5,90
2026-04-03T20:52:59.079715-07:00,write,key-9,0.358,206,false,leader-w1r5,90
2026-04-03T20:52:59.079871-07:00,write,key-9,0.310,207,false,leader-w1r5,90
2026-04-03T20:52:59.079874-07:00,write,key-2,0.423,196,false,leader-w1r5,90
2026-04-03T20:52:59.080183-07:00,write,key-5,0.261,229,false,leader-w1r5,90
2026-04-03T20:52:59.080074-07:00,write,key-9,0.569,208,false,leader-w1r5,90
2026-04-03T20:52:59.080051-07:00,write,key-1,0.668,193,false,leader-w1r5,90
2026-04-03T20:52:59.080299-07:00,write,key-9,0.426,209,false,leader-w1r5,90
2026-04-03T20:52:59.080445-07:00,write,key-8,0.484,187,false,leader-w1r5,90
2026-04-03T20:52:59.080726-07:00,write,key-0,0.329,214,false,leader-w1r5,90
2026-04-03T20:52:59.080644-07:00,write,key-2,0.436,197,false,leader-w1r5,90
2026-04-03T20:52:59.081056-07:00,write,key-1,0.336,194,false,leader-w1r5,90
2026-04-03T20:52:59.081081-07:00,write,key-2,0.429,198,false,leader-w1r5,90
2026-04-03T20:52:59.08093-07:00,write,key-6,0.591,161,false,leader-w1r5,90
2026-04-03T20:52:59.081393-07:00,write,key-3,0.310,199,false,leader-w1r5,90
2026-04-03T20:52:59.081512-07:00,write,key-3,0.312,200,false,leader-w1r5,90
2026-04-03T20:52:59.081521-07:00,write,key-5,0.351,230,false,leader-w1r5,90
2026-04-03T20:52:59.081873-07:00,write,key-6,0.293,162,false,leader-w1r5,90
2026-04-03T20:52:59.081839-07:00,write,key-7,0.353,205,false,leader-w1r5,90
2026-04-03T20:52:59.082194-07:00,write,key-3,0.180,201,false,leader-w1r5,90
2026-04-03T20:52:59.082168-07:00,write,key-2,0.284,199,false,leader-w1r5,90
2026-04-03T20:52:59.082453-07:00,write,key-3,0.333,202,false,leader-w1r5,90
2026-04-03T20:52:59.082375-07:00,write,key-9,0.435,210,false,leader-w1r5,90
2026-04-03T20:52:59.032203-07:00,read,key-8,50.941,187,false,leader-w1r5,90
2026-04-03T20:52:59.082787-07:00,write,key-2,0.393,200,false,leader-w1r5,90
2026-04-03T20:52:59.082811-07:00,write,key-2,0.517,201,false,leader-w1r5,90
2026-04-03T20:52:59.083146-07:00,write,key-5,0.362,231,false,leader-w1r5,90
2026-04-03T20:52:59.08318-07:00,write,key-1,0.896,195,false,leader-w1r5,90
2026-04-03T20:52:59.033275-07:00,read,key-7,51.347,205,false,leader-w1r5,90
2026-04-03T20:52:59.029783-07:00,read,key-1,55.482,195,false,leader-w1r5,90
2026-04-03T20:52:59.085267-07:00,write,key-7,0.873,206,false,leader-w1r5,90
2026-04-03T20:52:59.084623-07:00,write,key-5,1.545,232,false,leader-w1r5,90
2026-04-03T20:52:59.086168-07:00,write,key-4,0.351,194,false,leader-w1r5,90
2026-04-03T20:52:59.08652-07:00,write,key-1,0.633,196,false,leader-w1r5,90
2026-04-03T20:52:59.032176-07:00,read,key-2,55.233,201,false,leader-w1r5,90
2026-04-03T20:52:59.087154-07:00,write,key-6,0.415,163,false,leader-w1r5,90
2026-04-03T20:52:59.08757-07:00,write,key-9,0.730,211,false,leader-w1r5,90
2026-04-03T20:52:59.053903-07:00,read,key-1,53.199,196,false,leader-w1r5,90
2026-04-03T20:52:59.107104-07:00,write,key-3,0.365,203,false,leader-w1r5,90
2026-04-03T20:52:59.107471-07:00,write,key-7,0.473,207,false,leader-w1r5,90
2026-04-03T20:52:59.107946-07:00,write,key-2,0.336,202,false,leader-w1r5,90
2026-04-03T20:52:59.108283-07:00,write,key-7,0.472,208,false,leader-w1r5,90
2026-04-03T20:52:59.057748-07:00,read,key-4,51.224,185,true,leader-w1r5,90
2026-04-03T20:52:59.056975-07:00,read,key-4,52.077,194,false,leader-w1r5,90
2026-04-03T20:52:59.109053-07:00,write,key-2,0.298,203,false,leader-w1r5,90
2026-04-03T20:52:59.108974-07:00,write,key-5,0.390,233,false,leader-w1r5,90
2026-04-03T20:52:59.109366-07:00,write,key-0,0.295,215,false,leader-w1r5,90
2026-04-03T20:52:59.109353-07:00,write,key-8,0.339,188,false,leader-w1r5,90
2026-04-03T20:52:59.109693-07:00,write,key-9,0.283,212,false,leader-w1r5,90
2026-04-03T20:52:59.109662-07:00,write,key-0,0.333,216,false,leader-w1r5,90
2026-04-03T20:52:59.109977-07:00,write,key-4,0.251,195,false,leader-w1r5,90
2026-04-03T20:52:59.109997-07:00,write,key-6,0.332,164,false,leader-w1r5,90
2026-04-03T20:52:59.11033-07:00,write,key-7,0.289,209,false,leader-w1r5,90
2026-04-03T20:52:59.110229-07:00,write,key-3,0.403,204,false,leader-w1r5,90
2026-04-03T20:52:59.110634-07:00,write,key-0,0.252,217,false,leader-w1r5,90
2026-04-03T20:52:59.11062-07:00,write,key-0,0.357,218,false,leader-w1r5,90
2026-04-03T20:52:59.110887-07:00,write,key-0,0.228,219,false,leader-w1r5,90
2026-04-03T20:52:59.110977-07:00,write,key-3,0.381,205,false,leader-w1r5,90
2026-04-03T20:52:59.11136-07:00,write,key-5,0.245,234,false,leader-w1r5,90
2026-04-03T20:52:59.111605-07:00,write,key-3,0.403,206,false,leader-w1r5,90
2026-04-03T20:52:59.11201-07:00,write,key-0,0.287,220,false,leader-w1r5,90
2026-04-03T20:52:59.112299-07:00,write,key-0,0.222,221,false,leader-w1r5,90
2026-04-03T20:52:59.112522-07:00,write,key-4,0.316,196,false,leader-w1r5,90
2026-04-03T20:52:59.112839-07:00,write,key-5,0.224,235,false,leader-w1r5,90
2026-04-03T20:52:59.113065-07:00,write,key-1,0.238,197,false,leader-w1r5,90
2026-04-03T20:52:59.113305-07:00,write,key-0,0.261,222,false,leader-w1r5,90
2026-04-03T20:52:59.113566-07:00,write,key-7,0.332,210,false,leader-w1r5,90
2026-04-03T20:52:59.066115-07:00,read,key-8,52.103,188,false,leader-w1r5,90
2026-04-03T20:52:59.118219-07:00,write,key-5,0.275,236,false,leader-w1r5,90
2026-04-03T20:52:59.06935-07:00,read,key-3,51.908,206,false,leader-w1r5,90
2026-04-03T20:52:59.065056-07:00,read,key-7,56.434,210,false,leader-w1r5,90
2026-04-03T20:52:59.121259-07:00,write,key-8,0.281,189,false,leader-w1r5,90
2026-04-03T20:52:59.121491-07:00,write,key-5,0.331,238,false,leader-w1r5,90
2026-04-03T20:52:59.121542-07:00,write,key-5,0.302,237,false,leader-w1r5,90
2026-04-03T20:52:59.121845-07:00,write,key-1,0.352,198,false,leader-w1r5,90
2026-04-03T20:52:59.121823-07:00,write,key-8,0.374,190,false,leader-w1r5,90
2026-04-03T20:52:59.122199-07:00,write,key-9,0.473,213,false,leader-w1r5,90
2026-04-03T20:52:59.122674-07:00,write,key-6,0.251,165,false,leader-w1r5,90
2026-04-03T20:52:59.071768-07:00,read,key-9,51.165,202,true,leader-w1r5,90
2026-04-03T20:52:59.122935-07:00,write,key-3,0.309,207,false,leader-w1r5,90
2026-04-03T20:52:59.122926-07:00,write,key-9,0.356,214,false,leader-w1r5,90
2026-04-03T20:52:59.123284-07:00,write,key-6,0.268,166,false,leader-w1r5,90
2026-04-03T20:52:59.123245-07:00,write,key-6,0.340,167,false,leader-w1r5,90
2026-04-03T20:52:59.123554-07:00,write,key-2,0.476,204,false,leader-w1r5,90
2026-04-03T20:52:59.123598-07:00,write,key-4,0.463,197,false,leader-w1r5,90
2026-04-03T20:52:59.124062-07:00,write,key-9,0.262,215,false,leader-w1r5,90
2026-04-03T20:52:59.124031-07:00,write,key-3,0.373,208,false,leader-w1r5,90
2026-04-03T20:52:59.124325-07:00,write,key-4,0.396,198,false,leader-w1r5,90
2026-04-03T20:52:59.07325-07:00,read,key-7,51.664,210,false,leader-w1r5,90
2026-04-03T20:52:59.124722-07:00,write,key-1,0.291,199,false,leader-w1r5,90
2026-04-03T20:52:59.124916-07:00,write,key-9,0.231,216,false,leader-w1r5,90
2026-04-03T20:52:59.125148-07:00,write,key-6,0.260,168,false,leader-w1r5,90
2026-04-03T20:52:59.12541-07:00,write,key-9,0.259,217,false,leader-w1r5,90
2026-04-03T20:52:59.125669-07:00,write,key-0,0.226,223,false,leader-w1r5,90
2026-04-03T20:52:59.076397-07:00,read,key-6,52.125,168,false,leader-w1r5,90
2026-04-03T20:52:59.128524-07:00,write,key-7,0.301,211,false,leader-w1r5,90
2026-04-03T20:52:59.075484-07:00,read,key-5,54.515,226,true,leader-w1r5,90
2026-04-03T20:52:59.13-07:00,write,key-2,0.291,205,false,leader-w1r5,90
2026-04-03T20:52:59.130291-07:00,write,key-2,0.343,206,false,leader-w1r5,90
2026-04-03T20:52:59.078814-07:00,read,key-5,52.068,238,false,leader-w1r5,90
2026-04-03T20:52:59.130636-07:00,write,key-6,0.300,169,false,leader-w1r5,90
2026-04-03T20:52:59.078603-07:00,read,key-5,52.385,238,false,leader-w1r5,90
2026-04-03T20:52:59.130884-07:00,write,key-9,0.261,218,false,leader-w1r5,90
2026-04-03T20:52:59.130938-07:00,write,key-7,0.367,212,false,leader-w1r5,90
2026-04-03T20:52:59.130989-07:00,write,key-3,0.451,209,false,leader-w1r5,90
2026-04-03T20:52:59.131145-07:00,write,key-1,0.445,200,false,leader-w1r5,90
2026-04-03T20:52:59.131441-07:00,write,key-5,0.476,239,false,leader-w1r5,90
2026-04-03T20:52:59.131306-07:00,write,key-9,0.626,219,false,leader-w1r5,90
2026-04-03T20:52:59.131934-07:00,write,key-3,0.396,210,false,leader-w1r5,90
2026-04-03T20:52:59.131592-07:00,write,key-7,0.749,213,false,leader-w1r5,90
2026-04-03T20:52:59.132342-07:00,write,key-3,0.264,211,false,leader-w1r5,90
2026-04-03T20:52:59.08072-07:00,read,key-2,51.922,206,false,leader-w1r5,90
2026-04-03T20:52:59.132607-07:00,write,key-1,0.350,201,false,leader-w1r5,90
2026-04-03T20:52:59.132959-07:00,write,key-9,0.464,220,false,leader-w1r5,90
2026-04-03T20:52:59.133424-07:00,write,key-5,0.884,240,false,leader-w1r5,90
2026-04-03T20:52:59.134309-07:00,write,key-0,0.238,224,false,leader-w1r5,90
2026-04-03T20:52:59.134549-07:00,write,key-0,0.367,225,false,leader-w1r5,90
2026-04-03T20:52:59.081705-07:00,read,key-7,53.271,213,false,leader-w1r5,90
2026-04-03T20:52:59.134976-07:00,write,key-4,0.255,199,false,leader-w1r5,90
2026-04-03T20:52:59.135233-07:00,write,key-9,0.214,221,false,leader-w1r5,90
2026-04-03T20:52:59.135448-07:00,write,key-3,0.363,212,false,leader-w1r5,90
2026-04-03T20:52:59.135812-07:00,write,key-6,0.263,170,false,leader-w1r5,90
2026-04-03T20:52:59.136075-07:00,write,key-9,0.199,222,false,leader-w1r5,90
2026-04-03T20:52:59.136275-07:00,write,key-5,0.259,241,false,leader-w1r5,90
2026-04-03T20:52:59.083508-07:00,read,key-0,53.411,214,true,leader-w1r5,90
2026-04-03T20:52:59.136536-07:00,write,key-0,0.402,226,false,leader-w1r5,90
2026-04-03T20:52:59.083329-07:00,read,key-7,53.976,213,false,leader-w1r5,90
2026-04-03T20:52:59.136939-07:00,write,key-3,0.399,213,false,leader-w1r5,90
2026-04-03T20:52:59.137339-07:00,write,key-1,0.253,202,false,leader-w1r5,90
2026-04-03T20:52:59.137306-07:00,write,key-7,0.329,214,false,leader-w1r5,90
2026-04-03T20:52:59.137594-07:00,write,key-7,0.382,215,false,leader-w1r5,90
2026-04-03T20:52:59.137637-07:00,write,key-1,0.362,203,false,leader-w1r5,90
2026-04-03T20:52:59.138-07:00,write,key-1,0.263,204,false,leader-w1r5,90
2026-04-03T20:52:59.137979-07:00,write,key-3,0.349,214,false,leader-w1r5,90
2026-04-03T20:52:59.138264-07:00,write,key-3,0.215,215,false,leader-w1r5,90
2026-04-03T20:52:59.138329-07:00,write,key-4,0.216,200,false,leader-w1r5,90
2026-04-03T20:52:59.084077-07:00,read,key-5,54.690,231,true,leader-w1r5,90
2026-04-03T20:52:59.138768-07:00,write,key-0,0.423,227,false,leader-w1r5,90
2026-04-03T20:52:59.13848-07:00,write,key-1,0.728,205,false,leader-w1r5,90
2026-04-03T20:52:59.138547-07:00,write,key-7,0.675,216,false,leader-w1r5,90
2026-04-03T20:52:59.086141-07:00,read,key-3,53.092,213,true,leader-w1r5,90
2026-04-03T20:52:59.087412-07:00,read,key-6,51.823,170,false,leader-w1r5,90
2026-04-03T20:52:59.139193-07:00,write,key-6,0.461,171,false,leader-w1r5,90
2026-04-03T20:52:59.13921-07:00,write,key-5,0.475,242,false,leader-w1r5,90
2026-04-03T20:52:59.139224-07:00,write,key-9,0.576,223,false,leader-w1r5,90
2026-04-03T20:52:59.139236-07:00,write,key-3,0.727,216,false,leader-w1r5,90
2026-04-03T20:52:59.139235-07:00,write,key-5,0.821,243,false,leader-w1r5,90
2026-04-03T20:52:59.139655-07:00,write,key-9,0.501,224,false,leader-w1r5,90
2026-04-03T20:52:59.139686-07:00,write,key-4,0.637,201,false,leader-w1r5,90
2026-04-03T20:52:59.1398-07:00,write,key-5,0.758,244,false,leader-w1r5,90
2026-04-03T20:52:59.139965-07:00,write,key-0,0.605,228,false,leader-w1r5,90
2026-04-03T20:52:59.140324-07:00,write,key-7,0.587,218,false,leader-w1r5,90
2026-04-03T20:52:59.140058-07:00,write,key-7,0.874,217,false,leader-w1r5,90
2026-04-03T20:52:59.140157-07:00,write,key-4,0.787,202,false,leader-w1r5,90
2026-04-03T20:52:59.088301-07:00,read,key-5,52.891,241,true,leader-w1r5,90
2026-04-03T20:52:59.140934-07:00,write,key-5,0.489,245,false,leader-w1r5,90
2026-04-03T20:52:59.140572-07:00,write,key-1,0.883,207,false,leader-w1r5,90
2026-04-03T20:52:59.14056-07:00,write,key-1,0.904,206,false,leader-w1r5,90
2026-04-03T20:52:59.141424-07:00,write,key-7,0.353,219,false,leader-w1r5,90
2026-04-03T20:52:59.140945-07:00,write,key-9,0.850,225,false,leader-w1r5,90
2026-04-03T20:52:59.141194-07:00,write,key-0,0.606,229,false,leader-w1r5,90
2026-04-03T20:52:59.141466-07:00,write,key-6,0.662,172,false,leader-w1r5,90
2026-04-03T20:52:59.141778-07:00,write,key-5,0.370,247,false,leader-w1r5,90
2026-04-03T20:52:59.141457-07:00,write,key-5,0.700,246,false,leader-w1r5,90
2026-04-03T20:52:59.142129-07:00,write,key-9,0.395,226,false,leader-w1r5,90
2026-04-03T20:52:59.141825-07:00,write,key-5,0.719,248,false,leader-w1r5,90
2026-04-03T20:52:59.141843-07:00,write,key-3,0.712,217,false,leader-w1r5,90
2026-04-03T20:52:59.142148-07:00,write,key-4,0.814,203,false,leader-w1r5,90
2026-04-03T20:52:59.142526-07:00,write,key-8,0.469,191,false,leader-w1r5,90
2026-04-03T20:52:59.142157-07:00,write,key-5,0.962,249,false,leader-w1r5,90
2026-04-03T20:52:59.142556-07:00,write,key-8,0.716,192,false,leader-w1r5,90
2026-04-03T20:52:59.142546-07:00,write,key-2,0.800,207,false,leader-w1r5,90
2026-04-03T20:52:59.142964-07:00,write,key-7,0.533,220,false,leader-w1r5,90
2026-04-03T20:52:59.142996-07:00,write,key-8,0.890,193,false,leader-w1r5,90
2026-04-03T20:52:59.143273-07:00,write,key-7,0.634,221,false,leader-w1r5,90
2026-04-03T20:52:59.14312-07:00,write,key-2,0.803,208,false,leader-w1r5,90
2026-04-03T20:52:59.143346-07:00,write,key-1,1.934,209,false,leader-w1r5,90
2026-04-03T20:52:59.143888-07:00,write,key-1,1.615,208,false,leader-w1r5,90
2026-04-03T20:52:59.143498-07:00,write,key-2,2.091,209,false,leader-w1r5,90
2026-04-03T20:52:59.143908-07:00,write,key-1,4.085,210,false,leader-w1r5,90
2026-04-03T20:52:59.143924-07:00,write,key-6,4.464,173,false,leader-w1r5,90
2026-04-03T20:52:59.145504-07:00,write,key-6,3.133,174,false,leader-w1r5,90
2026-04-03T20:52:59.147994-07:00,write,key-9,1.347,227,false,leader-w1r5,90
2026-04-03T20:52:59.148638-07:00,write,key-8,1.227,194,false,leader-w1r5,90
2026-04-03T20:52:59.148389-07:00,write,key-5,1.548,250,false,leader-w1r5,90
2026-04-03T20:52:59.149343-07:00,write,key-7,0.619,222,false,leader-w1r5,90
2026-04-03T20:52:59.149865-07:00,write,key-0,0.457,230,false,leader-w1r5,90
2026-04-03T20:52:59.149938-07:00,write,key-5,0.510,251,false,leader-w1r5,90
2026-04-03T20:52:59.149963-07:00,write,key-3,0.520,218,false,leader-w1r5,90
2026-04-03T20:52:59.150323-07:00,write,key-5,0.428,252,false,leader-w1r5,90
2026-04-03T20:52:59.150485-07:00,write,key-7,0.370,223,false,leader-w1r5,90
2026-04-03T20:52:59.15045-07:00,write,key-7,0.727,224,false,leader-w1r5,90
2026-04-03T20:52:59.150752-07:00,write,key-3,0.429,219,false,leader-w1r5,90
2026-04-03T20:52:59.151182-07:00,write,key-5,0.592,253,false,leader-w1r5,90
2026-04-03T20:52:59.151178-07:00,write,key-8,0.737,195,false,leader-w1r5,90
2026-04-03T20:52:59.151775-07:00,write,key-3,0.487,220,false,leader-w1r5,90
2026-04-03T20:52:59.151916-07:00,write,key-8,0.354,196,false,leader-w1r5,90
2026-04-03T20:52:59.152271-07:00,write,key-7,0.474,225,false,leader-w1r5,90
2026-04-03T20:52:59.152263-07:00,write,key-7,0.504,226,false,leader-w1r5,90
2026-04-03T20:52:59.152746-07:00,write,key-6,0.538,175,false,leader-w1r5,90
2026-04-03T20:52:59.153285-07:00,write,key-3,0.903,221,false,leader-w1r5,90
2026-04-03T20:52:59.15419-07:00,write,key-7,0.302,227,false,leader-w1r5,90
2026-04-03T20:52:59.154492-07:00,write,key-3,0.310,222,false,leader-w1r5,90
2026-04-03T20:52:59.154803-07:00,write,key-5,0.198,254,false,leader-w1r5,90
2026-04-03T20:52:59.155002-07:00,write,key-4,0.212,204,false,leader-w1r5,90
2026-04-03T20:52:59.155216-07:00,write,key-7,0.277,228,false,leader-w1r5,90
2026-04-03T20:52:59.155494-07:00,write,key-1,0.414,211,false,leader-w1r5,90
2026-04-03T20:52:59.155909-07:00,write,key-7,0.299,229,false,leader-w1r5,90
2026-04-03T20:52:59.156209-07:00,write,key-3,0.314,223,false,leader-w1r5,90
2026-04-03T20:52:59.108756-07:00,read,key-9,52.220,227,false,leader-w1r5,90
2026-04-03T20:52:59.160978-07:00,write,key-3,0.311,224,false,leader-w1r5,90
2026-04-03T20:52:59.16129-07:00,write,key-9,0.288,228,false,leader-w1r5,90
2026-04-03T20:52:59.161578-07:00,write,key-5,0.341,255,false,leader-w1r5,90
2026-04-03T20:52:59.16192-07:00,write,key-3,0.333,225,false,leader-w1r5,90
2026-04-03T20:52:59.162255-07:00,write,key-8,0.250,197,false,leader-w1r5,90
2026-04-03T20:52:59.162505-07:00,write,key-2,0.451,210,false,leader-w1r5,90
2026-04-03T20:52:59.162957-07:00,write,key-2,0.258,211,false,leader-w1r5,90
2026-04-03T20:52:59.113899-07:00,read,key-2,51.398,211,false,leader-w1r5,90
2026-04-03T20:52:59.165299-07:00,write,key-7,0.244,230,false,leader-w1r5,90
2026-04-03T20:52:59.165544-07:00,write,key-1,0.234,212,false,leader-w1r5,90
2026-04-03T20:52:59.165779-07:00,write,key-9,0.266,229,false,leader-w1r5,90
2026-04-03T20:52:59.166046-07:00,write,key-3,0.407,226,false,leader-w1r5,90
2026-04-03T20:52:59.111116-07:00,read,key-0,58.994,230,false,leader-w1r5,90
2026-04-03T20:52:59.166455-07:00,write,key-5,3.668,256,false,leader-w1r5,90
2026-04-03T20:52:59.170113-07:00,write,key-5,0.401,257,false,leader-w1r5,90
2026-04-03T20:52:59.170125-07:00,write,key-2,0.825,212,false,leader-w1r5,90
2026-04-03T20:52:59.118496-07:00,read,key-2,53.363,212,false,leader-w1r5,90
2026-04-03T20:52:59.171861-07:00,write,key-8,0.243,198,false,leader-w1r5,90
2026-04-03T20:52:59.172105-07:00,write,key-6,0.192,176,false,leader-w1r5,90
2026-04-03T20:52:59.172298-07:00,write,key-0,0.230,231,false,leader-w1r5,90
2026-04-03T20:52:59.172529-07:00,write,key-4,0.484,205,false,leader-w1r5,90
2026-04-03T20:52:59.173015-07:00,write,key-7,0.808,231,false,leader-w1r5,90
2026-04-03T20:52:59.122199-07:00,read,key-4,52.051,196,true,leader-w1r5,90
2026-04-03T20:52:59.173824-07:00,write,key-5,0.530,258,false,leader-w1r5,90
2026-04-03T20:52:59.174251-07:00,write,key-6,0.315,177,false,leader-w1r5,90
2026-04-03T20:52:59.174354-07:00,write,key-8,0.238,199,false,leader-w1r5,90
2026-04-03T20:52:59.174593-07:00,write,key-9,0.370,230,false,leader-w1r5,90
2026-04-03T20:52:59.174568-07:00,write,key-3,0.410,227,false,leader-w1r5,90
2026-04-03T20:52:59.174979-07:00,write,key-0,0.892,232,false,leader-w1r5,90
2026-04-03T20:52:59.174964-07:00,write,key-3,0.943,228,false,leader-w1r5,90
2026-04-03T20:52:59.125013-07:00,read,key-6,50.894,177,false,leader-w1r5,90
2026-04-03T20:52:59.175872-07:00,write,key-4,0.345,206,false,leader-w1r5,90
2026-04-03T20:52:59.175909-07:00,write,key-2,0.349,213,false,leader-w1r5,90
2026-04-03T20:52:59.175908-07:00,write,key-8,0.352,200,false,leader-w1r5,90
2026-04-03T20:52:59.176218-07:00,write,key-1,0.382,213,false,leader-w1r5,90
2026-04-03T20:52:59.176262-07:00,write,key-8,0.361,201,false,leader-w1r5,90
2026-04-03T20:52:59.176259-07:00,write,key-6,0.434,178,false,leader-w1r5,90
2026-04-03T20:52:59.176602-07:00,write,key-2,0.359,214,false,leader-w1r5,90
2026-04-03T20:52:59.176624-07:00,write,key-8,0.364,202,false,leader-w1r5,90
2026-04-03T20:52:59.176694-07:00,write,key-5,0.512,259,false,leader-w1r5,90
2026-04-03T20:52:59.17699-07:00,write,key-2,0.435,216,false,leader-w1r5,90
2026-04-03T20:52:59.176962-07:00,write,key-2,0.484,215,false,leader-w1r5,90
2026-04-03T20:52:59.177206-07:00,write,key-4,0.381,207,false,leader-w1r5,90
2026-04-03T20:52:59.177448-07:00,write,key-7,0.506,232,false,leader-w1r5,90
2026-04-03T20:52:59.125896-07:00,read,key-1,52.193,213,false,leader-w1r5,90
2026-04-03T20:52:59.177588-07:00,write,key-1,0.661,214,false,leader-w1r5,90
2026-04-03T20:52:59.17809-07:00,write,key-3,0.489,230,false,leader-w1r5,90
2026-04-03T20:52:59.17825-07:00,write,key-3,0.353,229,false,leader-w1r5,90
2026-04-03T20:52:59.177955-07:00,write,key-8,0.648,203,false,leader-w1r5,90
2026-04-03T20:52:59.17858-07:00,write,key-0,0.481,234,false,leader-w1r5,90
2026-04-03T20:52:59.178604-07:00,write,key-1,0.475,215,false,leader-w1r5,90
2026-04-03T20:52:59.178608-07:00,write,key-0,0.543,233,false,leader-w1r5,90
2026-04-03T20:52:59.179062-07:00,write,key-0,0.347,235,false,leader-w1r5,90
2026-04-03T20:52:59.17908-07:00,write,key-2,0.444,217,false,leader-w1r5,90
2026-04-03T20:52:59.179152-07:00,write,key-3,0.434,231,false,leader-w1r5,90
2026-04-03T20:52:59.128826-07:00,read,key-7,51.393,211,true,leader-w1r5,90
2026-04-03T20:52:59.179588-07:00,write,key-1,0.664,216,false,leader-w1r5,90
2026-04-03T20:52:59.179411-07:00,write,key-4,0.848,208,false,leader-w1r5,90
2026-04-03T20:52:59.124405-07:00,read,key-9,55.874,230,false,leader-w1r5,90
2026-04-03T20:52:59.179524-07:00,write,key-5,0.774,260,false,leader-w1r5,90
2026-04-03T20:52:59.18026-07:00,write,key-4,0.778,209,false,leader-w1r5,90
2026-04-03T20:52:59.18028-07:00,write,key-3,0.787,232,false,leader-w1r5,90
2026-04-03T20:52:59.180299-07:00,write,key-1,0.774,217,false,leader-w1r5,90
2026-04-03T20:52:59.18024-07:00,write,key-3,0.844,233,false,leader-w1r5,90
2026-04-03T20:52:59.181085-07:00,write,key-4,0.593,210,false,leader-w1r5,90
2026-04-03T20:52:59.181068-07:00,write,key-9,0.642,231,false,leader-w1r5,90
2026-04-03T20:52:59.181039-07:00,write,key-0,0.688,236,false,leader-w1r5,90
2026-04-03T20:52:59.181074-07:00,write,key-6,0.655,179,false,leader-w1r5,90
2026-04-03T20:52:59.181732-07:00,write,key-6,0.493,180,false,leader-w1r5,90
2026-04-03T20:52:59.18168-07:00,write,key-8,0.604,205,false,leader-w1r5,90
2026-04-03T20:52:59.181712-07:00,write,key-8,0.636,204,false,leader-w1r5,90
2026-04-03T20:52:59.18235-07:00,write,key-4,0.423,211,false,leader-w1r5,90
2026-04-03T20:52:59.182226-07:00,write,key-7,0.585,233,false,leader-w1r5,90
2026-04-03T20:52:59.131919-07:00,read,key-9,51.235,231,false,leader-w1r5,90
2026-04-03T20:52:59.182773-07:00,write,key-1,0.412,218,false,leader-w1r5,90
2026-04-03T20:52:59.182812-07:00,write,key-2,0.374,218,false,leader-w1r5,90
2026-04-03T20:52:59.132643-07:00,read,key-3,50.830,233,false,leader-w1r5,90
2026-04-03T20:52:59.183156-07:00,write,key-5,0.434,261,false,leader-w1r5,90
2026-04-03T20:52:59.183188-07:00,write,key-0,0.415,238,false,leader-w1r5,90
2026-04-03T20:52:59.183186-07:00,write,key-0,0.417,237,false,leader-w1r5,90
2026-04-03T20:52:59.183606-07:00,write,key-3,0.740,234,false,leader-w1r5,90
2026-04-03T20:52:59.183475-07:00,write,key-1,0.905,219,false,leader-w1r5,90
2026-04-03T20:52:59.183592-07:00,write,key-8,0.883,206,false,leader-w1r5,90
2026-04-03T20:52:59.184347-07:00,write,key-4,0.978,212,false,leader-w1r5,90
2026-04-03T20:52:59.184476-07:00,write,key-8,0.881,207,false,leader-w1r5,90
2026-04-03T20:52:59.185358-07:00,write,key-0,0.405,239,false,leader-w1r5,90
2026-04-03T20:52:59.185328-07:00,write,key-6,0.488,181,false,leader-w1r5,90
2026-04-03T20:52:59.183605-07:00,write,key-2,2.405,219,false,leader-w1r5,90
2026-04-03T20:52:59.132331-07:00,read,key-0,53.722,238,true,leader-w1r5,90
2026-04-03T20:52:59.185817-07:00,write,key-7,0.316,234,false,leader-w1r5,90
2026-04-03T20:52:59.186012-07:00,write,key-2,0.248,221,false,leader-w1r5,90
2026-04-03T20:52:59.185764-07:00,write,key-2,0.508,220,false,leader-w1r5,90
2026-04-03T20:52:59.186261-07:00,write,key-9,0.370,232,false,leader-w1r5,90
2026-04-03T20:52:59.186055-07:00,write,key-2,0.599,222,false,leader-w1r5,90
2026-04-03T20:52:59.186134-07:00,write,key-8,0.531,208,false,leader-w1r5,90
2026-04-03T20:52:59.186273-07:00,write,key-2,0.892,223,false,leader-w1r5,90
2026-04-03T20:52:59.186666-07:00,write,key-0,0.522,240,false,leader-w1r5,90
2026-04-03T20:52:59.186633-07:00,write,key-5,0.602,262,false,leader-w1r5,90
2026-04-03T20:52:59.187167-07:00,write,key-3,0.670,235,false,leader-w1r5,90
2026-04-03T20:52:59.187239-07:00,write,key-6,0.632,183,false,leader-w1r5,90
2026-04-03T20:52:59.187189-07:00,write,key-6,0.751,182,false,leader-w1r5,90
2026-04-03T20:52:59.187872-07:00,write,key-9,0.572,233,false,leader-w1r5,90
2026-04-03T20:52:59.18784-07:00,write,key-0,0.611,241,false,leader-w1r5,90
2026-04-03T20:52:59.187944-07:00,write,key-9,0.651,234,false,leader-w1r5,90
2026-04-03T20:52:59.188596-07:00,write,key-7,0.649,235,false,leader-w1r5,90
2026-04-03T20:52:59.136921-07:00,read,key-7,52.456,234,true,leader-w1r5,90
2026-04-03T20:52:59.189247-07:00,write,key-4,0.876,213,false,leader-w1r5,90
2026-04-03T20:52:59.188452-07:00,write,key-2,1.763,224,false,leader-w1r5,90
2026-04-03T20:52:59.188446-07:00,write,key-9,1.798,235,false,leader-w1r5,90
2026-04-03T20:52:59.189379-07:00,write,key-8,1.070,209,false,leader-w1r5,90
2026-04-03T20:52:59.190216-07:00,write,key-1,0.362,220,false,leader-w1r5,90
2026-04-03T20:52:59.190124-07:00,write,key-9,0.516,236,false,leader-w1r5,90
2026-04-03T20:52:59.190244-07:00,write,key-8,0.508,210,false,leader-w1r5,90
2026-04-03T20:52:59.190642-07:00,write,key-2,0.424,225,false,leader-w1r5,90
2026-04-03T20:52:59.19045-07:00,write,key-5,0.619,264,false,leader-w1r5,90
2026-04-03T20:52:59.19058-07:00,write,key-5,0.496,263,false,leader-w1r5,90
2026-04-03T20:52:59.191068-07:00,write,key-2,0.568,226,false,leader-w1r5,90
2026-04-03T20:52:59.190754-07:00,write,key-5,0.902,265,false,leader-w1r5,90
2026-04-03T20:52:59.191076-07:00,write,key-2,0.580,227,false,leader-w1r5,90
2026-04-03T20:52:59.134918-07:00,read,key-0,57.502,241,false,leader-w1r5,90
2026-04-03T20:52:59.140912-07:00,read,key-3,51.601,235,false,leader-w1r5,90
2026-04-03T20:52:59.19107-07:00,write,key-4,2.908,214,false,leader-w1r5,90
2026-04-03T20:52:59.191659-07:00,write,key-2,2.377,228,false,leader-w1r5,90
2026-04-03T20:52:59.192421-07:00,write,key-1,1.628,221,false,leader-w1r5,90
2026-04-03T20:52:59.192515-07:00,write,key-8,1.558,211,false,leader-w1r5,90
2026-04-03T20:52:59.191637-07:00,write,key-0,2.453,242,false,leader-w1r5,90
2026-04-03T20:52:59.193981-07:00,write,key-9,0.999,237,false,leader-w1r5,90
2026-04-03T20:52:59.19409-07:00,write,key-8,0.897,212,false,leader-w1r5,90
2026-04-03T20:52:59.194038-07:00,write,key-5,0.977,266,false,leader-w1r5,90
2026-04-03T20:52:59.194074-07:00,write,key-4,0.947,215,false,leader-w1r5,90
2026-04-03T20:52:59.19405-07:00,write,key-7,0.987,236,false,leader-w1r5,90
2026-04-03T20:52:59.194983-07:00,write,key-4,0.629,216,false,leader-w1r5,90
2026-04-03T20:52:59.195039-07:00,write,key-2,0.592,229,false,leader-w1r5,90
2026-04-03T20:52:59.195016-07:00,write,key-1,0.674,222,false,leader-w1r5,90
2026-04-03T20:52:59.194989-07:00,write,key-7,0.720,237,false,leader-w1r5,90
2026-04-03T20:52:59.195022-07:00,write,key-9,0.697,238,false,leader-w1r5,90
2026-04-03T20:52:59.195633-07:00,write,key-1,0.577,224,false,leader-w1r5,90
2026-04-03T20:52:59.195613-07:00,write,key-1,0.616,223,false,leader-w1r5,90
2026-04-03T20:52:59.19571-07:00,write,key-4,0.546,217,false,leader-w1r5,90
2026-04-03T20:52:59.195691-07:00,write,key-3,0.584,236,false,leader-w1r5,90
2026-04-03T20:52:59.195721-07:00,write,key-4,0.609,218,false,leader-w1r5,90
2026-04-03T20:52:59.196231-07:00,write,key-8,0.322,213,false,leader-w1r5,90
2026-04-03T20:52:59.196276-07:00,write,key-4,0.450,219,false,leader-w1r5,90
2026-04-03T20:52:59.196211-07:00,write,key-2,0.600,230,false,leader-w1r5,90
2026-04-03T20:52:59.196258-07:00,write,key-6,0.624,184,false,leader-w1r5,90
2026-04-03T20:52:59.196727-07:00,write,key-0,0.438,243,false,leader-w1r5,90
2026-04-03T20:52:59.196554-07:00,write,key-2,0.644,231,false,leader-w1r5,90
2026-04-03T20:52:59.196812-07:00,write,key-7,0.669,238,false,leader-w1r5,90
2026-04-03T20:52:59.196883-07:00,write,key-1,0.652,225,false,leader-w1r5,90
2026-04-03T20:52:59.145286-07:00,read,key-6,52.502,184,false,leader-w1r5,90
2026-04-03T20:52:59.197485-07:00,write,key-1,0.836,226,false,leader-w1r5,90
2026-04-03T20:52:59.197536-07:00,write,key-0,0.786,244,false,leader-w1r5,90
2026-04-03T20:52:59.197166-07:00,write,key-3,1.164,237,false,leader-w1r5,90
2026-04-03T20:52:59.1972-07:00,write,key-5,1.191,267,false,leader-w1r5,90
2026-04-03T20:52:59.198331-07:00,write,key-3,1.111,238,false,leader-w1r5,90
2026-04-03T20:52:59.198392-07:00,write,key-8,1.064,214,false,leader-w1r5,90
2026-04-03T20:52:59.198322-07:00,write,key-8,1.148,215,false,leader-w1r5,90
2026-04-03T20:52:59.19779-07:00,write,key-5,1.681,268,false,leader-w1r5,90
2026-04-03T20:52:59.14559-07:00,read,key-9,53.970,238,false,leader-w1r5,90
2026-04-03T20:52:59.199443-07:00,write,key-8,0.550,217,false,leader-w1r5,90
2026-04-03T20:52:59.199457-07:00,write,key-8,0.555,216,false,leader-w1r5,90
2026-04-03T20:52:59.199473-07:00,write,key-0,1.037,245,false,leader-w1r5,90
2026-04-03T20:52:59.199471-07:00,write,key-2,1.047,232,false,leader-w1r5,90
2026-04-03T20:52:59.200014-07:00,write,key-0,1.163,246,false,leader-w1r5,90
2026-04-03T20:52:59.199995-07:00,write,key-7,1.208,239,false,leader-w1r5,90
2026-04-03T20:52:59.200511-07:00,write,key-8,0.698,218,false,leader-w1r5,90
2026-04-03T20:52:59.199562-07:00,write,key-4,1.659,220,false,leader-w1r5,90
2026-04-03T20:52:59.20052-07:00,write,key-7,0.702,240,false,leader-w1r5,90
2026-04-03T20:52:59.201204-07:00,write,key-7,0.671,241,false,leader-w1r5,90
2026-04-03T20:52:59.201178-07:00,write,key-2,0.706,233,false,leader-w1r5,90
2026-04-03T20:52:59.201223-07:00,write,key-4,0.682,221,false,leader-w1r5,90
2026-04-03T20:52:59.20121-07:00,write,key-6,0.702,185,false,leader-w1r5,90
2026-04-03T20:52:59.201223-07:00,write,key-0,0.705,247,false,leader-w1r5,90
2026-04-03T20:52:59.201877-07:00,write,key-7,0.666,242,false,leader-w1r5,90
2026-04-03T20:52:59.201929-07:00,write,key-1,0.623,228,false,leader-w1r5,90
2026-04-03T20:52:59.201914-07:00,write,key-2,0.651,234,false,leader-w1r5,90
2026-04-03T20:52:59.201886-07:00,write,key-1,0.682,227,false,leader-w1r5,90
2026-04-03T20:52:59.201907-07:00,write,key-3,0.667,239,false,leader-w1r5,90
2026-04-03T20:52:59.202569-07:00,write,key-7,0.822,243,false,leader-w1r5,90
2026-04-03T20:52:59.202544-07:00,write,key-2,0.898,235,false,leader-w1r5,90
2026-04-03T20:52:59.202553-07:00,write,key-6,0.889,186,false,leader-w1r5,90
2026-04-03T20:52:59.203392-07:00,write,key-1,0.615,229,false,leader-w1r5,90
2026-04-03T20:52:59.203459-07:00,write,key-6,0.562,187,false,leader-w1r5,90
2026-04-03T20:52:59.203447-07:00,write,key-4,0.613,222,false,leader-w1r5,90
2026-04-03T20:52:59.150855-07:00,read,key-2,53.325,235,false,leader-w1r5,90
2026-04-03T20:52:59.204009-07:00,write,key-7,0.720,244,false,leader-w1r5,90
2026-04-03T20:52:59.204061-07:00,write,key-0,0.738,248,false,leader-w1r5,90
2026-04-03T20:52:59.204022-07:00,write,key-5,0.805,269,false,leader-w1r5,90
2026-04-03T20:52:59.20473-07:00,write,key-5,0.946,271,false,leader-w1r5,90
2026-04-03T20:52:59.2048-07:00,write,key-7,0.917,245,false,leader-w1r5,90
2026-04-03T20:52:59.204182-07:00,write,key-5,1.584,270,false,leader-w1r5,90
2026-04-03T20:52:59.205678-07:00,write,key-0,0.634,249,false,leader-w1r5,90
2026-04-03T20:52:59.204828-07:00,write,key-8,1.607,219,false,leader-w1r5,90
2026-04-03T20:52:59.205718-07:00,write,key-2,0.747,236,false,leader-w1r5,90
2026-04-03T20:52:59.206315-07:00,write,key-7,0.722,246,false,leader-w1r5,90
2026-04-03T20:52:59.206437-07:00,write,key-4,0.760,223,false,leader-w1r5,90
2026-04-03T20:52:59.156523-07:00,read,key-4,50.924,223,false,leader-w1r5,90
2026-04-03T20:52:59.207198-07:00,write,key-5,0.324,272,false,leader-w1r5,90
2026-04-03T20:52:59.206467-07:00,write,key-3,1.464,240,false,leader-w1r5,90
2026-04-03T20:52:59.207448-07:00,write,key-6,0.526,188,false,leader-w1r5,90
2026-04-03T20:52:59.207038-07:00,write,key-7,1.158,247,false,leader-w1r5,90
2026-04-03T20:52:59.207523-07:00,write,key-3,0.694,241,false,leader-w1r5,90
2026-04-03T20:52:59.207933-07:00,write,key-6,0.684,189,false,leader-w1r5,90
2026-04-03T20:52:59.208196-07:00,write,key-5,0.552,273,false,leader-w1r5,90
2026-04-03T20:52:59.207975-07:00,write,key-7,0.828,248,false,leader-w1r5,90
2026-04-03T20:52:59.208217-07:00,write,key-8,0.624,220,false,leader-w1r5,90
2026-04-03T20:52:59.208805-07:00,write,key-1,0.895,230,false,leader-w1r5,90
2026-04-03T20:52:59.208749-07:00,write,key-2,0.973,237,false,leader-w1r5,90
2026-04-03T20:52:59.208843-07:00,write,key-0,0.893,250,false,leader-w1r5,90
2026-04-03T20:52:59.209701-07:00,write,key-9,0.436,239,false,leader-w1r5,90
2026-04-03T20:52:59.209737-07:00,write,key-1,0.414,231,false,leader-w1r5,90
2026-04-03T20:52:59.210138-07:00,write,key-0,0.310,251,false,leader-w1r5,90
2026-04-03T20:52:59.210152-07:00,write,key-5,0.338,274,false,leader-w1r5,90
2026-04-03T20:52:59.21049-07:00,write,key-1,0.361,232,false,leader-w1r5,90
2026-04-03T20:52:59.21046-07:00,write,key-2,0.398,238,false,leader-w1r5,90
2026-04-03T20:52:59.210852-07:00,write,key-7,0.227,249,false,leader-w1r5,90
2026-04-03T20:52:59.21108-07:00,write,key-8,0.317,221,false,leader-w1r5,90
2026-04-03T20:52:59.210863-07:00,write,key-3,0.570,242,false,leader-w1r5,90
2026-04-03T20:52:59.211433-07:00,write,key-4,0.267,224,false,leader-w1r5,90
2026-04-03T20:52:59.211398-07:00,write,key-8,0.421,222,false,leader-w1r5,90
2026-04-03T20:52:59.21182-07:00,write,key-5,0.320,275,false,leader-w1r5,90
2026-04-03T20:52:59.163217-07:00,read,key-0,51.107,251,false,leader-w1r5,90
2026-04-03T20:52:59.214325-07:00,write,key-4,0.370,225,false,leader-w1r5,90
2026-04-03T20:52:59.214697-07:00,write,key-9,0.581,240,false,leader-w1r5,90
2026-04-03T20:52:59.215279-07:00,write,key-1,0.565,233,false,leader-w1r5,90
2026-04-03T20:52:59.215845-07:00,write,key-7,0.339,250,false,leader-w1r5,90
2026-04-03T20:52:59.152769-07:00,read,key-6,63.573,189,false,leader-w1r5,90
2026-04-03T20:52:59.216185-07:00,write,key-6,0.339,190,false,leader-w1r5,90
2026-04-03T20:52:59.216344-07:00,write,key-7,0.390,251,false,leader-w1r5,90
2026-04-03T20:52:59.216525-07:00,write,key-9,0.376,241,false,leader-w1r5,90
2026-04-03T20:52:59.216902-07:00,write,key-8,0.393,223,false,leader-w1r5,90
2026-04-03T20:52:59.216735-07:00,write,key-4,0.563,226,false,leader-w1r5,90
2026-04-03T20:52:59.217299-07:00,write,key-4,0.341,227,false,leader-w1r5,90
2026-04-03T20:52:59.217297-07:00,write,key-1,0.401,234,false,leader-w1r5,90
2026-04-03T20:52:59.217643-07:00,write,key-8,0.278,224,false,leader-w1r5,90
2026-04-03T20:52:59.2177-07:00,write,key-3,0.304,243,false,leader-w1r5,90
2026-04-03T20:52:59.217922-07:00,write,key-8,0.337,225,false,leader-w1r5,90
2026-04-03T20:52:59.218005-07:00,write,key-9,0.376,242,false,leader-w1r5,90
2026-04-03T20:52:59.21826-07:00,write,key-3,0.290,244,false,leader-w1r5,90
2026-04-03T20:52:59.170952-07:00,read,key-7,56.065,251,false,leader-w1r5,90
2026-04-03T20:52:59.170515-07:00,read,key-3,56.526,244,false,leader-w1r5,90
2026-04-03T20:52:59.227019-07:00,write,key-6,0.302,191,false,leader-w1r5,90
2026-04-03T20:52:59.227043-07:00,write,key-0,0.310,252,false,leader-w1r5,90
2026-04-03T20:52:59.227322-07:00,write,key-1,0.207,235,false,leader-w1r5,90
2026-04-03T20:52:59.22753-07:00,write,key-8,0.366,226,false,leader-w1r5,90
2026-04-03T20:52:59.227897-07:00,write,key-0,0.257,253,false,leader-w1r5,90
2026-04-03T20:52:59.228156-07:00,write,key-9,0.321,243,false,leader-w1r5,90
2026-04-03T20:52:59.228478-07:00,write,key-3,0.272,245,false,leader-w1r5,90
2026-04-03T20:52:59.228751-07:00,write,key-1,0.215,236,false,leader-w1r5,90
2026-04-03T20:52:59.177427-07:00,read,key-4,52.519,227,false,leader-w1r5,90
2026-04-03T20:52:59.229947-07:00,write,key-4,0.387,228,false,leader-w1r5,90
2026-04-03T20:52:59.230335-07:00,write,key-7,0.304,252,false,leader-w1r5,90
2026-04-03T20:52:59.180254-07:00,read,key-4,51.222,228,false,leader-w1r5,90
2026-04-03T20:52:59.231477-07:00,write,key-8,0.337,227,false,leader-w1r5,90
2026-04-03T20:52:59.231815-07:00,write,key-8,0.220,228,false,leader-w1r5,90
2026-04-03T20:52:59.232036-07:00,write,key-5,0.314,276,false,leader-w1r5,90
2026-04-03T20:52:59.232351-07:00,write,key-1,0.430,237,false,leader-w1r5,90
2026-04-03T20:52:59.232782-07:00,write,key-5,0.252,277,false,leader-w1r5,90
2026-04-03T20:52:59.233035-07:00,write,key-6,0.241,192,false,leader-w1r5,90
2026-04-03T20:52:59.233277-07:00,write,key-1,0.275,238,false,leader-w1r5,90
2026-04-03T20:52:59.233553-07:00,write,key-5,0.385,278,false,leader-w1r5,90
2026-04-03T20:52:59.233939-07:00,write,key-0,0.231,254,false,leader-w1r5,90
2026-04-03T20:52:59.234171-07:00,write,key-6,0.237,193,false,leader-w1r5,90
2026-04-03T20:52:59.234409-07:00,write,key-7,0.356,253,false,leader-w1r5,90
2026-04-03T20:52:59.182285-07:00,read,key-6,52.688,191,true,leader-w1r5,90
2026-04-03T20:52:59.234768-07:00,write,key-3,0.391,246,false,leader-w1r5,90
2026-04-03T20:52:59.234975-07:00,write,key-4,0.447,229,false,leader-w1r5,90
2026-04-03T20:52:59.235161-07:00,write,key-7,0.333,254,false,leader-w1r5,90
2026-04-03T20:52:59.235423-07:00,write,key-3,0.257,247,false,leader-w1r5,90
2026-04-03T20:52:59.235496-07:00,write,key-4,0.266,230,false,leader-w1r5,90
2026-04-03T20:52:59.235763-07:00,write,key-0,0.425,255,false,leader-w1r5,90
2026-04-03T20:52:59.235682-07:00,write,key-3,0.514,248,false,leader-w1r5,90
2026-04-03T20:52:59.236198-07:00,write,key-1,0.334,239,false,leader-w1r5,90
2026-04-03T20:52:59.236189-07:00,write,key-7,0.419,255,false,leader-w1r5,90
2026-04-03T20:52:59.236534-07:00,write,key-1,0.372,240,false,leader-w1r5,90
2026-04-03T20:52:59.236609-07:00,write,key-6,0.382,194,false,leader-w1r5,90
2026-04-03T20:52:59.184381-07:00,read,key-1,52.728,219,true,leader-w1r5,90
2026-04-03T20:52:59.181731-07:00,read,key-8,55.520,228,false,leader-w1r5,90
2026-04-03T20:52:59.236992-07:00,write,key-1,0.335,241,false,leader-w1r5,90
2026-04-03T20:52:59.236906-07:00,write,key-9,0.523,244,false,leader-w1r5,90
2026-04-03T20:52:59.23711-07:00,write,key-7,0.497,256,false,leader-w1r5,90
2026-04-03T20:52:59.237256-07:00,write,key-8,0.602,229,false,leader-w1r5,90
2026-04-03T20:52:59.237328-07:00,write,key-7,0.552,257,false,leader-w1r5,90
2026-04-03T20:52:59.237431-07:00,write,key-8,0.604,230,false,leader-w1r5,90
2026-04-03T20:52:59.237608-07:00,write,key-0,0.570,256,false,leader-w1r5,90
2026-04-03T20:52:59.237859-07:00,write,key-0,0.574,257,false,leader-w1r5,90
2026-04-03T20:52:59.237883-07:00,write,key-7,0.732,258,false,leader-w1r5,90
2026-04-03T20:52:59.238036-07:00,write,key-1,0.729,242,false,leader-w1r5,90
2026-04-03T20:52:59.238179-07:00,write,key-3,0.615,249,false,leader-w1r5,90
2026-04-03T20:52:59.238795-07:00,write,key-9,0.349,245,false,leader-w1r5,90
2026-04-03T20:52:59.238766-07:00,write,key-0,0.391,258,false,leader-w1r5,90
2026-04-03T20:52:59.238434-07:00,write,key-3,0.745,250,false,leader-w1r5,90
2026-04-03T20:52:59.23918-07:00,write,key-1,0.334,243,false,leader-w1r5,90
2026-04-03T20:52:59.239157-07:00,write,key-2,0.846,239,false,leader-w1r5,90
2026-04-03T20:52:59.239145-07:00,write,key-1,0.916,244,false,leader-w1r5,90
2026-04-03T20:52:59.239516-07:00,write,key-3,0.937,251,false,leader-w1r5,90
2026-04-03T20:52:59.240454-07:00,write,key-9,0.274,247,false,leader-w1r5,90
2026-04-03T20:52:59.240005-07:00,write,key-9,0.743,246,false,leader-w1r5,90
2026-04-03T20:52:59.240062-07:00,write,key-2,0.837,240,false,leader-w1r5,90
2026-04-03T20:52:59.240749-07:00,write,key-0,0.654,259,false,leader-w1r5,90
2026-04-03T20:52:59.2409-07:00,write,key-2,0.518,241,false,leader-w1r5,90
2026-04-03T20:52:59.240729-07:00,write,key-0,0.781,260,false,leader-w1r5,90
2026-04-03T20:52:59.186655-07:00,read,key-4,54.887,230,false,leader-w1r5,90
2026-04-03T20:52:59.241544-07:00,write,key-0,0.320,261,false,leader-w1r5,90
2026-04-03T20:52:59.241512-07:00,write,key-6,0.444,195,false,leader-w1r5,90
2026-04-03T20:52:59.241404-07:00,write,key-2,0.563,242,false,leader-w1r5,90
2026-04-03T20:52:59.241969-07:00,write,key-9,0.423,248,false,leader-w1r5,90
2026-04-03T20:52:59.241866-07:00,write,key-7,0.550,259,false,leader-w1r5,90
2026-04-03T20:52:59.242416-07:00,write,key-8,0.486,231,false,leader-w1r5,90
2026-04-03T20:52:59.242904-07:00,write,key-2,0.247,243,false,leader-w1r5,90
2026-04-03T20:52:59.243152-07:00,write,key-1,0.249,245,false,leader-w1r5,90
2026-04-03T20:52:59.243402-07:00,write,key-7,0.413,260,false,leader-w1r5,90
2026-04-03T20:52:59.243816-07:00,write,key-4,0.530,231,false,leader-w1r5,90
2026-04-03T20:52:59.244347-07:00,write,key-9,0.308,249,false,leader-w1r5,90
2026-04-03T20:52:59.244657-07:00,write,key-5,0.276,279,false,leader-w1r5,90
2026-04-03T20:52:59.196332-07:00,read,key-6,50.993,195,false,leader-w1r5,90
2026-04-03T20:52:59.191657-07:00,read,key-4,55.685,231,false,leader-w1r5,90
2026-04-03T20:52:59.247326-07:00,write,key-3,0.233,252,false,leader-w1r5,90
2026-04-03T20:52:59.247344-07:00,write,key-5,0.298,280,false,leader-w1r5,90
2026-04-03T20:52:59.24756-07:00,write,key-5,0.590,281,false,leader-w1r5,90
2026-04-03T20:52:59.247643-07:00,write,key-9,0.517,250,false,leader-w1r5,90
2026-04-03T20:52:59.248151-07:00,write,key-6,1.554,196,false,leader-w1r5,90
2026-04-03T20:52:59.248161-07:00,write,key-3,1.572,253,false,leader-w1r5,90
2026-04-03T20:52:59.249707-07:00,write,key-1,0.564,246,false,leader-w1r5,90
2026-04-03T20:52:59.249734-07:00,write,key-2,0.679,244,false,leader-w1r5,90
2026-04-03T20:52:59.250273-07:00,write,key-0,0.510,262,false,leader-w1r5,90
2026-04-03T20:52:59.250415-07:00,write,key-2,0.659,245,false,leader-w1r5,90
2026-04-03T20:52:59.250785-07:00,write,key-7,0.485,261,false,leader-w1r5,90
2026-04-03T20:52:59.251271-07:00,write,key-9,0.346,251,false,leader-w1r5,90
2026-04-03T20:52:59.251075-07:00,write,key-5,0.887,282,false,leader-w1r5,90
2026-04-03T20:52:59.251619-07:00,write,key-5,0.645,283,false,leader-w1r5,90
2026-04-03T20:52:59.251962-07:00,write,key-6,0.505,197,false,leader-w1r5,90
2026-04-03T20:52:59.252264-07:00,write,key-4,0.510,232,false,leader-w1r5,90
2026-04-03T20:52:59.252468-07:00,write,key-5,0.567,284,false,leader-w1r5,90
2026-04-03T20:52:59.253036-07:00,write,key-6,0.887,198,false,leader-w1r5,90
2026-04-03T20:52:59.252775-07:00,write,key-3,1.775,254,false,leader-w1r5,90
2026-04-03T20:52:59.254551-07:00,write,key-9,7.443,252,false,leader-w1r5,90
2026-04-03T20:52:59.253925-07:00,write,key-1,8.070,247,false,leader-w1r5,90
2026-04-03T20:52:59.209723-07:00,read,key-0,56.078,250,true,leader-w1r5,90
2026-04-03T20:52:59.205768-07:00,read,key-9,60.074,238,true,leader-w1r5,90
2026-04-03T20:52:59.202567-07:00,read,key-0,63.280,262,false,leader-w1r5,90
2026-04-03T20:52:59.198323-07:00,read,key-4,67.792,231,true,leader-w1r5,90
2026-04-03T20:52:59.211701-07:00,read,key-7,54.526,261,false,leader-w1r5,90
2026-04-03T20:52:59.202576-07:00,read,key-9,63.760,251,true,leader-w1r5,90
2026-04-03T20:52:59.261996-07:00,write,key-7,4.510,263,false,leader-w1r5,90
2026-04-03T20:52:59.261996-07:00,write,key-7,4.550,262,false,leader-w1r5,90
2026-04-03T20:52:59.208618-07:00,read,key-1,58.401,230,true,leader-w1r5,90
2026-04-03T20:52:59.265848-07:00,write,key-2,1.801,246,false,leader-w1r5,90
2026-04-03T20:52:59.266117-07:00,write,key-6,1.558,199,false,leader-w1r5,90
2026-04-03T20:52:59.265842-07:00,write,key-1,1.848,248,false,leader-w1r5,90
2026-04-03T20:52:59.265803-07:00,write,key-0,3.464,263,false,leader-w1r5,90
2026-04-03T20:52:59.212141-07:00,read,key-8,58.204,231,false,leader-w1r5,90
2026-04-03T20:52:59.218551-07:00,read,key-0,53.111,263,false,leader-w1r5,90
2026-04-03T20:52:59.266547-07:00,write,key-5,10.397,285,false,leader-w1r5,90
2026-04-03T20:52:59.266228-07:00,write,key-8,10.765,233,false,leader-w1r5,90
2026-04-03T20:52:59.266337-07:00,write,key-8,10.709,232,false,leader-w1r5,90
2026-04-03T20:52:59.266507-07:00,write,key-4,10.589,233,false,leader-w1r5,90
2026-04-03T20:52:59.276995-07:00,write,key-8,11.893,234,false,leader-w1r5,90
2026-04-03T20:52:59.276946-07:00,write,key-1,11.973,249,false,leader-w1r5,90
2026-04-03T20:52:59.277097-07:00,write,key-1,11.928,250,false,leader-w1r5,90
2026-04-03T20:52:59.277047-07:00,write,key-7,15.464,264,false,leader-w1r5,90
2026-04-03T20:52:59.238617-07:00,read,key-6,59.176,199,false,leader-w1r5,90
2026-04-03T20:52:59.270348-07:00,write,key-9,27.491,253,false,leader-w1r5,90
2026-04-03T20:52:59.227354-07:00,read,key-1,70.506,248,true,leader-w1r5,90
2026-04-03T20:52:59.289027-07:00,write,key-1,8.908,251,false,leader-w1r5,90
2026-04-03T20:52:59.271664-07:00,write,key-2,26.285,247,false,leader-w1r5,90
2026-04-03T20:52:59.26765-07:00,write,key-2,30.340,248,false,leader-w1r5,90
2026-04-03T20:52:59.218381-07:00,read,key-6,79.769,199,false,leader-w1r5,90
2026-04-03T20:52:59.267021-07:00,write,key-8,31.165,235,false,leader-w1r5,90
2026-04-03T20:52:59.228967-07:00,read,key-3,69.226,254,false,leader-w1r5,90
2026-04-03T20:52:59.28892-07:00,write,key-4,9.276,234,false,leader-w1r5,90
2026-04-03T20:52:59.267694-07:00,write,key-1,30.505,252,false,leader-w1r5,90
2026-04-03T20:52:59.267678-07:00,write,key-9,30.537,254,false,leader-w1r5,90
2026-04-03T20:52:59.241957-07:00,read,key-0,56.274,261,true,leader-w1r5,90
2026-04-03T20:52:59.244933-07:00,read,key-7,54.356,264,false,leader-w1r5,90
2026-04-03T20:52:59.24142-07:00,read,key-1,57.886,252,false,leader-w1r5,90
2026-04-03T20:52:59.242392-07:00,read,key-1,56.936,252,false,leader-w1r5,90
2026-04-03T20:52:59.230641-07:00,read,key-0,68.738,263,false,leader-w1r5,90
2026-04-03T20:52:59.298198-07:00,write,key-3,3.042,255,false,leader-w1r5,90
2026-04-03T20:52:59.298188-07:00,write,key-0,3.062,264,false,leader-w1r5,90
2026-04-03T20:52:59.297949-07:00,write,key-8,3.361,236,false,leader-w1r5,90
2026-04-03T20:52:59.298216-07:00,write,key-7,3.130,266,false,leader-w1r5,90
2026-04-03T20:52:59.297805-07:00,write,key-1,3.543,254,false,leader-w1r5,90
2026-04-03T20:52:59.29784-07:00,write,key-1,3.525,253,false,leader-w1r5,90
2026-04-03T20:52:59.297861-07:00,write,key-5,3.515,286,false,leader-w1r5,90
2026-04-03T20:52:59.2982-07:00,write,key-7,3.181,265,false,leader-w1r5,90
2026-04-03T20:52:59.298232-07:00,write,key-8,3.159,237,false,leader-w1r5,90
2026-04-03T20:52:59.297991-07:00,write,key-4,3.414,235,false,leader-w1r5,90
2026-04-03T20:52:59.297936-07:00,write,key-8,3.484,238,false,leader-w1r5,90
2026-04-03T20:52:59.301367-07:00,write,key-7,2.077,267,false,leader-w1r5,90
2026-04-03T20:52:59.301253-07:00,write,key-4,2.347,236,false,leader-w1r5,90
2026-04-03T20:52:59.301377-07:00,write,key-0,2.316,265,false,leader-w1r5,90
2026-04-03T20:52:59.30135-07:00,write,key-2,2.348,249,false,leader-w1r5,90
2026-04-03T20:52:59.301348-07:00,write,key-9,2.374,255,false,leader-w1r5,90
2026-04-03T20:52:59.301241-07:00,write,key-3,2.524,256,false,leader-w1r5,90
2026-04-03T20:52:59.301392-07:00,write,key-2,2.374,250,false,leader-w1r5,90
2026-04-03T20:52:59.29929-07:00,write,key-9,5.878,256,false,leader-w1r5,90
2026-04-03T20:52:59.298195-07:00,write,key-3,6.979,257,false,leader-w1r5,90
2026-04-03T20:52:59.303694-07:00,write,key-4,1.518,239,false,leader-w1r5,90
2026-04-03T20:52:59.303601-07:00,write,key-7,1.640,269,false,leader-w1r5,90
2026-04-03T20:52:59.301383-07:00,write,key-4,3.872,237,false,leader-w1r5,90
2026-04-03T20:52:59.303446-07:00,write,key-7,1.841,268,false,leader-w1r5,90
2026-04-03T20:52:59.29938-07:00,write,key-9,6.029,257,false,leader-w1r5,90
2026-04-03T20:52:59.299329-07:00,write,key-6,6.259,200,false,leader-w1r5,90
2026-04-03T20:52:59.301408-07:00,write,key-4,4.205,238,false,leader-w1r5,90
2026-04-03T20:52:59.303699-07:00,write,key-6,1.937,201,false,leader-w1r5,90
2026-04-03T20:52:59.305213-07:00,write,key-6,6.408,203,false,leader-w1r5,90
2026-04-03T20:52:59.305175-07:00,write,key-2,6.519,251,false,leader-w1r5,90
2026-04-03T20:52:59.305256-07:00,write,key-8,6.454,240,false,leader-w1r5,90
2026-04-03T20:52:59.30517-07:00,write,key-2,6.572,252,false,leader-w1r5,90
2026-04-03T20:52:59.301421-07:00,write,key-1,10.357,255,false,leader-w1r5,90
2026-04-03T20:52:59.303768-07:00,write,key-9,8.013,260,false,leader-w1r5,90
2026-04-03T20:52:59.303768-07:00,write,key-1,8.025,256,false,leader-w1r5,90
2026-04-03T20:52:59.303723-07:00,write,key-8,8.077,241,false,leader-w1r5,90
2026-04-03T20:52:59.305288-07:00,write,key-6,6.615,202,false,leader-w1r5,90
2026-04-03T20:52:59.305589-07:00,write,key-0,6.323,266,false,leader-w1r5,90
2026-04-03T20:52:59.305243-07:00,write,key-9,6.701,259,false,leader-w1r5,90
2026-04-03T20:52:59.30541-07:00,write,key-8,6.570,239,false,leader-w1r5,90
2026-04-03T20:52:59.305614-07:00,write,key-9,6.378,258,false,leader-w1r5,90
2026-04-03T20:52:59.311801-07:00,write,key-9,4.929,261,false,leader-w1r5,90
2026-04-03T20:52:59.311913-07:00,write,key-2,4.848,253,false,leader-w1r5,90
2026-04-03T20:52:59.311795-07:00,write,key-3,5.204,258,false,leader-w1r5,90
2026-04-03T20:52:59.311694-07:00,write,key-1,5.371,257,false,leader-w1r5,90
2026-04-03T20:52:59.305637-07:00,write,key-5,11.444,287,false,leader-w1r5,90
2026-04-03T20:52:59.311945-07:00,write,key-9,5.155,262,false,leader-w1r5,90
2026-04-03T20:52:59.311624-07:00,write,key-2,5.490,254,false,leader-w1r5,90
2026-04-03T20:52:59.311904-07:00,write,key-6,5.219,204,false,leader-w1r5,90
2026-04-03T20:52:59.311743-07:00,write,key-0,5.405,267,false,leader-w1r5,90
2026-04-03T20:52:59.31178-07:00,write,key-6,5.376,205,false,leader-w1r5,90
2026-04-03T20:52:59.311783-07:00,write,key-4,5.379,240,false,leader-w1r5,90
2026-04-03T20:52:59.317037-07:00,write,key-3,0.985,259,false,leader-w1r5,90
2026-04-03T20:52:59.317083-07:00,write,key-8,0.967,242,false,leader-w1r5,90
2026-04-03T20:52:59.317067-07:00,write,key-7,0.989,270,false,leader-w1r5,90
2026-04-03T20:52:59.317102-07:00,write,key-1,1.437,258,false,leader-w1r5,90
2026-04-03T20:52:59.311995-07:00,write,key-5,7.434,288,false,leader-w1r5,90
2026-04-03T20:52:59.311982-07:00,write,key-4,7.485,241,false,leader-w1r5,90
2026-04-03T20:52:59.317163-07:00,write,key-1,2.341,260,false,leader-w1r5,90
2026-04-03T20:52:59.31715-07:00,write,key-9,2.392,263,false,leader-w1r5,90
2026-04-03T20:52:59.317157-07:00,write,key-6,2.740,206,false,leader-w1r5,90
2026-04-03T20:52:59.317125-07:00,write,key-7,2.784,272,false,leader-w1r5,90
2026-04-03T20:52:59.318057-07:00,write,key-9,1.853,264,false,leader-w1r5,90
2026-04-03T20:52:59.316761-07:00,write,key-6,3.168,207,false,leader-w1r5,90
2026-04-03T20:52:59.317115-07:00,write,key-7,2.824,271,false,leader-w1r5,90
2026-04-03T20:52:59.316732-07:00,write,key-7,3.230,273,false,leader-w1r5,90
2026-04-03T20:52:59.318024-07:00,write,key-5,1.964,289,false,leader-w1r5,90
2026-04-03T20:52:59.31805-07:00,write,key-1,1.976,259,false,leader-w1r5,90
2026-04-03T20:52:59.319468-07:00,write,key-3,1.776,260,false,leader-w1r5,90
2026-04-03T20:52:59.319505-07:00,write,key-1,1.750,261,false,leader-w1r5,90
2026-04-03T20:52:59.318541-07:00,write,key-4,3.179,242,false,leader-w1r5,90
2026-04-03T20:52:59.32003-07:00,write,key-2,1.709,255,false,leader-w1r5,90
2026-04-03T20:52:59.319431-07:00,write,key-1,2.509,263,false,leader-w1r5,90
2026-04-03T20:52:59.319963-07:00,write,key-3,2.025,261,false,leader-w1r5,90
2026-04-03T20:52:59.319911-07:00,write,key-8,2.220,243,false,leader-w1r5,90
2026-04-03T20:52:59.319898-07:00,write,key-7,2.272,274,false,leader-w1r5,90
2026-04-03T20:52:59.31994-07:00,write,key-1,2.233,262,false,leader-w1r5,90
2026-04-03T20:52:59.31993-07:00,write,key-8,2.262,244,false,leader-w1r5,90
2026-04-03T20:52:59.319542-07:00,write,key-5,2.738,290,false,leader-w1r5,90
2026-04-03T20:52:59.319989-07:00,write,key-9,3.318,265,false,leader-w1r5,90
2026-04-03T20:52:59.321943-07:00,write,key-0,2.176,268,false,leader-w1r5,90
2026-04-03T20:52:59.323309-07:00,write,key-4,0.863,243,false,leader-w1r5,90
2026-04-03T20:52:59.322131-07:00,write,key-0,2.811,269,false,leader-w1r5,90
2026-04-03T20:52:59.321256-07:00,write,key-5,3.787,292,false,leader-w1r5,90
2026-04-03T20:52:59.321744-07:00,write,key-3,3.310,263,false,leader-w1r5,90
2026-04-03T20:52:59.321721-07:00,write,key-4,3.429,244,false,leader-w1r5,90
2026-04-03T20:52:59.321245-07:00,write,key-5,3.951,291,false,leader-w1r5,90
2026-04-03T20:52:59.322174-07:00,write,key-2,3.071,256,false,leader-w1r5,90
2026-04-03T20:52:59.322171-07:00,write,key-3,3.192,262,false,leader-w1r5,90
2026-04-03T20:52:59.322281-07:00,write,key-9,3.820,266,false,leader-w1r5,90
2026-04-03T20:52:59.32199-07:00,write,key-3,4.152,264,false,leader-w1r5,90
2026-04-03T20:52:59.325248-07:00,write,key-8,1.819,245,false,leader-w1r5,90
2026-04-03T20:52:59.324943-07:00,write,key-5,2.275,293,false,leader-w1r5,90
2026-04-03T20:52:59.325364-07:00,write,key-0,1.971,270,false,leader-w1r5,90
2026-04-03T20:52:59.326103-07:00,write,key-6,4.616,209,false,leader-w1r5,90
2026-04-03T20:52:59.324173-07:00,write,key-4,6.669,246,false,leader-w1r5,90
2026-04-03T20:52:59.325044-07:00,write,key-5,5.876,294,false,leader-w1r5,90
2026-04-03T20:52:59.326143-07:00,write,key-3,4.810,265,false,leader-w1r5,90
2026-04-03T20:52:59.325151-07:00,write,key-1,5.868,264,false,leader-w1r5,90
2026-04-03T20:52:59.325197-07:00,write,key-4,6.069,245,false,leader-w1r5,90
2026-04-03T20:52:59.324121-07:00,write,key-6,7.171,208,false,leader-w1r5,90
2026-04-03T20:52:59.327069-07:00,write,key-6,4.330,210,false,leader-w1r5,90
2026-04-03T20:52:59.327336-07:00,write,key-7,4.082,275,false,leader-w1r5,90
2026-04-03T20:52:59.330721-07:00,write,key-2,3.185,257,false,leader-w1r5,90
2026-04-03T20:52:59.331268-07:00,write,key-7,2.673,276,false,leader-w1r5,90
2026-04-03T20:52:59.331399-07:00,write,key-9,2.552,267,false,leader-w1r5,90
2026-04-03T20:52:59.330923-07:00,write,key-2,3.859,259,false,leader-w1r5,90
2026-04-03T20:52:59.331292-07:00,write,key-0,3.526,271,false,leader-w1r5,90
2026-04-03T20:52:59.330845-07:00,write,key-2,3.989,258,false,leader-w1r5,90
2026-04-03T20:52:59.330954-07:00,write,key-8,3.896,246,false,leader-w1r5,90
2026-04-03T20:52:59.334819-07:00,write,key-7,2.645,278,false,leader-w1r5,90
2026-04-03T20:52:59.333942-07:00,write,key-9,4.104,268,false,leader-w1r5,90
2026-04-03T20:52:59.334834-07:00,write,key-8,3.219,247,false,leader-w1r5,90
2026-04-03T20:52:59.334853-07:00,write,key-7,3.278,277,false,leader-w1r5,90
2026-04-03T20:52:59.269269-07:00,read,key-1,69.098,264,false,leader-w1r5,90
2026-04-03T20:52:59.338054-07:00,write,key-6,4.658,211,false,leader-w1r5,90
2026-04-03T20:52:59.333952-07:00,write,key-3,9.299,267,false,leader-w1r5,90
2026-04-03T20:52:59.337465-07:00,write,key-0,5.932,272,false,leader-w1r5,90
2026-04-03T20:52:59.338369-07:00,write,key-6,5.074,212,false,leader-w1r5,90
2026-04-03T20:52:59.338046-07:00,write,key-4,5.497,247,false,leader-w1r5,90
2026-04-03T20:52:59.334783-07:00,write,key-3,9.086,266,false,leader-w1r5,90
2026-04-03T20:52:59.343444-07:00,write,key-2,1.077,260,false,leader-w1r5,90
2026-04-03T20:52:59.343252-07:00,write,key-3,1.739,268,false,leader-w1r5,90
2026-04-03T20:52:59.343398-07:00,write,key-6,1.702,213,false,leader-w1r5,90
2026-04-03T20:52:59.343544-07:00,write,key-5,1.702,295,false,leader-w1r5,90
2026-04-03T20:52:59.343871-07:00,write,key-9,1.527,269,false,leader-w1r5,90
2026-04-03T20:52:59.342713-07:00,write,key-4,2.776,248,false,leader-w1r5,90
2026-04-03T20:52:59.345399-07:00,write,key-3,0.451,269,false,leader-w1r5,90
2026-04-03T20:52:59.344992-07:00,write,key-1,0.990,265,false,leader-w1r5,90
2026-04-03T20:52:59.345101-07:00,write,key-0,1.028,273,false,leader-w1r5,90
2026-04-03T20:52:59.345247-07:00,write,key-2,0.975,261,false,leader-w1r5,90
2026-04-03T20:52:59.344522-07:00,write,key-5,1.797,296,false,leader-w1r5,90
2026-04-03T20:52:59.346321-07:00,write,key-7,0.408,279,false,leader-w1r5,90
2026-04-03T20:52:59.346223-07:00,write,key-9,0.685,270,false,leader-w1r5,90
2026-04-03T20:52:59.288891-07:00,read,key-2,58.038,261,false,leader-w1r5,90
2026-04-03T20:52:59.34613-07:00,write,key-1,0.834,266,false,leader-w1r5,90
2026-04-03T20:52:59.345984-07:00,write,key-4,1.038,249,false,leader-w1r5,90
2026-04-03T20:52:59.34673-07:00,write,key-4,0.347,250,false,leader-w1r5,90
2026-04-03T20:52:59.345851-07:00,write,key-8,1.330,248,false,leader-w1r5,90
2026-04-03T20:52:59.34549-07:00,write,key-5,2.040,297,false,leader-w1r5,90
2026-04-03T20:52:59.346965-07:00,write,key-7,0.722,280,false,leader-w1r5,90
2026-04-03T20:52:59.346909-07:00,write,key-7,0.823,281,false,leader-w1r5,90
2026-04-03T20:52:59.347078-07:00,write,key-6,0.699,214,false,leader-w1r5,90
2026-04-03T20:52:59.34693-07:00,write,key-3,0.852,270,false,leader-w1r5,90
2026-04-03T20:52:59.347024-07:00,write,key-8,1.050,249,false,leader-w1r5,90
2026-04-03T20:52:59.347184-07:00,write,key-0,1.003,274,false,leader-w1r5,90
2026-04-03T20:52:59.347556-07:00,write,key-8,0.827,250,false,leader-w1r5,90
2026-04-03T20:52:59.347733-07:00,write,key-7,0.672,282,false,leader-w1r5,90
2026-04-03T20:52:59.347688-07:00,write,key-9,0.723,271,false,leader-w1r5,90
2026-04-03T20:52:59.347777-07:00,write,key-6,0.637,215,false,leader-w1r5,90
2026-04-03T20:52:59.348383-07:00,write,key-6,0.401,216,false,leader-w1r5,90
2026-04-03T20:52:59.348406-07:00,write,key-8,0.385,252,false,leader-w1r5,90
2026-04-03T20:52:59.348417-07:00,write,key-7,0.437,283,false,leader-w1r5,90
2026-04-03T20:52:59.348074-07:00,write,key-0,0.809,275,false,leader-w1r5,90
2026-04-03T20:52:59.348412-07:00,write,key-8,0.491,251,false,leader-w1r5,90
2026-04-03T20:52:59.348188-07:00,write,key-9,0.721,272,false,leader-w1r5,90
2026-04-03T20:52:59.348911-07:00,write,key-5,1.133,298,false,leader-w1r5,90
2026-04-03T20:52:59.348904-07:00,write,key-6,1.151,217,false,leader-w1r5,90
2026-04-03T20:52:59.348791-07:00,write,key-0,1.370,276,false,leader-w1r5,90
2026-04-03T20:52:59.348884-07:00,write,key-0,1.291,278,false,leader-w1r5,90
2026-04-03T20:52:59.348785-07:00,write,key-0,1.474,277,false,leader-w1r5,90
2026-04-03T20:52:59.350056-07:00,write,key-3,0.669,271,false,leader-w1r5,90
2026-04-03T20:52:59.350262-07:00,write,key-4,0.502,251,false,leader-w1r5,90
2026-04-03T20:52:59.350162-07:00,write,key-7,0.620,284,false,leader-w1r5,90
2026-04-03T20:52:59.350176-07:00,write,key-4,0.701,252,false,leader-w1r5,90
2026-04-03T20:52:59.292514-07:00,read,key-1,59.352,266,false,leader-w1r5,90
2026-04-03T20:52:59.350783-07:00,write,key-0,1.198,279,false,leader-w1r5,90
2026-04-03T20:52:59.350878-07:00,write,key-6,1.169,218,false,leader-w1r5,90
2026-04-03T20:52:59.350726-07:00,write,key-5,1.322,299,false,leader-w1r5,90
2026-04-03T20:52:59.35188-07:00,write,key-2,0.873,262,false,leader-w1r5,90
2026-04-03T20:52:59.352048-07:00,write,key-9,0.725,273,false,leader-w1r5,90
2026-04-03T20:52:59.298152-07:00,read,key-7,54.622,283,true,leader-w1r5,90
2026-04-03T20:52:59.351982-07:00,write,key-8,0.834,253,false,leader-w1r5,90
2026-04-03T20:52:59.35205-07:00,write,key-4,0.896,253,false,leader-w1r5,90
2026-04-03T20:52:59.352774-07:00,write,key-5,1.412,300,false,leader-w1r5,90
2026-04-03T20:52:59.352753-07:00,write,key-8,1.451,254,false,leader-w1r5,90
2026-04-03T20:52:59.352817-07:00,write,key-0,1.442,280,false,leader-w1r5,90
2026-04-03T20:52:59.352775-07:00,write,key-8,1.525,255,false,leader-w1r5,90
2026-04-03T20:52:59.299307-07:00,read,key-1,54.994,266,false,leader-w1r5,90
2026-04-03T20:52:59.352949-07:00,write,key-9,1.562,274,false,leader-w1r5,90
2026-04-03T20:52:59.354187-07:00,write,key-0,0.490,281,false,leader-w1r5,90
2026-04-03T20:52:59.354303-07:00,write,key-7,0.446,285,false,leader-w1r5,90
2026-04-03T20:52:59.35426-07:00,write,key-6,0.500,219,false,leader-w1r5,90
2026-04-03T20:52:59.354206-07:00,write,key-5,1.061,301,false,leader-w1r5,90
2026-04-03T20:52:59.301312-07:00,read,key-2,54.172,262,false,leader-w1r5,90
2026-04-03T20:52:59.354302-07:00,write,key-1,1.255,267,false,leader-w1r5,90
2026-04-03T20:52:59.354678-07:00,write,key-2,1.066,263,false,leader-w1r5,90
2026-04-03T20:52:59.355267-07:00,write,key-0,0.559,283,false,leader-w1r5,90
2026-04-03T20:52:59.354513-07:00,write,key-0,1.347,282,false,leader-w1r5,90
2026-04-03T20:52:59.354761-07:00,write,key-5,1.193,302,false,leader-w1r5,90
2026-04-03T20:52:59.35475-07:00,write,key-4,1.222,254,false,leader-w1r5,90
2026-04-03T20:52:59.355558-07:00,write,key-0,0.832,284,false,leader-w1r5,90
2026-04-03T20:52:59.355828-07:00,write,key-0,0.743,285,false,leader-w1r5,90
2026-04-03T20:52:59.355745-07:00,write,key-8,0.937,256,false,leader-w1r5,90
2026-04-03T20:52:59.355486-07:00,write,key-7,1.213,286,false,leader-w1r5,90
2026-04-03T20:52:59.355955-07:00,write,key-0,0.905,286,false,leader-w1r5,90
2026-04-03T20:52:59.355973-07:00,write,key-8,0.908,257,false,leader-w1r5,90
2026-04-03T20:52:59.356683-07:00,write,key-8,1.148,258,false,leader-w1r5,90
2026-04-03T20:52:59.356882-07:00,write,key-6,0.970,220,false,leader-w1r5,90
2026-04-03T20:52:59.356571-07:00,write,key-9,1.282,275,false,leader-w1r5,90
2026-04-03T20:52:59.3567-07:00,write,key-5,1.156,303,false,leader-w1r5,90
2026-04-03T20:52:59.356861-07:00,write,key-7,1.053,287,false,leader-w1r5,90
2026-04-03T20:52:59.356391-07:00,write,key-6,1.533,221,false,leader-w1r5,90
2026-04-03T20:52:59.357854-07:00,write,key-6,0.517,222,false,leader-w1r5,90
2026-04-03T20:52:59.357855-07:00,write,key-2,0.648,264,false,leader-w1r5,90
2026-04-03T20:52:59.357858-07:00,write,key-2,0.724,265,false,leader-w1r5,90
2026-04-03T20:52:59.357915-07:00,write,key-4,0.672,255,false,leader-w1r5,90
2026-04-03T20:52:59.357925-07:00,write,key-4,0.797,256,false,leader-w1r5,90
2026-04-03T20:52:59.358504-07:00,write,key-7,0.683,288,false,leader-w1r5,90
2026-04-03T20:52:59.35859-07:00,write,key-9,0.623,276,false,leader-w1r5,90
2026-04-03T20:52:59.358372-07:00,write,key-5,0.887,304,false,leader-w1r5,90
2026-04-03T20:52:59.358583-07:00,write,key-1,0.713,268,false,leader-w1r5,90
2026-04-03T20:52:59.359299-07:00,write,key-4,0.309,257,false,leader-w1r5,90
2026-04-03T20:52:59.35926-07:00,write,key-9,0.407,277,false,leader-w1r5,90
2026-04-03T20:52:59.358723-07:00,write,key-0,0.970,287,false,leader-w1r5,90
2026-04-03T20:52:59.359214-07:00,write,key-5,0.621,305,false,leader-w1r5,90
2026-04-03T20:52:59.359669-07:00,write,key-8,1.049,259,false,leader-w1r5,90
2026-04-03T20:52:59.359695-07:00,write,key-3,1.063,272,false,leader-w1r5,90
2026-04-03T20:52:59.359835-07:00,write,key-2,1.014,266,false,leader-w1r5,90
2026-04-03T20:52:59.359609-07:00,write,key-6,1.353,223,false,leader-w1r5,90
2026-04-03T20:52:59.360719-07:00,write,key-8,1.008,260,false,leader-w1r5,90
2026-04-03T20:52:59.360851-07:00,write,key-9,1.094,278,false,leader-w1r5,90
2026-04-03T20:52:59.361728-07:00,write,key-4,0.713,258,false,leader-w1r5,90
2026-04-03T20:52:59.361945-07:00,write,key-9,0.519,279,false,leader-w1r5,90
2026-04-03T20:52:59.362465-07:00,write,key-1,0.627,269,false,leader-w1r5,90
2026-04-03T20:52:59.362442-07:00,write,key-4,0.678,259,false,leader-w1r5,90
2026-04-03T20:52:59.363094-07:00,write,key-4,0.439,260,false,leader-w1r5,90
2026-04-03T20:52:59.363122-07:00,write,key-0,0.595,288,false,leader-w1r5,90
2026-04-03T20:52:59.363533-07:00,write,key-6,0.549,224,false,leader-w1r5,90
2026-04-03T20:52:59.36372-07:00,write,key-4,0.728,261,false,leader-w1r5,90
2026-04-03T20:52:59.364084-07:00,write,key-0,0.704,289,false,leader-w1r5,90
2026-04-03T20:52:59.364451-07:00,write,key-1,0.607,270,false,leader-w1r5,90
2026-04-03T20:52:59.364789-07:00,write,key-0,0.349,290,false,leader-w1r5,90
2026-04-03T20:52:59.36506-07:00,write,key-4,0.540,262,false,leader-w1r5,90
2026-04-03T20:52:59.365139-07:00,write,key-5,0.473,306,false,leader-w1r5,90
2026-04-03T20:52:59.311712-07:00,read,key-1,54.817,269,true,leader-w1r5,90
2026-04-03T20:52:59.365601-07:00,write,key-9,1.092,280,false,leader-w1r5,90
2026-04-03T20:52:59.365613-07:00,write,key-0,1.139,291,false,leader-w1r5,90
2026-04-03T20:52:59.366531-07:00,write,key-4,0.548,263,false,leader-w1r5,90
2026-04-03T20:52:59.366694-07:00,write,key-1,0.394,271,false,leader-w1r5,90
2026-04-03T20:52:59.366753-07:00,write,key-4,0.636,264,false,leader-w1r5,90
2026-04-03T20:52:59.367081-07:00,write,key-7,0.319,289,false,leader-w1r5,90
2026-04-03T20:52:59.367089-07:00,write,key-1,0.639,272,false,leader-w1r5,90
2026-04-03T20:52:59.367389-07:00,write,key-5,0.383,307,false,leader-w1r5,90
2026-04-03T20:52:59.367422-07:00,write,key-5,0.681,308,false,leader-w1r5,90
2026-04-03T20:52:59.367729-07:00,write,key-9,0.385,281,false,leader-w1r5,90
2026-04-03T20:52:59.367773-07:00,write,key-2,0.740,267,false,leader-w1r5,90
2026-04-03T20:52:59.368105-07:00,write,key-4,0.461,265,false,leader-w1r5,90
2026-04-03T20:52:59.368515-07:00,write,key-2,0.976,268,false,leader-w1r5,90
2026-04-03T20:52:59.368115-07:00,write,key-1,1.501,273,false,leader-w1r5,90
2026-04-03T20:52:59.368567-07:00,write,key-7,1.383,290,false,leader-w1r5,90
2026-04-03T20:52:59.369493-07:00,write,key-0,0.488,292,false,leader-w1r5,90
2026-04-03T20:52:59.369618-07:00,write,key-6,0.577,225,false,leader-w1r5,90
2026-04-03T20:52:59.369982-07:00,write,key-6,0.382,226,false,leader-w1r5,90
2026-04-03T20:52:59.369951-07:00,write,key-8,0.642,261,false,leader-w1r5,90
2026-04-03T20:52:59.370366-07:00,write,key-8,0.502,262,false,leader-w1r5,90
2026-04-03T20:52:59.370197-07:00,write,key-2,0.716,269,false,leader-w1r5,90
2026-04-03T20:52:59.370869-07:00,write,key-5,0.338,309,false,leader-w1r5,90
2026-04-03T20:52:59.370606-07:00,write,key-1,0.792,274,false,leader-w1r5,90
2026-04-03T20:52:59.371209-07:00,write,key-0,0.537,293,false,leader-w1r5,90
2026-04-03T20:52:59.370915-07:00,write,key-8,0.870,263,false,leader-w1r5,90
2026-04-03T20:52:59.371746-07:00,write,key-0,0.780,294,false,leader-w1r5,90
2026-04-03T20:52:59.372528-07:00,write,key-8,0.363,264,false,leader-w1r5,90
2026-04-03T20:52:59.372892-07:00,write,key-2,0.276,270,false,leader-w1r5,90
2026-04-03T20:52:59.373169-07:00,write,key-1,0.214,275,false,leader-w1r5,90
2026-04-03T20:52:59.373385-07:00,write,key-9,0.456,282,false,leader-w1r5,90
2026-04-03T20:52:59.373843-07:00,write,key-7,0.766,291,false,leader-w1r5,90
2026-04-03T20:52:59.374612-07:00,write,key-7,0.448,292,false,leader-w1r5,90
2026-04-03T20:52:59.375062-07:00,write,key-4,0.469,266,false,leader-w1r5,90
2026-04-03T20:52:59.375532-07:00,write,key-7,0.463,293,false,leader-w1r5,90
2026-04-03T20:52:59.375997-07:00,write,key-0,0.241,295,false,leader-w1r5,90
2026-04-03T20:52:59.322193-07:00,read,key-7,58.834,293,false,leader-w1r5,90
2026-04-03T20:52:59.381029-07:00,write,key-0,0.500,296,false,leader-w1r5,90
2026-04-03T20:52:59.38153-07:00,write,key-3,0.306,273,false,leader-w1r5,90
2026-04-03T20:52:59.31991-07:00,read,key-4,61.927,266,false,leader-w1r5,90
2026-04-03T20:52:59.381838-07:00,write,key-4,0.387,267,false,leader-w1r5,90
2026-04-03T20:52:59.325055-07:00,read,key-5,57.788,309,false,leader-w1r5,90
2026-04-03T20:52:59.381839-07:00,write,key-1,1.356,276,false,leader-w1r5,90
2026-04-03T20:52:59.382226-07:00,write,key-4,1.390,268,false,leader-w1r5,90
2026-04-03T20:52:59.382846-07:00,write,key-2,1.232,271,false,leader-w1r5,90
2026-04-03T20:52:59.383197-07:00,write,key-0,1.453,297,false,leader-w1r5,90
2026-04-03T20:52:59.384653-07:00,write,key-5,0.660,310,false,leader-w1r5,90
2026-04-03T20:52:59.383618-07:00,write,key-8,1.716,265,false,leader-w1r5,90
2026-04-03T20:52:59.384079-07:00,write,key-5,1.365,311,false,leader-w1r5,90
2026-04-03T20:52:59.385444-07:00,write,key-5,0.692,312,false,leader-w1r5,90
2026-04-03T20:52:59.385335-07:00,write,key-7,0.867,294,false,leader-w1r5,90
2026-04-03T20:52:59.386203-07:00,write,key-7,0.355,295,false,leader-w1r5,90
2026-04-03T20:52:59.386138-07:00,write,key-1,0.439,277,false,leader-w1r5,90
2026-04-03T20:52:59.38656-07:00,write,key-5,0.471,313,false,leader-w1r5,90
2026-04-03T20:52:59.386578-07:00,write,key-7,0.563,296,false,leader-w1r5,90
2026-04-03T20:52:59.387032-07:00,write,key-8,0.297,266,false,leader-w1r5,90
2026-04-03T20:52:59.387142-07:00,write,key-0,0.330,298,false,leader-w1r5,90
2026-04-03T20:52:59.387474-07:00,write,key-8,0.792,267,false,leader-w1r5,90
2026-04-03T20:52:59.327219-07:00,read,key-0,67.758,298,false,leader-w1r5,90
2026-04-03T20:52:59.331419-07:00,read,key-6,63.578,226,false,leader-w1r5,90
2026-04-03T20:52:59.333908-07:00,read,key-7,61.090,296,false,leader-w1r5,90
2026-04-03T20:52:59.394979-07:00,write,key-5,0.555,314,false,leader-w1r5,90
2026-04-03T20:52:59.394999-07:00,write,key-6,0.602,227,false,leader-w1r5,90
2026-04-03T20:52:59.395-07:00,write,key-5,0.895,315,false,leader-w1r5,90
2026-04-03T20:52:59.395536-07:00,write,key-8,0.559,268,false,leader-w1r5,90
2026-04-03T20:52:59.395601-07:00,write,key-7,0.885,297,false,leader-w1r5,90
2026-04-03T20:52:59.396096-07:00,write,key-0,0.509,299,false,leader-w1r5,90
2026-04-03T20:52:59.396606-07:00,write,key-7,0.496,298,false,leader-w1r5,90
2026-04-03T20:52:59.397103-07:00,write,key-1,0.416,278,false,leader-w1r5,90
2026-04-03T20:52:59.33102-07:00,read,key-3,66.745,273,false,leader-w1r5,90
2026-04-03T20:52:59.338134-07:00,read,key-3,59.652,273,false,leader-w1r5,90
2026-04-03T20:52:59.397521-07:00,write,key-6,0.673,228,false,leader-w1r5,90
2026-04-03T20:52:59.398195-07:00,write,key-7,0.358,299,false,leader-w1r5,90
2026-04-03T20:52:59.397787-07:00,write,key-0,0.786,300,false,leader-w1r5,90
2026-04-03T20:52:59.397767-07:00,write,key-8,0.988,269,false,leader-w1r5,90
2026-04-03T20:52:59.398756-07:00,write,key-0,0.289,302,false,leader-w1r5,90
2026-04-03T20:52:59.398553-07:00,write,key-9,0.532,283,false,leader-w1r5,90
2026-04-03T20:52:59.398576-07:00,write,key-0,0.555,301,false,leader-w1r5,90
2026-04-03T20:52:59.399046-07:00,write,key-5,0.921,316,false,leader-w1r5,90
2026-04-03T20:52:59.347783-07:00,read,key-8,52.200,268,true,leader-w1r5,90
2026-04-03T20:52:59.399133-07:00,write,key-7,1.224,300,false,leader-w1r5,90
2026-04-03T20:52:59.399984-07:00,write,key-2,0.638,272,false,leader-w1r5,90
2026-04-03T20:52:59.399967-07:00,write,key-0,0.698,303,false,leader-w1r5,90
2026-04-03T20:52:59.400624-07:00,write,key-2,0.440,273,false,leader-w1r5,90
2026-04-03T20:52:59.400358-07:00,write,key-1,0.728,279,false,leader-w1r5,90
2026-04-03T20:52:59.401065-07:00,write,key-2,0.482,274,false,leader-w1r5,90
2026-04-03T20:52:59.400666-07:00,write,key-6,0.893,229,false,leader-w1r5,90
2026-04-03T20:52:59.401548-07:00,write,key-6,0.771,230,false,leader-w1r5,90
2026-04-03T20:52:59.401562-07:00,write,key-4,1.450,269,false,leader-w1r5,90
2026-04-03T20:52:59.350045-07:00,read,key-6,53.009,217,true,leader-w1r5,90
2026-04-03T20:52:59.348855-07:00,read,key-0,54.282,278,true,leader-w1r5,90
2026-04-03T20:52:59.40232-07:00,write,key-9,1.567,284,false,leader-w1r5,90
2026-04-03T20:52:59.403013-07:00,write,key-2,0.891,275,false,leader-w1r5,90
2026-04-03T20:52:59.403138-07:00,write,key-0,0.774,304,false,leader-w1r5,90
2026-04-03T20:52:59.403905-07:00,write,key-9,0.429,285,false,leader-w1r5,90
2026-04-03T20:52:59.404335-07:00,write,key-4,0.204,270,false,leader-w1r5,90
2026-04-03T20:52:59.403888-07:00,write,key-7,1.004,301,false,leader-w1r5,90
2026-04-03T20:52:59.403913-07:00,write,key-2,0.990,276,false,leader-w1r5,90
2026-04-03T20:52:59.404541-07:00,write,key-9,0.713,286,false,leader-w1r5,90
2026-04-03T20:52:59.404894-07:00,write,key-7,0.468,302,false,leader-w1r5,90
2026-04-03T20:52:59.404904-07:00,write,key-2,0.762,277,false,leader-w1r5,90
2026-04-03T20:52:59.350766-07:00,read,key-2,55.261,275,true,leader-w1r5,90
2026-04-03T20:52:59.405255-07:00,write,key-8,0.923,270,false,leader-w1r5,90
2026-04-03T20:52:59.405362-07:00,write,key-7,0.824,303,false,leader-w1r5,90
2026-04-03T20:52:59.405668-07:00,write,key-4,0.644,271,false,leader-w1r5,90
2026-04-03T20:52:59.406028-07:00,write,key-1,0.492,280,false,leader-w1r5,90
2026-04-03T20:52:59.406179-07:00,write,key-7,0.347,304,false,leader-w1r5,90
2026-04-03T20:52:59.406188-07:00,write,key-7,0.455,305,false,leader-w1r5,90
2026-04-03T20:52:59.406521-07:00,write,key-4,0.537,272,false,leader-w1r5,90
2026-04-03T20:52:59.406313-07:00,write,key-3,0.767,274,false,leader-w1r5,90
2026-04-03T20:52:59.406528-07:00,write,key-1,0.576,281,false,leader-w1r5,90
2026-04-03T20:52:59.406643-07:00,write,key-5,0.842,317,false,leader-w1r5,90
2026-04-03T20:52:59.407059-07:00,write,key-9,0.774,287,false,leader-w1r5,90
2026-04-03T20:52:59.407105-07:00,write,key-3,0.839,275,false,leader-w1r5,90
2026-04-03T20:52:59.407082-07:00,write,key-2,0.920,278,false,leader-w1r5,90
2026-04-03T20:52:59.355861-07:00,read,key-6,52.884,230,false,leader-w1r5,90
2026-04-03T20:52:59.407833-07:00,write,key-3,1.377,276,false,leader-w1r5,90
2026-04-03T20:52:59.357832-07:00,read,key-0,51.416,304,false,leader-w1r5,90
2026-04-03T20:52:59.407487-07:00,write,key-7,1.765,307,false,leader-w1r5,90
2026-04-03T20:52:59.407945-07:00,write,key-7,1.361,306,false,leader-w1r5,90
2026-04-03T20:52:59.409254-07:00,write,key-3,1.285,277,false,leader-w1r5,90
2026-04-03T20:52:59.409307-07:00,write,key-0,1.320,305,false,leader-w1r5,90
2026-04-03T20:52:59.410628-07:00,write,key-1,0.582,282,false,leader-w1r5,90
2026-04-03T20:52:59.41054-07:00,write,key-4,1.205,273,false,leader-w1r5,90
2026-04-03T20:52:59.411211-07:00,write,key-0,0.589,306,false,leader-w1r5,90
2026-04-03T20:52:59.408747-07:00,write,key-9,3.186,288,false,leader-w1r5,90
2026-04-03T20:52:59.409212-07:00,write,key-1,2.723,283,false,leader-w1r5,90
2026-04-03T20:52:59.408003-07:00,write,key-7,3.958,308,false,leader-w1r5,90
2026-04-03T20:52:59.359189-07:00,read,key-2,53.175,278,false,leader-w1r5,90
2026-04-03T20:52:59.411939-07:00,write,key-9,1.453,289,false,leader-w1r5,90
2026-04-03T20:52:59.411745-07:00,write,key-4,1.662,275,false,leader-w1r5,90
2026-04-03T20:52:59.411801-07:00,write,key-9,1.637,290,false,leader-w1r5,90
2026-04-03T20:52:59.411962-07:00,write,key-4,1.484,274,false,leader-w1r5,90
2026-04-03T20:52:59.411934-07:00,write,key-7,1.527,309,false,leader-w1r5,90
2026-04-03T20:52:59.360759-07:00,read,key-9,53.235,277,true,leader-w1r5,90
2026-04-03T20:52:59.360963-07:00,read,key-4,53.034,273,true,leader-w1r5,90
2026-04-03T20:52:59.413393-07:00,write,key-2,0.612,279,false,leader-w1r5,90
2026-04-03T20:52:59.413409-07:00,write,key-2,0.620,280,false,leader-w1r5,90
2026-04-03T20:52:59.412365-07:00,write,key-5,1.669,318,false,leader-w1r5,90
2026-04-03T20:52:59.413439-07:00,write,key-9,0.595,291,false,leader-w1r5,90
2026-04-03T20:52:59.413447-07:00,write,key-9,0.591,292,false,leader-w1r5,90
2026-04-03T20:52:59.41403-07:00,write,key-4,0.971,276,false,leader-w1r5,90
2026-04-03T20:52:59.413995-07:00,write,key-6,1.020,231,false,leader-w1r5,90
2026-04-03T20:52:59.413999-07:00,write,key-0,1.031,307,false,leader-w1r5,90
2026-04-03T20:52:59.414007-07:00,write,key-8,1.031,271,false,leader-w1r5,90
2026-04-03T20:52:59.414036-07:00,write,key-7,1.008,310,false,leader-w1r5,90
2026-04-03T20:52:59.41504-07:00,write,key-5,0.903,319,false,leader-w1r5,90
2026-04-03T20:52:59.415031-07:00,write,key-2,0.963,281,false,leader-w1r5,90
2026-04-03T20:52:59.415017-07:00,write,key-0,0.987,308,false,leader-w1r5,90
2026-04-03T20:52:59.415943-07:00,write,key-7,0.240,311,false,leader-w1r5,90
2026-04-03T20:52:59.414036-07:00,write,key-6,2.278,232,false,leader-w1r5,90
2026-04-03T20:52:59.415045-07:00,write,key-4,1.314,277,false,leader-w1r5,90
2026-04-03T20:52:59.415002-07:00,write,key-6,1.441,233,false,leader-w1r5,90
2026-04-03T20:52:59.416006-07:00,write,key-2,0.859,282,false,leader-w1r5,90
2026-04-03T20:52:59.416444-07:00,write,key-8,0.433,272,false,leader-w1r5,90
2026-04-03T20:52:59.415995-07:00,write,key-5,0.905,320,false,leader-w1r5,90
2026-04-03T20:52:59.416185-07:00,write,key-1,0.725,284,false,leader-w1r5,90
2026-04-03T20:52:59.41636-07:00,write,key-3,0.822,278,false,leader-w1r5,90
2026-04-03T20:52:59.416315-07:00,write,key-0,1.043,309,false,leader-w1r5,90
2026-04-03T20:52:59.416901-07:00,write,key-0,1.034,310,false,leader-w1r5,90
2026-04-03T20:52:59.417184-07:00,write,key-3,0.894,279,false,leader-w1r5,90
2026-04-03T20:52:59.416866-07:00,write,key-5,1.212,321,false,leader-w1r5,90
2026-04-03T20:52:59.416879-07:00,write,key-4,1.213,278,false,leader-w1r5,90
2026-04-03T20:52:59.417936-07:00,write,key-2,0.626,283,false,leader-w1r5,90
2026-04-03T20:52:59.417358-07:00,write,key-3,1.229,280,false,leader-w1r5,90
2026-04-03T20:52:59.418094-07:00,write,key-1,0.613,285,false,leader-w1r5,90
2026-04-03T20:52:59.418078-07:00,write,key-6,1.603,234,false,leader-w1r5,90
2026-04-03T20:52:59.418589-07:00,write,key-7,1.148,312,false,leader-w1r5,90
2026-04-03T20:52:59.41871-07:00,write,key-5,1.455,322,false,leader-w1r5,90
2026-04-03T20:52:59.420166-07:00,write,key-3,1.233,281,false,leader-w1r5,90
2026-04-03T20:52:59.419682-07:00,write,key-3,1.976,282,false,leader-w1r5,90
2026-04-03T20:52:59.42166-07:00,write,key-1,0.403,286,false,leader-w1r5,90
2026-04-03T20:52:59.421401-07:00,write,key-7,0.674,313,false,leader-w1r5,90
2026-04-03T20:52:59.422078-07:00,write,key-0,0.272,311,false,leader-w1r5,90
2026-04-03T20:52:59.422064-07:00,write,key-0,0.479,312,false,leader-w1r5,90
2026-04-03T20:52:59.422351-07:00,write,key-1,0.438,287,false,leader-w1r5,90
2026-04-03T20:52:59.422545-07:00,write,key-3,0.726,283,false,leader-w1r5,90
2026-04-03T20:52:59.42279-07:00,write,key-9,0.508,293,false,leader-w1r5,90
2026-04-03T20:52:59.423272-07:00,write,key-1,0.343,288,false,leader-w1r5,90
2026-04-03T20:52:59.3714-07:00,read,key-6,52.409,226,true,leader-w1r5,90
2026-04-03T20:52:59.423616-07:00,write,key-8,0.597,273,false,leader-w1r5,90
2026-04-03T20:52:59.423811-07:00,write,key-9,0.425,294,false,leader-w1r5,90
2026-04-03T20:52:59.424237-07:00,write,key-8,0.522,275,false,leader-w1r5,90
2026-04-03T20:52:59.424214-07:00,write,key-8,0.556,274,false,leader-w1r5,90
2026-04-03T20:52:59.424761-07:00,write,key-8,0.359,276,false,leader-w1r5,90
2026-04-03T20:52:59.424772-07:00,write,key-6,0.468,235,false,leader-w1r5,90
2026-04-03T20:52:59.425242-07:00,write,key-7,0.267,314,false,leader-w1r5,90
2026-04-03T20:52:59.425121-07:00,write,key-3,0.437,284,false,leader-w1r5,90
2026-04-03T20:52:59.425558-07:00,write,key-8,0.534,277,false,leader-w1r5,90
2026-04-03T20:52:59.42551-07:00,write,key-5,0.604,323,false,leader-w1r5,90
2026-04-03T20:52:59.426114-07:00,write,key-0,0.359,313,false,leader-w1r5,90
2026-04-03T20:52:59.426094-07:00,write,key-2,0.410,284,false,leader-w1r5,90
2026-04-03T20:52:59.426505-07:00,write,key-5,0.392,324,false,leader-w1r5,90
2026-04-03T20:52:59.426475-07:00,write,key-0,0.508,314,false,leader-w1r5,90
2026-04-03T20:52:59.426898-07:00,write,key-3,0.537,285,false,leader-w1r5,90
2026-04-03T20:52:59.426984-07:00,write,key-5,0.471,325,false,leader-w1r5,90
2026-04-03T20:52:59.371786-07:00,read,key-7,56.145,313,true,leader-w1r5,90
2026-04-03T20:52:59.427435-07:00,write,key-2,0.514,285,false,leader-w1r5,90
2026-04-03T20:52:59.427457-07:00,write,key-4,0.576,279,false,leader-w1r5,90
2026-04-03T20:52:59.376239-07:00,read,key-3,51.839,272,true,leader-w1r5,90
2026-04-03T20:52:59.427934-07:00,write,key-9,0.450,295,false,leader-w1r5,90
2026-04-03T20:52:59.427951-07:00,write,key-7,0.462,315,false,leader-w1r5,90
2026-04-03T20:52:59.428036-07:00,write,key-6,0.423,236,false,leader-w1r5,90
2026-04-03T20:52:59.42808-07:00,write,key-5,0.754,326,false,leader-w1r5,90
2026-04-03T20:52:59.428385-07:00,write,key-2,0.518,286,false,leader-w1r5,90
2026-04-03T20:52:59.428461-07:00,write,key-4,0.703,280,false,leader-w1r5,90
2026-04-03T20:52:59.429166-07:00,write,key-9,0.361,296,false,leader-w1r5,90
2026-04-03T20:52:59.385315-07:00,read,key-1,52.840,288,false,leader-w1r5,90
2026-04-03T20:52:59.438157-07:00,write,key-5,0.376,327,false,leader-w1r5,90
2026-04-03T20:52:59.387331-07:00,read,key-2,52.603,271,true,leader-w1r5,90
2026-04-03T20:52:59.388268-07:00,read,key-3,51.675,285,false,leader-w1r5,90
2026-04-03T20:52:59.439936-07:00,write,key-3,0.479,286,false,leader-w1r5,90
2026-04-03T20:52:59.439945-07:00,write,key-8,0.535,278,false,leader-w1r5,90
2026-04-03T20:52:59.440417-07:00,write,key-6,0.776,237,false,leader-w1r5,90
2026-04-03T20:52:59.440482-07:00,write,key-2,0.748,287,false,leader-w1r5,90
2026-04-03T20:52:59.441193-07:00,write,key-8,0.955,279,false,leader-w1r5,90
2026-04-03T20:52:59.441231-07:00,write,key-7,0.924,316,false,leader-w1r5,90
2026-04-03T20:52:59.442156-07:00,write,key-3,0.898,287,false,leader-w1r5,90
2026-04-03T20:52:59.44215-07:00,write,key-0,1.052,315,false,leader-w1r5,90
2026-04-03T20:52:59.443056-07:00,write,key-7,0.391,317,false,leader-w1r5,90
2026-04-03T20:52:59.443204-07:00,write,key-3,0.528,288,false,leader-w1r5,90
2026-04-03T20:52:59.443448-07:00,write,key-6,0.358,238,false,leader-w1r5,90
2026-04-03T20:52:59.443807-07:00,write,key-1,0.240,289,false,leader-w1r5,90
2026-04-03T20:52:59.443734-07:00,write,key-2,0.325,288,false,leader-w1r5,90
2026-04-03T20:52:59.44406-07:00,write,key-4,0.264,281,false,leader-w1r5,90
2026-04-03T20:52:59.444048-07:00,write,key-0,0.338,316,false,leader-w1r5,90
2026-04-03T20:52:59.444388-07:00,write,key-0,0.324,317,false,leader-w1r5,90
2026-04-03T20:52:59.444325-07:00,write,key-8,0.424,280,false,leader-w1r5,90
2026-04-03T20:52:59.444712-07:00,write,key-6,0.525,239,false,leader-w1r5,90
2026-04-03T20:52:59.445238-07:00,write,key-3,0.252,289,false,leader-w1r5,90
2026-04-03T20:52:59.445492-07:00,write,key-5,0.318,328,false,leader-w1r5,90
2026-04-03T20:52:59.445811-07:00,write,key-7,0.299,318,false,leader-w1r5,90
2026-04-03T20:52:59.395896-07:00,read,key-7,52.080,318,false,leader-w1r5,90
2026-04-03T20:52:59.447978-07:00,write,key-1,0.349,290,false,leader-w1r5,90
2026-04-03T20:52:59.448328-07:00,write,key-9,0.350,297,false,leader-w1r5,90
2026-04-03T20:52:59.396488-07:00,read,key-1,52.454,277,true,leader-w1r5,90
2026-04-03T20:52:59.448679-07:00,write,key-4,0.273,282,false,leader-w1r5,90
2026-04-03T20:52:59.448953-07:00,write,key-3,0.496,290,false,leader-w1r5,90
2026-04-03T20:52:59.448943-07:00,write,key-6,0.544,240,false,leader-w1r5,90
2026-04-03T20:52:59.449451-07:00,write,key-8,0.500,281,false,leader-w1r5,90
2026-04-03T20:52:59.449489-07:00,write,key-5,0.494,329,false,leader-w1r5,90
2026-04-03T20:52:59.449984-07:00,write,key-7,0.506,319,false,leader-w1r5,90
2026-04-03T20:52:59.449952-07:00,write,key-0,0.545,318,false,leader-w1r5,90
2026-04-03T20:52:59.450498-07:00,write,key-8,0.341,282,false,leader-w1r5,90
2026-04-03T20:52:59.450491-07:00,write,key-6,0.366,241,false,leader-w1r5,90
2026-04-03T20:52:59.450858-07:00,write,key-8,0.369,284,false,leader-w1r5,90
2026-04-03T20:52:59.450841-07:00,write,key-8,0.454,283,false,leader-w1r5,90
2026-04-03T20:52:59.451228-07:00,write,key-3,0.493,291,false,leader-w1r5,90
2026-04-03T20:52:59.451722-07:00,write,key-8,0.237,285,false,leader-w1r5,90
2026-04-03T20:52:59.399086-07:00,read,key-1,53.232,278,true,leader-w1r5,90
2026-04-03T20:52:59.45232-07:00,write,key-3,0.275,292,false,leader-w1r5,90
2026-04-03T20:52:59.452596-07:00,write,key-1,0.451,291,false,leader-w1r5,90
2026-04-03T20:52:59.453048-07:00,write,key-8,0.323,286,false,leader-w1r5,90
2026-04-03T20:52:59.453372-07:00,write,key-5,0.270,330,false,leader-w1r5,90
2026-04-03T20:52:59.453643-07:00,write,key-5,0.381,331,false,leader-w1r5,90
2026-04-03T20:52:59.401087-07:00,read,key-2,52.967,274,true,leader-w1r5,90
2026-04-03T20:52:59.454056-07:00,write,key-1,0.367,292,false,leader-w1r5,90
2026-04-03T20:52:59.454025-07:00,write,key-1,0.415,293,false,leader-w1r5,90
2026-04-03T20:52:59.454442-07:00,write,key-0,0.233,319,false,leader-w1r5,90
2026-04-03T20:52:59.454424-07:00,write,key-3,0.276,293,false,leader-w1r5,90
2026-04-03T20:52:59.454677-07:00,write,key-5,0.329,332,false,leader-w1r5,90
2026-04-03T20:52:59.4547-07:00,write,key-9,0.352,298,false,leader-w1r5,90
2026-04-03T20:52:59.403055-07:00,read,key-3,52.212,292,true,leader-w1r5,90
2026-04-03T20:52:59.455008-07:00,write,key-0,0.425,320,false,leader-w1r5,90
2026-04-03T20:52:59.455053-07:00,write,key-3,0.384,294,false,leader-w1r5,90
2026-04-03T20:52:59.455268-07:00,write,key-6,0.499,242,false,leader-w1r5,90
2026-04-03T20:52:59.455434-07:00,write,key-6,0.484,243,false,leader-w1r5,90
2026-04-03T20:52:59.455439-07:00,write,key-6,0.655,244,false,leader-w1r5,90
2026-04-03T20:52:59.455768-07:00,write,key-3,0.440,295,false,leader-w1r5,90
2026-04-03T20:52:59.455919-07:00,write,key-1,0.409,294,false,leader-w1r5,90
2026-04-03T20:52:59.456095-07:00,write,key-5,0.309,333,false,leader-w1r5,90
2026-04-03T20:52:59.45621-07:00,write,key-0,0.572,321,false,leader-w1r5,90
2026-04-03T20:52:59.45633-07:00,write,key-3,0.518,296,false,leader-w1r5,90
2026-04-03T20:52:59.456783-07:00,write,key-0,0.335,322,false,leader-w1r5,90
2026-04-03T20:52:59.456406-07:00,write,key-3,0.764,297,false,leader-w1r5,90
2026-04-03T20:52:59.45712-07:00,write,key-5,0.469,334,false,leader-w1r5,90
2026-04-03T20:52:59.456849-07:00,write,key-4,0.837,283,false,leader-w1r5,90
2026-04-03T20:52:59.457171-07:00,write,key-8,1.524,287,false,leader-w1r5,90
2026-04-03T20:52:59.45759-07:00,write,key-4,1.918,284,false,leader-w1r5,90
2026-04-03T20:52:59.457688-07:00,write,key-3,2.028,298,false,leader-w1r5,90
2026-04-03T20:52:59.458697-07:00,write,key-4,1.433,285,false,leader-w1r5,90
2026-04-03T20:52:59.459512-07:00,write,key-0,0.647,323,false,leader-w1r5,90
2026-04-03T20:52:59.459717-07:00,write,key-4,1.167,287,false,leader-w1r5,90
2026-04-03T20:52:59.460159-07:00,write,key-1,0.749,295,false,leader-w1r5,90
2026-04-03T20:52:59.460132-07:00,write,key-4,0.788,286,false,leader-w1r5,90
2026-04-03T20:52:59.46092-07:00,write,key-4,0.347,288,false,leader-w1r5,90
2026-04-03T20:52:59.460909-07:00,write,key-5,0.390,335,false,leader-w1r5,90
2026-04-03T20:52:59.409251-07:00,read,key-0,52.156,323,false,leader-w1r5,90
2026-04-03T20:52:59.461268-07:00,write,key-1,0.681,296,false,leader-w1r5,90
2026-04-03T20:52:59.4613-07:00,write,key-3,0.655,299,false,leader-w1r5,90
2026-04-03T20:52:59.46141-07:00,write,key-2,0.996,289,false,leader-w1r5,90
2026-04-03T20:52:59.46195-07:00,write,key-4,0.465,289,false,leader-w1r5,90
2026-04-03T20:52:59.461956-07:00,write,key-0,0.784,324,false,leader-w1r5,90
2026-04-03T20:52:59.462408-07:00,write,key-8,0.358,288,false,leader-w1r5,90
2026-04-03T20:52:59.462416-07:00,write,key-0,0.795,325,false,leader-w1r5,90
2026-04-03T20:52:59.41404-07:00,read,key-7,51.915,319,false,leader-w1r5,90
2026-04-03T20:52:59.413462-07:00,read,key-4,53.627,275,true,leader-w1r5,90
2026-04-03T20:52:59.416913-07:00,read,key-3,52.973,278,true,leader-w1r5,90
2026-04-03T20:52:59.418564-07:00,read,key-2,52.210,289,false,leader-w1r5,90
2026-04-03T20:52:59.418079-07:00,read,key-9,52.747,292,true,leader-w1r5,90
2026-04-03T20:52:59.419738-07:00,read,key-5,52.381,335,false,leader-w1r5,90
2026-04-03T20:52:59.4233-07:00,read,key-4,51.717,278,true,leader-w1r5,90
2026-04-03T20:52:59.428414-07:00,read,key-3,51.794,285,true,leader-w1r5,90
2026-04-03T20:52:59.428835-07:00,read,key-0,52.068,325,false,leader-w1r5,90
2026-04-03T20:52:59.429529-07:00,read,key-4,55.088,289,false,leader-w1r5,90
2026-04-03T20:52:59.428906-07:00,read,key-9,55.739,298,false,leader-w1r5,90
2026-04-03T20:52:59.438535-07:00,read,key-2,54.854,289,false,leader-w1r5,90
2026-04-03T20:52:59.444749-07:00,read,key-2,52.942,289,false,leader-w1r5,90
2026-04-03T20:52:59.451296-07:00,read,key-0,53.721,325,false,leader-w1r5,90
2026-04-03T20:52:59.45196-07:00,read,key-5,53.067,335,false,leader-w1r5,90
2026-04-03T20:52:59.446111-07:00,read,key-5,65.353,335,false,leader-w1r5,90
2026-04-03T20:52:59.460885-07:00,read,key-9,53.116,298,false,leader-w1r5,90
