timestamp,type,key,latency_ms,version,stale_read,db_type,write_pct
2026-04-03T20:54:33.363599-07:00,read,key-1,65.513,133,false,leader-w3r3,90
2026-04-03T20:54:33.36345-07:00,write,key-7,830.794,120,false,leader-w3r3,90
2026-04-03T20:54:33.363549-07:00,write,key-9,830.787,130,false,leader-w3r3,90
2026-04-03T20:54:33.363762-07:00,write,key-4,830.715,125,false,leader-w3r3,90
2026-04-03T20:54:33.363493-07:00,write,key-6,831.013,120,false,leader-w3r3,90
2026-04-03T20:54:33.363509-07:00,write,key-2,831.067,117,false,leader-w3r3,90
2026-04-03T20:54:33.363604-07:00,write,key-7,830.992,119,false,leader-w3r3,90
2026-04-03T20:54:33.363569-07:00,write,key-1,831.706,132,false,leader-w3r3,90
2026-04-03T20:54:33.363565-07:00,write,key-5,831.788,114,false,leader-w3r3,90
2026-04-03T20:54:33.363808-07:00,write,key-8,831.618,127,false,leader-w3r3,90
2026-04-03T20:54:33.363513-07:00,write,key-4,831.994,124,false,leader-w3r3,90
2026-04-03T20:54:33.363422-07:00,write,key-7,832.180,121,false,leader-w3r3,90
2026-04-03T20:54:33.3637-07:00,write,key-6,831.976,118,false,leader-w3r3,90
2026-04-03T20:54:33.364192-07:00,write,key-4,831.532,126,false,leader-w3r3,90
2026-04-03T20:54:33.36365-07:00,write,key-6,832.094,121,false,leader-w3r3,90
2026-04-03T20:54:33.36353-07:00,write,key-6,832.285,122,false,leader-w3r3,90
2026-04-03T20:54:33.363592-07:00,write,key-6,832.905,123,false,leader-w3r3,90
2026-04-03T20:54:33.363439-07:00,write,key-1,833.105,134,false,leader-w3r3,90
2026-04-03T20:54:33.363415-07:00,write,key-6,833.148,119,false,leader-w3r3,90
2026-04-03T20:54:33.363819-07:00,write,key-1,832.796,133,false,leader-w3r3,90
2026-04-03T20:54:33.429119-07:00,write,key-8,820.597,128,false,leader-w3r3,90
2026-04-03T20:54:34.195814-07:00,read,key-0,55.463,138,false,leader-w3r3,90
2026-04-03T20:54:34.251286-07:00,read,key-4,57.901,126,false,leader-w3r3,90
2026-04-03T20:54:34.249723-07:00,read,key-4,59.467,126,false,leader-w3r3,90
2026-04-03T20:54:34.195675-07:00,write,key-3,819.327,125,false,leader-w3r3,90
2026-04-03T20:54:34.195602-07:00,write,key-9,819.476,131,false,leader-w3r3,90
2026-04-03T20:54:34.195743-07:00,write,key-3,819.538,126,false,leader-w3r3,90
2026-04-03T20:54:34.195511-07:00,write,key-8,819.864,132,false,leader-w3r3,90
2026-04-03T20:54:34.194355-07:00,write,key-0,821.108,140,false,leader-w3r3,90
2026-04-03T20:54:34.194476-07:00,write,key-7,821.178,122,false,leader-w3r3,90
2026-04-03T20:54:34.194251-07:00,write,key-1,821.484,135,false,leader-w3r3,90
2026-04-03T20:54:34.194595-07:00,write,key-0,821.224,141,false,leader-w3r3,90
2026-04-03T20:54:34.194575-07:00,write,key-6,821.325,125,false,leader-w3r3,90
2026-04-03T20:54:34.194508-07:00,write,key-8,821.474,131,false,leader-w3r3,90
2026-04-03T20:54:34.196615-07:00,write,key-0,819.460,142,false,leader-w3r3,90
2026-04-03T20:54:34.195355-07:00,write,key-8,820.793,130,false,leader-w3r3,90
2026-04-03T20:54:34.195425-07:00,write,key-2,820.792,119,false,leader-w3r3,90
2026-04-03T20:54:34.195724-07:00,write,key-8,820.568,129,false,leader-w3r3,90
2026-04-03T20:54:34.196548-07:00,write,key-0,819.819,139,false,leader-w3r3,90
2026-04-03T20:54:34.195274-07:00,write,key-1,821.157,136,false,leader-w3r3,90
2026-04-03T20:54:34.196496-07:00,write,key-6,820.040,124,false,leader-w3r3,90
2026-04-03T20:54:34.196562-07:00,write,key-2,820.048,118,false,leader-w3r3,90
2026-04-03T20:54:35.01508-07:00,read,key-1,61.568,137,false,leader-w3r3,90
2026-04-03T20:54:34.309211-07:00,write,key-1,809.714,137,false,leader-w3r3,90
2026-04-03T20:54:34.309194-07:00,write,key-4,809.909,127,false,leader-w3r3,90
2026-04-03T20:54:35.01528-07:00,write,key-0,820.236,145,false,leader-w3r3,90
2026-04-03T20:54:35.016439-07:00,write,key-0,819.098,143,false,leader-w3r3,90
2026-04-03T20:54:35.015012-07:00,write,key-9,820.733,132,false,leader-w3r3,90
2026-04-03T20:54:35.016148-07:00,write,key-6,819.803,126,false,leader-w3r3,90
2026-04-03T20:54:35.016216-07:00,write,key-2,819.819,120,false,leader-w3r3,90
2026-04-03T20:54:35.016291-07:00,write,key-7,819.745,123,false,leader-w3r3,90
2026-04-03T20:54:35.016609-07:00,write,key-1,819.509,138,false,leader-w3r3,90
2026-04-03T20:54:35.0159-07:00,write,key-3,820.223,128,false,leader-w3r3,90
2026-04-03T20:54:35.015464-07:00,write,key-3,820.749,127,false,leader-w3r3,90
2026-04-03T20:54:35.015375-07:00,write,key-8,820.907,134,false,leader-w3r3,90
2026-04-03T20:54:35.015982-07:00,write,key-4,820.372,128,false,leader-w3r3,90
2026-04-03T20:54:35.015818-07:00,write,key-1,820.605,139,false,leader-w3r3,90
2026-04-03T20:54:35.015734-07:00,write,key-6,820.760,127,false,leader-w3r3,90
2026-04-03T20:54:35.016074-07:00,write,key-7,820.455,124,false,leader-w3r3,90
2026-04-03T20:54:35.016367-07:00,write,key-0,820.204,144,false,leader-w3r3,90
2026-04-03T20:54:35.015654-07:00,write,key-7,820.963,125,false,leader-w3r3,90
2026-04-03T20:54:35.016535-07:00,write,key-8,820.087,133,false,leader-w3r3,90
2026-04-03T20:54:35.836528-07:00,read,key-0,57.769,145,false,leader-w3r3,90
2026-04-03T20:54:35.835526-07:00,read,key-7,58.780,125,false,leader-w3r3,90
2026-04-03T20:54:35.836118-07:00,read,key-9,58.381,133,false,leader-w3r3,90
2026-04-03T20:54:35.076659-07:00,write,key-5,817.977,115,false,leader-w3r3,90
2026-04-03T20:54:35.119103-07:00,write,key-2,820.381,121,false,leader-w3r3,90
2026-04-03T20:54:35.118929-07:00,write,key-8,820.613,135,false,leader-w3r3,90
2026-04-03T20:54:35.83657-07:00,write,key-9,816.933,133,false,leader-w3r3,90
2026-04-03T20:54:35.836282-07:00,write,key-6,817.368,129,false,leader-w3r3,90
2026-04-03T20:54:35.835747-07:00,write,key-5,817.984,116,false,leader-w3r3,90
2026-04-03T20:54:35.836494-07:00,write,key-8,817.300,137,false,leader-w3r3,90
2026-04-03T20:54:35.836621-07:00,write,key-6,818.981,128,false,leader-w3r3,90
2026-04-03T20:54:35.836422-07:00,write,key-0,819.244,147,false,leader-w3r3,90
2026-04-03T20:54:35.835951-07:00,write,key-3,819.807,130,false,leader-w3r3,90
2026-04-03T20:54:35.836353-07:00,write,key-6,819.463,130,false,leader-w3r3,90
2026-04-03T20:54:35.836036-07:00,write,key-8,819.804,136,false,leader-w3r3,90
2026-04-03T20:54:35.836616-07:00,write,key-2,819.273,122,false,leader-w3r3,90
2026-04-03T20:54:35.836123-07:00,write,key-3,819.784,129,false,leader-w3r3,90
2026-04-03T20:54:35.836035-07:00,write,key-0,819.911,146,false,leader-w3r3,90
2026-04-03T20:54:35.836211-07:00,write,key-4,819.887,129,false,leader-w3r3,90
2026-04-03T20:54:35.835538-07:00,write,key-8,820.598,138,false,leader-w3r3,90
2026-04-03T20:54:36.65373-07:00,read,key-6,59.213,130,false,leader-w3r3,90
2026-04-03T20:54:36.655602-07:00,read,key-8,57.341,138,false,leader-w3r3,90
2026-04-03T20:54:35.894309-07:00,write,key-4,825.306,130,false,leader-w3r3,90
2026-04-03T20:54:35.894637-07:00,write,key-0,825.068,148,false,leader-w3r3,90
2026-04-03T20:54:35.894504-07:00,write,key-4,825.320,131,false,leader-w3r3,90
2026-04-03T20:54:35.8944-07:00,write,key-1,825.475,140,false,leader-w3r3,90
2026-04-03T20:54:35.939487-07:00,write,key-9,810.550,134,false,leader-w3r3,90
2026-04-03T20:54:35.939543-07:00,write,key-0,810.504,149,false,leader-w3r3,90
2026-04-03T20:54:36.655666-07:00,write,key-0,806.043,151,false,leader-w3r3,90
2026-04-03T20:54:36.655888-07:00,write,key-2,805.828,123,false,leader-w3r3,90
2026-04-03T20:54:36.655816-07:00,write,key-4,805.987,133,false,leader-w3r3,90
2026-04-03T20:54:36.653793-07:00,write,key-4,808.013,132,false,leader-w3r3,90
2026-04-03T20:54:36.653513-07:00,write,key-6,808.306,131,false,leader-w3r3,90
2026-04-03T20:54:36.656098-07:00,write,key-7,805.763,126,false,leader-w3r3,90
2026-04-03T20:54:36.65584-07:00,write,key-0,806.079,152,false,leader-w3r3,90
2026-04-03T20:54:36.656135-07:00,write,key-1,805.793,141,false,leader-w3r3,90
2026-04-03T20:54:36.653649-07:00,write,key-0,808.286,150,false,leader-w3r3,90
2026-04-03T20:54:36.655757-07:00,write,key-8,806.200,139,false,leader-w3r3,90
2026-04-03T20:54:36.655945-07:00,write,key-4,806.036,134,false,leader-w3r3,90
2026-04-03T20:54:36.655939-07:00,write,key-3,806.059,131,false,leader-w3r3,90
2026-04-03T20:54:37.461801-07:00,read,key-7,57.228,129,false,leader-w3r3,90
2026-04-03T20:54:37.461716-07:00,read,key-6,57.354,133,false,leader-w3r3,90
2026-04-03T20:54:36.719618-07:00,write,key-2,808.220,124,false,leader-w3r3,90
2026-04-03T20:54:36.719874-07:00,write,key-4,808.093,135,false,leader-w3r3,90
2026-04-03T20:54:36.713002-07:00,write,key-9,814.973,135,false,leader-w3r3,90
2026-04-03T20:54:36.712953-07:00,write,key-1,815.070,142,false,leader-w3r3,90
2026-04-03T20:54:36.719824-07:00,write,key-3,808.230,132,false,leader-w3r3,90
2026-04-03T20:54:36.719706-07:00,write,key-3,808.386,133,false,leader-w3r3,90
2026-04-03T20:54:36.750048-07:00,write,key-6,812.438,132,false,leader-w3r3,90
2026-04-03T20:54:36.750041-07:00,write,key-7,812.522,127,false,leader-w3r3,90
2026-04-03T20:54:37.461935-07:00,write,key-5,826.133,117,false,leader-w3r3,90
2026-04-03T20:54:37.461819-07:00,write,key-3,826.616,134,false,leader-w3r3,90
2026-04-03T20:54:37.46186-07:00,write,key-3,826.662,135,false,leader-w3r3,90
2026-04-03T20:54:37.461928-07:00,write,key-7,826.675,128,false,leader-w3r3,90
2026-04-03T20:54:37.461709-07:00,write,key-7,827.025,129,false,leader-w3r3,90
2026-04-03T20:54:37.461919-07:00,write,key-6,826.895,133,false,leader-w3r3,90
2026-04-03T20:54:37.461806-07:00,write,key-4,827.087,136,false,leader-w3r3,90
2026-04-03T20:54:37.461997-07:00,write,key-5,826.946,118,false,leader-w3r3,90
2026-04-03T20:54:37.461956-07:00,write,key-8,827.015,140,false,leader-w3r3,90
2026-04-03T20:54:37.46198-07:00,write,key-0,827.059,153,false,leader-w3r3,90
2026-04-03T20:54:37.528091-07:00,write,key-2,807.059,125,false,leader-w3r3,90
2026-04-03T20:54:37.527966-07:00,write,key-5,807.414,119,false,leader-w3r3,90
2026-04-03T20:54:37.528053-07:00,write,key-1,807.387,145,false,leader-w3r3,90
2026-04-03T20:54:37.527841-07:00,write,key-1,807.632,144,false,leader-w3r3,90
2026-04-03T20:54:37.528022-07:00,write,key-1,807.572,146,false,leader-w3r3,90
2026-04-03T20:54:37.519033-07:00,write,key-6,816.583,134,false,leader-w3r3,90
2026-04-03T20:54:37.527975-07:00,write,key-0,807.704,154,false,leader-w3r3,90
2026-04-03T20:54:37.519072-07:00,write,key-1,816.619,143,false,leader-w3r3,90
2026-04-03T20:54:37.562564-07:00,write,key-7,821.663,130,false,leader-w3r3,90
2026-04-03T20:54:37.562491-07:00,write,key-3,821.858,136,false,leader-w3r3,90
2026-04-03T20:54:38.335679-07:00,read,key-3,54.413,137,false,leader-w3r3,90
2026-04-03T20:54:38.288603-07:00,write,key-9,816.431,138,false,leader-w3r3,90
2026-04-03T20:54:38.288942-07:00,write,key-1,816.202,148,false,leader-w3r3,90
2026-04-03T20:54:38.288893-07:00,write,key-2,816.141,126,false,leader-w3r3,90
2026-04-03T20:54:38.288436-07:00,write,key-9,816.857,137,false,leader-w3r3,90
2026-04-03T20:54:38.288733-07:00,write,key-7,816.772,131,false,leader-w3r3,90
2026-04-03T20:54:38.289038-07:00,write,key-1,816.678,149,false,leader-w3r3,90
2026-04-03T20:54:38.288079-07:00,write,key-9,817.697,136,false,leader-w3r3,90
2026-04-03T20:54:38.288522-07:00,write,key-4,817.356,137,false,leader-w3r3,90
2026-04-03T20:54:38.288812-07:00,write,key-1,817.082,147,false,leader-w3r3,90
2026-04-03T20:54:38.28897-07:00,write,key-5,817.079,120,false,leader-w3r3,90
2026-04-03T20:54:38.33516-07:00,write,key-1,818.299,150,false,leader-w3r3,90
2026-04-03T20:54:38.335691-07:00,write,key-2,817.933,127,false,leader-w3r3,90
2026-04-03T20:54:38.335439-07:00,write,key-0,818.274,155,false,leader-w3r3,90
2026-04-03T20:54:38.335616-07:00,write,key-1,818.154,151,false,leader-w3r3,90
2026-04-03T20:54:38.335593-07:00,write,key-0,819.953,157,false,leader-w3r3,90
2026-04-03T20:54:38.335382-07:00,write,key-0,820.218,156,false,leader-w3r3,90
2026-04-03T20:54:38.335472-07:00,write,key-3,820.184,137,false,leader-w3r3,90
2026-04-03T20:54:39.105505-07:00,read,key-6,55.663,134,false,leader-w3r3,90
2026-04-03T20:54:38.384351-07:00,write,key-7,817.832,132,false,leader-w3r3,90
2026-04-03T20:54:38.384237-07:00,write,key-4,817.985,138,false,leader-w3r3,90
2026-04-03T20:54:38.3901-07:00,write,key-1,812.200,152,false,leader-w3r3,90
2026-04-03T20:54:39.155656-07:00,read,key-0,58.426,159,false,leader-w3r3,90
2026-04-03T20:54:39.161175-07:00,read,key-6,52.938,135,false,leader-w3r3,90
2026-04-03T20:54:39.105047-07:00,write,key-9,819.217,140,false,leader-w3r3,90
2026-04-03T20:54:39.105148-07:00,write,key-0,819.221,158,false,leader-w3r3,90
2026-04-03T20:54:39.105716-07:00,write,key-9,818.790,139,false,leader-w3r3,90
2026-04-03T20:54:39.105293-07:00,write,key-4,819.162,139,false,leader-w3r3,90
2026-04-03T20:54:39.105777-07:00,write,key-6,818.487,135,false,leader-w3r3,90
2026-04-03T20:54:39.105895-07:00,write,key-7,818.703,133,false,leader-w3r3,90
2026-04-03T20:54:39.105233-07:00,write,key-9,819.410,141,false,leader-w3r3,90
2026-04-03T20:54:39.106049-07:00,write,key-0,818.634,159,false,leader-w3r3,90
2026-04-03T20:54:39.105878-07:00,write,key-1,818.829,153,false,leader-w3r3,90
2026-04-03T20:54:39.153471-07:00,write,key-7,818.732,134,false,leader-w3r3,90
2026-04-03T20:54:39.153715-07:00,write,key-3,818.615,138,false,leader-w3r3,90
2026-04-03T20:54:39.153624-07:00,write,key-8,818.835,141,false,leader-w3r3,90
2026-04-03T20:54:39.1556-07:00,write,key-4,816.604,140,false,leader-w3r3,90
2026-04-03T20:54:39.155547-07:00,write,key-4,817.113,141,false,leader-w3r3,90
2026-04-03T20:54:39.15377-07:00,write,key-7,819.010,135,false,leader-w3r3,90
2026-04-03T20:54:39.924563-07:00,read,key-2,52.397,127,false,leader-w3r3,90
2026-04-03T20:54:39.202193-07:00,write,key-5,817.232,121,false,leader-w3r3,90
2026-04-03T20:54:39.202223-07:00,write,key-1,817.264,154,false,leader-w3r3,90
2026-04-03T20:54:39.2023-07:00,write,key-7,817.266,136,false,leader-w3r3,90
2026-04-03T20:54:39.214118-07:00,write,key-7,810.966,138,false,leader-w3r3,90
2026-04-03T20:54:39.214088-07:00,write,key-7,810.996,137,false,leader-w3r3,90
2026-04-03T20:54:39.972331-07:00,read,key-0,56.288,161,false,leader-w3r3,90
2026-04-03T20:54:40.028625-07:00,read,key-8,53.029,143,false,leader-w3r3,90
2026-04-03T20:54:39.924706-07:00,write,key-1,814.055,156,false,leader-w3r3,90
2026-04-03T20:54:39.924597-07:00,write,key-5,814.163,122,false,leader-w3r3,90
2026-04-03T20:54:39.924682-07:00,write,key-8,814.160,142,false,leader-w3r3,90
2026-04-03T20:54:39.924506-07:00,write,key-7,814.388,139,false,leader-w3r3,90
2026-04-03T20:54:39.924523-07:00,write,key-6,814.465,137,false,leader-w3r3,90
2026-04-03T20:54:39.924273-07:00,write,key-1,814.868,155,false,leader-w3r3,90
2026-04-03T20:54:39.924461-07:00,write,key-5,814.698,123,false,leader-w3r3,90
2026-04-03T20:54:39.924643-07:00,write,key-6,814.608,136,false,leader-w3r3,90
2026-04-03T20:54:39.976968-07:00,write,key-6,814.658,139,false,leader-w3r3,90
2026-04-03T20:54:39.972525-07:00,write,key-2,819.238,128,false,leader-w3r3,90
2026-04-03T20:54:39.972661-07:00,write,key-0,819.131,160,false,leader-w3r3,90
2026-04-03T20:54:39.97246-07:00,write,key-0,819.377,161,false,leader-w3r3,90
2026-04-03T20:54:39.972779-07:00,write,key-8,819.078,143,false,leader-w3r3,90
2026-04-03T20:54:39.972209-07:00,write,key-6,819.973,138,false,leader-w3r3,90
2026-04-03T20:54:40.025085-07:00,write,key-7,812.240,141,false,leader-w3r3,90
2026-04-03T20:54:40.025106-07:00,write,key-7,812.335,142,false,leader-w3r3,90
2026-04-03T20:54:40.019488-07:00,write,key-7,817.982,140,false,leader-w3r3,90
2026-04-03T20:54:40.019428-07:00,write,key-4,818.125,142,false,leader-w3r3,90
2026-04-03T20:54:40.019566-07:00,write,key-6,818.011,140,false,leader-w3r3,90
2026-04-03T20:54:40.791856-07:00,read,key-6,54.608,140,false,leader-w3r3,90
2026-04-03T20:54:40.081658-07:00,write,key-0,818.365,162,false,leader-w3r3,90
2026-04-03T20:54:40.837444-07:00,read,key-8,62.795,143,false,leader-w3r3,90
2026-04-03T20:54:40.900035-07:00,read,key-0,54.106,162,false,leader-w3r3,90
2026-04-03T20:54:40.738841-07:00,write,key-1,815.934,157,false,leader-w3r3,90
2026-04-03T20:54:40.738894-07:00,write,key-1,815.997,158,false,leader-w3r3,90
2026-04-03T20:54:40.738987-07:00,write,key-1,815.962,159,false,leader-w3r3,90
2026-04-03T20:54:40.73914-07:00,write,key-9,815.894,142,false,leader-w3r3,90
2026-04-03T20:54:40.739159-07:00,write,key-1,815.932,160,false,leader-w3r3,90
2026-04-03T20:54:40.738764-07:00,write,key-5,816.383,124,false,leader-w3r3,90
2026-04-03T20:54:40.73925-07:00,write,key-6,815.979,141,false,leader-w3r3,90
2026-04-03T20:54:40.738764-07:00,write,key-7,816.521,143,false,leader-w3r3,90
2026-04-03T20:54:40.791792-07:00,write,key-9,824.079,143,false,leader-w3r3,90
2026-04-03T20:54:40.791634-07:00,write,key-1,824.262,161,false,leader-w3r3,90
2026-04-03T20:54:40.791836-07:00,write,key-7,824.193,145,false,leader-w3r3,90
2026-04-03T20:54:40.791763-07:00,write,key-9,824.290,144,false,leader-w3r3,90
2026-04-03T20:54:40.792181-07:00,write,key-7,823.925,144,false,leader-w3r3,90
2026-04-03T20:54:40.83747-07:00,write,key-9,816.144,145,false,leader-w3r3,90
2026-04-03T20:54:40.837552-07:00,write,key-3,816.079,139,false,leader-w3r3,90
2026-04-03T20:54:40.83733-07:00,write,key-2,816.434,130,false,leader-w3r3,90
2026-04-03T20:54:40.837577-07:00,write,key-2,816.764,129,false,leader-w3r3,90
2026-04-03T20:54:40.846469-07:00,write,key-0,809.985,163,false,leader-w3r3,90
2026-04-03T20:54:40.900244-07:00,write,key-1,818.962,162,false,leader-w3r3,90
2026-04-03T20:54:40.954147-07:00,write,key-7,809.848,146,false,leader-w3r3,90
2026-04-03T20:54:41.554891-07:00,write,key-5,814.658,126,false,leader-w3r3,90
2026-04-03T20:54:41.555034-07:00,write,key-7,814.609,147,false,leader-w3r3,90
2026-04-03T20:54:41.555228-07:00,write,key-4,814.320,143,false,leader-w3r3,90
2026-04-03T20:54:41.55509-07:00,write,key-6,814.679,142,false,leader-w3r3,90
2026-04-03T20:54:41.555146-07:00,write,key-5,814.660,125,false,leader-w3r3,90
2026-04-03T20:54:41.554778-07:00,write,key-2,815.374,131,false,leader-w3r3,90
2026-04-03T20:54:41.554949-07:00,write,key-8,815.361,144,false,leader-w3r3,90
2026-04-03T20:54:41.555284-07:00,write,key-3,815.152,140,false,leader-w3r3,90
2026-04-03T20:54:41.615897-07:00,write,key-5,821.281,127,false,leader-w3r3,90
2026-04-03T20:54:41.616106-07:00,write,key-1,821.303,164,false,leader-w3r3,90
2026-04-03T20:54:41.616029-07:00,write,key-2,821.465,132,false,leader-w3r3,90
2026-04-03T20:54:41.616052-07:00,write,key-1,821.553,163,false,leader-w3r3,90
2026-04-03T20:54:41.615874-07:00,write,key-0,821.776,164,false,leader-w3r3,90
2026-04-03T20:54:41.654341-07:00,write,key-5,817.003,128,false,leader-w3r3,90
2026-04-03T20:54:41.656456-07:00,write,key-1,815.109,165,false,leader-w3r3,90
2026-04-03T20:54:41.653623-07:00,write,key-4,818.073,145,false,leader-w3r3,90
2026-04-03T20:54:41.653765-07:00,write,key-8,817.957,145,false,leader-w3r3,90
2026-04-03T20:54:41.653634-07:00,write,key-4,818.132,144,false,leader-w3r3,90
2026-04-03T20:54:41.719209-07:00,write,key-5,819.091,129,false,leader-w3r3,90
2026-04-03T20:54:41.763997-07:00,write,key-0,808.929,165,false,leader-w3r3,90
2026-04-03T20:54:42.572929-07:00,read,key-7,58.359,150,false,leader-w3r3,90
2026-04-03T20:54:42.369769-07:00,write,key-2,820.440,134,false,leader-w3r3,90
2026-04-03T20:54:42.369644-07:00,write,key-4,820.723,146,false,leader-w3r3,90
2026-04-03T20:54:42.369723-07:00,write,key-2,820.852,135,false,leader-w3r3,90
2026-04-03T20:54:42.370153-07:00,write,key-3,820.545,141,false,leader-w3r3,90
2026-04-03T20:54:42.369806-07:00,write,key-0,820.939,166,false,leader-w3r3,90
2026-04-03T20:54:42.36956-07:00,write,key-3,821.218,142,false,leader-w3r3,90
2026-04-03T20:54:42.370436-07:00,write,key-7,820.415,148,false,leader-w3r3,90
2026-04-03T20:54:42.37031-07:00,write,key-2,820.603,133,false,leader-w3r3,90
2026-04-03T20:54:42.43741-07:00,write,key-1,809.784,166,false,leader-w3r3,90
2026-04-03T20:54:42.437606-07:00,write,key-8,809.784,146,false,leader-w3r3,90
2026-04-03T20:54:42.437192-07:00,write,key-7,810.293,150,false,leader-w3r3,90
2026-04-03T20:54:43.190575-07:00,read,key-0,56.914,167,false,leader-w3r3,90
2026-04-03T20:54:42.437495-07:00,write,key-7,810.163,149,false,leader-w3r3,90
2026-04-03T20:54:42.437651-07:00,write,key-5,810.015,130,false,leader-w3r3,90
2026-04-03T20:54:43.190745-07:00,read,key-0,57.811,169,false,leader-w3r3,90
2026-04-03T20:54:42.471566-07:00,write,key-3,812.691,143,false,leader-w3r3,90
2026-04-03T20:54:42.471765-07:00,write,key-5,812.765,132,false,leader-w3r3,90
2026-04-03T20:54:42.471723-07:00,write,key-5,813.094,131,false,leader-w3r3,90
2026-04-03T20:54:42.471348-07:00,write,key-0,814.561,167,false,leader-w3r3,90
2026-04-03T20:54:42.471696-07:00,write,key-2,814.397,136,false,leader-w3r3,90
2026-04-03T20:54:43.284263-07:00,read,key-6,63.632,143,false,leader-w3r3,90
2026-04-03T20:54:43.28486-07:00,read,key-1,63.038,167,false,leader-w3r3,90
2026-04-03T20:54:42.538307-07:00,write,key-7,809.737,151,false,leader-w3r3,90
2026-04-03T20:54:43.285911-07:00,read,key-9,62.283,145,false,leader-w3r3,90
2026-04-03T20:54:43.347911-07:00,read,key-0,52.316,172,false,leader-w3r3,90
2026-04-03T20:54:42.631302-07:00,write,key-1,808.560,167,false,leader-w3r3,90
2026-04-03T20:54:43.19085-07:00,write,key-1,808.701,168,false,leader-w3r3,90
2026-04-03T20:54:43.190214-07:00,write,key-0,809.372,168,false,leader-w3r3,90
2026-04-03T20:54:43.190913-07:00,write,key-2,808.739,137,false,leader-w3r3,90
2026-04-03T20:54:43.190697-07:00,write,key-1,808.998,169,false,leader-w3r3,90
2026-04-03T20:54:43.190367-07:00,write,key-7,809.338,152,false,leader-w3r3,90
2026-04-03T20:54:43.190778-07:00,write,key-0,808.974,169,false,leader-w3r3,90
2026-04-03T20:54:43.247657-07:00,write,key-0,805.408,171,false,leader-w3r3,90
2026-04-03T20:54:43.247666-07:00,write,key-0,807.316,170,false,leader-w3r3,90
2026-04-03T20:54:43.247546-07:00,write,key-0,807.526,172,false,leader-w3r3,90
2026-04-03T20:54:43.24739-07:00,write,key-2,807.759,138,false,leader-w3r3,90
2026-04-03T20:54:43.248559-07:00,write,key-3,806.653,144,false,leader-w3r3,90
2026-04-03T20:54:43.247202-07:00,write,key-4,808.066,147,false,leader-w3r3,90
2026-04-03T20:54:43.247486-07:00,write,key-6,807.849,143,false,leader-w3r3,90
2026-04-03T20:54:43.284531-07:00,write,key-7,815.766,153,false,leader-w3r3,90
2026-04-03T20:54:43.286093-07:00,write,key-4,814.204,148,false,leader-w3r3,90
2026-04-03T20:54:43.348045-07:00,write,key-1,814.131,170,false,leader-w3r3,90
2026-04-03T20:54:44.100308-07:00,read,key-7,61.863,154,false,leader-w3r3,90
2026-04-03T20:54:43.348197-07:00,write,key-9,814.097,146,false,leader-w3r3,90
2026-04-03T20:54:43.347911-07:00,write,key-3,814.430,145,false,leader-w3r3,90
2026-04-03T20:54:43.400241-07:00,write,key-7,813.005,154,false,leader-w3r3,90
2026-04-03T20:54:44.162382-07:00,read,key-0,54.173,174,false,leader-w3r3,90
2026-04-03T20:54:43.439872-07:00,write,key-2,814.969,139,false,leader-w3r3,90
2026-04-03T20:54:44.213253-07:00,read,key-3,56.242,148,false,leader-w3r3,90
2026-04-03T20:54:43.999694-07:00,write,key-0,815.730,173,false,leader-w3r3,90
2026-04-03T20:54:43.999751-07:00,write,key-2,815.766,140,false,leader-w3r3,90
2026-04-03T20:54:43.999651-07:00,write,key-5,815.773,133,false,leader-w3r3,90
2026-04-03T20:54:43.999554-07:00,write,key-4,816.104,149,false,leader-w3r3,90
2026-04-03T20:54:43.999704-07:00,write,key-3,816.068,146,false,leader-w3r3,90
2026-04-03T20:54:43.999586-07:00,write,key-9,816.643,147,false,leader-w3r3,90
2026-04-03T20:54:44.053069-07:00,write,key-2,812.518,141,false,leader-w3r3,90
2026-04-03T20:54:44.055212-07:00,write,key-6,810.633,144,false,leader-w3r3,90
2026-04-03T20:54:44.055148-07:00,write,key-1,810.736,171,false,leader-w3r3,90
2026-04-03T20:54:44.055267-07:00,write,key-0,810.676,174,false,leader-w3r3,90
2026-04-03T20:54:44.055334-07:00,write,key-3,810.644,147,false,leader-w3r3,90
2026-04-03T20:54:44.054983-07:00,write,key-1,811.036,172,false,leader-w3r3,90
2026-04-03T20:54:44.055072-07:00,write,key-3,810.979,148,false,leader-w3r3,90
2026-04-03T20:54:44.100366-07:00,write,key-4,812.871,150,false,leader-w3r3,90
2026-04-03T20:54:44.162334-07:00,write,key-2,810.002,142,false,leader-w3r3,90
2026-04-03T20:54:44.162182-07:00,write,key-3,810.168,149,false,leader-w3r3,90
2026-04-03T20:54:44.16241-07:00,write,key-7,810.197,155,false,leader-w3r3,90
2026-04-03T20:54:44.216564-07:00,write,key-7,805.855,156,false,leader-w3r3,90
2026-04-03T20:54:44.972342-07:00,read,key-7,53.884,161,false,leader-w3r3,90
2026-04-03T20:54:44.254844-07:00,write,key-5,814.789,134,false,leader-w3r3,90
2026-04-03T20:54:44.269503-07:00,write,key-7,813.068,157,false,leader-w3r3,90
2026-04-03T20:54:44.815517-07:00,write,key-4,808.406,151,false,leader-w3r3,90
2026-04-03T20:54:44.816228-07:00,write,key-8,807.700,147,false,leader-w3r3,90
2026-04-03T20:54:44.815771-07:00,write,key-7,808.211,159,false,leader-w3r3,90
2026-04-03T20:54:44.815609-07:00,write,key-0,808.933,175,false,leader-w3r3,90
2026-04-03T20:54:44.815658-07:00,write,key-7,808.920,158,false,leader-w3r3,90
2026-04-03T20:54:44.815436-07:00,write,key-9,809.182,148,false,leader-w3r3,90
2026-04-03T20:54:45.624577-07:00,read,key-4,53.622,152,false,leader-w3r3,90
2026-04-03T20:54:44.86605-07:00,write,key-6,812.152,145,false,leader-w3r3,90
2026-04-03T20:54:44.865977-07:00,write,key-2,812.319,143,false,leader-w3r3,90
2026-04-03T20:54:44.865845-07:00,write,key-7,812.471,160,false,leader-w3r3,90
2026-04-03T20:54:44.865884-07:00,write,key-5,812.476,136,false,leader-w3r3,90
2026-04-03T20:54:44.865595-07:00,write,key-5,812.825,135,false,leader-w3r3,90
2026-04-03T20:54:44.865943-07:00,write,key-8,812.487,148,false,leader-w3r3,90
2026-04-03T20:54:44.866018-07:00,write,key-7,812.423,161,false,leader-w3r3,90
2026-04-03T20:54:44.913245-07:00,write,key-3,817.677,150,false,leader-w3r3,90
2026-04-03T20:54:44.972607-07:00,write,key-3,815.227,151,false,leader-w3r3,90
2026-04-03T20:54:44.972351-07:00,write,key-8,815.603,149,false,leader-w3r3,90
2026-04-03T20:54:45.022423-07:00,write,key-2,805.393,144,false,leader-w3r3,90
2026-04-03T20:54:45.026234-07:00,write,key-7,808.312,162,false,leader-w3r3,90
2026-04-03T20:54:45.787838-07:00,read,key-4,53.489,153,false,leader-w3r3,90
2026-04-03T20:54:45.787954-07:00,read,key-1,53.792,173,false,leader-w3r3,90
2026-04-03T20:54:45.069638-07:00,write,key-1,810.385,173,false,leader-w3r3,90
2026-04-03T20:54:45.082575-07:00,write,key-7,803.334,163,false,leader-w3r3,90
2026-04-03T20:54:45.880032-07:00,read,key-8,54.599,154,false,leader-w3r3,90
2026-04-03T20:54:45.624011-07:00,write,key-2,814.062,145,false,leader-w3r3,90
2026-04-03T20:54:45.624617-07:00,write,key-8,813.532,151,false,leader-w3r3,90
2026-04-03T20:54:45.624541-07:00,write,key-8,813.531,150,false,leader-w3r3,90
2026-04-03T20:54:45.623925-07:00,write,key-9,814.438,149,false,leader-w3r3,90
2026-04-03T20:54:45.623927-07:00,write,key-4,815.152,152,false,leader-w3r3,90
2026-04-03T20:54:45.678203-07:00,write,key-8,815.526,152,false,leader-w3r3,90
2026-04-03T20:54:45.678297-07:00,write,key-5,815.709,137,false,leader-w3r3,90
2026-04-03T20:54:45.678316-07:00,write,key-6,815.747,146,false,leader-w3r3,90
2026-04-03T20:54:45.678359-07:00,write,key-5,816.010,138,false,leader-w3r3,90
2026-04-03T20:54:45.678441-07:00,write,key-4,816.030,153,false,leader-w3r3,90
2026-04-03T20:54:45.678216-07:00,write,key-8,816.334,153,false,leader-w3r3,90
2026-04-03T20:54:45.678429-07:00,write,key-9,816.269,150,false,leader-w3r3,90
2026-04-03T20:54:45.67842-07:00,write,key-2,816.350,146,false,leader-w3r3,90
2026-04-03T20:54:46.438249-07:00,read,key-2,56.609,146,false,leader-w3r3,90
2026-04-03T20:54:45.730927-07:00,write,key-5,808.710,139,false,leader-w3r3,90
2026-04-03T20:54:46.494935-07:00,read,key-5,53.109,141,false,leader-w3r3,90
2026-04-03T20:54:45.827821-07:00,write,key-5,813.299,140,false,leader-w3r3,90
2026-04-03T20:54:45.834549-07:00,write,key-9,806.588,151,false,leader-w3r3,90
2026-04-03T20:54:45.841335-07:00,write,key-6,804.961,147,false,leader-w3r3,90
2026-04-03T20:54:45.841749-07:00,write,key-8,809.989,154,false,leader-w3r3,90
2026-04-03T20:54:45.885911-07:00,write,key-3,806.566,152,false,leader-w3r3,90
2026-04-03T20:54:45.934642-07:00,write,key-7,808.081,164,false,leader-w3r3,90
2026-04-03T20:54:46.438082-07:00,write,key-6,810.105,148,false,leader-w3r3,90
2026-04-03T20:54:46.438364-07:00,write,key-2,809.887,147,false,leader-w3r3,90
2026-04-03T20:54:46.438149-07:00,write,key-6,810.199,149,false,leader-w3r3,90
2026-04-03T20:54:46.43908-07:00,write,key-8,809.108,155,false,leader-w3r3,90
2026-04-03T20:54:46.494697-07:00,write,key-6,807.934,151,false,leader-w3r3,90
2026-04-03T20:54:46.494369-07:00,write,key-7,808.361,165,false,leader-w3r3,90
2026-04-03T20:54:46.493734-07:00,write,key-6,808.898,150,false,leader-w3r3,90
2026-04-03T20:54:46.494769-07:00,write,key-6,808.066,152,false,leader-w3r3,90
2026-04-03T20:54:46.49447-07:00,write,key-7,812.444,167,false,leader-w3r3,90
2026-04-03T20:54:46.494062-07:00,write,key-2,813.965,148,false,leader-w3r3,90
2026-04-03T20:54:46.494549-07:00,write,key-7,813.611,166,false,leader-w3r3,90
2026-04-03T20:54:46.494006-07:00,write,key-5,814.239,141,false,leader-w3r3,90
2026-04-03T20:54:46.539643-07:00,write,key-9,813.447,152,false,leader-w3r3,90
2026-04-03T20:54:46.548051-07:00,write,key-3,808.155,153,false,leader-w3r3,90
2026-04-03T20:54:47.302731-07:00,read,key-5,57.788,142,false,leader-w3r3,90
2026-04-03T20:54:46.641138-07:00,write,key-6,809.840,153,false,leader-w3r3,90
2026-04-03T20:54:46.641121-07:00,write,key-4,809.857,154,false,leader-w3r3,90
2026-04-03T20:54:46.646297-07:00,write,key-9,805.977,153,false,leader-w3r3,90
2026-04-03T20:54:46.65174-07:00,write,key-8,805.857,156,false,leader-w3r3,90
2026-04-03T20:54:46.692479-07:00,write,key-7,808.139,168,false,leader-w3r3,90
2026-04-03T20:54:46.742726-07:00,write,key-3,815.164,154,false,leader-w3r3,90
2026-04-03T20:54:47.248682-07:00,write,key-3,810.381,155,false,leader-w3r3,90
2026-04-03T20:54:47.248251-07:00,write,key-0,810.905,176,false,leader-w3r3,90
2026-04-03T20:54:47.248348-07:00,write,key-7,810.846,169,false,leader-w3r3,90
2026-04-03T20:54:47.248191-07:00,write,key-5,811.022,142,false,leader-w3r3,90
2026-04-03T20:54:47.308246-07:00,write,key-0,807.428,177,false,leader-w3r3,90
2026-04-03T20:54:47.302641-07:00,write,key-5,813.043,143,false,leader-w3r3,90
2026-04-03T20:54:47.308029-07:00,write,key-3,807.734,156,false,leader-w3r3,90
2026-04-03T20:54:47.302835-07:00,write,key-9,812.983,154,false,leader-w3r3,90
2026-04-03T20:54:47.308159-07:00,write,key-1,807.713,174,false,leader-w3r3,90
2026-04-03T20:54:47.302752-07:00,write,key-8,813.176,157,false,leader-w3r3,90
2026-04-03T20:54:47.306916-07:00,write,key-5,809.204,144,false,leader-w3r3,90
2026-04-03T20:54:47.353094-07:00,write,key-9,807.616,155,false,leader-w3r3,90
2026-04-03T20:54:47.356208-07:00,write,key-0,804.502,178,false,leader-w3r3,90
2026-04-03T20:54:47.360526-07:00,write,key-7,813.445,170,false,leader-w3r3,90
2026-04-03T20:54:47.451051-07:00,write,key-4,813.862,155,false,leader-w3r3,90
2026-04-03T20:54:47.45099-07:00,write,key-8,814.045,158,false,leader-w3r3,90
2026-04-03T20:54:47.452276-07:00,write,key-2,812.841,149,false,leader-w3r3,90
2026-04-03T20:54:47.4576-07:00,write,key-7,807.543,171,false,leader-w3r3,90
2026-04-03T20:54:47.500624-07:00,write,key-1,810.938,175,false,leader-w3r3,90
2026-04-03T20:54:48.265142-07:00,read,key-7,53.658,171,false,leader-w3r3,90
2026-04-03T20:54:47.557899-07:00,write,key-1,810.138,176,false,leader-w3r3,90
2026-04-03T20:54:48.059213-07:00,write,key-3,819.105,157,false,leader-w3r3,90
2026-04-03T20:54:48.059193-07:00,write,key-8,819.367,160,false,leader-w3r3,90
2026-04-03T20:54:48.059156-07:00,write,key-8,819.431,159,false,leader-w3r3,90
2026-04-03T20:54:48.059066-07:00,write,key-6,819.590,154,false,leader-w3r3,90
2026-04-03T20:54:48.115676-07:00,write,key-6,810.151,155,false,leader-w3r3,90
2026-04-03T20:54:48.11612-07:00,write,key-2,810.155,150,false,leader-w3r3,90
2026-04-03T20:54:48.115873-07:00,write,key-3,810.590,158,false,leader-w3r3,90
2026-04-03T20:54:48.115685-07:00,write,key-4,810.361,157,false,leader-w3r3,90
2026-04-03T20:54:48.115763-07:00,write,key-7,810.798,172,false,leader-w3r3,90
2026-04-03T20:54:48.115818-07:00,write,key-4,810.837,156,false,leader-w3r3,90
2026-04-03T20:54:48.115928-07:00,write,key-9,810.756,156,false,leader-w3r3,90
2026-04-03T20:54:48.878587-07:00,read,key-4,54.342,159,false,leader-w3r3,90
2026-04-03T20:54:48.160713-07:00,write,key-2,814.747,151,false,leader-w3r3,90
2026-04-03T20:54:48.160736-07:00,write,key-8,814.939,161,false,leader-w3r3,90
2026-04-03T20:54:48.173974-07:00,write,key-0,804.957,179,false,leader-w3r3,90
2026-04-03T20:54:48.265116-07:00,write,key-6,813.583,156,false,leader-w3r3,90
2026-04-03T20:54:48.264917-07:00,write,key-4,813.903,158,false,leader-w3r3,90
2026-04-03T20:54:48.265035-07:00,write,key-0,813.663,180,false,leader-w3r3,90
2026-04-03T20:54:48.318806-07:00,write,key-2,806.300,152,false,leader-w3r3,90
2026-04-03T20:54:48.311573-07:00,write,key-6,813.534,157,false,leader-w3r3,90
2026-04-03T20:54:48.368046-07:00,write,key-8,812.410,162,false,leader-w3r3,90
2026-04-03T20:54:48.878656-07:00,write,key-0,815.976,181,false,leader-w3r3,90
2026-04-03T20:54:48.87856-07:00,write,key-5,816.155,145,false,leader-w3r3,90
2026-04-03T20:54:48.87833-07:00,write,key-1,816.448,177,false,leader-w3r3,90
2026-04-03T20:54:48.926654-07:00,write,key-7,808.523,174,false,leader-w3r3,90
2026-04-03T20:54:48.925833-07:00,write,key-4,809.415,159,false,leader-w3r3,90
2026-04-03T20:54:48.926463-07:00,write,key-6,809.523,158,false,leader-w3r3,90
2026-04-03T20:54:48.926684-07:00,write,key-1,809.512,179,false,leader-w3r3,90
2026-04-03T20:54:48.926278-07:00,write,key-7,810.906,173,false,leader-w3r3,90
2026-04-03T20:54:48.926561-07:00,write,key-1,810.651,178,false,leader-w3r3,90
2026-04-03T20:54:48.926557-07:00,write,key-9,810.721,157,false,leader-w3r3,90
2026-04-03T20:54:48.932985-07:00,write,key-8,808.244,163,false,leader-w3r3,90
2026-04-03T20:54:49.694636-07:00,read,key-7,52.236,175,false,leader-w3r3,90
2026-04-03T20:54:48.978933-07:00,write,key-9,811.746,158,false,leader-w3r3,90
2026-04-03T20:54:48.975464-07:00,write,key-6,815.356,159,false,leader-w3r3,90
2026-04-03T20:54:48.975674-07:00,write,key-5,815.578,146,false,leader-w3r3,90
2026-04-03T20:54:49.078822-07:00,write,key-1,821.576,180,false,leader-w3r3,90
2026-04-03T20:54:49.078705-07:00,write,key-4,821.973,160,false,leader-w3r3,90
2026-04-03T20:54:49.078845-07:00,write,key-4,821.920,161,false,leader-w3r3,90
2026-04-03T20:54:49.125141-07:00,write,key-6,810.862,160,false,leader-w3r3,90
2026-04-03T20:54:49.125112-07:00,write,key-2,811.038,153,false,leader-w3r3,90
2026-04-03T20:54:49.18046-07:00,write,key-9,814.628,159,false,leader-w3r3,90
2026-04-03T20:54:49.694777-07:00,write,key-6,817.898,161,false,leader-w3r3,90
2026-04-03T20:54:49.694716-07:00,write,key-4,818.708,162,false,leader-w3r3,90
2026-04-03T20:54:49.737211-07:00,write,key-5,811.731,147,false,leader-w3r3,90
2026-04-03T20:54:49.737277-07:00,write,key-8,811.777,166,false,leader-w3r3,90
2026-04-03T20:54:49.737184-07:00,write,key-8,811.932,165,false,leader-w3r3,90
2026-04-03T20:54:49.735248-07:00,write,key-3,813.926,159,false,leader-w3r3,90
2026-04-03T20:54:49.736196-07:00,write,key-7,813.033,175,false,leader-w3r3,90
2026-04-03T20:54:49.735182-07:00,write,key-8,814.098,164,false,leader-w3r3,90
2026-04-03T20:54:49.735987-07:00,write,key-9,813.352,160,false,leader-w3r3,90
2026-04-03T20:54:49.741231-07:00,write,key-2,808.159,154,false,leader-w3r3,90
2026-04-03T20:54:49.746877-07:00,write,key-3,808.838,160,false,leader-w3r3,90
2026-04-03T20:54:49.790682-07:00,write,key-3,813.053,161,false,leader-w3r3,90
2026-04-03T20:54:49.790819-07:00,write,key-2,812.946,155,false,leader-w3r3,90
2026-04-03T20:54:50.549389-07:00,read,key-5,54.428,147,false,leader-w3r3,90
2026-04-03T20:54:49.791252-07:00,write,key-9,812.646,161,false,leader-w3r3,90
2026-04-03T20:54:49.900407-07:00,write,key-9,807.878,162,false,leader-w3r3,90
2026-04-03T20:54:49.900766-07:00,write,key-4,807.559,163,false,leader-w3r3,90
2026-04-03T20:54:49.900678-07:00,write,key-2,807.739,156,false,leader-w3r3,90
2026-04-03T20:54:49.936151-07:00,write,key-6,810.812,162,false,leader-w3r3,90
2026-04-03T20:54:49.936007-07:00,write,key-4,811.545,164,false,leader-w3r3,90
2026-04-03T20:54:49.995092-07:00,write,key-2,811.139,157,false,leader-w3r3,90
2026-04-03T20:54:50.513376-07:00,write,key-6,801.815,163,false,leader-w3r3,90
2026-04-03T20:54:50.513423-07:00,write,key-4,806.541,165,false,leader-w3r3,90
2026-04-03T20:54:50.549279-07:00,write,key-1,814.062,181,false,leader-w3r3,90
2026-04-03T20:54:50.549173-07:00,write,key-8,814.232,167,false,leader-w3r3,90
2026-04-03T20:54:50.549228-07:00,write,key-9,814.254,163,false,leader-w3r3,90
2026-04-03T20:54:50.549115-07:00,write,key-2,814.394,159,false,leader-w3r3,90
2026-04-03T20:54:50.549053-07:00,write,key-2,814.488,158,false,leader-w3r3,90
2026-04-03T20:54:50.548944-07:00,write,key-0,814.627,182,false,leader-w3r3,90
2026-04-03T20:54:50.555716-07:00,write,key-5,807.884,148,false,leader-w3r3,90
2026-04-03T20:54:50.549338-07:00,write,key-4,814.294,166,false,leader-w3r3,90
2026-04-03T20:54:50.603738-07:00,write,key-7,811.163,176,false,leader-w3r3,90
2026-04-03T20:54:50.603897-07:00,write,key-0,811.139,183,false,leader-w3r3,90
2026-04-03T20:54:50.60382-07:00,write,key-4,811.283,167,false,leader-w3r3,90
2026-04-03T20:54:50.603765-07:00,write,key-3,811.392,162,false,leader-w3r3,90
2026-04-03T20:54:50.708326-07:00,write,key-1,813.155,182,false,leader-w3r3,90
2026-04-03T20:54:50.708417-07:00,write,key-4,813.218,168,false,leader-w3r3,90
2026-04-03T20:54:50.708288-07:00,write,key-2,813.440,160,false,leader-w3r3,90
2026-04-03T20:54:50.746965-07:00,write,key-0,822.404,184,false,leader-w3r3,90
2026-04-03T20:54:50.747551-07:00,write,key-5,821.832,149,false,leader-w3r3,90
2026-04-03T20:54:50.806234-07:00,write,key-2,809.091,161,false,leader-w3r3,90
2026-04-03T20:54:51.319965-07:00,write,key-6,806.042,164,false,leader-w3r3,90
2026-04-03T20:54:51.315194-07:00,write,key-4,811.534,169,false,leader-w3r3,90
2026-04-03T20:54:51.363571-07:00,write,key-0,814.111,185,false,leader-w3r3,90
2026-04-03T20:54:51.363601-07:00,write,key-4,814.355,170,false,leader-w3r3,90
2026-04-03T20:54:51.363632-07:00,write,key-7,814.326,177,false,leader-w3r3,90
2026-04-03T20:54:51.363344-07:00,write,key-2,814.645,162,false,leader-w3r3,90
2026-04-03T20:54:51.363509-07:00,write,key-8,814.520,168,false,leader-w3r3,90
2026-04-03T20:54:51.363541-07:00,write,key-3,814.497,163,false,leader-w3r3,90
2026-04-03T20:54:51.363481-07:00,write,key-6,814.573,165,false,leader-w3r3,90
2026-04-03T20:54:51.363405-07:00,write,key-8,814.672,169,false,leader-w3r3,90
2026-04-03T20:54:51.415036-07:00,write,key-5,817.077,150,false,leader-w3r3,90
2026-04-03T20:54:51.415102-07:00,write,key-1,817.024,183,false,leader-w3r3,90
2026-04-03T20:54:51.414902-07:00,write,key-9,817.295,164,false,leader-w3r3,90
2026-04-03T20:54:51.415156-07:00,write,key-2,817.078,163,false,leader-w3r3,90
2026-04-03T20:54:52.232115-07:00,read,key-4,54.022,174,false,leader-w3r3,90
2026-04-03T20:54:51.521728-07:00,write,key-0,810.829,186,false,leader-w3r3,90
2026-04-03T20:54:51.521635-07:00,write,key-3,811.076,164,false,leader-w3r3,90
2026-04-03T20:54:51.521485-07:00,write,key-7,811.340,178,false,leader-w3r3,90
2026-04-03T20:54:51.569383-07:00,write,key-2,810.155,164,false,leader-w3r3,90
2026-04-03T20:54:51.569371-07:00,write,key-1,811.937,184,false,leader-w3r3,90
2026-04-03T20:54:52.332712-07:00,read,key-0,52.643,187,false,leader-w3r3,90
2026-04-03T20:54:51.615327-07:00,write,key-7,817.799,179,false,leader-w3r3,90
2026-04-03T20:54:52.12601-07:00,write,key-9,818.381,165,false,leader-w3r3,90
2026-04-03T20:54:52.126728-07:00,write,key-2,819.506,165,false,leader-w3r3,90
2026-04-03T20:54:52.177958-07:00,write,key-4,813.146,172,false,leader-w3r3,90
2026-04-03T20:54:52.177989-07:00,write,key-3,813.233,165,false,leader-w3r3,90
2026-04-03T20:54:52.178078-07:00,write,key-2,813.217,166,false,leader-w3r3,90
2026-04-03T20:54:52.178029-07:00,write,key-8,813.355,171,false,leader-w3r3,90
2026-04-03T20:54:52.178054-07:00,write,key-3,813.351,166,false,leader-w3r3,90
2026-04-03T20:54:52.177684-07:00,write,key-8,813.765,170,false,leader-w3r3,90
2026-04-03T20:54:52.177957-07:00,write,key-1,813.530,185,false,leader-w3r3,90
2026-04-03T20:54:52.178038-07:00,write,key-4,813.471,171,false,leader-w3r3,90
2026-04-03T20:54:52.944395-07:00,read,key-4,54.927,177,false,leader-w3r3,90
2026-04-03T20:54:52.232197-07:00,write,key-4,813.945,173,false,leader-w3r3,90
2026-04-03T20:54:52.232126-07:00,write,key-6,814.226,166,false,leader-w3r3,90
2026-04-03T20:54:52.232234-07:00,write,key-4,814.245,174,false,leader-w3r3,90
2026-04-03T20:54:52.286141-07:00,write,key-6,808.846,167,false,leader-w3r3,90
2026-04-03T20:54:52.332824-07:00,write,key-9,812.326,166,false,leader-w3r3,90
2026-04-03T20:54:52.332559-07:00,write,key-0,812.914,187,false,leader-w3r3,90
2026-04-03T20:54:52.379541-07:00,write,key-4,813.042,175,false,leader-w3r3,90
2026-04-03T20:54:52.385359-07:00,write,key-5,807.418,151,false,leader-w3r3,90
2026-04-03T20:54:52.381309-07:00,write,key-4,811.578,176,false,leader-w3r3,90
2026-04-03T20:54:53.145155-07:00,read,key-1,53.220,186,false,leader-w3r3,90
2026-04-03T20:54:52.433131-07:00,write,key-4,813.032,177,false,leader-w3r3,90
2026-04-03T20:54:53.192887-07:00,read,key-6,53.333,167,false,leader-w3r3,90
2026-04-03T20:54:52.946235-07:00,write,key-9,804.930,167,false,leader-w3r3,90
2026-04-03T20:54:52.991293-07:00,write,key-0,808.826,188,false,leader-w3r3,90
2026-04-03T20:54:52.991449-07:00,write,key-3,808.767,167,false,leader-w3r3,90
2026-04-03T20:54:52.991486-07:00,write,key-4,809.979,178,false,leader-w3r3,90
2026-04-03T20:54:52.991221-07:00,write,key-9,810.318,168,false,leader-w3r3,90
2026-04-03T20:54:52.991107-07:00,write,key-4,810.438,179,false,leader-w3r3,90
2026-04-03T20:54:52.991405-07:00,write,key-7,810.194,180,false,leader-w3r3,90
2026-04-03T20:54:52.991383-07:00,write,key-5,810.275,152,false,leader-w3r3,90
2026-04-03T20:54:52.991509-07:00,write,key-4,810.162,180,false,leader-w3r3,90
2026-04-03T20:54:52.999327-07:00,write,key-1,805.970,186,false,leader-w3r3,90
2026-04-03T20:54:53.046479-07:00,write,key-3,809.445,168,false,leader-w3r3,90
2026-04-03T20:54:53.046353-07:00,write,key-8,809.573,172,false,leader-w3r3,90
2026-04-03T20:54:53.046144-07:00,write,key-1,809.887,187,false,leader-w3r3,90
2026-04-03T20:54:53.094989-07:00,write,key-3,808.232,169,false,leader-w3r3,90
2026-04-03T20:54:53.856031-07:00,read,key-2,55.122,167,false,leader-w3r3,90
2026-04-03T20:54:53.855928-07:00,read,key-5,55.224,156,false,leader-w3r3,90
2026-04-03T20:54:53.145474-07:00,write,key-7,807.784,181,false,leader-w3r3,90
2026-04-03T20:54:53.192777-07:00,write,key-1,812.226,188,false,leader-w3r3,90
2026-04-03T20:54:53.192588-07:00,write,key-2,812.533,167,false,leader-w3r3,90
2026-04-03T20:54:53.198379-07:00,write,key-9,808.912,169,false,leader-w3r3,90
2026-04-03T20:54:53.246166-07:00,write,key-1,809.561,189,false,leader-w3r3,90
2026-04-03T20:54:53.246223-07:00,write,key-8,809.513,173,false,leader-w3r3,90
2026-04-03T20:54:54.00512-07:00,read,key-0,54.132,189,false,leader-w3r3,90
2026-04-03T20:54:54.059256-07:00,read,key-5,52.384,157,false,leader-w3r3,90
2026-04-03T20:54:53.751168-07:00,write,key-1,813.934,190,false,leader-w3r3,90
2026-04-03T20:54:53.801671-07:00,write,key-3,811.327,171,false,leader-w3r3,90
2026-04-03T20:54:53.801545-07:00,write,key-6,811.547,168,false,leader-w3r3,90
2026-04-03T20:54:53.801598-07:00,write,key-7,811.507,183,false,leader-w3r3,90
2026-04-03T20:54:53.801465-07:00,write,key-5,811.708,153,false,leader-w3r3,90
2026-04-03T20:54:53.800216-07:00,write,key-3,812.994,170,false,leader-w3r3,90
2026-04-03T20:54:53.805299-07:00,write,key-1,807.942,191,false,leader-w3r3,90
2026-04-03T20:54:53.801657-07:00,write,key-7,811.633,182,false,leader-w3r3,90
2026-04-03T20:54:53.801539-07:00,write,key-0,811.778,189,false,leader-w3r3,90
2026-04-03T20:54:53.800124-07:00,write,key-5,813.230,154,false,leader-w3r3,90
2026-04-03T20:54:53.856035-07:00,write,key-5,805.533,155,false,leader-w3r3,90
2026-04-03T20:54:54.613317-07:00,read,key-2,59.607,168,false,leader-w3r3,90
2026-04-03T20:54:53.903223-07:00,write,key-5,807.240,156,false,leader-w3r3,90
2026-04-03T20:54:53.911156-07:00,write,key-2,804.722,168,false,leader-w3r3,90
2026-04-03T20:54:53.911156-07:00,write,key-1,807.904,192,false,leader-w3r3,90
2026-04-03T20:54:53.953261-07:00,write,key-5,812.379,157,false,leader-w3r3,90
2026-04-03T20:54:54.005006-07:00,write,key-3,809.262,172,false,leader-w3r3,90
2026-04-03T20:54:54.007292-07:00,write,key-8,807.065,174,false,leader-w3r3,90
2026-04-03T20:54:54.055737-07:00,write,key-0,806.997,190,false,leader-w3r3,90
2026-04-03T20:54:54.055728-07:00,write,key-6,807.108,169,false,leader-w3r3,90
2026-04-03T20:54:54.111644-07:00,write,key-7,804.831,184,false,leader-w3r3,90
2026-04-03T20:54:54.565109-07:00,write,key-1,813.585,193,false,leader-w3r3,90
2026-04-03T20:54:54.613289-07:00,write,key-5,815.987,158,false,leader-w3r3,90
2026-04-03T20:54:54.613091-07:00,write,key-8,816.193,175,false,leader-w3r3,90
2026-04-03T20:54:54.613173-07:00,write,key-1,816.162,194,false,leader-w3r3,90
2026-04-03T20:54:54.613105-07:00,write,key-9,816.293,170,false,leader-w3r3,90
2026-04-03T20:54:54.61324-07:00,write,key-4,816.169,181,false,leader-w3r3,90
2026-04-03T20:54:54.612998-07:00,write,key-6,816.458,170,false,leader-w3r3,90
2026-04-03T20:54:54.61321-07:00,write,key-3,816.351,173,false,leader-w3r3,90
2026-04-03T20:54:54.613353-07:00,write,key-9,816.276,171,false,leader-w3r3,90
2026-04-03T20:54:54.661571-07:00,write,key-3,811.717,174,false,leader-w3r3,90
2026-04-03T20:54:54.672929-07:00,write,key-7,801.696,185,false,leader-w3r3,90
2026-04-03T20:54:54.710467-07:00,write,key-8,818.041,176,false,leader-w3r3,90
2026-04-03T20:54:54.719061-07:00,write,key-1,809.483,195,false,leader-w3r3,90
2026-04-03T20:54:54.715879-07:00,write,key-7,813.723,186,false,leader-w3r3,90
2026-04-03T20:54:55.474626-07:00,read,key-7,55.015,188,false,leader-w3r3,90
2026-04-03T20:54:54.765642-07:00,write,key-9,811.512,172,false,leader-w3r3,90
2026-04-03T20:54:55.528545-07:00,read,key-3,53.722,176,false,leader-w3r3,90
2026-04-03T20:54:54.814269-07:00,write,key-8,815.784,177,false,leader-w3r3,90
2026-04-03T20:54:54.814356-07:00,write,key-5,815.724,159,false,leader-w3r3,90
2026-04-03T20:54:54.862737-07:00,write,key-8,813.884,178,false,leader-w3r3,90
2026-04-03T20:54:54.862837-07:00,write,key-3,813.893,175,false,leader-w3r3,90
2026-04-03T20:54:54.916476-07:00,write,key-0,818.398,191,false,leader-w3r3,90
2026-04-03T20:54:55.378697-07:00,write,key-5,812.989,160,false,leader-w3r3,90
2026-04-03T20:54:55.429398-07:00,write,key-7,814.315,188,false,leader-w3r3,90
2026-04-03T20:54:55.429278-07:00,write,key-1,814.564,197,false,leader-w3r3,90
2026-04-03T20:54:55.429284-07:00,write,key-3,814.564,176,false,leader-w3r3,90
2026-04-03T20:54:55.429409-07:00,write,key-1,814.497,196,false,leader-w3r3,90
2026-04-03T20:54:55.429561-07:00,write,key-7,814.468,187,false,leader-w3r3,90
2026-04-03T20:54:55.429456-07:00,write,key-8,814.673,180,false,leader-w3r3,90
2026-04-03T20:54:55.429333-07:00,write,key-8,814.814,179,false,leader-w3r3,90
2026-04-03T20:54:55.429629-07:00,write,key-8,814.628,181,false,leader-w3r3,90
2026-04-03T20:54:55.473294-07:00,write,key-8,813.924,182,false,leader-w3r3,90
2026-04-03T20:54:56.244147-07:00,read,key-0,56.017,192,false,leader-w3r3,90
2026-04-03T20:54:56.244128-07:00,read,key-7,56.556,189,false,leader-w3r3,90
2026-04-03T20:54:55.529602-07:00,write,key-1,814.438,198,false,leader-w3r3,90
2026-04-03T20:54:56.28722-07:00,read,key-2,56.827,169,false,leader-w3r3,90
2026-04-03T20:54:55.529645-07:00,write,key-2,814.868,169,false,leader-w3r3,90
2026-04-03T20:54:55.528511-07:00,write,key-6,816.251,171,false,leader-w3r3,90
2026-04-03T20:54:55.582271-07:00,write,key-7,811.360,189,false,leader-w3r3,90
2026-04-03T20:54:55.577158-07:00,write,key-1,816.474,199,false,leader-w3r3,90
2026-04-03T20:54:56.34405-07:00,read,key-2,53.819,171,false,leader-w3r3,90
2026-04-03T20:54:55.630054-07:00,write,key-9,816.993,173,false,leader-w3r3,90
2026-04-03T20:54:55.63008-07:00,write,key-6,816.967,172,false,leader-w3r3,90
2026-04-03T20:54:55.676729-07:00,write,key-9,814.745,174,false,leader-w3r3,90
2026-04-03T20:54:55.676624-07:00,write,key-1,814.906,200,false,leader-w3r3,90
2026-04-03T20:54:55.734876-07:00,write,key-3,815.784,177,false,leader-w3r3,90
2026-04-03T20:54:56.191691-07:00,write,key-4,810.721,182,false,leader-w3r3,90
2026-04-03T20:54:56.243905-07:00,write,key-0,814.508,192,false,leader-w3r3,90
2026-04-03T20:54:56.244028-07:00,write,key-3,814.411,178,false,leader-w3r3,90
2026-04-03T20:54:56.243849-07:00,write,key-2,814.665,170,false,leader-w3r3,90
2026-04-03T20:54:56.243714-07:00,write,key-8,814.893,183,false,leader-w3r3,90
2026-04-03T20:54:56.243843-07:00,write,key-5,814.772,161,false,leader-w3r3,90
2026-04-03T20:54:56.244257-07:00,write,key-4,814.676,183,false,leader-w3r3,90
2026-04-03T20:54:56.300687-07:00,write,key-0,807.179,193,false,leader-w3r3,90
2026-04-03T20:54:56.300168-07:00,write,key-0,807.775,194,false,leader-w3r3,90
2026-04-03T20:54:57.058933-07:00,read,key-9,54.416,176,false,leader-w3r3,90
2026-04-03T20:54:56.344513-07:00,write,key-2,811.564,171,false,leader-w3r3,90
2026-04-03T20:54:56.344763-07:00,write,key-9,811.472,175,false,leader-w3r3,90
2026-04-03T20:54:56.344041-07:00,write,key-2,812.332,172,false,leader-w3r3,90
2026-04-03T20:54:56.393735-07:00,write,key-1,809.269,201,false,leader-w3r3,90
2026-04-03T20:54:56.393636-07:00,write,key-0,809.410,195,false,leader-w3r3,90
2026-04-03T20:54:56.397872-07:00,write,key-8,807.113,184,false,leader-w3r3,90
2026-04-03T20:54:57.156374-07:00,read,key-5,53.931,162,false,leader-w3r3,90
2026-04-03T20:54:56.447083-07:00,write,key-6,809.737,173,false,leader-w3r3,90
2026-04-03T20:54:56.447054-07:00,write,key-1,809.766,202,false,leader-w3r3,90
2026-04-03T20:54:56.491532-07:00,write,key-0,810.485,196,false,leader-w3r3,90
2026-04-03T20:54:56.491477-07:00,write,key-2,810.553,173,false,leader-w3r3,90
2026-04-03T20:54:56.550667-07:00,write,key-5,805.483,162,false,leader-w3r3,90
2026-04-03T20:54:57.002425-07:00,write,key-9,812.829,176,false,leader-w3r3,90
2026-04-03T20:54:57.058417-07:00,write,key-5,806.130,163,false,leader-w3r3,90
2026-04-03T20:54:57.058616-07:00,write,key-3,806.105,179,false,leader-w3r3,90
2026-04-03T20:54:57.058607-07:00,write,key-3,806.114,181,false,leader-w3r3,90
2026-04-03T20:54:57.058513-07:00,write,key-0,807.287,197,false,leader-w3r3,90
2026-04-03T20:54:57.05844-07:00,write,key-3,807.560,180,false,leader-w3r3,90
2026-04-03T20:54:57.107872-07:00,write,key-6,805.754,174,false,leader-w3r3,90
2026-04-03T20:54:57.107943-07:00,write,key-7,805.841,190,false,leader-w3r3,90
2026-04-03T20:54:57.113356-07:00,write,key-3,811.383,182,false,leader-w3r3,90
2026-04-03T20:54:57.15622-07:00,write,key-7,811.543,191,false,leader-w3r3,90
2026-04-03T20:54:57.156235-07:00,write,key-8,811.646,185,false,leader-w3r3,90
2026-04-03T20:54:57.913632-07:00,read,key-8,55.693,187,false,leader-w3r3,90
2026-04-03T20:54:57.203015-07:00,write,key-7,812.550,192,false,leader-w3r3,90
2026-04-03T20:54:57.203047-07:00,write,key-4,812.575,184,false,leader-w3r3,90
2026-04-03T20:54:57.204988-07:00,write,key-0,810.796,198,false,leader-w3r3,90
2026-04-03T20:54:57.210313-07:00,write,key-4,809.818,185,false,leader-w3r3,90
2026-04-03T20:54:57.967882-07:00,read,key-6,52.245,176,false,leader-w3r3,90
2026-04-03T20:54:57.256825-07:00,write,key-2,814.018,174,false,leader-w3r3,90
2026-04-03T20:54:57.256857-07:00,write,key-4,814.064,186,false,leader-w3r3,90
2026-04-03T20:54:58.015573-07:00,read,key-8,55.401,187,false,leader-w3r3,90
2026-04-03T20:54:58.020134-07:00,read,key-9,51.633,176,false,leader-w3r3,90
2026-04-03T20:54:57.30202-07:00,write,key-8,815.378,186,false,leader-w3r3,90
2026-04-03T20:54:57.30203-07:00,write,key-6,815.560,175,false,leader-w3r3,90
2026-04-03T20:54:57.356153-07:00,write,key-7,812.905,193,false,leader-w3r3,90
2026-04-03T20:54:57.815258-07:00,write,key-7,809.480,194,false,leader-w3r3,90
2026-04-03T20:54:57.865802-07:00,write,key-1,811.339,203,false,leader-w3r3,90
2026-04-03T20:54:57.864551-07:00,write,key-7,812.649,195,false,leader-w3r3,90
2026-04-03T20:54:57.86472-07:00,write,key-6,812.480,176,false,leader-w3r3,90
2026-04-03T20:54:57.866-07:00,write,key-3,811.201,183,false,leader-w3r3,90
2026-04-03T20:54:57.864721-07:00,write,key-8,812.488,187,false,leader-w3r3,90
2026-04-03T20:54:57.913784-07:00,write,key-5,811.411,164,false,leader-w3r3,90
2026-04-03T20:54:57.924742-07:00,write,key-1,803.678,204,false,leader-w3r3,90
2026-04-03T20:54:58.677141-07:00,read,key-8,54.831,189,false,leader-w3r3,90
2026-04-03T20:54:58.725204-07:00,read,key-2,55.956,175,false,leader-w3r3,90
2026-04-03T20:54:57.967765-07:00,write,key-8,813.398,188,false,leader-w3r3,90
2026-04-03T20:54:57.969332-07:00,write,key-2,811.841,175,false,leader-w3r3,90
2026-04-03T20:54:58.020134-07:00,write,key-8,810.446,189,false,leader-w3r3,90
2026-04-03T20:54:58.015624-07:00,write,key-5,814.977,165,false,leader-w3r3,90
2026-04-03T20:54:58.015784-07:00,write,key-5,815.068,166,false,leader-w3r3,90
2026-04-03T20:54:58.781235-07:00,read,key-7,52.154,197,false,leader-w3r3,90
2026-04-03T20:54:58.070921-07:00,write,key-1,811.039,205,false,leader-w3r3,90
2026-04-03T20:54:58.070845-07:00,write,key-6,811.646,177,false,leader-w3r3,90
2026-04-03T20:54:58.071772-07:00,write,key-4,810.901,187,false,leader-w3r3,90
2026-04-03T20:54:58.070979-07:00,write,key-5,811.791,167,false,leader-w3r3,90
2026-04-03T20:54:58.117403-07:00,write,key-6,811.858,178,false,leader-w3r3,90
2026-04-03T20:54:58.117592-07:00,write,key-9,811.713,177,false,leader-w3r3,90
2026-04-03T20:54:58.88249-07:00,read,key-4,53.569,189,false,leader-w3r3,90
2026-04-03T20:54:58.169066-07:00,write,key-6,816.403,179,false,leader-w3r3,90
2026-04-03T20:54:58.624742-07:00,write,key-5,821.953,168,false,leader-w3r3,90
2026-04-03T20:54:58.6772-07:00,write,key-7,827.240,196,false,leader-w3r3,90
2026-04-03T20:54:58.677201-07:00,write,key-9,827.301,178,false,leader-w3r3,90
2026-04-03T20:54:58.677208-07:00,write,key-4,827.815,188,false,leader-w3r3,90
2026-04-03T20:54:58.677199-07:00,write,key-3,827.824,184,false,leader-w3r3,90
2026-04-03T20:54:58.728422-07:00,write,key-8,808.770,190,false,leader-w3r3,90
2026-04-03T20:54:58.731975-07:00,write,key-7,805.232,197,false,leader-w3r3,90
2026-04-03T20:54:59.505035-07:00,read,key-7,51.115,199,false,leader-w3r3,90
2026-04-03T20:54:58.781268-07:00,write,key-2,806.811,176,false,leader-w3r3,90
2026-04-03T20:54:58.781165-07:00,write,key-5,806.913,169,false,leader-w3r3,90
2026-04-03T20:54:58.830601-07:00,write,key-0,817.073,199,false,leader-w3r3,90
2026-04-03T20:54:58.830852-07:00,write,key-4,816.841,189,false,leader-w3r3,90
2026-04-03T20:54:58.833392-07:00,write,key-6,814.309,180,false,leader-w3r3,90
2026-04-03T20:54:58.830583-07:00,write,key-1,817.128,206,false,leader-w3r3,90
2026-04-03T20:54:58.88197-07:00,write,key-6,824.469,181,false,leader-w3r3,90
2026-04-03T20:54:58.88277-07:00,write,key-8,823.676,192,false,leader-w3r3,90
2026-04-03T20:54:58.882673-07:00,write,key-8,823.816,191,false,leader-w3r3,90
2026-04-03T20:54:59.647693-07:00,read,key-3,59.179,186,false,leader-w3r3,90
2026-04-03T20:54:58.92927-07:00,write,key-8,808.958,193,false,leader-w3r3,90
2026-04-03T20:54:58.929305-07:00,write,key-8,808.944,194,false,leader-w3r3,90
2026-04-03T20:54:58.936066-07:00,write,key-6,807.694,182,false,leader-w3r3,90
2026-04-03T20:54:59.706446-07:00,read,key-2,55.708,178,false,leader-w3r3,90
2026-04-03T20:54:58.985481-07:00,write,key-5,805.496,170,false,leader-w3r3,90
2026-04-03T20:54:59.446698-07:00,write,key-7,809.306,198,false,leader-w3r3,90
2026-04-03T20:54:59.50444-07:00,write,key-6,804.350,183,false,leader-w3r3,90
2026-04-03T20:54:59.505023-07:00,write,key-0,809.816,200,false,leader-w3r3,90
2026-04-03T20:54:59.504502-07:00,write,key-5,810.493,171,false,leader-w3r3,90
2026-04-03T20:54:59.537208-07:00,write,key-4,808.018,190,false,leader-w3r3,90
2026-04-03T20:54:59.537193-07:00,write,key-7,808.139,199,false,leader-w3r3,90
2026-04-03T20:54:59.556153-07:00,write,key-3,806.789,185,false,leader-w3r3,90
2026-04-03T20:54:59.588099-07:00,write,key-6,811.587,184,false,leader-w3r3,90
2026-04-03T20:54:59.588079-07:00,write,key-3,811.617,186,false,leader-w3r3,90
2026-04-03T20:54:59.647701-07:00,write,key-2,808.558,177,false,leader-w3r3,90
2026-04-03T20:54:59.647675-07:00,write,key-1,808.598,207,false,leader-w3r3,90
2026-04-03T20:54:59.647711-07:00,write,key-6,808.675,185,false,leader-w3r3,90
2026-04-03T20:54:59.706487-07:00,write,key-6,804.582,186,false,leader-w3r3,90
2026-04-03T20:54:59.706873-07:00,write,key-2,810.277,178,false,leader-w3r3,90
2026-04-03T20:54:59.706439-07:00,write,key-8,810.711,195,false,leader-w3r3,90
2026-04-03T20:54:59.738248-07:00,write,key-8,810.336,196,false,leader-w3r3,90
2026-04-03T20:54:59.738231-07:00,write,key-6,810.460,187,false,leader-w3r3,90
2026-04-03T20:54:59.74376-07:00,write,key-4,804.998,191,false,leader-w3r3,90
2026-04-03T20:54:59.762156-07:00,write,key-6,806.980,188,false,leader-w3r3,90
2026-04-03T20:54:59.790976-07:00,write,key-4,818.445,192,false,leader-w3r3,90
2026-04-03T20:55:00.548757-07:00,read,key-2,60.934,178,false,leader-w3r3,90
2026-04-03T20:55:00.609426-07:00,read,key-8,54.639,199,false,leader-w3r3,90
2026-04-03T20:55:00.256013-07:00,write,key-3,811.194,187,false,leader-w3r3,90
2026-04-03T20:55:00.314995-07:00,write,key-5,808.203,172,false,leader-w3r3,90
2026-04-03T20:55:00.308795-07:00,write,key-3,814.504,188,false,leader-w3r3,90
2026-04-03T20:55:00.314842-07:00,write,key-3,808.612,189,false,leader-w3r3,90
2026-04-03T20:55:00.345331-07:00,write,key-4,813.696,193,false,leader-w3r3,90
2026-04-03T20:55:00.345228-07:00,write,key-8,813.902,197,false,leader-w3r3,90
2026-04-03T20:55:00.362944-07:00,write,key-9,802.994,179,false,leader-w3r3,90
2026-04-03T20:55:00.399696-07:00,write,key-3,818.011,190,false,leader-w3r3,90
2026-04-03T20:55:00.399687-07:00,write,key-6,818.022,189,false,leader-w3r3,90
2026-04-03T20:55:00.456386-07:00,write,key-7,813.964,201,false,leader-w3r3,90
2026-04-03T20:55:00.456261-07:00,write,key-7,814.173,200,false,leader-w3r3,90
2026-04-03T20:55:00.456273-07:00,write,key-8,814.077,198,false,leader-w3r3,90
2026-04-03T20:55:00.511073-07:00,write,key-5,811.302,173,false,leader-w3r3,90
2026-04-03T20:55:01.270353-07:00,read,key-3,53.228,190,false,leader-w3r3,90
2026-04-03T20:55:00.517275-07:00,write,key-2,807.426,179,false,leader-w3r3,90
2026-04-03T20:55:00.51717-07:00,write,key-4,807.637,194,false,leader-w3r3,90
2026-04-03T20:55:00.548587-07:00,write,key-4,811.556,195,false,leader-w3r3,90
2026-04-03T20:55:00.54869-07:00,write,key-2,811.519,180,false,leader-w3r3,90
2026-04-03T20:55:00.569141-07:00,write,key-9,808.102,180,false,leader-w3r3,90
2026-04-03T20:55:00.609695-07:00,write,key-8,810.068,199,false,leader-w3r3,90
2026-04-03T20:55:00.664073-07:00,write,key-4,806.193,196,false,leader-w3r3,90
2026-04-03T20:55:01.067218-07:00,write,key-7,809.877,202,false,leader-w3r3,90
2026-04-03T20:55:01.1233-07:00,write,key-6,813.736,190,false,leader-w3r3,90
2026-04-03T20:55:01.123202-07:00,write,key-1,814.232,208,false,leader-w3r3,90
2026-04-03T20:55:01.123454-07:00,write,key-7,814.089,203,false,leader-w3r3,90
2026-04-03T20:55:01.159034-07:00,write,key-2,811.477,181,false,leader-w3r3,90
2026-04-03T20:55:01.165941-07:00,write,key-7,805.734,204,false,leader-w3r3,90
2026-04-03T20:55:01.159131-07:00,write,key-1,812.584,209,false,leader-w3r3,90
2026-04-03T20:55:01.971715-07:00,read,key-4,54.936,196,false,leader-w3r3,90
2026-04-03T20:55:01.217718-07:00,write,key-5,808.942,174,false,leader-w3r3,90
2026-04-03T20:55:01.21778-07:00,write,key-9,809.658,181,false,leader-w3r3,90
2026-04-03T20:55:01.270435-07:00,write,key-5,806.532,175,false,leader-w3r3,90
2026-04-03T20:55:01.270483-07:00,write,key-1,807.465,210,false,leader-w3r3,90
2026-04-03T20:55:01.324806-07:00,write,key-8,811.573,200,false,leader-w3r3,90
2026-04-03T20:55:01.324702-07:00,write,key-0,811.732,201,false,leader-w3r3,90
2026-04-03T20:55:01.323585-07:00,write,key-2,813.024,182,false,leader-w3r3,90
2026-04-03T20:55:01.322379-07:00,write,key-9,814.249,182,false,leader-w3r3,90
2026-04-03T20:55:01.360146-07:00,write,key-3,817.427,191,false,leader-w3r3,90
2026-04-03T20:55:01.360208-07:00,write,key-7,817.373,205,false,leader-w3r3,90
2026-04-03T20:55:01.377245-07:00,write,key-9,808.388,183,false,leader-w3r3,90
2026-04-03T20:55:01.419779-07:00,write,key-6,810.477,191,false,leader-w3r3,90
2026-04-03T20:55:01.470267-07:00,write,key-6,806.298,192,false,leader-w3r3,90
2026-04-03T20:55:01.8771-07:00,write,key-7,813.551,206,false,leader-w3r3,90
2026-04-03T20:55:01.937044-07:00,write,key-9,805.165,184,false,leader-w3r3,90
2026-04-03T20:55:01.937436-07:00,write,key-8,804.798,201,false,leader-w3r3,90
2026-04-03T20:55:01.937542-07:00,write,key-2,804.748,183,false,leader-w3r3,90
2026-04-03T20:55:01.970514-07:00,write,key-6,816.798,193,false,leader-w3r3,90
2026-04-03T20:55:01.971675-07:00,write,key-6,815.869,194,false,leader-w3r3,90
2026-04-03T20:55:02.02666-07:00,write,key-8,810.142,202,false,leader-w3r3,90
2026-04-03T20:55:02.026656-07:00,write,key-3,810.332,192,false,leader-w3r3,90
2026-04-03T20:55:02.027439-07:00,write,key-3,809.562,193,false,leader-w3r3,90
2026-04-03T20:55:02.076971-07:00,write,key-3,817.728,194,false,leader-w3r3,90
2026-04-03T20:55:02.077949-07:00,write,key-9,816.988,185,false,leader-w3r3,90
2026-04-03T20:55:02.136388-07:00,write,key-4,806.356,197,false,leader-w3r3,90
2026-04-03T20:55:02.136437-07:00,write,key-7,808.399,207,false,leader-w3r3,90
2026-04-03T20:55:02.13661-07:00,write,key-7,808.272,208,false,leader-w3r3,90
2026-04-03T20:55:02.136628-07:00,write,key-0,808.474,202,false,leader-w3r3,90
2026-04-03T20:55:02.185633-07:00,write,key-8,811.018,203,false,leader-w3r3,90
2026-04-03T20:55:02.944838-07:00,read,key-0,52.856,203,false,leader-w3r3,90
2026-04-03T20:55:02.94275-07:00,read,key-1,55.082,214,false,leader-w3r3,90
2026-04-03T20:55:02.177575-07:00,write,key-0,819.076,203,false,leader-w3r3,90
2026-04-03T20:55:02.17758-07:00,write,key-3,821.818,195,false,leader-w3r3,90
2026-04-03T20:55:02.23026-07:00,write,key-8,812.985,204,false,leader-w3r3,90
2026-04-03T20:55:02.997837-07:00,read,key-2,54.955,183,false,leader-w3r3,90
2026-04-03T20:55:02.276569-07:00,write,key-1,817.956,211,false,leader-w3r3,90
2026-04-03T20:55:02.690653-07:00,write,key-8,810.230,205,false,leader-w3r3,90
2026-04-03T20:55:02.742234-07:00,write,key-6,808.145,195,false,leader-w3r3,90
2026-04-03T20:55:02.742289-07:00,write,key-3,808.199,196,false,leader-w3r3,90
2026-04-03T20:55:02.74221-07:00,write,key-5,808.171,176,false,leader-w3r3,90
2026-04-03T20:55:02.787544-07:00,write,key-3,817.630,197,false,leader-w3r3,90
2026-04-03T20:55:03.550387-07:00,read,key-1,54.934,216,false,leader-w3r3,90
2026-04-03T20:55:02.787321-07:00,write,key-1,818.014,212,false,leader-w3r3,90
2026-04-03T20:55:02.836988-07:00,write,key-1,811.451,213,false,leader-w3r3,90
2026-04-03T20:55:02.837-07:00,write,key-6,811.653,196,false,leader-w3r3,90
2026-04-03T20:55:02.836812-07:00,write,key-1,812.128,214,false,leader-w3r3,90
2026-04-03T20:55:02.894711-07:00,write,key-8,811.609,206,false,leader-w3r3,90
2026-04-03T20:55:02.894938-07:00,write,key-5,811.396,177,false,leader-w3r3,90
2026-04-03T20:55:02.945102-07:00,write,key-1,805.793,215,false,leader-w3r3,90
2026-04-03T20:55:02.944882-07:00,write,key-9,806.105,186,false,leader-w3r3,90
2026-04-03T20:55:03.706331-07:00,read,key-2,53.826,186,false,leader-w3r3,90
2026-04-03T20:55:02.997844-07:00,write,key-7,808.879,210,false,leader-w3r3,90
2026-04-03T20:55:02.996656-07:00,write,key-7,810.238,209,false,leader-w3r3,90
2026-04-03T20:55:02.997699-07:00,write,key-0,809.296,204,false,leader-w3r3,90
2026-04-03T20:55:02.999399-07:00,write,key-0,821.276,205,false,leader-w3r3,90
2026-04-03T20:55:03.043253-07:00,write,key-7,804.219,211,false,leader-w3r3,90
2026-04-03T20:55:03.052816-07:00,write,key-4,808.684,198,false,leader-w3r3,90
2026-04-03T20:55:03.094532-07:00,write,key-1,810.216,216,false,leader-w3r3,90
2026-04-03T20:55:03.500898-07:00,write,key-4,812.346,199,false,leader-w3r3,90
2026-04-03T20:55:03.550502-07:00,write,key-0,810.050,206,false,leader-w3r3,90
2026-04-03T20:55:03.550488-07:00,write,key-2,810.064,184,false,leader-w3r3,90
2026-04-03T20:55:03.605326-07:00,write,key-5,807.997,178,false,leader-w3r3,90
2026-04-03T20:55:03.605336-07:00,write,key-2,808.025,185,false,leader-w3r3,90
2026-04-03T20:55:03.605183-07:00,write,key-0,808.292,207,false,leader-w3r3,90
2026-04-03T20:55:03.648654-07:00,write,key-4,809.458,200,false,leader-w3r3,90
2026-04-03T20:55:03.64894-07:00,write,key-6,809.527,197,false,leader-w3r3,90
2026-04-03T20:55:03.64845-07:00,write,key-2,810.119,186,false,leader-w3r3,90
2026-04-03T20:55:04.458468-07:00,read,key-0,55.024,208,false,leader-w3r3,90
2026-04-03T20:55:03.706334-07:00,write,key-3,807.183,198,false,leader-w3r3,90
2026-04-03T20:55:03.750899-07:00,write,key-4,814.234,201,false,leader-w3r3,90
2026-04-03T20:55:03.750988-07:00,write,key-4,814.144,202,false,leader-w3r3,90
2026-04-03T20:55:03.760166-07:00,write,key-2,812.014,187,false,leader-w3r3,90
2026-04-03T20:55:04.565144-07:00,read,key-0,57.205,208,false,leader-w3r3,90
2026-04-03T20:55:03.806893-07:00,write,key-1,815.461,218,false,leader-w3r3,90
2026-04-03T20:55:03.80673-07:00,write,key-2,815.669,188,false,leader-w3r3,90
2026-04-03T20:55:03.806995-07:00,write,key-1,815.423,217,false,leader-w3r3,90
2026-04-03T20:55:03.820701-07:00,write,key-7,805.197,212,false,leader-w3r3,90
2026-04-03T20:55:03.847473-07:00,write,key-3,811.784,199,false,leader-w3r3,90
2026-04-03T20:55:03.861501-07:00,write,key-8,805.654,207,false,leader-w3r3,90
2026-04-03T20:55:04.622397-07:00,read,key-4,53.772,203,false,leader-w3r3,90
2026-04-03T20:55:04.659262-07:00,read,key-2,54.646,189,false,leader-w3r3,90
2026-04-03T20:55:03.904753-07:00,write,key-0,809.237,208,false,leader-w3r3,90
2026-04-03T20:55:04.313255-07:00,write,key-1,812.054,219,false,leader-w3r3,90
2026-04-03T20:55:04.360561-07:00,write,key-7,811.593,213,false,leader-w3r3,90
2026-04-03T20:55:04.360722-07:00,write,key-2,814.085,189,false,leader-w3r3,90
2026-04-03T20:55:04.413476-07:00,write,key-2,815.021,191,false,leader-w3r3,90
2026-04-03T20:55:04.413334-07:00,write,key-6,815.267,198,false,leader-w3r3,90
2026-04-03T20:55:04.413362-07:00,write,key-2,815.332,190,false,leader-w3r3,90
2026-04-03T20:55:04.458122-07:00,write,key-9,815.968,187,false,leader-w3r3,90
2026-04-03T20:55:04.458568-07:00,write,key-6,815.620,199,false,leader-w3r3,90
2026-04-03T20:55:04.513506-07:00,write,key-5,813.093,179,false,leader-w3r3,90
2026-04-03T20:55:04.51352-07:00,write,key-6,813.266,200,false,leader-w3r3,90
2026-04-03T20:55:05.274093-07:00,read,key-4,58.030,203,false,leader-w3r3,90
2026-04-03T20:55:04.565238-07:00,write,key-9,810.654,188,false,leader-w3r3,90
2026-04-03T20:55:04.572184-07:00,write,key-7,803.941,214,false,leader-w3r3,90
2026-04-03T20:55:04.622368-07:00,write,key-3,806.453,200,false,leader-w3r3,90
2026-04-03T20:55:04.622356-07:00,write,key-5,806.691,180,false,leader-w3r3,90
2026-04-03T20:55:04.625898-07:00,write,key-8,805.660,208,false,leader-w3r3,90
2026-04-03T20:55:04.622417-07:00,write,key-2,809.265,192,false,leader-w3r3,90
2026-04-03T20:55:04.667161-07:00,write,key-4,811.219,203,false,leader-w3r3,90
2026-04-03T20:55:04.676177-07:00,write,key-2,805.063,193,false,leader-w3r3,90
2026-04-03T20:55:05.429048-07:00,read,key-5,53.132,181,false,leader-w3r3,90
2026-04-03T20:55:04.713914-07:00,write,key-3,811.962,201,false,leader-w3r3,90
2026-04-03T20:55:04.713991-07:00,write,key-1,811.909,220,false,leader-w3r3,90
2026-04-03T20:55:05.478385-07:00,read,key-9,56.265,190,false,leader-w3r3,90
2026-04-03T20:55:05.125325-07:00,write,key-1,808.493,221,false,leader-w3r3,90
2026-04-03T20:55:05.172165-07:00,write,key-8,812.061,209,false,leader-w3r3,90
2026-04-03T20:55:05.174811-07:00,write,key-9,809.415,189,false,leader-w3r3,90
2026-04-03T20:55:05.228693-07:00,write,key-0,804.708,209,false,leader-w3r3,90
2026-04-03T20:55:05.228502-07:00,write,key-2,805.114,194,false,leader-w3r3,90
2026-04-03T20:55:05.228602-07:00,write,key-6,807.172,201,false,leader-w3r3,90
2026-04-03T20:55:05.274188-07:00,write,key-5,811.953,181,false,leader-w3r3,90
2026-04-03T20:55:05.326786-07:00,write,key-1,808.476,223,false,leader-w3r3,90
2026-04-03T20:55:05.326605-07:00,write,key-1,809.605,222,false,leader-w3r3,90
2026-04-03T20:55:05.332131-07:00,write,key-3,804.124,202,false,leader-w3r3,90
2026-04-03T20:55:05.376125-07:00,write,key-9,813.448,190,false,leader-w3r3,90
2026-04-03T20:55:06.13527-07:00,read,key-5,54.558,184,false,leader-w3r3,90
2026-04-03T20:55:05.375897-07:00,write,key-2,817.112,195,false,leader-w3r3,90
2026-04-03T20:55:05.43156-07:00,write,key-6,807.648,202,false,leader-w3r3,90
2026-04-03T20:55:05.431682-07:00,write,key-8,807.679,210,false,leader-w3r3,90
2026-04-03T20:55:05.428828-07:00,write,key-2,810.624,196,false,leader-w3r3,90
2026-04-03T20:55:06.193012-07:00,read,key-9,54.847,190,false,leader-w3r3,90
2026-04-03T20:55:05.481243-07:00,write,key-8,804.472,211,false,leader-w3r3,90
2026-04-03T20:55:05.482187-07:00,write,key-5,806.609,182,false,leader-w3r3,90
2026-04-03T20:55:05.525902-07:00,write,key-5,812.615,183,false,leader-w3r3,90
2026-04-03T20:55:05.525898-07:00,write,key-7,812.763,215,false,leader-w3r3,90
2026-04-03T20:55:05.534658-07:00,write,key-1,809.872,224,false,leader-w3r3,90
2026-04-03T20:55:05.933821-07:00,write,key-8,815.321,212,false,leader-w3r3,90
2026-04-03T20:55:05.984313-07:00,write,key-8,812.885,213,false,leader-w3r3,90
2026-04-03T20:55:05.984236-07:00,write,key-5,813.084,184,false,leader-w3r3,90
2026-04-03T20:55:06.035776-07:00,write,key-0,815.210,210,false,leader-w3r3,90
2026-04-03T20:55:06.033617-07:00,write,key-3,817.516,203,false,leader-w3r3,90
2026-04-03T20:55:06.033406-07:00,write,key-0,817.824,211,false,leader-w3r3,90
2026-04-03T20:55:06.797322-07:00,read,key-4,56.078,204,false,leader-w3r3,90
2026-04-03T20:55:06.086145-07:00,write,key-7,815.036,216,false,leader-w3r3,90
2026-04-03T20:55:06.851132-07:00,read,key-8,53.964,214,false,leader-w3r3,90
2026-04-03T20:55:06.901189-07:00,read,key-8,54.586,214,false,leader-w3r3,90
2026-04-03T20:55:06.136255-07:00,write,key-4,819.747,204,false,leader-w3r3,90
2026-04-03T20:55:06.136209-07:00,write,key-8,819.879,214,false,leader-w3r3,90
2026-04-03T20:55:06.189833-07:00,write,key-2,809.790,197,false,leader-w3r3,90
2026-04-03T20:55:06.18958-07:00,write,key-2,810.047,198,false,leader-w3r3,90
2026-04-03T20:55:06.247866-07:00,write,key-5,805.874,185,false,leader-w3r3,90
2026-04-03T20:55:06.239361-07:00,write,key-1,814.719,226,false,leader-w3r3,90
2026-04-03T20:55:06.239453-07:00,write,key-3,818.373,204,false,leader-w3r3,90
2026-04-03T20:55:06.239212-07:00,write,key-1,818.699,225,false,leader-w3r3,90
2026-04-03T20:55:06.2888-07:00,write,key-6,813.092,203,false,leader-w3r3,90
2026-04-03T20:55:06.285719-07:00,write,key-5,816.198,186,false,leader-w3r3,90
2026-04-03T20:55:06.344531-07:00,write,key-0,809.506,212,false,leader-w3r3,90
2026-04-03T20:55:06.338662-07:00,write,key-5,815.387,188,false,leader-w3r3,90
2026-04-03T20:55:06.33852-07:00,write,key-5,819.699,187,false,leader-w3r3,90
2026-04-03T20:55:06.749149-07:00,write,key-9,810.136,191,false,leader-w3r3,90
2026-04-03T20:55:06.797204-07:00,write,key-0,808.704,213,false,leader-w3r3,90
2026-04-03T20:55:07.605916-07:00,read,key-4,52.330,206,false,leader-w3r3,90
2026-04-03T20:55:06.85123-07:00,write,key-7,807.286,217,false,leader-w3r3,90
2026-04-03T20:55:06.853408-07:00,write,key-2,805.137,199,false,leader-w3r3,90
2026-04-03T20:55:06.850989-07:00,write,key-3,809.660,205,false,leader-w3r3,90
2026-04-03T20:55:06.905103-07:00,write,key-6,810.011,204,false,leader-w3r3,90
2026-04-03T20:55:06.955784-07:00,write,key-4,803.934,205,false,leader-w3r3,90
2026-04-03T20:55:06.956087-07:00,write,key-4,803.643,206,false,leader-w3r3,90
2026-04-03T20:55:06.956002-07:00,write,key-0,803.798,214,false,leader-w3r3,90
2026-04-03T20:55:06.999626-07:00,write,key-3,808.024,206,false,leader-w3r3,90
2026-04-03T20:55:06.999627-07:00,write,key-7,808.145,218,false,leader-w3r3,90
2026-04-03T20:55:07.75973-07:00,read,key-8,51.191,214,false,leader-w3r3,90
2026-04-03T20:55:07.054079-07:00,write,key-3,808.584,207,false,leader-w3r3,90
2026-04-03T20:55:07.053742-07:00,write,key-7,809.014,220,false,leader-w3r3,90
2026-04-03T20:55:07.057827-07:00,write,key-7,804.939,219,false,leader-w3r3,90
2026-04-03T20:55:07.05791-07:00,write,key-6,804.939,205,false,leader-w3r3,90
2026-04-03T20:55:07.810925-07:00,read,key-3,51.927,210,false,leader-w3r3,90
2026-04-03T20:55:07.86285-07:00,read,key-2,51.888,200,false,leader-w3r3,90
2026-04-03T20:55:07.862756-07:00,read,key-4,51.979,208,false,leader-w3r3,90
2026-04-03T20:55:07.101896-07:00,write,key-9,813.978,192,false,leader-w3r3,90
2026-04-03T20:55:07.101918-07:00,write,key-1,814.212,227,false,leader-w3r3,90
2026-04-03T20:55:07.154042-07:00,write,key-7,810.679,221,false,leader-w3r3,90
2026-04-03T20:55:07.15405-07:00,write,key-3,810.730,208,false,leader-w3r3,90
2026-04-03T20:55:07.158222-07:00,write,key-2,807.631,200,false,leader-w3r3,90
2026-04-03T20:55:07.915873-07:00,read,key-0,52.013,214,false,leader-w3r3,90
2026-04-03T20:55:07.967889-07:00,read,key-4,54.000,209,false,leader-w3r3,90
2026-04-03T20:55:07.559287-07:00,write,key-9,812.947,193,false,leader-w3r3,90
2026-04-03T20:55:07.660648-07:00,write,key-1,808.713,228,false,leader-w3r3,90
2026-04-03T20:55:07.658545-07:00,write,key-9,811.550,194,false,leader-w3r3,90
2026-04-03T20:55:07.658516-07:00,write,key-4,811.702,207,false,leader-w3r3,90
2026-04-03T20:55:07.658252-07:00,write,key-3,812.086,209,false,leader-w3r3,90
2026-04-03T20:55:07.715121-07:00,write,key-5,804.184,189,false,leader-w3r3,90
2026-04-03T20:55:07.759719-07:00,write,key-6,814.005,206,false,leader-w3r3,90
2026-04-03T20:55:07.7598-07:00,write,key-9,814.490,195,false,leader-w3r3,90
2026-04-03T20:55:07.807652-07:00,write,key-3,817.705,210,false,leader-w3r3,90
2026-04-03T20:55:07.807772-07:00,write,key-1,817.586,229,false,leader-w3r3,90
2026-04-03T20:55:07.862766-07:00,write,key-1,805.062,230,false,leader-w3r3,90
2026-04-03T20:55:07.862667-07:00,write,key-2,805.164,201,false,leader-w3r3,90
2026-04-03T20:55:07.862855-07:00,write,key-4,807.332,208,false,leader-w3r3,90
2026-04-03T20:55:08.625366-07:00,read,key-6,53.901,207,false,leader-w3r3,90
2026-04-03T20:55:07.914741-07:00,write,key-6,806.119,207,false,leader-w3r3,90
2026-04-03T20:55:07.914741-07:00,write,key-4,808.185,209,false,leader-w3r3,90
2026-04-03T20:55:07.916129-07:00,write,key-5,806.864,190,false,leader-w3r3,90
2026-04-03T20:55:07.964781-07:00,write,key-8,813.385,215,false,leader-w3r3,90
2026-04-03T20:55:07.965854-07:00,write,key-2,812.323,203,false,leader-w3r3,90
2026-04-03T20:55:07.964724-07:00,write,key-2,813.540,202,false,leader-w3r3,90
2026-04-03T20:55:08.021895-07:00,write,key-1,804.585,231,false,leader-w3r3,90
2026-04-03T20:55:08.826486-07:00,read,key-1,52.652,233,false,leader-w3r3,90
2026-04-03T20:55:08.372243-07:00,write,key-3,812.300,211,false,leader-w3r3,90
2026-04-03T20:55:08.469368-07:00,write,key-3,809.713,213,false,leader-w3r3,90
2026-04-03T20:55:08.47022-07:00,write,key-3,809.031,212,false,leader-w3r3,90
2026-04-03T20:55:08.470338-07:00,write,key-1,809.019,232,false,leader-w3r3,90
2026-04-03T20:55:08.470095-07:00,write,key-8,809.264,216,false,leader-w3r3,90
2026-04-03T20:55:08.519308-07:00,write,key-0,812.960,215,false,leader-w3r3,90
2026-04-03T20:55:08.574289-07:00,write,key-7,809.225,222,false,leader-w3r3,90
2026-04-03T20:55:08.573731-07:00,write,key-2,809.897,204,false,leader-w3r3,90
2026-04-03T20:55:08.625506-07:00,write,key-0,810.492,216,false,leader-w3r3,90
2026-04-03T20:55:08.67019-07:00,write,key-3,814.867,214,false,leader-w3r3,90
2026-04-03T20:55:08.667833-07:00,write,key-7,817.223,223,false,leader-w3r3,90
2026-04-03T20:55:08.667833-07:00,write,key-6,817.390,208,false,leader-w3r3,90
2026-04-03T20:55:08.679272-07:00,write,key-5,807.170,191,false,leader-w3r3,90
2026-04-03T20:55:08.720869-07:00,write,key-3,814.632,215,false,leader-w3r3,90
2026-04-03T20:55:08.722929-07:00,write,key-6,812.724,209,false,leader-w3r3,90
2026-04-03T20:55:08.722993-07:00,write,key-0,812.749,217,false,leader-w3r3,90
2026-04-03T20:55:09.485223-07:00,read,key-3,53.935,217,false,leader-w3r3,90
2026-04-03T20:55:08.77817-07:00,write,key-6,810.482,210,false,leader-w3r3,90
2026-04-03T20:55:08.778177-07:00,write,key-5,810.760,192,false,leader-w3r3,90
2026-04-03T20:55:08.778264-07:00,write,key-1,810.745,233,false,leader-w3r3,90
2026-04-03T20:55:08.879152-07:00,write,key-9,811.537,196,false,leader-w3r3,90
2026-04-03T20:55:09.184546-07:00,write,key-2,806.363,205,false,leader-w3r3,90
2026-04-03T20:55:09.279084-07:00,write,key-0,820.999,218,false,leader-w3r3,90
2026-04-03T20:55:09.279251-07:00,write,key-5,820.941,193,false,leader-w3r3,90
2026-04-03T20:55:09.279359-07:00,write,key-0,820.724,219,false,leader-w3r3,90
2026-04-03T20:55:09.279358-07:00,write,key-9,821.071,197,false,leader-w3r3,90
2026-04-03T20:55:09.33227-07:00,write,key-4,811.303,210,false,leader-w3r3,90
2026-04-03T20:55:09.383628-07:00,write,key-9,811.346,198,false,leader-w3r3,90
2026-04-03T20:55:09.383517-07:00,write,key-4,811.480,211,false,leader-w3r3,90
2026-04-03T20:55:09.436003-07:00,write,key-7,814.084,224,false,leader-w3r3,90
2026-04-03T20:55:09.485067-07:00,write,key-9,813.477,199,false,leader-w3r3,90
2026-04-03T20:55:09.486442-07:00,write,key-1,812.120,234,false,leader-w3r3,90
2026-04-03T20:55:09.485138-07:00,write,key-3,813.519,216,false,leader-w3r3,90
2026-04-03T20:55:09.535742-07:00,write,key-8,812.572,217,false,leader-w3r3,90
2026-04-03T20:55:09.535511-07:00,write,key-3,814.230,217,false,leader-w3r3,90
2026-04-03T20:55:09.535654-07:00,write,key-8,814.208,218,false,leader-w3r3,90
2026-04-03T20:55:09.539166-07:00,write,key-8,811.201,219,false,leader-w3r3,90
2026-04-03T20:55:09.58901-07:00,write,key-7,808.921,226,false,leader-w3r3,90
2026-04-03T20:55:09.588937-07:00,write,key-9,809.013,200,false,leader-w3r3,90
2026-04-03T20:55:09.588659-07:00,write,key-7,809.424,225,false,leader-w3r3,90
2026-04-03T20:55:10.397934-07:00,read,key-6,58.896,210,false,leader-w3r3,90
2026-04-03T20:55:09.690697-07:00,write,key-5,810.008,194,false,leader-w3r3,90
2026-04-03T20:55:09.99091-07:00,write,key-1,818.693,235,false,leader-w3r3,90
2026-04-03T20:55:10.100091-07:00,write,key-2,813.549,206,false,leader-w3r3,90
2026-04-03T20:55:10.100244-07:00,write,key-2,813.768,207,false,leader-w3r3,90
2026-04-03T20:55:10.100192-07:00,write,key-4,813.889,212,false,leader-w3r3,90
2026-04-03T20:55:10.100429-07:00,write,key-2,813.754,208,false,leader-w3r3,90
2026-04-03T20:55:10.143584-07:00,write,key-8,812.639,220,false,leader-w3r3,90
2026-04-03T20:55:10.914012-07:00,read,key-7,52.962,228,false,leader-w3r3,90
2026-04-03T20:55:10.194984-07:00,write,key-7,819.243,227,false,leader-w3r3,90
2026-04-03T20:55:10.956228-07:00,read,key-6,58.226,213,false,leader-w3r3,90
2026-04-03T20:55:10.194998-07:00,write,key-6,819.557,211,false,leader-w3r3,90
2026-04-03T20:55:10.250089-07:00,write,key-1,809.106,236,false,leader-w3r3,90
2026-04-03T20:55:10.298759-07:00,write,key-8,825.001,221,false,leader-w3r3,90
2026-04-03T20:55:10.298563-07:00,write,key-3,825.215,218,false,leader-w3r3,90
2026-04-03T20:55:10.298547-07:00,write,key-1,825.250,237,false,leader-w3r3,90
2026-04-03T20:55:10.349863-07:00,write,key-8,809.210,222,false,leader-w3r3,90
2026-04-03T20:55:10.350367-07:00,write,key-4,808.738,213,false,leader-w3r3,90
2026-04-03T20:55:10.349743-07:00,write,key-6,809.569,212,false,leader-w3r3,90
2026-04-03T20:55:10.348318-07:00,write,key-7,811.053,228,false,leader-w3r3,90
2026-04-03T20:55:11.123762-07:00,read,key-9,54.589,203,false,leader-w3r3,90
2026-04-03T20:55:10.397951-07:00,write,key-8,819.596,223,false,leader-w3r3,90
2026-04-03T20:55:10.398083-07:00,write,key-4,819.648,214,false,leader-w3r3,90
2026-04-03T20:55:10.456853-07:00,write,key-9,805.214,201,false,leader-w3r3,90
2026-04-03T20:55:10.500709-07:00,write,key-6,818.162,213,false,leader-w3r3,90
2026-04-03T20:55:10.809612-07:00,write,key-4,819.241,215,false,leader-w3r3,90
2026-04-03T20:55:10.914183-07:00,write,key-1,814.010,238,false,leader-w3r3,90
2026-04-03T20:55:10.91408-07:00,write,key-1,814.190,239,false,leader-w3r3,90
2026-04-03T20:55:10.913884-07:00,write,key-9,814.309,202,false,leader-w3r3,90
2026-04-03T20:55:10.966981-07:00,write,key-8,805.310,224,false,leader-w3r3,90
2026-04-03T20:55:11.014234-07:00,write,key-8,821.127,225,false,leader-w3r3,90
2026-04-03T20:55:11.014556-07:00,write,key-9,820.893,203,false,leader-w3r3,90
2026-04-03T20:55:11.014459-07:00,write,key-0,820.901,220,false,leader-w3r3,90
2026-04-03T20:55:11.0592-07:00,write,key-3,817.037,219,false,leader-w3r3,90
2026-04-03T20:55:11.123798-07:00,write,key-6,806.337,214,false,leader-w3r3,90
2026-04-03T20:55:11.12378-07:00,write,key-8,809.127,226,false,leader-w3r3,90
2026-04-03T20:55:11.159371-07:00,write,key-0,815.659,222,false,leader-w3r3,90
2026-04-03T20:55:11.159077-07:00,write,key-0,815.973,221,false,leader-w3r3,90
2026-04-03T20:55:11.159106-07:00,write,key-4,815.981,217,false,leader-w3r3,90
2026-04-03T20:55:11.159313-07:00,write,key-4,815.799,216,false,leader-w3r3,90
2026-04-03T20:55:11.178355-07:00,write,key-4,806.078,218,false,leader-w3r3,90
2026-04-03T20:55:11.217732-07:00,write,key-4,815.222,219,false,leader-w3r3,90
2026-04-03T20:55:11.217688-07:00,write,key-1,815.413,240,false,leader-w3r3,90
2026-04-03T20:55:11.984433-07:00,read,key-0,52.096,223,false,leader-w3r3,90
2026-04-03T20:55:11.262071-07:00,write,key-1,818.314,241,false,leader-w3r3,90
2026-04-03T20:55:11.318876-07:00,write,key-0,813.163,223,false,leader-w3r3,90
2026-04-03T20:55:11.628861-07:00,write,key-5,818.113,195,false,leader-w3r3,90
2026-04-03T20:55:11.72827-07:00,write,key-3,810.684,220,false,leader-w3r3,90
2026-04-03T20:55:11.728345-07:00,write,key-5,810.695,196,false,leader-w3r3,90
2026-04-03T20:55:11.728202-07:00,write,key-1,810.753,242,false,leader-w3r3,90
2026-04-03T20:55:11.772295-07:00,write,key-6,816.890,215,false,leader-w3r3,90
2026-04-03T20:55:12.539091-07:00,read,key-1,52.843,242,false,leader-w3r3,90
2026-04-03T20:55:11.835534-07:00,write,key-3,811.590,221,false,leader-w3r3,90
2026-04-03T20:55:11.835369-07:00,write,key-4,812.044,220,false,leader-w3r3,90
2026-04-03T20:55:11.835449-07:00,write,key-8,812.078,227,false,leader-w3r3,90
2026-04-03T20:55:11.876246-07:00,write,key-4,807.487,221,false,leader-w3r3,90
2026-04-03T20:55:11.932911-07:00,write,key-4,805.544,223,false,leader-w3r3,90
2026-04-03T20:55:11.930146-07:00,write,key-4,808.309,222,false,leader-w3r3,90
2026-04-03T20:55:11.975113-07:00,write,key-4,818.899,225,false,leader-w3r3,90
2026-04-03T20:55:11.975031-07:00,write,key-3,819.124,222,false,leader-w3r3,90
2026-04-03T20:55:11.97505-07:00,write,key-9,819.190,204,false,leader-w3r3,90
2026-04-03T20:55:11.975086-07:00,write,key-4,819.198,224,false,leader-w3r3,90
2026-04-03T20:55:12.036532-07:00,write,key-2,812.203,209,false,leader-w3r3,90
2026-04-03T20:55:12.032957-07:00,write,key-5,817.288,197,false,leader-w3r3,90
2026-04-03T20:55:12.033101-07:00,write,key-9,817.178,205,false,leader-w3r3,90
2026-04-03T20:55:12.794018-07:00,read,key-5,56.336,198,false,leader-w3r3,90
2026-04-03T20:55:12.08039-07:00,write,key-5,808.422,198,false,leader-w3r3,90
2026-04-03T20:55:12.132047-07:00,write,key-4,806.290,226,false,leader-w3r3,90
2026-04-03T20:55:12.888819-07:00,read,key-8,55.082,230,false,leader-w3r3,90
2026-04-03T20:55:12.446984-07:00,write,key-2,810.664,210,false,leader-w3r3,90
2026-04-03T20:55:12.539041-07:00,write,key-9,807.209,206,false,leader-w3r3,90
2026-04-03T20:55:12.53896-07:00,write,key-6,807.340,216,false,leader-w3r3,90
2026-04-03T20:55:12.589191-07:00,write,key-8,811.341,228,false,leader-w3r3,90
2026-04-03T20:55:13.3463-07:00,read,key-8,54.298,230,false,leader-w3r3,90
2026-04-03T20:55:12.591941-07:00,write,key-4,809.043,227,false,leader-w3r3,90
2026-04-03T20:55:12.647529-07:00,write,key-8,805.185,229,false,leader-w3r3,90
2026-04-03T20:55:12.647413-07:00,write,key-6,809.737,217,false,leader-w3r3,90
2026-04-03T20:55:12.647134-07:00,write,key-0,810.163,224,false,leader-w3r3,90
2026-04-03T20:55:12.683736-07:00,write,key-7,812.130,229,false,leader-w3r3,90
2026-04-03T20:55:13.457298-07:00,read,key-7,55.929,230,false,leader-w3r3,90
2026-04-03T20:55:12.738551-07:00,write,key-0,810.723,225,false,leader-w3r3,90
2026-04-03T20:55:12.738463-07:00,write,key-8,811.004,230,false,leader-w3r3,90
2026-04-03T20:55:12.794241-07:00,write,key-5,808.299,200,false,leader-w3r3,90
2026-04-03T20:55:12.794156-07:00,write,key-5,808.555,199,false,leader-w3r3,90
2026-04-03T20:55:12.794284-07:00,write,key-2,810.470,211,false,leader-w3r3,90
2026-04-03T20:55:12.850361-07:00,write,key-3,808.532,223,false,leader-w3r3,90
2026-04-03T20:55:12.848738-07:00,write,key-1,810.243,243,false,leader-w3r3,90
2026-04-03T20:55:12.85025-07:00,write,key-5,808.643,201,false,leader-w3r3,90
2026-04-03T20:55:12.850279-07:00,write,key-4,808.830,228,false,leader-w3r3,90
2026-04-03T20:55:12.943909-07:00,write,key-2,810.120,212,false,leader-w3r3,90
2026-04-03T20:55:12.938347-07:00,write,key-7,815.962,230,false,leader-w3r3,90
2026-04-03T20:55:13.257658-07:00,write,key-2,805.109,213,false,leader-w3r3,90
2026-04-03T20:55:13.346259-07:00,write,key-4,818.366,229,false,leader-w3r3,90
2026-04-03T20:55:13.400983-07:00,write,key-0,805.986,226,false,leader-w3r3,90
2026-04-03T20:55:13.400538-07:00,write,key-5,806.557,202,false,leader-w3r3,90
2026-04-03T20:55:13.400604-07:00,write,key-3,806.551,224,false,leader-w3r3,90
2026-04-03T20:55:13.452719-07:00,write,key-0,806.586,227,false,leader-w3r3,90
2026-04-03T20:55:14.206974-07:00,read,key-3,55.057,228,false,leader-w3r3,90
2026-04-03T20:55:13.457153-07:00,write,key-6,805.598,218,false,leader-w3r3,90
2026-04-03T20:55:13.49587-07:00,write,key-3,808.662,225,false,leader-w3r3,90
2026-04-03T20:55:13.513234-07:00,write,key-0,805.426,228,false,leader-w3r3,90
2026-04-03T20:55:13.549286-07:00,write,key-0,820.745,229,false,leader-w3r3,90
2026-04-03T20:55:13.549468-07:00,write,key-3,820.563,226,false,leader-w3r3,90
2026-04-03T20:55:13.602711-07:00,write,key-5,807.047,203,false,leader-w3r3,90
2026-04-03T20:55:13.604756-07:00,write,key-1,805.116,244,false,leader-w3r3,90
2026-04-03T20:55:13.602546-07:00,write,key-2,807.443,214,false,leader-w3r3,90
2026-04-03T20:55:14.40999-07:00,read,key-6,54.639,220,false,leader-w3r3,90
2026-04-03T20:55:13.658981-07:00,write,key-9,805.765,207,false,leader-w3r3,90
2026-04-03T20:55:13.659015-07:00,write,key-3,805.732,227,false,leader-w3r3,90
2026-04-03T20:55:13.658901-07:00,write,key-2,807.051,215,false,leader-w3r3,90
2026-04-03T20:55:13.659109-07:00,write,key-6,810.335,219,false,leader-w3r3,90
2026-04-03T20:55:13.754037-07:00,write,key-1,815.953,245,false,leader-w3r3,90
2026-04-03T20:55:13.754308-07:00,write,key-6,815.765,220,false,leader-w3r3,90
2026-04-03T20:55:14.06277-07:00,write,key-2,808.323,216,false,leader-w3r3,90
2026-04-03T20:55:14.164635-07:00,write,key-0,811.004,230,false,leader-w3r3,90
2026-04-03T20:55:14.207155-07:00,write,key-3,817.551,228,false,leader-w3r3,90
2026-04-03T20:55:14.207096-07:00,write,key-8,817.868,231,false,leader-w3r3,90
2026-04-03T20:55:14.259308-07:00,write,key-0,820.591,231,false,leader-w3r3,90
2026-04-03T20:55:14.262751-07:00,write,key-5,817.203,204,false,leader-w3r3,90
2026-04-03T20:55:14.262038-07:00,write,key-0,818.064,232,false,leader-w3r3,90
2026-04-03T20:55:14.304537-07:00,write,key-9,818.285,208,false,leader-w3r3,90
2026-04-03T20:55:14.318664-07:00,write,key-8,805.887,232,false,leader-w3r3,90
2026-04-03T20:55:15.079955-07:00,read,key-0,52.898,234,false,leader-w3r3,90
2026-04-03T20:55:14.370094-07:00,write,key-7,808.473,231,false,leader-w3r3,90
2026-04-03T20:55:14.370042-07:00,write,key-3,815.017,229,false,leader-w3r3,90
2026-04-03T20:55:14.40976-07:00,write,key-4,813.396,230,false,leader-w3r3,90
2026-04-03T20:55:14.409873-07:00,write,key-9,813.460,209,false,leader-w3r3,90
2026-04-03T20:55:15.178572-07:00,read,key-0,52.366,235,false,leader-w3r3,90
2026-04-03T20:55:14.464747-07:00,write,key-8,817.191,233,false,leader-w3r3,90
2026-04-03T20:55:14.464636-07:00,write,key-5,817.705,205,false,leader-w3r3,90
2026-04-03T20:55:14.464747-07:00,write,key-0,817.658,233,false,leader-w3r3,90
2026-04-03T20:55:14.469444-07:00,write,key-0,813.023,234,false,leader-w3r3,90
2026-04-03T20:55:14.465952-07:00,write,key-7,816.580,232,false,leader-w3r3,90
2026-04-03T20:55:14.569993-07:00,write,key-3,806.474,230,false,leader-w3r3,90
2026-04-03T20:55:14.570073-07:00,write,key-3,809.321,231,false,leader-w3r3,90
2026-04-03T20:55:15.376477-07:00,read,key-4,58.151,231,false,leader-w3r3,90
2026-04-03T20:55:14.871104-07:00,write,key-8,810.976,234,false,leader-w3r3,90
2026-04-03T20:55:14.975648-07:00,write,key-3,809.117,232,false,leader-w3r3,90
2026-04-03T20:55:15.024964-07:00,write,key-2,814.497,217,false,leader-w3r3,90
2026-04-03T20:55:15.024715-07:00,write,key-1,814.932,246,false,leader-w3r3,90
2026-04-03T20:55:15.07991-07:00,write,key-4,810.516,231,false,leader-w3r3,90
2026-04-03T20:55:15.080102-07:00,write,key-0,810.321,235,false,leader-w3r3,90
2026-04-03T20:55:15.133007-07:00,write,key-1,807.912,247,false,leader-w3r3,90
2026-04-03T20:55:15.122831-07:00,write,key-8,818.307,235,false,leader-w3r3,90
2026-04-03T20:55:15.124554-07:00,write,key-3,817.086,233,false,leader-w3r3,90
2026-04-03T20:55:15.18506-07:00,write,key-3,811.250,234,false,leader-w3r3,90
2026-04-03T20:55:15.941138-07:00,read,key-1,55.424,248,false,leader-w3r3,90
2026-04-03T20:55:15.223334-07:00,write,key-2,814.478,218,false,leader-w3r3,90
2026-04-03T20:55:15.223163-07:00,write,key-9,815.334,210,false,leader-w3r3,90
2026-04-03T20:55:15.230944-07:00,write,key-2,810.711,219,false,leader-w3r3,90
2026-04-03T20:55:15.282467-07:00,write,key-2,807.193,220,false,leader-w3r3,90
2026-04-03T20:55:15.282531-07:00,write,key-5,807.233,206,false,leader-w3r3,90
2026-04-03T20:55:15.282343-07:00,write,key-1,807.437,248,false,leader-w3r3,90
2026-04-03T20:55:15.281948-07:00,write,key-0,807.893,236,false,leader-w3r3,90
2026-04-03T20:55:15.282404-07:00,write,key-8,807.439,236,false,leader-w3r3,90
2026-04-03T20:55:15.379396-07:00,write,key-4,805.279,232,false,leader-w3r3,90
2026-04-03T20:55:15.434646-07:00,write,key-8,812.252,237,false,leader-w3r3,90
2026-04-03T20:55:15.68208-07:00,write,key-9,808.489,211,false,leader-w3r3,90
2026-04-03T20:55:15.784775-07:00,write,key-9,804.943,212,false,leader-w3r3,90
2026-04-03T20:55:15.839647-07:00,write,key-2,805.365,221,false,leader-w3r3,90
2026-04-03T20:55:15.839464-07:00,write,key-6,805.548,221,false,leader-w3r3,90
2026-04-03T20:55:15.890434-07:00,write,key-6,804.352,222,false,leader-w3r3,90
2026-04-03T20:55:15.890435-07:00,write,key-2,804.357,222,false,leader-w3r3,90
2026-04-03T20:55:16.645033-07:00,read,key-0,52.675,238,false,leader-w3r3,90
2026-04-03T20:55:15.940924-07:00,write,key-8,806.976,238,false,leader-w3r3,90
2026-04-03T20:55:15.94164-07:00,write,key-0,806.278,237,false,leader-w3r3,90
2026-04-03T20:55:15.996317-07:00,write,key-9,804.448,213,false,leader-w3r3,90
2026-04-03T20:55:15.996568-07:00,write,key-1,804.197,249,false,leader-w3r3,90
2026-04-03T20:55:16.037814-07:00,write,key-4,807.132,233,false,leader-w3r3,90
2026-04-03T20:55:16.041655-07:00,write,key-9,803.346,214,false,leader-w3r3,90
2026-04-03T20:55:16.038496-07:00,write,key-3,806.450,235,false,leader-w3r3,90
2026-04-03T20:55:16.089779-07:00,write,key-0,806.424,238,false,leader-w3r3,90
2026-04-03T20:55:16.08984-07:00,write,key-1,806.426,250,false,leader-w3r3,90
2026-04-03T20:55:16.089843-07:00,write,key-4,806.434,234,false,leader-w3r3,90
2026-04-03T20:55:16.089662-07:00,write,key-3,806.540,236,false,leader-w3r3,90
2026-04-03T20:55:16.089765-07:00,write,key-9,806.563,215,false,leader-w3r3,90
2026-04-03T20:55:16.896305-07:00,read,key-1,52.617,250,false,leader-w3r3,90
2026-04-03T20:55:16.184678-07:00,write,key-2,803.918,223,false,leader-w3r3,90
2026-04-03T20:55:16.246902-07:00,write,key-3,806.218,237,false,leader-w3r3,90
2026-04-03T20:55:16.490581-07:00,write,key-5,805.435,207,false,leader-w3r3,90
2026-04-03T20:55:16.589719-07:00,write,key-2,806.526,224,false,leader-w3r3,90
2026-04-03T20:55:16.645048-07:00,write,key-0,806.250,239,false,leader-w3r3,90
2026-04-03T20:55:16.694788-07:00,write,key-9,807.503,216,false,leader-w3r3,90
2026-04-03T20:55:16.694792-07:00,write,key-8,807.824,239,false,leader-w3r3,90
2026-04-03T20:55:16.697711-07:00,write,key-9,805.001,217,false,leader-w3r3,90
2026-04-03T20:55:16.747901-07:00,write,key-5,805.363,208,false,leader-w3r3,90
2026-04-03T20:55:16.747918-07:00,write,key-4,805.364,235,false,leader-w3r3,90
2026-04-03T20:55:16.800771-07:00,write,key-6,805.302,223,false,leader-w3r3,90
2026-04-03T20:55:16.800826-07:00,write,key-5,805.402,209,false,leader-w3r3,90
2026-04-03T20:55:16.844948-07:00,write,key-7,806.506,233,false,leader-w3r3,90
2026-04-03T20:55:16.845001-07:00,write,key-5,806.506,210,false,leader-w3r3,90
2026-04-03T20:55:16.84501-07:00,write,key-3,810.136,238,false,leader-w3r3,90
2026-04-03T20:55:16.896205-07:00,write,key-2,807.304,225,false,leader-w3r3,90
2026-04-03T20:55:16.896276-07:00,write,key-9,807.450,218,false,leader-w3r3,90
2026-04-03T20:55:16.896266-07:00,write,key-3,807.501,239,false,leader-w3r3,90
2026-04-03T20:55:16.896327-07:00,write,key-4,807.498,236,false,leader-w3r3,90
2026-04-03T20:55:17.65146-07:00,read,key-2,54.240,225,false,leader-w3r3,90
2026-04-03T20:55:16.948929-07:00,write,key-5,806.265,211,false,leader-w3r3,90
2026-04-03T20:55:16.988598-07:00,write,key-3,810.251,240,false,leader-w3r3,90
2026-04-03T20:55:17.755197-07:00,read,key-8,51.459,240,false,leader-w3r3,90
2026-04-03T20:55:17.053123-07:00,write,key-8,805.510,240,false,leader-w3r3,90
2026-04-03T20:55:17.296018-07:00,write,key-6,808.880,224,false,leader-w3r3,90
2026-04-03T20:55:17.396258-07:00,write,key-5,809.567,212,false,leader-w3r3,90
2026-04-03T20:55:17.451303-07:00,write,key-3,816.104,241,false,leader-w3r3,90
2026-04-03T20:55:17.502616-07:00,write,key-4,807.870,237,false,leader-w3r3,90
2026-04-03T20:55:17.502298-07:00,write,key-5,808.188,213,false,leader-w3r3,90
2026-04-03T20:55:17.502712-07:00,write,key-1,807.989,251,false,leader-w3r3,90
2026-04-03T20:55:17.553282-07:00,write,key-4,806.503,238,false,leader-w3r3,90
2026-04-03T20:55:17.55327-07:00,write,key-9,806.524,219,false,leader-w3r3,90
2026-04-03T20:55:17.606229-07:00,write,key-6,805.831,225,false,leader-w3r3,90
2026-04-03T20:55:17.606077-07:00,write,key-3,806.204,242,false,leader-w3r3,90
2026-04-03T20:55:18.359796-07:00,read,key-2,54.521,227,false,leader-w3r3,90
2026-04-03T20:55:18.414339-07:00,read,key-3,56.202,242,false,leader-w3r3,90
2026-04-03T20:55:17.651508-07:00,write,key-2,819.037,226,false,leader-w3r3,90
2026-04-03T20:55:18.412066-07:00,read,key-2,58.487,227,false,leader-w3r3,90
2026-04-03T20:55:17.65515-07:00,write,key-4,815.498,239,false,leader-w3r3,90
2026-04-03T20:55:17.703727-07:00,write,key-0,811.772,240,false,leader-w3r3,90
2026-04-03T20:55:17.703517-07:00,write,key-5,812.092,214,false,leader-w3r3,90
2026-04-03T20:55:17.703768-07:00,write,key-2,811.913,227,false,leader-w3r3,90
2026-04-03T20:55:17.703824-07:00,write,key-0,811.891,241,false,leader-w3r3,90
2026-04-03T20:55:17.705707-07:00,write,key-4,810.055,240,false,leader-w3r3,90
2026-04-03T20:55:18.51576-07:00,read,key-3,52.808,242,false,leader-w3r3,90
2026-04-03T20:55:17.80666-07:00,write,key-9,806.112,220,false,leader-w3r3,90
2026-04-03T20:55:17.798851-07:00,write,key-7,813.921,234,false,leader-w3r3,90
2026-04-03T20:55:18.612834-07:00,read,key-8,54.341,244,false,leader-w3r3,90
2026-04-03T20:55:17.858635-07:00,write,key-6,811.432,226,false,leader-w3r3,90
2026-04-03T20:55:18.104899-07:00,write,key-1,820.310,252,false,leader-w3r3,90
2026-04-03T20:55:18.205836-07:00,write,key-0,816.309,242,false,leader-w3r3,90
2026-04-03T20:55:18.267412-07:00,write,key-8,807.442,241,false,leader-w3r3,90
2026-04-03T20:55:18.310488-07:00,write,key-4,818.073,241,false,leader-w3r3,90
2026-04-03T20:55:18.310701-07:00,write,key-6,817.979,227,false,leader-w3r3,90
2026-04-03T20:55:18.310529-07:00,write,key-7,818.216,235,false,leader-w3r3,90
2026-04-03T20:55:18.359788-07:00,write,key-8,807.301,242,false,leader-w3r3,90
2026-04-03T20:55:18.412282-07:00,write,key-1,814.406,253,false,leader-w3r3,90
2026-04-03T20:55:18.470549-07:00,write,key-6,804.804,228,false,leader-w3r3,90
2026-04-03T20:55:18.470639-07:00,write,key-8,804.741,243,false,leader-w3r3,90
2026-04-03T20:55:18.470676-07:00,write,key-7,810.630,236,false,leader-w3r3,90
2026-04-03T20:55:18.470726-07:00,write,key-4,813.446,242,false,leader-w3r3,90
2026-04-03T20:55:18.515715-07:00,write,key-8,816.302,244,false,leader-w3r3,90
2026-04-03T20:55:18.51561-07:00,write,key-0,817.284,243,false,leader-w3r3,90
2026-04-03T20:55:18.51568-07:00,write,key-2,817.270,228,false,leader-w3r3,90
2026-04-03T20:55:18.515505-07:00,write,key-9,817.494,221,false,leader-w3r3,90
2026-04-03T20:55:19.281309-07:00,read,key-2,53.427,230,false,leader-w3r3,90
2026-04-03T20:55:18.568576-07:00,write,key-4,806.363,243,false,leader-w3r3,90
2026-04-03T20:55:18.612777-07:00,write,key-2,817.878,229,false,leader-w3r3,90
2026-04-03T20:55:18.670069-07:00,write,key-2,807.754,230,false,leader-w3r3,90
2026-04-03T20:55:18.667181-07:00,write,key-9,810.690,222,false,leader-w3r3,90
2026-04-03T20:55:18.925217-07:00,write,key-5,812.033,215,false,leader-w3r3,90
2026-04-03T20:55:19.737252-07:00,read,key-5,61.836,217,false,leader-w3r3,90
2026-04-03T20:55:19.022152-07:00,write,key-1,815.951,254,false,leader-w3r3,90
2026-04-03T20:55:19.074861-07:00,write,key-6,809.518,229,false,leader-w3r3,90
2026-04-03T20:55:19.128569-07:00,write,key-5,810.933,216,false,leader-w3r3,90
2026-04-03T20:55:19.12868-07:00,write,key-7,810.926,237,false,leader-w3r3,90
2026-04-03T20:55:19.884382-07:00,read,key-0,55.280,244,false,leader-w3r3,90
2026-04-03T20:55:19.128745-07:00,write,key-4,810.988,244,false,leader-w3r3,90
2026-04-03T20:55:19.167093-07:00,write,key-8,817.108,245,false,leader-w3r3,90
2026-04-03T20:55:19.226697-07:00,write,key-4,816.340,245,false,leader-w3r3,90
2026-04-03T20:55:19.284173-07:00,write,key-8,826.452,246,false,leader-w3r3,90
2026-04-03T20:55:19.275356-07:00,write,key-4,835.295,246,false,leader-w3r3,90
2026-04-03T20:55:19.275382-07:00,write,key-9,835.375,223,false,leader-w3r3,90
2026-04-03T20:55:19.332999-07:00,write,key-1,808.752,255,false,leader-w3r3,90
2026-04-03T20:55:19.33295-07:00,write,key-2,808.819,231,false,leader-w3r3,90
2026-04-03T20:55:19.33202-07:00,write,key-3,809.768,243,false,leader-w3r3,90
2026-04-03T20:55:19.334743-07:00,write,key-9,807.046,224,false,leader-w3r3,90
2026-04-03T20:55:19.332894-07:00,write,key-5,808.920,217,false,leader-w3r3,90
2026-04-03T20:55:19.374943-07:00,write,key-0,812.630,244,false,leader-w3r3,90
2026-04-03T20:55:19.430659-07:00,write,key-9,818.702,225,false,leader-w3r3,90
2026-04-03T20:55:19.47783-07:00,write,key-9,810.696,226,false,leader-w3r3,90
2026-04-03T20:55:20.249368-07:00,read,key-9,54.196,229,false,leader-w3r3,90
2026-04-03T20:55:19.477872-07:00,write,key-8,830.477,247,false,leader-w3r3,90
2026-04-03T20:55:20.308353-07:00,read,key-4,55.230,249,false,leader-w3r3,90
2026-04-03T20:55:20.363594-07:00,read,key-3,53.596,245,false,leader-w3r3,90
2026-04-03T20:55:20.417205-07:00,read,key-8,55.191,250,false,leader-w3r3,90
2026-04-03T20:55:19.799093-07:00,write,key-7,808.015,238,false,leader-w3r3,90
2026-04-03T20:55:19.838106-07:00,write,key-9,818.121,227,false,leader-w3r3,90
2026-04-03T20:55:19.939665-07:00,write,key-7,816.097,239,false,leader-w3r3,90
2026-04-03T20:55:19.939505-07:00,write,key-0,816.345,245,false,leader-w3r3,90
2026-04-03T20:55:19.939733-07:00,write,key-9,816.030,228,false,leader-w3r3,90
2026-04-03T20:55:19.939606-07:00,write,key-5,816.375,218,false,leader-w3r3,90
2026-04-03T20:55:19.984205-07:00,write,key-8,808.384,248,false,leader-w3r3,90
2026-04-03T20:55:20.755981-07:00,read,key-9,58.306,230,false,leader-w3r3,90
2026-04-03T20:55:20.043044-07:00,write,key-8,822.022,249,false,leader-w3r3,90
2026-04-03T20:55:20.110651-07:00,write,key-4,803.488,247,false,leader-w3r3,90
2026-04-03T20:55:20.110761-07:00,write,key-1,804.108,256,false,leader-w3r3,90
2026-04-03T20:55:20.110627-07:00,write,key-4,804.409,248,false,leader-w3r3,90
2026-04-03T20:55:20.141789-07:00,write,key-5,814.707,219,false,leader-w3r3,90
2026-04-03T20:55:20.141752-07:00,write,key-9,814.927,229,false,leader-w3r3,90
2026-04-03T20:55:20.141788-07:00,write,key-4,815.071,249,false,leader-w3r3,90
2026-04-03T20:55:20.141769-07:00,write,key-3,815.181,244,false,leader-w3r3,90
2026-04-03T20:55:20.141816-07:00,write,key-1,815.235,257,false,leader-w3r3,90
2026-04-03T20:55:20.187578-07:00,write,key-6,809.542,230,false,leader-w3r3,90
2026-04-03T20:55:20.288533-07:00,write,key-8,809.626,250,false,leader-w3r3,90
2026-04-03T20:55:20.303573-07:00,write,key-3,806.140,245,false,leader-w3r3,90
2026-04-03T20:55:20.472409-07:00,write,key-4,808.344,250,false,leader-w3r3,90
2026-04-03T20:55:20.607119-07:00,write,key-8,807.338,251,false,leader-w3r3,90
2026-04-03T20:55:20.656235-07:00,write,key-5,812.301,220,false,leader-w3r3,90
2026-04-03T20:55:20.755851-07:00,write,key-1,812.242,258,false,leader-w3r3,90
2026-04-03T20:55:20.755936-07:00,write,key-5,813.104,221,false,leader-w3r3,90
2026-04-03T20:55:20.755773-07:00,write,key-9,813.382,230,false,leader-w3r3,90
2026-04-03T20:55:20.792595-07:00,write,key-9,813.749,231,false,leader-w3r3,90
2026-04-03T20:55:20.814295-07:00,write,key-0,810.538,246,false,leader-w3r3,90
2026-04-03T20:55:21.568102-07:00,read,key-3,57.053,246,false,leader-w3r3,90
2026-04-03T20:55:20.865073-07:00,write,key-2,809.698,232,false,leader-w3r3,90
2026-04-03T20:55:21.624834-07:00,read,key-0,51.037,247,false,leader-w3r3,90
2026-04-03T20:55:20.915036-07:00,write,key-4,806.387,251,false,leader-w3r3,90
2026-04-03T20:55:20.91487-07:00,write,key-8,806.553,252,false,leader-w3r3,90
2026-04-03T20:55:20.914143-07:00,write,key-2,807.445,233,false,leader-w3r3,90
2026-04-03T20:55:20.956951-07:00,write,key-0,810.894,247,false,leader-w3r3,90
2026-04-03T20:55:20.956679-07:00,write,key-4,811.393,252,false,leader-w3r3,90
2026-04-03T20:55:20.956858-07:00,write,key-9,811.279,232,false,leader-w3r3,90
2026-04-03T20:55:20.956501-07:00,write,key-3,811.728,246,false,leader-w3r3,90
2026-04-03T20:55:20.957051-07:00,write,key-2,811.212,234,false,leader-w3r3,90
2026-04-03T20:55:20.997126-07:00,write,key-6,810.245,231,false,leader-w3r3,90
2026-04-03T20:55:21.098168-07:00,write,key-7,811.129,240,false,leader-w3r3,90
2026-04-03T20:55:21.109716-07:00,write,key-2,804.893,235,false,leader-w3r3,90
2026-04-03T20:55:21.280763-07:00,write,key-9,806.499,233,false,leader-w3r3,90
2026-04-03T20:55:21.414466-07:00,write,key-8,804.301,253,false,leader-w3r3,90
2026-04-03T20:55:21.46854-07:00,write,key-6,816.567,232,false,leader-w3r3,90
2026-04-03T20:55:21.569041-07:00,write,key-6,811.797,233,false,leader-w3r3,90
2026-04-03T20:55:21.569155-07:00,write,key-8,813.573,254,false,leader-w3r3,90
2026-04-03T20:55:21.606346-07:00,write,key-2,808.968,236,false,leader-w3r3,90
2026-04-03T20:55:21.625164-07:00,write,key-2,805.798,237,false,leader-w3r3,90
2026-04-03T20:55:21.675873-07:00,write,key-9,810.799,234,false,leader-w3r3,90
2026-04-03T20:55:21.674775-07:00,write,key-4,811.931,253,false,leader-w3r3,90
2026-04-03T20:55:21.721437-07:00,write,key-2,808.335,238,false,leader-w3r3,90
2026-04-03T20:55:21.721437-07:00,write,key-1,808.954,259,false,leader-w3r3,90
2026-04-03T20:55:21.721589-07:00,write,key-5,808.871,222,false,leader-w3r3,90
2026-04-03T20:55:21.767849-07:00,write,key-2,813.653,239,false,leader-w3r3,90
2026-04-03T20:55:21.768263-07:00,write,key-8,813.376,255,false,leader-w3r3,90
2026-04-03T20:55:21.768138-07:00,write,key-8,813.562,256,false,leader-w3r3,90
2026-04-03T20:55:21.768073-07:00,write,key-5,813.691,223,false,leader-w3r3,90
2026-04-03T20:55:21.76823-07:00,write,key-4,813.594,254,false,leader-w3r3,90
2026-04-03T20:55:22.529774-07:00,read,key-8,61.357,257,false,leader-w3r3,90
2026-04-03T20:55:21.807375-07:00,write,key-9,814.279,235,false,leader-w3r3,90
2026-04-03T20:55:21.914609-07:00,write,key-1,807.022,260,false,leader-w3r3,90
2026-04-03T20:55:21.909308-07:00,write,key-2,812.384,240,false,leader-w3r3,90
2026-04-03T20:55:22.087274-07:00,write,key-0,805.012,248,false,leader-w3r3,90
2026-04-03T20:55:22.21877-07:00,write,key-3,805.803,247,false,leader-w3r3,90
2026-04-03T20:55:22.28511-07:00,write,key-5,806.115,224,false,leader-w3r3,90
2026-04-03T20:55:23.091228-07:00,read,key-0,53.532,250,false,leader-w3r3,90
2026-04-03T20:55:22.380842-07:00,write,key-0,812.519,249,false,leader-w3r3,90
2026-04-03T20:55:22.382728-07:00,write,key-2,810.706,241,false,leader-w3r3,90
2026-04-03T20:55:22.415318-07:00,write,key-7,816.851,241,false,leader-w3r3,90
2026-04-03T20:55:22.430982-07:00,write,key-8,806.166,257,false,leader-w3r3,90
2026-04-03T20:55:22.486675-07:00,write,key-9,809.222,236,false,leader-w3r3,90
2026-04-03T20:55:22.486706-07:00,write,key-2,809.225,242,false,leader-w3r3,90
2026-04-03T20:55:22.53046-07:00,write,key-7,814.649,242,false,leader-w3r3,90
2026-04-03T20:55:22.530391-07:00,write,key-0,814.786,250,false,leader-w3r3,90
2026-04-03T20:55:23.2959-07:00,read,key-9,55.610,241,false,leader-w3r3,90
2026-04-03T20:55:22.581699-07:00,write,key-9,816.281,237,false,leader-w3r3,90
2026-04-03T20:55:22.581638-07:00,write,key-6,816.468,234,false,leader-w3r3,90
2026-04-03T20:55:22.581823-07:00,write,key-5,816.336,225,false,leader-w3r3,90
2026-04-03T20:55:22.581765-07:00,write,key-7,816.459,243,false,leader-w3r3,90
2026-04-03T20:55:22.581504-07:00,write,key-1,816.745,261,false,leader-w3r3,90
2026-04-03T20:55:22.591136-07:00,write,key-2,807.145,243,false,leader-w3r3,90
2026-04-03T20:55:23.351514-07:00,read,key-1,52.085,261,false,leader-w3r3,90
2026-04-03T20:55:22.621657-07:00,write,key-9,813.085,238,false,leader-w3r3,90
2026-04-03T20:55:23.398158-07:00,read,key-4,55.841,254,false,leader-w3r3,90
2026-04-03T20:55:23.403603-07:00,read,key-0,53.950,251,false,leader-w3r3,90
2026-04-03T20:55:22.721633-07:00,write,key-3,817.525,248,false,leader-w3r3,90
2026-04-03T20:55:22.721692-07:00,write,key-9,817.750,239,false,leader-w3r3,90
2026-04-03T20:55:22.892288-07:00,write,key-2,808.262,244,false,leader-w3r3,90
2026-04-03T20:55:23.024576-07:00,write,key-8,820.981,258,false,leader-w3r3,90
2026-04-03T20:55:23.144764-07:00,write,key-0,804.954,251,false,leader-w3r3,90
2026-04-03T20:55:23.949722-07:00,read,key-8,55.779,260,false,leader-w3r3,90
2026-04-03T20:55:23.193363-07:00,write,key-9,813.836,240,false,leader-w3r3,90
2026-04-03T20:55:23.193434-07:00,write,key-9,813.780,241,false,leader-w3r3,90
2026-04-03T20:55:23.232171-07:00,write,key-8,814.366,259,false,leader-w3r3,90
2026-04-03T20:55:23.237149-07:00,write,key-6,809.430,235,false,leader-w3r3,90
2026-04-03T20:55:23.295931-07:00,write,key-7,816.787,244,false,leader-w3r3,90
2026-04-03T20:55:23.345112-07:00,write,key-1,806.573,262,false,leader-w3r3,90
2026-04-03T20:55:23.345177-07:00,write,key-6,806.538,236,false,leader-w3r3,90
2026-04-03T20:55:23.398106-07:00,write,key-8,809.175,260,false,leader-w3r3,90
2026-04-03T20:55:23.397982-07:00,write,key-2,809.328,245,false,leader-w3r3,90
2026-04-03T20:55:23.398249-07:00,write,key-0,809.069,252,false,leader-w3r3,90
2026-04-03T20:55:23.39828-07:00,write,key-2,809.060,246,false,leader-w3r3,90
2026-04-03T20:55:23.398223-07:00,write,key-7,809.123,245,false,leader-w3r3,90
2026-04-03T20:55:23.434743-07:00,write,key-7,820.004,246,false,leader-w3r3,90
2026-04-03T20:55:24.207339-07:00,read,key-4,55.058,256,false,leader-w3r3,90
2026-04-03T20:55:23.454004-07:00,write,key-5,809.234,226,false,leader-w3r3,90
2026-04-03T20:55:23.457557-07:00,write,key-7,805.760,247,false,leader-w3r3,90
2026-04-03T20:55:24.263238-07:00,read,key-3,52.255,249,false,leader-w3r3,90
2026-04-03T20:55:23.539443-07:00,write,key-2,812.075,247,false,leader-w3r3,90
2026-04-03T20:55:23.539168-07:00,write,key-4,812.350,255,false,leader-w3r3,90
2026-04-03T20:55:23.700553-07:00,write,key-7,820.719,248,false,leader-w3r3,90
2026-04-03T20:55:23.845559-07:00,write,key-6,810.872,237,false,leader-w3r3,90
2026-04-03T20:55:24.007213-07:00,write,key-3,813.628,249,false,leader-w3r3,90
2026-04-03T20:55:24.005506-07:00,write,key-5,815.461,227,false,leader-w3r3,90
2026-04-03T20:55:24.0072-07:00,write,key-8,813.640,261,false,leader-w3r3,90
2026-04-03T20:55:24.046579-07:00,write,key-0,815.870,253,false,leader-w3r3,90
2026-04-03T20:55:24.04654-07:00,write,key-9,816.078,242,false,leader-w3r3,90
2026-04-03T20:55:24.112722-07:00,write,key-7,815.346,249,false,leader-w3r3,90
2026-04-03T20:55:24.151716-07:00,write,key-1,812.344,263,false,leader-w3r3,90
2026-04-03T20:55:24.151688-07:00,write,key-9,812.430,243,false,leader-w3r3,90
2026-04-03T20:55:24.964063-07:00,read,key-0,54.748,255,false,leader-w3r3,90
2026-04-03T20:55:24.207282-07:00,write,key-8,816.826,262,false,leader-w3r3,90
2026-04-03T20:55:24.207312-07:00,write,key-4,816.809,256,false,leader-w3r3,90
2026-04-03T20:55:24.207318-07:00,write,key-1,817.087,264,false,leader-w3r3,90
2026-04-03T20:55:24.207346-07:00,write,key-8,817.070,263,false,leader-w3r3,90
2026-04-03T20:55:24.263317-07:00,write,key-9,807.997,244,false,leader-w3r3,90
2026-04-03T20:55:24.262402-07:00,write,key-4,809.035,257,false,leader-w3r3,90
2026-04-03T20:55:24.254752-07:00,write,key-7,816.742,250,false,leader-w3r3,90
2026-04-03T20:55:24.315498-07:00,write,key-0,810.224,254,false,leader-w3r3,90
2026-04-03T20:55:24.351521-07:00,write,key-8,814.519,264,false,leader-w3r3,90
2026-04-03T20:55:24.351554-07:00,write,key-3,814.638,250,false,leader-w3r3,90
2026-04-03T20:55:24.521279-07:00,write,key-2,811.068,248,false,leader-w3r3,90
2026-04-03T20:55:24.656441-07:00,write,key-1,820.958,265,false,leader-w3r3,90
2026-04-03T20:55:24.821004-07:00,write,key-7,810.746,251,false,leader-w3r3,90
2026-04-03T20:55:24.820967-07:00,write,key-0,810.858,255,false,leader-w3r3,90
2026-04-03T20:55:24.82085-07:00,write,key-9,810.900,245,false,leader-w3r3,90
2026-04-03T20:55:24.862619-07:00,write,key-1,816.996,266,false,leader-w3r3,90
2026-04-03T20:55:24.862454-07:00,write,key-5,817.163,228,false,leader-w3r3,90
2026-04-03T20:55:24.928074-07:00,write,key-0,808.318,256,false,leader-w3r3,90
2026-04-03T20:55:24.964119-07:00,write,key-5,809.127,229,false,leader-w3r3,90
2026-04-03T20:55:25.024405-07:00,write,key-1,808.285,268,false,leader-w3r3,90
2026-04-03T20:55:25.024415-07:00,write,key-8,808.525,266,false,leader-w3r3,90
2026-04-03T20:55:25.773254-07:00,read,key-2,59.865,250,false,leader-w3r3,90
2026-04-03T20:55:25.024121-07:00,write,key-1,810.152,267,false,leader-w3r3,90
2026-04-03T20:55:25.02411-07:00,write,key-0,810.322,257,false,leader-w3r3,90
2026-04-03T20:55:25.018827-07:00,write,key-8,815.718,265,false,leader-w3r3,90
2026-04-03T20:55:25.071316-07:00,write,key-5,809.451,230,false,leader-w3r3,90
2026-04-03T20:55:25.071493-07:00,write,key-0,809.432,258,false,leader-w3r3,90
2026-04-03T20:55:25.071437-07:00,write,key-3,809.331,251,false,leader-w3r3,90
2026-04-03T20:55:25.125726-07:00,write,key-0,815.036,259,false,leader-w3r3,90
2026-04-03T20:55:25.166192-07:00,write,key-8,807.663,267,false,leader-w3r3,90
2026-04-03T20:55:25.166043-07:00,write,key-5,807.845,231,false,leader-w3r3,90
2026-04-03T20:55:25.332353-07:00,write,key-9,814.404,246,false,leader-w3r3,90
2026-04-03T20:55:25.477408-07:00,write,key-2,805.023,249,false,leader-w3r3,90
2026-04-03T20:55:25.631758-07:00,write,key-1,816.263,269,false,leader-w3r3,90
2026-04-03T20:55:25.631907-07:00,write,key-6,818.578,238,false,leader-w3r3,90
2026-04-03T20:55:25.631826-07:00,write,key-7,818.821,252,false,leader-w3r3,90
2026-04-03T20:55:25.679643-07:00,write,key-0,806.746,260,false,leader-w3r3,90
2026-04-03T20:55:25.679618-07:00,write,key-2,806.872,250,false,leader-w3r3,90
2026-04-03T20:55:26.450647-07:00,read,key-5,54.148,231,false,leader-w3r3,90
2026-04-03T20:55:25.736401-07:00,write,key-3,816.819,252,false,leader-w3r3,90
2026-04-03T20:55:25.834545-07:00,write,key-1,816.624,270,false,leader-w3r3,90
2026-04-03T20:55:25.83294-07:00,write,key-3,819.780,253,false,leader-w3r3,90
2026-04-03T20:55:25.832702-07:00,write,key-7,820.310,253,false,leader-w3r3,90
2026-04-03T20:55:25.834274-07:00,write,key-2,818.837,251,false,leader-w3r3,90
2026-04-03T20:55:25.834431-07:00,write,key-4,819.040,258,false,leader-w3r3,90
2026-04-03T20:55:25.833125-07:00,write,key-6,820.409,239,false,leader-w3r3,90
2026-04-03T20:55:25.880938-07:00,write,key-3,805.308,254,false,leader-w3r3,90
2026-04-03T20:55:25.88078-07:00,write,key-6,805.467,240,false,leader-w3r3,90
2026-04-03T20:55:25.880926-07:00,write,key-4,809.704,259,false,leader-w3r3,90
2026-04-03T20:55:26.65118-07:00,read,key-5,58.703,231,false,leader-w3r3,90
2026-04-03T20:55:26.690629-07:00,read,key-8,54.205,269,false,leader-w3r3,90
2026-04-03T20:55:25.940775-07:00,write,key-6,812.769,241,false,leader-w3r3,90
2026-04-03T20:55:25.973864-07:00,write,key-7,814.928,254,false,leader-w3r3,90
2026-04-03T20:55:25.97389-07:00,write,key-8,814.929,268,false,leader-w3r3,90
2026-04-03T20:55:26.146765-07:00,write,key-4,806.899,260,false,leader-w3r3,90
2026-04-03T20:55:26.282441-07:00,write,key-8,812.278,269,false,leader-w3r3,90
2026-04-03T20:55:27.09473-07:00,read,key-1,60.352,272,false,leader-w3r3,90
2026-04-03T20:55:26.450488-07:00,write,key-4,813.532,261,false,leader-w3r3,90
2026-04-03T20:55:26.448029-07:00,write,key-2,816.247,252,false,leader-w3r3,90
2026-04-03T20:55:26.48649-07:00,write,key-2,811.298,253,false,leader-w3r3,90
2026-04-03T20:55:26.486392-07:00,write,key-3,811.563,255,false,leader-w3r3,90
2026-04-03T20:55:26.504804-07:00,write,key-2,804.478,254,false,leader-w3r3,90
2026-04-03T20:55:26.553227-07:00,write,key-2,804.376,255,false,leader-w3r3,90
2026-04-03T20:55:26.653012-07:00,write,key-9,812.169,247,false,leader-w3r3,90
2026-04-03T20:55:26.653471-07:00,write,key-6,811.773,243,false,leader-w3r3,90
2026-04-03T20:55:26.652721-07:00,write,key-6,812.711,242,false,leader-w3r3,90
2026-04-03T20:55:26.653112-07:00,write,key-2,812.332,256,false,leader-w3r3,90
2026-04-03T20:55:26.653534-07:00,write,key-3,811.987,256,false,leader-w3r3,90
2026-04-03T20:55:26.686262-07:00,write,key-4,810.891,262,false,leader-w3r3,90
2026-04-03T20:55:26.686303-07:00,write,key-1,810.851,271,false,leader-w3r3,90
2026-04-03T20:55:26.709892-07:00,write,key-1,806.417,272,false,leader-w3r3,90
2026-04-03T20:55:26.753548-07:00,write,key-8,810.765,270,false,leader-w3r3,90
2026-04-03T20:55:26.744841-07:00,write,key-2,819.476,257,false,leader-w3r3,90
2026-04-03T20:55:26.78882-07:00,write,key-8,805.944,271,false,leader-w3r3,90
2026-04-03T20:55:26.788797-07:00,write,key-9,805.975,248,false,leader-w3r3,90
2026-04-03T20:55:27.594773-07:00,read,key-6,57.696,248,false,leader-w3r3,90
2026-04-03T20:55:26.953672-07:00,write,key-6,810.660,244,false,leader-w3r3,90
2026-04-03T20:55:27.155139-07:00,write,key-9,808.570,249,false,leader-w3r3,90
2026-04-03T20:55:27.963719-07:00,read,key-0,52.380,262,false,leader-w3r3,90
2026-04-03T20:55:27.264276-07:00,write,key-0,806.732,261,false,leader-w3r3,90
2026-04-03T20:55:27.26403-07:00,write,key-6,807.049,245,false,leader-w3r3,90
2026-04-03T20:55:27.297956-07:00,write,key-1,808.957,273,false,leader-w3r3,90
2026-04-03T20:55:27.297793-07:00,write,key-2,809.284,258,false,leader-w3r3,90
2026-04-03T20:55:27.309285-07:00,write,key-2,805.324,259,false,leader-w3r3,90
2026-04-03T20:55:27.357606-07:00,write,key-8,809.095,272,false,leader-w3r3,90
2026-04-03T20:55:27.465521-07:00,write,key-5,803.515,232,false,leader-w3r3,90
2026-04-03T20:55:27.465431-07:00,write,key-7,803.612,255,false,leader-w3r3,90
2026-04-03T20:55:27.465244-07:00,write,key-9,803.806,250,false,leader-w3r3,90
2026-04-03T20:55:27.465188-07:00,write,key-2,803.868,260,false,leader-w3r3,90
2026-04-03T20:55:27.465445-07:00,write,key-6,803.652,246,false,leader-w3r3,90
2026-04-03T20:55:27.497177-07:00,write,key-6,810.590,247,false,leader-w3r3,90
2026-04-03T20:55:27.497157-07:00,write,key-1,810.621,274,false,leader-w3r3,90
2026-04-03T20:55:27.516311-07:00,write,key-6,804.217,248,false,leader-w3r3,90
2026-04-03T20:55:27.564466-07:00,write,key-0,806.554,262,false,leader-w3r3,90
2026-04-03T20:55:27.56432-07:00,write,key-6,806.785,249,false,leader-w3r3,90
2026-04-03T20:55:27.594767-07:00,write,key-6,807.885,250,false,leader-w3r3,90
2026-04-03T20:55:28.371106-07:00,read,key-0,54.801,265,false,leader-w3r3,90
2026-04-03T20:55:27.652482-07:00,write,key-8,820.312,273,false,leader-w3r3,90
2026-04-03T20:55:27.764341-07:00,write,key-1,808.143,275,false,leader-w3r3,90
2026-04-03T20:55:28.016107-07:00,write,key-3,806.377,257,false,leader-w3r3,90
2026-04-03T20:55:28.071079-07:00,write,key-4,811.374,263,false,leader-w3r3,90
2026-04-03T20:55:28.07101-07:00,write,key-7,811.664,256,false,leader-w3r3,90
2026-04-03T20:55:28.106916-07:00,write,key-8,810.606,274,false,leader-w3r3,90
2026-04-03T20:55:28.107077-07:00,write,key-0,811.107,263,false,leader-w3r3,90
2026-04-03T20:55:28.11461-07:00,write,key-7,805.344,257,false,leader-w3r3,90
2026-04-03T20:55:28.166705-07:00,write,key-7,805.844,258,false,leader-w3r3,90
2026-04-03T20:55:28.917525-07:00,read,key-1,55.158,275,false,leader-w3r3,90
2026-04-03T20:55:28.269037-07:00,write,key-7,812.968,259,false,leader-w3r3,90
2026-04-03T20:55:28.26905-07:00,write,key-0,813.027,264,false,leader-w3r3,90
2026-04-03T20:55:28.269042-07:00,write,key-4,813.174,264,false,leader-w3r3,90
2026-04-03T20:55:28.269055-07:00,write,key-9,813.208,251,false,leader-w3r3,90
2026-04-03T20:55:28.269099-07:00,write,key-9,813.182,252,false,leader-w3r3,90
2026-04-03T20:55:28.307779-07:00,write,key-7,814.095,260,false,leader-w3r3,90
2026-04-03T20:55:28.320531-07:00,write,key-3,803.579,258,false,leader-w3r3,90
2026-04-03T20:55:28.307771-07:00,write,key-7,816.407,261,false,leader-w3r3,90
2026-04-03T20:55:29.124179-07:00,read,key-0,55.372,266,false,leader-w3r3,90
2026-04-03T20:55:29.124113-07:00,read,key-4,55.469,264,false,leader-w3r3,90
2026-04-03T20:55:28.371026-07:00,write,key-0,809.676,265,false,leader-w3r3,90
2026-04-03T20:55:28.402656-07:00,write,key-8,816.685,275,false,leader-w3r3,90
2026-04-03T20:55:28.425916-07:00,write,key-0,805.016,266,false,leader-w3r3,90
2026-04-03T20:55:29.179559-07:00,read,key-3,53.612,258,false,leader-w3r3,90
2026-04-03T20:55:28.4728-07:00,write,key-9,809.480,253,false,leader-w3r3,90
2026-04-03T20:55:28.572772-07:00,write,key-5,812.903,233,false,leader-w3r3,90
2026-04-03T20:55:28.822496-07:00,write,key-5,803.269,234,false,leader-w3r3,90
2026-04-03T20:55:28.882458-07:00,write,key-9,811.018,254,false,leader-w3r3,90
2026-04-03T20:55:28.882674-07:00,write,key-8,810.820,276,false,leader-w3r3,90
2026-04-03T20:55:28.919956-07:00,write,key-8,811.884,278,false,leader-w3r3,90
2026-04-03T20:55:28.918185-07:00,write,key-8,813.849,277,false,leader-w3r3,90
2026-04-03T20:55:28.972556-07:00,write,key-5,821.063,236,false,leader-w3r3,90
2026-04-03T20:55:28.972691-07:00,write,key-5,821.179,235,false,leader-w3r3,90
2026-04-03T20:55:29.793871-07:00,read,key-0,55.487,268,false,leader-w3r3,90
2026-04-03T20:55:29.082078-07:00,write,key-9,817.517,255,false,leader-w3r3,90
2026-04-03T20:55:29.082013-07:00,write,key-1,817.822,276,false,leader-w3r3,90
2026-04-03T20:55:29.082215-07:00,write,key-4,817.734,265,false,leader-w3r3,90
2026-04-03T20:55:29.082281-07:00,write,key-9,817.852,256,false,leader-w3r3,90
2026-04-03T20:55:29.082264-07:00,write,key-7,818.073,262,false,leader-w3r3,90
2026-04-03T20:55:29.121878-07:00,write,key-7,808.911,263,false,leader-w3r3,90
2026-04-03T20:55:29.899949-07:00,read,key-8,56.570,280,false,leader-w3r3,90
2026-04-03T20:55:29.899836-07:00,read,key-0,56.682,268,false,leader-w3r3,90
2026-04-03T20:55:29.180704-07:00,write,key-4,815.228,267,false,leader-w3r3,90
2026-04-03T20:55:29.179586-07:00,write,key-4,818.475,266,false,leader-w3r3,90
2026-04-03T20:55:29.219349-07:00,write,key-0,810.754,267,false,leader-w3r3,90
2026-04-03T20:55:29.230935-07:00,write,key-9,804.895,257,false,leader-w3r3,90
2026-04-03T20:55:29.233177-07:00,write,key-1,805.575,277,false,leader-w3r3,90
2026-04-03T20:55:30.030108-07:00,read,key-5,55.595,236,false,leader-w3r3,90
2026-04-03T20:55:29.282284-07:00,write,key-1,819.689,278,false,leader-w3r3,90
2026-04-03T20:55:29.385685-07:00,write,key-1,809.909,279,false,leader-w3r3,90
2026-04-03T20:55:29.625777-07:00,write,key-8,805.986,279,false,leader-w3r3,90
2026-04-03T20:55:29.693494-07:00,write,key-4,807.295,268,false,leader-w3r3,90
2026-04-03T20:55:29.693479-07:00,write,key-8,807.327,280,false,leader-w3r3,90
2026-04-03T20:55:29.732034-07:00,write,key-0,805.540,268,false,leader-w3r3,90
2026-04-03T20:55:29.731846-07:00,write,key-1,805.842,280,false,leader-w3r3,90
2026-04-03T20:55:29.793629-07:00,write,key-6,807.824,251,false,leader-w3r3,90
2026-04-03T20:55:29.84937-07:00,write,key-1,808.555,281,false,leader-w3r3,90
2026-04-03T20:55:29.899603-07:00,write,key-8,808.725,281,false,leader-w3r3,90
2026-04-03T20:55:29.900337-07:00,write,key-2,808.001,261,false,leader-w3r3,90
2026-04-03T20:55:29.900133-07:00,write,key-8,808.390,282,false,leader-w3r3,90
2026-04-03T20:55:29.930794-07:00,write,key-5,807.963,237,false,leader-w3r3,90
2026-04-03T20:55:29.956527-07:00,write,key-3,806.247,259,false,leader-w3r3,90
2026-04-03T20:55:29.956528-07:00,write,key-2,811.846,262,false,leader-w3r3,90
2026-04-03T20:55:29.995936-07:00,write,key-5,809.162,238,false,leader-w3r3,90
2026-04-03T20:55:29.998062-07:00,write,key-5,807.196,239,false,leader-w3r3,90
2026-04-03T20:55:30.035833-07:00,write,key-3,804.707,260,false,leader-w3r3,90
2026-04-03T20:55:30.038753-07:00,write,key-3,803.306,261,false,leader-w3r3,90
2026-04-03T20:55:30.085714-07:00,write,key-6,811.048,252,false,leader-w3r3,90
2026-04-03T20:55:30.101978-07:00,write,key-3,804.503,262,false,leader-w3r3,90
2026-04-03T20:55:30.195597-07:00,write,key-0,807.631,269,false,leader-w3r3,90
2026-04-03T20:55:30.431767-07:00,write,key-5,809.049,240,false,leader-w3r3,90
2026-04-03T20:55:30.500808-07:00,write,key-0,812.345,270,false,leader-w3r3,90
2026-04-03T20:55:30.500795-07:00,write,key-8,814.270,283,false,leader-w3r3,90
2026-04-03T20:55:30.537688-07:00,write,key-7,811.212,264,false,leader-w3r3,90
2026-04-03T20:55:30.537577-07:00,write,key-1,811.494,282,false,leader-w3r3,90
2026-04-03T20:55:31.349072-07:00,read,key-0,57.849,271,false,leader-w3r3,90
2026-04-03T20:55:30.601457-07:00,write,key-3,805.470,263,false,leader-w3r3,90
2026-04-03T20:55:30.657936-07:00,write,key-8,806.336,284,false,leader-w3r3,90
2026-04-03T20:55:30.708338-07:00,write,key-9,805.353,259,false,leader-w3r3,90
2026-04-03T20:55:30.708522-07:00,write,key-9,806.647,260,false,leader-w3r3,90
2026-04-03T20:55:30.708335-07:00,write,key-9,806.964,258,false,leader-w3r3,90
2026-04-03T20:55:30.738763-07:00,write,key-5,807.986,241,false,leader-w3r3,90
2026-04-03T20:55:30.762781-07:00,write,key-9,805.551,261,false,leader-w3r3,90
2026-04-03T20:55:30.768375-07:00,write,key-2,802.723,263,false,leader-w3r3,90
2026-04-03T20:55:30.805259-07:00,write,key-4,807.624,269,false,leader-w3r3,90
2026-04-03T20:55:30.805102-07:00,write,key-2,807.780,264,false,leader-w3r3,90
2026-04-03T20:55:30.84206-07:00,write,key-3,805.648,264,false,leader-w3r3,90
2026-04-03T20:55:30.840545-07:00,write,key-1,807.169,283,false,leader-w3r3,90
2026-04-03T20:55:30.896771-07:00,write,key-3,811.267,265,false,leader-w3r3,90
2026-04-03T20:55:30.906485-07:00,write,key-7,805.266,265,false,leader-w3r3,90
2026-04-03T20:55:31.003239-07:00,write,key-2,809.125,265,false,leader-w3r3,90
2026-04-03T20:55:31.240824-07:00,write,key-6,814.659,253,false,leader-w3r3,90
2026-04-03T20:55:31.313165-07:00,write,key-7,808.312,266,false,leader-w3r3,90
2026-04-03T20:55:31.315067-07:00,write,key-0,806.682,271,false,leader-w3r3,90
2026-04-03T20:55:31.348904-07:00,write,key-8,811.955,285,false,leader-w3r3,90
2026-04-03T20:55:31.407035-07:00,write,key-9,817.264,262,false,leader-w3r3,90
2026-04-03T20:55:31.406936-07:00,write,key-0,817.365,272,false,leader-w3r3,90
2026-04-03T20:55:31.464279-07:00,write,key-5,809.119,242,false,leader-w3r3,90
2026-04-03T20:55:31.515171-07:00,write,key-4,807.567,270,false,leader-w3r3,90
2026-04-03T20:55:31.515299-07:00,write,key-2,807.528,266,false,leader-w3r3,90
2026-04-03T20:55:31.513697-07:00,write,key-8,809.153,286,false,leader-w3r3,90
2026-04-03T20:55:31.546755-07:00,write,key-8,816.297,287,false,leader-w3r3,90
2026-04-03T20:55:32.322827-07:00,read,key-5,68.261,245,false,leader-w3r3,90
2026-04-03T20:55:31.568335-07:00,write,key-5,822.865,243,false,leader-w3r3,90
2026-04-03T20:55:31.5711-07:00,write,key-0,820.161,273,false,leader-w3r3,90
2026-04-03T20:55:31.612919-07:00,write,key-8,810.897,288,false,leader-w3r3,90
2026-04-03T20:55:31.61289-07:00,write,key-0,810.967,274,false,leader-w3r3,90
2026-04-03T20:55:32.391092-07:00,read,key-8,53.377,288,false,leader-w3r3,90
2026-04-03T20:55:31.647713-07:00,write,key-0,811.601,275,false,leader-w3r3,90
2026-04-03T20:55:31.647716-07:00,write,key-5,811.629,244,false,leader-w3r3,90
2026-04-03T20:55:32.423816-07:00,read,key-6,54.212,254,false,leader-w3r3,90
2026-04-03T20:55:31.71175-07:00,write,key-2,817.487,267,false,leader-w3r3,90
2026-04-03T20:55:31.708041-07:00,write,key-1,821.197,284,false,leader-w3r3,90
2026-04-03T20:55:31.812373-07:00,write,key-5,812.104,245,false,leader-w3r3,90
2026-04-03T20:55:32.055494-07:00,write,key-0,811.287,276,false,leader-w3r3,90
2026-04-03T20:55:32.121484-07:00,write,key-7,810.025,267,false,leader-w3r3,90
2026-04-03T20:55:32.121751-07:00,write,key-0,809.997,277,false,leader-w3r3,90
2026-04-03T20:55:32.160863-07:00,write,key-4,811.094,271,false,leader-w3r3,90
2026-04-03T20:55:32.224348-07:00,write,key-4,810.605,272,false,leader-w3r3,90
2026-04-03T20:55:32.224307-07:00,write,key-5,811.394,246,false,leader-w3r3,90
2026-04-03T20:55:32.273403-07:00,write,key-6,805.240,254,false,leader-w3r3,90
2026-04-03T20:55:33.035702-07:00,read,key-7,54.254,268,false,leader-w3r3,90
2026-04-03T20:55:32.32285-07:00,write,key-7,810.168,268,false,leader-w3r3,90
2026-04-03T20:55:32.322738-07:00,write,key-1,810.321,285,false,leader-w3r3,90
2026-04-03T20:55:32.363055-07:00,write,key-1,809.450,286,false,leader-w3r3,90
2026-04-03T20:55:33.133025-07:00,read,key-0,54.577,279,false,leader-w3r3,90
2026-04-03T20:55:32.3912-07:00,write,key-4,804.896,273,false,leader-w3r3,90
2026-04-03T20:55:32.39126-07:00,write,key-5,805.033,247,false,leader-w3r3,90
2026-04-03T20:55:32.423857-07:00,write,key-2,811.922,268,false,leader-w3r3,90
2026-04-03T20:55:33.187608-07:00,read,key-3,53.199,266,false,leader-w3r3,90
2026-04-03T20:55:33.196101-07:00,read,key-7,54.321,268,false,leader-w3r3,90
2026-04-03T20:55:32.444474-07:00,write,key-0,808.731,278,false,leader-w3r3,90
2026-04-03T20:55:32.459346-07:00,write,key-4,812.498,275,false,leader-w3r3,90
2026-04-03T20:55:32.459316-07:00,write,key-4,812.590,274,false,leader-w3r3,90
2026-04-03T20:55:32.478032-07:00,write,key-1,816.520,287,false,leader-w3r3,90
2026-04-03T20:55:33.271907-07:00,read,key-3,54.446,266,false,leader-w3r3,90
2026-04-03T20:55:32.529247-07:00,write,key-4,805.039,276,false,leader-w3r3,90
2026-04-03T20:55:32.529285-07:00,write,key-1,805.124,288,false,leader-w3r3,90
2026-04-03T20:55:32.62448-07:00,write,key-3,811.704,266,false,leader-w3r3,90
2026-04-03T20:55:32.866787-07:00,write,key-9,811.879,263,false,leader-w3r3,90
2026-04-03T20:55:32.931516-07:00,write,key-8,809.949,289,false,leader-w3r3,90
2026-04-03T20:55:32.931748-07:00,write,key-2,809.787,269,false,leader-w3r3,90
2026-04-03T20:55:32.971963-07:00,write,key-2,805.131,270,false,leader-w3r3,90
2026-04-03T20:55:33.034957-07:00,write,key-9,806.171,264,false,leader-w3r3,90
2026-04-03T20:55:33.078648-07:00,write,key-2,805.762,271,false,leader-w3r3,90
2026-04-03T20:55:33.089964-07:00,write,key-2,812.397,272,false,leader-w3r3,90
2026-04-03T20:55:33.133059-07:00,write,key-9,808.386,265,false,leader-w3r3,90
2026-04-03T20:55:33.172509-07:00,write,key-0,805.520,279,false,leader-w3r3,90
2026-04-03T20:55:33.196294-07:00,write,key-1,806.877,289,false,leader-w3r3,90
2026-04-03T20:55:33.235782-07:00,write,key-9,806.836,266,false,leader-w3r3,90
2026-04-03T20:55:33.240814-07:00,write,key-2,804.668,273,false,leader-w3r3,90
2026-04-03T20:55:33.253206-07:00,write,key-0,802.395,280,false,leader-w3r3,90
2026-04-03T20:55:33.250427-07:00,write,key-2,805.190,274,false,leader-w3r3,90
2026-04-03T20:55:33.271847-07:00,write,key-2,808.387,275,false,leader-w3r3,90
2026-04-03T20:55:33.294555-07:00,write,key-4,810.386,277,false,leader-w3r3,90
2026-04-03T20:55:33.334409-07:00,write,key-1,810.957,290,false,leader-w3r3,90
2026-04-03T20:55:33.32636-07:00,write,key-7,819.131,269,false,leader-w3r3,90
2026-04-03T20:55:33.334288-07:00,write,key-9,811.398,267,false,leader-w3r3,90
2026-04-03T20:55:34.145373-07:00,read,key-3,52.636,268,false,leader-w3r3,90
2026-04-03T20:55:33.436191-07:00,write,key-5,813.593,248,false,leader-w3r3,90
2026-04-03T20:55:34.249789-07:00,read,key-0,54.676,283,false,leader-w3r3,90
2026-04-03T20:55:34.304474-07:00,read,key-4,53.729,278,false,leader-w3r3,90
2026-04-03T20:55:33.678669-07:00,write,key-0,805.236,281,false,leader-w3r3,90
2026-04-03T20:55:33.741535-07:00,write,key-8,813.069,290,false,leader-w3r3,90
2026-04-03T20:55:33.741468-07:00,write,key-3,813.184,267,false,leader-w3r3,90
2026-04-03T20:55:33.777099-07:00,write,key-7,809.088,270,false,leader-w3r3,90
2026-04-03T20:55:34.554611-07:00,read,key-0,53.947,283,false,leader-w3r3,90
2026-04-03T20:55:33.841134-07:00,write,key-6,811.703,255,false,leader-w3r3,90
2026-04-03T20:55:33.884414-07:00,write,key-5,804.764,249,false,leader-w3r3,90
2026-04-03T20:55:33.902364-07:00,write,key-2,804.042,276,false,leader-w3r3,90
2026-04-03T20:55:33.941451-07:00,write,key-5,813.276,250,false,leader-w3r3,90
2026-04-03T20:55:33.978033-07:00,write,key-7,812.268,271,false,leader-w3r3,90
2026-04-03T20:55:34.003178-07:00,write,key-8,805.727,291,false,leader-w3r3,90
2026-04-03T20:55:34.042622-07:00,write,key-0,812.998,282,false,leader-w3r3,90
2026-04-03T20:55:34.045484-07:00,write,key-8,810.340,292,false,leader-w3r3,90
2026-04-03T20:55:34.055617-07:00,write,key-3,803.911,268,false,leader-w3r3,90
2026-04-03T20:55:34.055604-07:00,write,key-2,804.060,277,false,leader-w3r3,90
2026-04-03T20:55:34.080238-07:00,write,key-0,808.035,283,false,leader-w3r3,90
2026-04-03T20:55:34.855622-07:00,read,key-5,57.173,252,false,leader-w3r3,90
2026-04-03T20:55:34.859663-07:00,read,key-7,53.145,276,false,leader-w3r3,90
2026-04-03T20:55:34.104946-07:00,write,key-4,809.598,278,false,leader-w3r3,90
2026-04-03T20:55:34.145686-07:00,write,key-7,813.778,273,false,leader-w3r3,90
2026-04-03T20:55:34.145491-07:00,write,key-7,814.949,272,false,leader-w3r3,90
2026-04-03T20:55:34.198017-07:00,write,key-5,804.113,251,false,leader-w3r3,90
2026-04-03T20:55:34.959473-07:00,read,key-2,55.070,279,false,leader-w3r3,90
2026-04-03T20:55:35.014551-07:00,read,key-9,54.358,267,false,leader-w3r3,90
2026-04-03T20:55:34.358207-07:00,write,key-3,803.461,269,false,leader-w3r3,90
2026-04-03T20:55:34.483911-07:00,write,key-5,808.593,252,false,leader-w3r3,90
2026-04-03T20:55:34.554652-07:00,write,key-6,806.815,256,false,leader-w3r3,90
2026-04-03T20:55:34.586191-07:00,write,key-7,811.320,274,false,leader-w3r3,90
2026-04-03T20:55:34.608566-07:00,write,key-4,806.892,279,false,leader-w3r3,90
2026-04-03T20:55:34.652845-07:00,write,key-2,815.550,278,false,leader-w3r3,90
2026-04-03T20:55:35.415461-07:00,read,key-0,53.808,287,false,leader-w3r3,90
2026-04-03T20:55:34.68919-07:00,write,key-7,805.995,275,false,leader-w3r3,90
2026-04-03T20:55:34.706412-07:00,write,key-7,805.333,276,false,leader-w3r3,90
2026-04-03T20:55:34.754733-07:00,write,key-0,807.802,284,false,leader-w3r3,90
2026-04-03T20:55:34.790306-07:00,write,key-0,806.763,285,false,leader-w3r3,90
2026-04-03T20:55:34.808909-07:00,write,key-3,807.125,270,false,leader-w3r3,90
2026-04-03T20:55:34.855825-07:00,write,key-5,816.656,253,false,leader-w3r3,90
2026-04-03T20:55:34.85953-07:00,write,key-2,813.178,279,false,leader-w3r3,90
2026-04-03T20:55:34.888277-07:00,write,key-8,809.296,293,false,leader-w3r3,90
2026-04-03T20:55:34.912804-07:00,write,key-5,804.600,254,false,leader-w3r3,90
2026-04-03T20:55:34.912812-07:00,write,key-6,806.070,257,false,leader-w3r3,90
2026-04-03T20:55:35.672483-07:00,read,key-3,52.637,271,false,leader-w3r3,90
2026-04-03T20:55:34.914545-07:00,write,key-8,810.633,294,false,leader-w3r3,90
2026-04-03T20:55:34.960441-07:00,write,key-3,806.678,271,false,leader-w3r3,90
2026-04-03T20:55:35.718883-07:00,read,key-1,52.566,292,false,leader-w3r3,90
2026-04-03T20:55:35.002135-07:00,write,key-4,804.355,280,false,leader-w3r3,90
2026-04-03T20:55:35.068918-07:00,write,key-2,812.138,280,false,leader-w3r3,90
2026-04-03T20:55:35.161676-07:00,write,key-0,808.829,286,false,leader-w3r3,90
2026-04-03T20:55:35.292515-07:00,write,key-0,811.717,287,false,leader-w3r3,90
2026-04-03T20:55:35.361474-07:00,write,key-2,814.181,281,false,leader-w3r3,90
2026-04-03T20:55:35.397515-07:00,write,key-4,808.763,281,false,leader-w3r3,90
2026-04-03T20:55:36.175664-07:00,read,key-0,55.657,291,false,leader-w3r3,90
2026-04-03T20:55:35.468404-07:00,write,key-4,812.429,282,false,leader-w3r3,90
2026-04-03T20:55:35.469276-07:00,write,key-0,811.709,288,false,leader-w3r3,90
2026-04-03T20:55:36.23133-07:00,read,key-4,52.639,285,false,leader-w3r3,90
2026-04-03T20:55:35.495193-07:00,write,key-0,808.008,289,false,leader-w3r3,90
2026-04-03T20:55:35.511749-07:00,write,key-4,807.530,283,false,leader-w3r3,90
2026-04-03T20:55:35.562543-07:00,write,key-0,810.780,290,false,leader-w3r3,90
2026-04-03T20:55:35.597071-07:00,write,key-1,808.236,291,false,leader-w3r3,90
2026-04-03T20:55:35.616037-07:00,write,key-2,806.488,282,false,leader-w3r3,90
2026-04-03T20:55:36.373323-07:00,read,key-0,53.253,291,false,leader-w3r3,90
2026-04-03T20:55:35.672726-07:00,write,key-8,808.756,295,false,leader-w3r3,90
2026-04-03T20:55:35.697576-07:00,write,key-9,807.720,268,false,leader-w3r3,90
2026-04-03T20:55:35.717406-07:00,write,key-5,805.688,255,false,leader-w3r3,90
2026-04-03T20:55:35.725179-07:00,write,key-1,804.287,292,false,leader-w3r3,90
2026-04-03T20:55:35.725126-07:00,write,key-0,804.362,291,false,leader-w3r3,90
2026-04-03T20:55:35.767122-07:00,write,key-4,808.378,284,false,leader-w3r3,90
2026-04-03T20:55:35.771453-07:00,write,key-2,807.477,283,false,leader-w3r3,90
2026-04-03T20:55:35.806494-07:00,write,key-3,805.053,272,false,leader-w3r3,90
2026-04-03T20:55:35.881065-07:00,write,key-5,804.811,256,false,leader-w3r3,90
2026-04-03T20:55:35.970535-07:00,write,key-8,808.765,296,false,leader-w3r3,90
2026-04-03T20:55:36.104244-07:00,write,key-9,805.761,269,false,leader-w3r3,90
2026-04-03T20:55:36.20629-07:00,write,key-3,809.233,273,false,leader-w3r3,90
2026-04-03T20:55:36.280838-07:00,write,key-2,805.971,284,false,leader-w3r3,90
2026-04-03T20:55:36.280986-07:00,write,key-4,805.917,285,false,leader-w3r3,90
2026-04-03T20:55:36.283976-07:00,write,key-8,808.075,297,false,leader-w3r3,90
2026-04-03T20:55:36.303205-07:00,write,key-9,808.139,270,false,leader-w3r3,90
2026-04-03T20:55:36.319282-07:00,write,key-3,805.879,274,false,leader-w3r3,90
2026-04-03T20:55:37.111347-07:00,read,key-6,55.641,258,false,leader-w3r3,90
2026-04-03T20:55:36.405307-07:00,write,key-4,811.659,286,false,leader-w3r3,90
2026-04-03T20:55:36.422529-07:00,write,key-0,804.888,292,false,leader-w3r3,90
2026-04-03T20:55:36.42658-07:00,write,key-7,805.690,277,false,leader-w3r3,90
2026-04-03T20:55:36.481496-07:00,write,key-4,806.784,287,false,leader-w3r3,90
2026-04-03T20:55:36.505309-07:00,write,key-0,807.114,293,false,leader-w3r3,90
2026-04-03T20:55:36.523105-07:00,write,key-5,804.470,257,false,leader-w3r3,90
2026-04-03T20:55:36.529469-07:00,write,key-5,805.287,258,false,leader-w3r3,90
2026-04-03T20:55:36.529488-07:00,write,key-2,805.377,285,false,leader-w3r3,90
2026-04-03T20:55:36.575511-07:00,write,key-5,807.484,259,false,leader-w3r3,90
2026-04-03T20:55:36.578933-07:00,write,key-9,804.189,271,false,leader-w3r3,90
2026-04-03T20:55:36.611553-07:00,write,key-4,805.576,288,false,leader-w3r3,90
2026-04-03T20:55:36.685879-07:00,write,key-2,805.878,286,false,leader-w3r3,90
2026-04-03T20:55:36.779305-07:00,write,key-5,804.497,260,false,leader-w3r3,90
2026-04-03T20:55:36.910013-07:00,write,key-6,807.770,258,false,leader-w3r3,90
2026-04-03T20:55:37.015529-07:00,write,key-1,807.816,293,false,leader-w3r3,90
2026-04-03T20:55:37.086904-07:00,write,key-7,805.200,278,false,leader-w3r3,90
2026-04-03T20:55:37.086812-07:00,write,key-3,805.291,275,false,leader-w3r3,90
2026-04-03T20:55:37.092053-07:00,write,key-3,804.830,276,false,leader-w3r3,90
2026-04-03T20:55:37.125165-07:00,write,key-4,804.573,289,false,leader-w3r3,90
2026-04-03T20:55:37.167-07:00,write,key-9,810.235,272,false,leader-w3r3,90
2026-04-03T20:55:37.216979-07:00,write,key-3,807.953,277,false,leader-w3r3,90
2026-04-03T20:55:37.22742-07:00,write,key-2,803.805,287,false,leader-w3r3,90
2026-04-03T20:55:37.232274-07:00,write,key-9,804.070,273,false,leader-w3r3,90
2026-04-03T20:55:38.031228-07:00,read,key-2,53.689,289,false,leader-w3r3,90
2026-04-03T20:55:37.288282-07:00,write,key-4,804.983,290,false,leader-w3r3,90
2026-04-03T20:55:37.312427-07:00,write,key-2,809.860,288,false,leader-w3r3,90
2026-04-03T20:55:37.327579-07:00,write,key-7,805.214,279,false,leader-w3r3,90
2026-04-03T20:55:37.334759-07:00,write,key-8,804.766,298,false,leader-w3r3,90
2026-04-03T20:55:37.334865-07:00,write,key-2,804.659,289,false,leader-w3r3,90
2026-04-03T20:55:37.383-07:00,write,key-9,805.202,274,false,leader-w3r3,90
2026-04-03T20:55:37.383123-07:00,write,key-5,805.078,261,false,leader-w3r3,90
2026-04-03T20:55:37.417131-07:00,write,key-8,807.892,299,false,leader-w3r3,90
2026-04-03T20:55:37.49176-07:00,write,key-7,803.458,280,false,leader-w3r3,90
2026-04-03T20:55:37.583811-07:00,write,key-5,802.982,262,false,leader-w3r3,90
2026-04-03T20:55:37.717786-07:00,write,key-0,806.830,294,false,leader-w3r3,90
2026-04-03T20:55:37.823356-07:00,write,key-9,807.458,275,false,leader-w3r3,90
2026-04-03T20:55:37.892115-07:00,write,key-1,807.636,294,false,leader-w3r3,90
2026-04-03T20:55:37.892146-07:00,write,key-4,807.605,291,false,leader-w3r3,90
2026-04-03T20:55:37.896886-07:00,write,key-7,804.743,281,false,leader-w3r3,90
2026-04-03T20:55:37.929742-07:00,write,key-7,805.692,282,false,leader-w3r3,90
2026-04-03T20:55:37.977241-07:00,write,key-6,808.737,259,false,leader-w3r3,90
2026-04-03T20:55:38.024944-07:00,write,key-5,810.073,263,false,leader-w3r3,90
2026-04-03T20:55:38.036345-07:00,write,key-0,805.769,295,false,leader-w3r3,90
2026-04-03T20:55:38.084925-07:00,write,key-7,809.065,283,false,leader-w3r3,90
2026-04-03T20:55:38.093269-07:00,write,key-0,807.046,296,false,leader-w3r3,90
2026-04-03T20:55:38.122291-07:00,write,key-9,808.599,276,false,leader-w3r3,90
2026-04-03T20:55:38.132795-07:00,write,key-7,807.522,284,false,leader-w3r3,90
2026-04-03T20:55:38.139531-07:00,write,key-2,803.446,290,false,leader-w3r3,90
2026-04-03T20:55:38.139532-07:00,write,key-7,804.118,285,false,leader-w3r3,90
2026-04-03T20:55:38.188212-07:00,write,key-9,805.507,277,false,leader-w3r3,90
2026-04-03T20:55:38.188204-07:00,write,key-4,805.577,292,false,leader-w3r3,90
2026-04-03T20:55:38.225031-07:00,write,key-6,810.675,260,false,leader-w3r3,90
2026-04-03T20:55:38.29522-07:00,write,key-2,806.953,291,false,leader-w3r3,90
2026-04-03T20:55:38.386794-07:00,write,key-2,810.153,292,false,leader-w3r3,90
2026-04-03T20:55:39.196956-07:00,read,key-3,54.506,282,false,leader-w3r3,90
2026-04-03T20:55:38.524619-07:00,write,key-3,813.851,278,false,leader-w3r3,90
2026-04-03T20:55:38.630826-07:00,write,key-3,814.024,279,false,leader-w3r3,90
2026-04-03T20:55:38.701631-07:00,write,key-4,805.393,293,false,leader-w3r3,90
2026-04-03T20:55:38.699762-07:00,write,key-0,807.466,297,false,leader-w3r3,90
2026-04-03T20:55:38.700071-07:00,write,key-7,807.260,286,false,leader-w3r3,90
2026-04-03T20:55:38.735436-07:00,write,key-9,805.307,278,false,leader-w3r3,90
2026-04-03T20:55:38.785985-07:00,write,key-3,813.445,280,false,leader-w3r3,90
2026-04-03T20:55:38.835021-07:00,write,key-2,811.537,293,false,leader-w3r3,90
2026-04-03T20:55:38.842117-07:00,write,key-9,804.572,279,false,leader-w3r3,90
2026-04-03T20:55:38.893999-07:00,write,key-2,810.272,294,false,leader-w3r3,90
2026-04-03T20:55:38.900318-07:00,write,key-8,804.686,300,false,leader-w3r3,90
2026-04-03T20:55:38.930899-07:00,write,key-5,812.397,264,false,leader-w3r3,90
2026-04-03T20:55:38.940321-07:00,write,key-9,804.180,280,false,leader-w3r3,90
2026-04-03T20:55:38.94365-07:00,write,key-6,802.949,261,false,leader-w3r3,90
2026-04-03T20:55:38.942979-07:00,write,key-8,804.070,301,false,leader-w3r3,90
2026-04-03T20:55:38.993723-07:00,write,key-3,805.602,281,false,leader-w3r3,90
2026-04-03T20:55:38.993781-07:00,write,key-8,805.588,302,false,leader-w3r3,90
2026-04-03T20:55:39.035709-07:00,write,key-1,811.538,295,false,leader-w3r3,90
2026-04-03T20:55:39.102184-07:00,write,key-3,806.153,282,false,leader-w3r3,90
2026-04-03T20:55:39.908339-07:00,read,key-2,53.592,296,false,leader-w3r3,90
2026-04-03T20:55:39.251469-07:00,write,key-2,805.927,295,false,leader-w3r3,90
2026-04-03T20:55:39.338479-07:00,write,key-1,817.952,296,false,leader-w3r3,90
2026-04-03T20:55:39.444859-07:00,write,key-4,808.994,294,false,leader-w3r3,90
2026-04-03T20:55:39.50733-07:00,write,key-2,806.343,296,false,leader-w3r3,90
2026-04-03T20:55:39.50703-07:00,write,key-8,806.791,303,false,leader-w3r3,90
2026-04-03T20:55:39.507229-07:00,write,key-9,806.699,281,false,leader-w3r3,90
2026-04-03T20:55:39.540747-07:00,write,key-4,816.538,295,false,leader-w3r3,90
2026-04-03T20:55:40.313928-07:00,read,key-2,51.955,297,false,leader-w3r3,90
2026-04-03T20:55:40.313821-07:00,read,key-2,52.150,297,false,leader-w3r3,90
2026-04-03T20:55:39.59944-07:00,write,key-4,807.480,296,false,leader-w3r3,90
2026-04-03T20:55:40.365976-07:00,read,key-0,57.090,299,false,leader-w3r3,90
2026-04-03T20:55:39.646566-07:00,write,key-9,809.292,282,false,leader-w3r3,90
2026-04-03T20:55:39.646689-07:00,write,key-6,809.343,262,false,leader-w3r3,90
2026-04-03T20:55:39.704276-07:00,write,key-8,806.692,304,false,leader-w3r3,90
2026-04-03T20:55:39.705005-07:00,write,key-3,805.984,283,false,leader-w3r3,90
2026-04-03T20:55:39.744502-07:00,write,key-0,811.483,298,false,leader-w3r3,90
2026-04-03T20:55:39.7466-07:00,write,key-8,809.507,305,false,leader-w3r3,90
2026-04-03T20:55:39.743299-07:00,write,key-4,812.903,297,false,leader-w3r3,90
2026-04-03T20:55:39.747049-07:00,write,key-4,809.215,298,false,leader-w3r3,90
2026-04-03T20:55:40.51099-07:00,read,key-4,52.056,300,false,leader-w3r3,90
2026-04-03T20:55:39.799368-07:00,write,key-9,811.358,283,false,leader-w3r3,90
2026-04-03T20:55:39.799326-07:00,write,key-5,811.400,265,false,leader-w3r3,90
2026-04-03T20:55:39.847249-07:00,write,key-1,814.381,297,false,leader-w3r3,90
2026-04-03T20:55:40.610811-07:00,read,key-1,52.000,300,false,leader-w3r3,90
2026-04-03T20:55:40.661637-07:00,read,key-9,56.846,283,false,leader-w3r3,90
2026-04-03T20:55:39.961936-07:00,write,key-2,805.535,297,false,leader-w3r3,90
2026-04-03T20:55:40.057403-07:00,write,key-1,807.709,298,false,leader-w3r3,90
2026-04-03T20:55:40.156441-07:00,write,key-4,814.733,299,false,leader-w3r3,90
2026-04-03T20:55:40.253864-07:00,write,key-3,815.671,284,false,leader-w3r3,90
2026-04-03T20:55:40.313676-07:00,write,key-2,808.603,298,false,leader-w3r3,90
2026-04-03T20:55:40.357291-07:00,write,key-5,820.307,266,false,leader-w3r3,90
2026-04-03T20:55:40.365888-07:00,write,key-0,811.715,299,false,leader-w3r3,90
2026-04-03T20:55:40.40692-07:00,write,key-0,806.667,300,false,leader-w3r3,90
2026-04-03T20:55:40.42307-07:00,write,key-7,803.077,287,false,leader-w3r3,90
2026-04-03T20:55:40.456033-07:00,write,key-5,816.633,267,false,leader-w3r3,90
2026-04-03T20:55:40.45586-07:00,write,key-2,816.996,299,false,leader-w3r3,90
2026-04-03T20:55:41.213596-07:00,read,key-5,60.735,268,false,leader-w3r3,90
2026-04-03T20:55:40.510971-07:00,write,key-0,813.513,301,false,leader-w3r3,90
2026-04-03T20:55:41.274339-07:00,read,key-2,52.676,301,false,leader-w3r3,90
2026-04-03T20:55:41.27286-07:00,read,key-3,54.153,284,false,leader-w3r3,90
2026-04-03T20:55:40.556264-07:00,write,key-1,820.669,299,false,leader-w3r3,90
2026-04-03T20:55:40.556108-07:00,write,key-8,820.981,306,false,leader-w3r3,90
2026-04-03T20:55:40.55599-07:00,write,key-0,821.161,302,false,leader-w3r3,90
2026-04-03T20:55:40.563053-07:00,write,key-1,814.144,300,false,leader-w3r3,90
2026-04-03T20:55:40.556202-07:00,write,key-4,821.049,300,false,leader-w3r3,90
2026-04-03T20:55:40.610737-07:00,write,key-6,806.493,263,false,leader-w3r3,90
2026-04-03T20:55:40.662817-07:00,write,key-5,812.953,268,false,leader-w3r3,90
2026-04-03T20:55:40.718496-07:00,write,key-0,809.256,303,false,leader-w3r3,90
2026-04-03T20:55:40.767476-07:00,write,key-8,810.088,307,false,leader-w3r3,90
2026-04-03T20:55:41.527763-07:00,read,key-2,51.529,301,false,leader-w3r3,90
2026-04-03T20:55:40.865114-07:00,write,key-4,814.500,301,false,leader-w3r3,90
2026-04-03T20:55:40.971176-07:00,write,key-8,808.433,308,false,leader-w3r3,90
2026-04-03T20:55:41.069538-07:00,write,key-8,817.221,309,false,leader-w3r3,90
2026-04-03T20:55:41.122282-07:00,write,key-2,809.941,300,false,leader-w3r3,90
2026-04-03T20:55:41.177604-07:00,write,key-2,808.700,301,false,leader-w3r3,90
2026-04-03T20:55:41.177599-07:00,write,key-1,808.756,301,false,leader-w3r3,90
2026-04-03T20:55:41.932231-07:00,read,key-4,55.639,302,false,leader-w3r3,90
2026-04-03T20:55:41.22615-07:00,write,key-8,806.461,310,false,leader-w3r3,90
2026-04-03T20:55:41.272669-07:00,write,key-0,817.649,304,false,leader-w3r3,90
2026-04-03T20:55:41.327021-07:00,write,key-0,812.008,305,false,leader-w3r3,90
2026-04-03T20:55:41.324496-07:00,write,key-8,814.646,311,false,leader-w3r3,90
2026-04-03T20:55:41.327022-07:00,write,key-4,812.710,302,false,leader-w3r3,90
2026-04-03T20:55:41.377196-07:00,write,key-3,814.179,285,false,leader-w3r3,90
2026-04-03T20:55:41.376942-07:00,write,key-8,814.464,312,false,leader-w3r3,90
2026-04-03T20:55:41.377151-07:00,write,key-8,814.224,313,false,leader-w3r3,90
2026-04-03T20:55:41.377089-07:00,write,key-7,814.878,288,false,leader-w3r3,90
2026-04-03T20:55:41.37725-07:00,write,key-6,814.817,264,false,leader-w3r3,90
2026-04-03T20:55:41.417238-07:00,write,key-0,811.050,306,false,leader-w3r3,90
2026-04-03T20:55:41.475783-07:00,write,key-5,816.229,269,false,leader-w3r3,90
2026-04-03T20:55:41.577575-07:00,write,key-7,818.911,289,false,leader-w3r3,90
2026-04-03T20:55:41.579299-07:00,write,key-5,817.405,270,false,leader-w3r3,90
2026-04-03T20:55:41.679617-07:00,write,key-2,816.585,302,false,leader-w3r3,90
2026-04-03T20:55:41.779615-07:00,write,key-5,820.835,271,false,leader-w3r3,90
2026-04-03T20:55:41.886766-07:00,write,key-0,815.202,307,false,leader-w3r3,90
2026-04-03T20:55:41.986312-07:00,write,key-4,815.502,303,false,leader-w3r3,90
2026-04-03T20:55:41.986356-07:00,write,key-7,815.504,290,false,leader-w3r3,90
2026-04-03T20:55:41.987877-07:00,write,key-6,814.209,265,false,leader-w3r3,90
2026-04-03T20:55:42.032616-07:00,write,key-1,808.381,302,false,leader-w3r3,90
2026-04-03T20:55:42.801859-07:00,read,key-9,61.895,283,false,leader-w3r3,90
2026-04-03T20:55:42.090321-07:00,write,key-7,809.005,291,false,leader-w3r3,90
2026-04-03T20:55:42.139142-07:00,write,key-2,805.104,303,false,leader-w3r3,90
2026-04-03T20:55:42.139732-07:00,write,key-1,804.577,304,false,leader-w3r3,90
2026-04-03T20:55:42.139038-07:00,write,key-1,805.361,303,false,leader-w3r3,90
2026-04-03T20:55:42.191968-07:00,write,key-1,809.117,305,false,leader-w3r3,90
2026-04-03T20:55:42.191378-07:00,write,key-6,809.788,266,false,leader-w3r3,90
2026-04-03T20:55:42.191444-07:00,write,key-3,809.764,286,false,leader-w3r3,90
2026-04-03T20:55:42.192069-07:00,write,key-1,809.170,306,false,leader-w3r3,90
2026-04-03T20:55:42.191405-07:00,write,key-5,809.868,272,false,leader-w3r3,90
2026-04-03T20:55:42.228293-07:00,write,key-0,814.546,308,false,leader-w3r3,90
2026-04-03T20:55:42.292017-07:00,write,key-6,810.391,267,false,leader-w3r3,90
2026-04-03T20:55:42.396496-07:00,write,key-6,806.541,268,false,leader-w3r3,90
2026-04-03T20:55:42.396705-07:00,write,key-1,806.489,307,false,leader-w3r3,90
2026-04-03T20:55:43.203194-07:00,read,key-9,56.593,285,false,leader-w3r3,90
2026-04-03T20:55:42.496204-07:00,write,key-8,806.688,314,false,leader-w3r3,90
2026-04-03T20:55:42.600457-07:00,write,key-5,811.237,273,false,leader-w3r3,90
2026-04-03T20:55:42.70198-07:00,write,key-1,804.672,308,false,leader-w3r3,90
2026-04-03T20:55:42.801816-07:00,write,key-6,811.377,269,false,leader-w3r3,90
2026-04-03T20:55:42.802085-07:00,write,key-8,811.108,315,false,leader-w3r3,90
2026-04-03T20:55:42.841002-07:00,write,key-8,811.665,316,false,leader-w3r3,90
2026-04-03T20:55:42.863762-07:00,write,key-0,814.912,309,false,leader-w3r3,90
2026-04-03T20:55:42.899329-07:00,write,key-4,812.350,304,false,leader-w3r3,90
2026-04-03T20:55:42.944249-07:00,write,key-9,814.328,284,false,leader-w3r3,90
2026-04-03T20:55:42.94431-07:00,write,key-7,814.275,292,false,leader-w3r3,90
2026-04-03T20:55:42.944398-07:00,write,key-6,814.306,270,false,leader-w3r3,90
2026-04-03T20:55:43.001166-07:00,write,key-0,814.518,310,false,leader-w3r3,90
2026-04-03T20:55:43.001272-07:00,write,key-7,814.493,293,false,leader-w3r3,90
2026-04-03T20:55:43.001207-07:00,write,key-6,814.866,271,false,leader-w3r3,90
2026-04-03T20:55:43.001238-07:00,write,key-9,814.931,285,false,leader-w3r3,90
2026-04-03T20:55:43.001087-07:00,write,key-4,815.185,305,false,leader-w3r3,90
2026-04-03T20:55:43.042843-07:00,write,key-0,813.292,311,false,leader-w3r3,90
2026-04-03T20:55:43.10241-07:00,write,key-8,811.853,317,false,leader-w3r3,90
2026-04-03T20:55:43.203041-07:00,write,key-8,816.753,318,false,leader-w3r3,90
2026-04-03T20:55:43.259794-07:00,write,key-6,805.092,272,false,leader-w3r3,90
2026-04-03T20:55:43.302899-07:00,write,key-5,819.349,274,false,leader-w3r3,90
2026-04-03T20:55:43.411705-07:00,write,key-1,811.917,309,false,leader-w3r3,90
2026-04-03T20:55:43.506659-07:00,write,key-5,815.431,275,false,leader-w3r3,90
2026-04-03T20:55:43.613242-07:00,write,key-8,812.895,319,false,leader-w3r3,90
2026-04-03T20:55:43.613204-07:00,write,key-5,813.070,276,false,leader-w3r3,90
2026-04-03T20:55:43.65267-07:00,write,key-5,815.037,277,false,leader-w3r3,90
2026-04-03T20:55:43.678675-07:00,write,key-5,810.498,278,false,leader-w3r3,90
2026-04-03T20:55:43.71182-07:00,write,key-4,813.145,306,false,leader-w3r3,90
2026-04-03T20:55:43.758585-07:00,write,key-1,813.442,310,false,leader-w3r3,90
2026-04-03T20:55:43.758582-07:00,write,key-5,813.659,279,false,leader-w3r3,90
2026-04-03T20:55:43.758704-07:00,write,key-0,813.630,312,false,leader-w3r3,90
2026-04-03T20:55:43.815694-07:00,write,key-4,813.192,307,false,leader-w3r3,90
2026-04-03T20:55:43.816169-07:00,write,key-6,812.937,273,false,leader-w3r3,90
2026-04-03T20:55:43.816272-07:00,write,key-8,812.843,320,false,leader-w3r3,90
2026-04-03T20:55:43.815765-07:00,write,key-5,813.441,280,false,leader-w3r3,90
2026-04-03T20:55:43.816074-07:00,write,key-2,813.158,304,false,leader-w3r3,90
2026-04-03T20:55:43.856138-07:00,write,key-4,820.475,308,false,leader-w3r3,90
2026-04-03T20:55:43.914271-07:00,write,key-5,812.215,281,false,leader-w3r3,90
2026-04-03T20:55:44.019801-07:00,write,key-0,814.167,313,false,leader-w3r3,90
2026-04-03T20:55:44.064892-07:00,write,key-3,817.469,287,false,leader-w3r3,90
2026-04-03T20:55:44.122257-07:00,write,key-0,809.039,314,false,leader-w3r3,90
2026-04-03T20:55:44.223626-07:00,write,key-5,811.900,282,false,leader-w3r3,90
2026-04-03T20:55:44.322094-07:00,write,key-2,816.238,305,false,leader-w3r3,90
2026-04-03T20:55:44.426273-07:00,write,key-9,816.238,287,false,leader-w3r3,90
2026-04-03T20:55:44.426146-07:00,write,key-9,816.571,286,false,leader-w3r3,90
2026-04-03T20:55:44.467707-07:00,write,key-6,819.949,274,false,leader-w3r3,90
2026-04-03T20:55:44.489172-07:00,write,key-0,804.882,315,false,leader-w3r3,90
2026-04-03T20:55:44.524967-07:00,write,key-3,810.495,288,false,leader-w3r3,90
2026-04-03T20:55:45.287658-07:00,read,key-5,54.143,284,false,leader-w3r3,90
2026-04-03T20:55:44.572242-07:00,write,key-0,813.319,317,false,leader-w3r3,90
2026-04-03T20:55:44.572035-07:00,write,key-0,813.538,316,false,leader-w3r3,90
2026-04-03T20:55:44.572334-07:00,write,key-6,813.321,275,false,leader-w3r3,90
2026-04-03T20:55:44.629106-07:00,write,key-7,815.991,294,false,leader-w3r3,90
2026-04-03T20:55:44.629114-07:00,write,key-2,816.029,306,false,leader-w3r3,90
2026-04-03T20:55:44.629205-07:00,write,key-7,816.646,295,false,leader-w3r3,90
2026-04-03T20:55:44.628897-07:00,write,key-1,817.032,311,false,leader-w3r3,90
2026-04-03T20:55:44.629232-07:00,write,key-1,816.703,312,false,leader-w3r3,90
2026-04-03T20:55:44.676623-07:00,write,key-5,813.489,283,false,leader-w3r3,90
2026-04-03T20:55:45.445143-07:00,read,key-2,54.236,308,false,leader-w3r3,90
2026-04-03T20:55:44.726496-07:00,write,key-9,811.992,288,false,leader-w3r3,90
2026-04-03T20:55:45.490116-07:00,read,key-4,57.081,308,false,leader-w3r3,90
2026-04-03T20:55:44.833977-07:00,write,key-6,812.210,276,false,leader-w3r3,90
2026-04-03T20:55:44.882372-07:00,write,key-5,807.921,284,false,leader-w3r3,90
2026-04-03T20:55:44.931303-07:00,write,key-6,812.702,277,false,leader-w3r3,90
2026-04-03T20:55:45.035533-07:00,write,key-2,811.926,307,false,leader-w3r3,90
2026-04-03T20:55:45.138339-07:00,write,key-8,809.688,321,false,leader-w3r3,90
2026-04-03T20:55:45.24252-07:00,write,key-7,812.501,296,false,leader-w3r3,90
2026-04-03T20:55:45.242717-07:00,write,key-8,812.304,322,false,leader-w3r3,90
2026-04-03T20:55:45.294056-07:00,write,key-9,803.912,289,false,leader-w3r3,90
2026-04-03T20:55:45.335463-07:00,write,key-4,816.149,309,false,leader-w3r3,90
2026-04-03T20:55:45.341805-07:00,write,key-8,809.964,323,false,leader-w3r3,90
2026-04-03T20:55:45.385655-07:00,write,key-2,812.659,308,false,leader-w3r3,90
2026-04-03T20:55:45.385574-07:00,write,key-0,812.792,319,false,leader-w3r3,90
2026-04-03T20:55:45.385564-07:00,write,key-0,812.837,318,false,leader-w3r3,90
2026-04-03T20:55:46.198317-07:00,read,key-2,60.068,309,false,leader-w3r3,90
2026-04-03T20:55:45.445928-07:00,write,key-3,812.507,289,false,leader-w3r3,90
2026-04-03T20:55:46.1984-07:00,read,key-2,60.094,309,false,leader-w3r3,90
2026-04-03T20:55:45.4451-07:00,write,key-8,813.410,324,false,leader-w3r3,90
2026-04-03T20:55:45.445852-07:00,write,key-9,812.668,290,false,leader-w3r3,90
2026-04-03T20:55:45.445934-07:00,write,key-6,812.619,278,false,leader-w3r3,90
2026-04-03T20:55:45.499384-07:00,write,key-0,806.175,320,false,leader-w3r3,90
2026-04-03T20:55:45.547204-07:00,write,key-0,810.849,321,false,leader-w3r3,90
2026-04-03T20:55:45.538491-07:00,write,key-3,819.562,290,false,leader-w3r3,90
2026-04-03T20:55:45.646197-07:00,write,key-3,818.722,291,false,leader-w3r3,90
2026-04-03T20:55:45.690303-07:00,write,key-6,809.755,279,false,leader-w3r3,90
2026-04-03T20:55:45.74401-07:00,write,key-8,816.328,325,false,leader-w3r3,90
2026-04-03T20:55:45.847467-07:00,write,key-2,818.673,309,false,leader-w3r3,90
2026-04-03T20:55:45.948038-07:00,write,key-9,818.300,291,false,leader-w3r3,90
2026-04-03T20:55:46.055029-07:00,write,key-9,813.386,292,false,leader-w3r3,90
2026-04-03T20:55:46.05506-07:00,write,key-7,813.355,297,false,leader-w3r3,90
2026-04-03T20:55:46.097975-07:00,write,key-7,804.288,298,false,leader-w3r3,90
2026-04-03T20:55:46.15177-07:00,write,key-1,815.696,314,false,leader-w3r3,90
2026-04-03T20:55:46.151616-07:00,write,key-1,815.916,313,false,leader-w3r3,90
2026-04-03T20:55:46.198366-07:00,write,key-7,812.559,299,false,leader-w3r3,90
2026-04-03T20:55:46.258389-07:00,write,key-4,813.878,310,false,leader-w3r3,90
2026-04-03T20:55:46.258436-07:00,write,key-1,813.991,315,false,leader-w3r3,90
