timestamp,type,key,latency_ms,version,stale_read,db_type,write_pct
2026-04-03T20:51:00.862966-07:00,read,key-8,9.156,140,false,leader-w5r1,90
2026-04-03T20:51:00.86271-07:00,read,key-9,9.412,117,false,leader-w5r1,90
2026-04-03T20:51:00.862813-07:00,read,key-0,9.319,128,false,leader-w5r1,90
2026-04-03T20:51:00.863021-07:00,write,key-0,826.703,131,false,leader-w5r1,90
2026-04-03T20:51:00.862971-07:00,write,key-1,826.754,125,false,leader-w5r1,90
2026-04-03T20:51:00.862802-07:00,write,key-9,827.010,118,false,leader-w5r1,90
2026-04-03T20:51:00.862741-07:00,write,key-5,827.224,109,false,leader-w5r1,90
2026-04-03T20:51:00.863029-07:00,write,key-4,826.939,121,false,leader-w5r1,90
2026-04-03T20:51:00.863052-07:00,write,key-7,826.956,117,false,leader-w5r1,90
2026-04-03T20:51:00.862869-07:00,write,key-9,827.168,119,false,leader-w5r1,90
2026-04-03T20:51:00.872137-07:00,write,key-9,817.946,121,false,leader-w5r1,90
2026-04-03T20:51:00.862928-07:00,write,key-1,827.273,126,false,leader-w5r1,90
2026-04-03T20:51:00.862964-07:00,write,key-4,827.351,122,false,leader-w5r1,90
2026-04-03T20:51:00.86304-07:00,write,key-0,827.337,130,false,leader-w5r1,90
2026-04-03T20:51:00.872124-07:00,write,key-9,818.351,120,false,leader-w5r1,90
2026-04-03T20:51:00.862712-07:00,write,key-3,827.820,133,false,leader-w5r1,90
2026-04-03T20:51:00.863028-07:00,write,key-2,827.582,114,false,leader-w5r1,90
2026-04-03T20:51:00.863056-07:00,write,key-0,827.609,129,false,leader-w5r1,90
2026-04-03T20:51:00.872124-07:00,write,key-1,818.603,127,false,leader-w5r1,90
2026-04-03T20:51:00.862936-07:00,write,key-2,827.848,115,false,leader-w5r1,90
2026-04-03T20:51:00.862848-07:00,write,key-3,827.987,134,false,leader-w5r1,90
2026-04-03T20:51:00.862916-07:00,write,key-5,827.972,111,false,leader-w5r1,90
2026-04-03T20:51:00.863124-07:00,write,key-5,827.833,110,false,leader-w5r1,90
2026-04-03T20:51:01.689811-07:00,read,key-5,1.205,111,false,leader-w5r1,90
2026-04-03T20:51:01.689733-07:00,read,key-1,1.336,127,false,leader-w5r1,90
2026-04-03T20:51:01.691073-07:00,read,key-2,0.652,115,false,leader-w5r1,90
2026-04-03T20:51:01.690037-07:00,read,key-8,5.151,140,false,leader-w5r1,90
2026-04-03T20:51:01.691727-07:00,read,key-0,3.590,131,false,leader-w5r1,90
2026-04-03T20:51:01.691019-07:00,read,key-0,4.399,131,false,leader-w5r1,90
2026-04-03T20:51:01.690728-07:00,write,key-9,819.714,126,false,leader-w5r1,90
2026-04-03T20:51:01.695319-07:00,write,key-4,815.123,124,false,leader-w5r1,90
2026-04-03T20:51:01.695421-07:00,write,key-0,815.395,134,false,leader-w5r1,90
2026-04-03T20:51:01.690533-07:00,write,key-5,820.293,113,false,leader-w5r1,90
2026-04-03T20:51:01.690957-07:00,write,key-8,819.927,142,false,leader-w5r1,90
2026-04-03T20:51:01.690784-07:00,write,key-8,820.215,141,false,leader-w5r1,90
2026-04-03T20:51:01.689966-07:00,write,key-9,821.073,123,false,leader-w5r1,90
2026-04-03T20:51:01.689743-07:00,write,key-5,821.340,112,false,leader-w5r1,90
2026-04-03T20:51:01.690475-07:00,write,key-5,820.773,114,false,leader-w5r1,90
2026-04-03T20:51:01.689967-07:00,write,key-9,821.342,125,false,leader-w5r1,90
2026-04-03T20:51:01.690009-07:00,write,key-9,821.338,124,false,leader-w5r1,90
2026-04-03T20:51:01.690888-07:00,write,key-2,820.517,117,false,leader-w5r1,90
2026-04-03T20:51:01.690201-07:00,write,key-0,821.223,132,false,leader-w5r1,90
2026-04-03T20:51:01.695191-07:00,write,key-3,816.269,135,false,leader-w5r1,90
2026-04-03T20:51:01.690082-07:00,write,key-9,821.475,122,false,leader-w5r1,90
2026-04-03T20:51:01.690314-07:00,write,key-6,821.288,122,false,leader-w5r1,90
2026-04-03T20:51:01.690671-07:00,write,key-1,821.066,128,false,leader-w5r1,90
2026-04-03T20:51:01.690834-07:00,write,key-4,820.945,123,false,leader-w5r1,90
2026-04-03T20:51:01.690609-07:00,write,key-2,821.212,116,false,leader-w5r1,90
2026-04-03T20:51:01.690376-07:00,write,key-0,822.291,133,false,leader-w5r1,90
2026-04-03T20:51:02.510885-07:00,read,key-2,3.475,117,false,leader-w5r1,90
2026-04-03T20:51:02.510551-07:00,read,key-3,3.843,135,false,leader-w5r1,90
2026-04-03T20:51:02.511821-07:00,read,key-0,2.795,134,false,leader-w5r1,90
2026-04-03T20:51:02.511405-07:00,write,key-9,817.222,127,false,leader-w5r1,90
2026-04-03T20:51:02.511602-07:00,write,key-0,817.317,138,false,leader-w5r1,90
2026-04-03T20:51:02.510825-07:00,write,key-0,818.186,140,false,leader-w5r1,90
2026-04-03T20:51:02.511247-07:00,write,key-0,817.875,135,false,leader-w5r1,90
2026-04-03T20:51:02.511039-07:00,write,key-2,818.165,119,false,leader-w5r1,90
2026-04-03T20:51:02.510999-07:00,write,key-2,818.316,118,false,leader-w5r1,90
2026-04-03T20:51:02.510767-07:00,write,key-3,818.640,136,false,leader-w5r1,90
2026-04-03T20:51:02.51146-07:00,write,key-9,818.034,129,false,leader-w5r1,90
2026-04-03T20:51:02.511423-07:00,write,key-0,818.190,136,false,leader-w5r1,90
2026-04-03T20:51:02.514401-07:00,write,key-5,815.299,115,false,leader-w5r1,90
2026-04-03T20:51:02.51462-07:00,write,key-3,815.157,137,false,leader-w5r1,90
2026-04-03T20:51:02.511737-07:00,write,key-9,818.117,131,false,leader-w5r1,90
2026-04-03T20:51:02.511354-07:00,write,key-0,818.590,137,false,leader-w5r1,90
2026-04-03T20:51:02.514364-07:00,write,key-0,818.101,139,false,leader-w5r1,90
2026-04-03T20:51:02.511309-07:00,write,key-1,821.260,129,false,leader-w5r1,90
2026-04-03T20:51:02.511779-07:00,write,key-7,820.841,118,false,leader-w5r1,90
2026-04-03T20:51:02.510816-07:00,write,key-9,821.868,128,false,leader-w5r1,90
2026-04-03T20:51:02.511556-07:00,write,key-9,821.138,130,false,leader-w5r1,90
2026-04-03T20:51:02.512666-07:00,write,key-7,820.074,119,false,leader-w5r1,90
2026-04-03T20:51:02.511083-07:00,write,key-8,821.820,143,false,leader-w5r1,90
2026-04-03T20:51:03.332693-07:00,write,key-0,811.232,141,false,leader-w5r1,90
2026-04-03T20:51:03.329943-07:00,write,key-2,814.016,120,false,leader-w5r1,90
2026-04-03T20:51:03.329614-07:00,write,key-1,814.451,130,false,leader-w5r1,90
2026-04-03T20:51:03.33257-07:00,write,key-9,811.588,132,false,leader-w5r1,90
2026-04-03T20:51:03.329853-07:00,write,key-7,814.324,125,false,leader-w5r1,90
2026-04-03T20:51:03.329315-07:00,write,key-2,814.928,121,false,leader-w5r1,90
2026-04-03T20:51:03.33274-07:00,write,key-1,811.527,131,false,leader-w5r1,90
2026-04-03T20:51:03.332904-07:00,write,key-9,811.415,133,false,leader-w5r1,90
2026-04-03T20:51:03.328919-07:00,write,key-5,815.441,116,false,leader-w5r1,90
2026-04-03T20:51:03.332619-07:00,write,key-2,811.762,122,false,leader-w5r1,90
2026-04-03T20:51:03.329406-07:00,write,key-7,815.055,120,false,leader-w5r1,90
2026-04-03T20:51:03.329494-07:00,write,key-7,815.033,121,false,leader-w5r1,90
2026-04-03T20:51:03.332684-07:00,write,key-5,811.884,117,false,leader-w5r1,90
2026-04-03T20:51:03.332466-07:00,write,key-4,812.177,126,false,leader-w5r1,90
2026-04-03T20:51:03.329011-07:00,write,key-6,815.669,123,false,leader-w5r1,90
2026-04-03T20:51:03.329121-07:00,write,key-8,815.616,144,false,leader-w5r1,90
2026-04-03T20:51:03.329777-07:00,write,key-4,814.994,125,false,leader-w5r1,90
2026-04-03T20:51:03.329699-07:00,write,key-7,815.118,123,false,leader-w5r1,90
2026-04-03T20:51:03.329205-07:00,write,key-7,815.644,124,false,leader-w5r1,90
2026-04-03T20:51:03.328638-07:00,write,key-7,816.245,122,false,leader-w5r1,90
2026-04-03T20:51:04.144381-07:00,read,key-3,1.070,137,false,leader-w5r1,90
2026-04-03T20:51:04.144527-07:00,write,key-9,818.886,134,false,leader-w5r1,90
2026-04-03T20:51:04.14546-07:00,write,key-3,818.175,139,false,leader-w5r1,90
2026-04-03T20:51:04.14468-07:00,write,key-8,819.050,146,false,leader-w5r1,90
2026-04-03T20:51:04.143961-07:00,write,key-4,819.871,127,false,leader-w5r1,90
2026-04-03T20:51:04.144177-07:00,write,key-7,819.746,126,false,leader-w5r1,90
2026-04-03T20:51:04.144643-07:00,write,key-8,819.507,147,false,leader-w5r1,90
2026-04-03T20:51:04.144244-07:00,write,key-1,820.331,132,false,leader-w5r1,90
2026-04-03T20:51:04.144158-07:00,write,key-0,820.509,142,false,leader-w5r1,90
2026-04-03T20:51:04.144064-07:00,write,key-0,820.682,143,false,leader-w5r1,90
2026-04-03T20:51:04.143933-07:00,write,key-4,820.917,128,false,leader-w5r1,90
2026-04-03T20:51:04.14446-07:00,write,key-3,820.476,138,false,leader-w5r1,90
2026-04-03T20:51:04.144317-07:00,write,key-4,820.708,130,false,leader-w5r1,90
2026-04-03T20:51:04.144882-07:00,write,key-0,820.245,146,false,leader-w5r1,90
2026-04-03T20:51:04.14477-07:00,write,key-0,820.461,144,false,leader-w5r1,90
2026-04-03T20:51:04.144848-07:00,write,key-8,820.450,148,false,leader-w5r1,90
2026-04-03T20:51:04.144736-07:00,write,key-5,820.635,118,false,leader-w5r1,90
2026-04-03T20:51:04.144358-07:00,write,key-7,821.237,127,false,leader-w5r1,90
2026-04-03T20:51:04.144816-07:00,write,key-0,820.816,145,false,leader-w5r1,90
2026-04-03T20:51:04.144278-07:00,write,key-4,821.445,129,false,leader-w5r1,90
2026-04-03T20:51:04.144567-07:00,write,key-8,821.224,145,false,leader-w5r1,90
2026-04-03T20:51:04.965372-07:00,read,key-0,2.502,146,false,leader-w5r1,90
2026-04-03T20:51:04.965632-07:00,write,key-7,811.928,130,false,leader-w5r1,90
2026-04-03T20:51:04.963831-07:00,write,key-8,814.054,150,false,leader-w5r1,90
2026-04-03T20:51:04.964746-07:00,write,key-4,813.227,131,false,leader-w5r1,90
2026-04-03T20:51:04.963731-07:00,write,key-9,814.325,135,false,leader-w5r1,90
2026-04-03T20:51:04.964667-07:00,write,key-3,813.468,140,false,leader-w5r1,90
2026-04-03T20:51:04.965231-07:00,write,key-0,812.951,147,false,leader-w5r1,90
2026-04-03T20:51:04.965722-07:00,write,key-5,812.486,120,false,leader-w5r1,90
2026-04-03T20:51:04.963637-07:00,write,key-8,814.660,149,false,leader-w5r1,90
2026-04-03T20:51:04.964935-07:00,write,key-3,813.363,141,false,leader-w5r1,90
2026-04-03T20:51:04.964151-07:00,write,key-5,814.248,119,false,leader-w5r1,90
2026-04-03T20:51:04.963923-07:00,write,key-8,814.577,152,false,leader-w5r1,90
2026-04-03T20:51:04.965025-07:00,write,key-8,813.546,151,false,leader-w5r1,90
2026-04-03T20:51:04.96485-07:00,write,key-1,813.782,133,false,leader-w5r1,90
2026-04-03T20:51:04.965298-07:00,write,key-9,813.405,136,false,leader-w5r1,90
2026-04-03T20:51:04.964574-07:00,write,key-9,814.173,137,false,leader-w5r1,90
2026-04-03T20:51:04.965595-07:00,write,key-7,813.190,129,false,leader-w5r1,90
2026-04-03T20:51:04.963422-07:00,write,key-7,815.366,128,false,leader-w5r1,90
2026-04-03T20:51:04.965127-07:00,write,key-6,813.706,124,false,leader-w5r1,90
2026-04-03T20:51:04.96579-07:00,write,key-0,813.106,148,false,leader-w5r1,90
2026-04-03T20:51:04.967882-07:00,write,key-1,811.065,134,false,leader-w5r1,90
2026-04-03T20:51:05.778181-07:00,read,key-1,1.379,135,false,leader-w5r1,90
2026-04-03T20:51:05.778298-07:00,read,key-9,1.363,137,false,leader-w5r1,90
2026-04-03T20:51:05.779666-07:00,read,key-1,0.860,134,false,leader-w5r1,90
2026-04-03T20:51:05.780528-07:00,write,key-2,815.358,123,false,leader-w5r1,90
2026-04-03T20:51:05.7785-07:00,write,key-9,817.395,140,false,leader-w5r1,90
2026-04-03T20:51:05.778398-07:00,write,key-0,817.692,149,false,leader-w5r1,90
2026-04-03T20:51:05.77857-07:00,write,key-8,817.551,154,false,leader-w5r1,90
2026-04-03T20:51:05.778135-07:00,write,key-7,818.049,133,false,leader-w5r1,90
2026-04-03T20:51:05.778055-07:00,write,key-7,818.208,132,false,leader-w5r1,90
2026-04-03T20:51:05.778297-07:00,write,key-6,817.995,125,false,leader-w5r1,90
2026-04-03T20:51:05.778746-07:00,write,key-3,817.628,142,false,leader-w5r1,90
2026-04-03T20:51:05.778632-07:00,write,key-1,817.769,135,false,leader-w5r1,90
2026-04-03T20:51:05.778895-07:00,write,key-8,817.586,157,false,leader-w5r1,90
2026-04-03T20:51:05.778784-07:00,write,key-4,817.766,132,false,leader-w5r1,90
2026-04-03T20:51:05.779566-07:00,write,key-8,817.025,156,false,leader-w5r1,90
2026-04-03T20:51:05.778702-07:00,write,key-8,817.955,155,false,leader-w5r1,90
2026-04-03T20:51:05.777973-07:00,write,key-7,818.695,131,false,leader-w5r1,90
2026-04-03T20:51:05.778788-07:00,write,key-9,817.959,139,false,leader-w5r1,90
2026-04-03T20:51:05.777886-07:00,write,key-9,818.886,138,false,leader-w5r1,90
2026-04-03T20:51:05.777572-07:00,write,key-8,819.248,153,false,leader-w5r1,90
2026-04-03T20:51:05.778947-07:00,write,key-2,817.921,124,false,leader-w5r1,90
2026-04-03T20:51:05.778833-07:00,write,key-4,818.035,133,false,leader-w5r1,90
2026-04-03T20:51:05.778208-07:00,write,key-1,818.736,136,false,leader-w5r1,90
2026-04-03T20:51:06.596401-07:00,read,key-9,3.367,140,false,leader-w5r1,90
2026-04-03T20:51:06.595897-07:00,read,key-6,3.998,125,false,leader-w5r1,90
2026-04-03T20:51:06.599808-07:00,read,key-3,2.245,143,false,leader-w5r1,90
2026-04-03T20:51:06.596184-07:00,write,key-7,818.215,134,false,leader-w5r1,90
2026-04-03T20:51:06.59609-07:00,write,key-9,818.460,141,false,leader-w5r1,90
2026-04-03T20:51:06.596263-07:00,write,key-7,818.361,136,false,leader-w5r1,90
2026-04-03T20:51:06.596122-07:00,write,key-5,818.593,121,false,leader-w5r1,90
2026-04-03T20:51:06.596869-07:00,write,key-2,817.882,125,false,leader-w5r1,90
2026-04-03T20:51:06.596374-07:00,write,key-4,818.479,134,false,leader-w5r1,90
2026-04-03T20:51:06.59655-07:00,write,key-3,818.327,143,false,leader-w5r1,90
2026-04-03T20:51:06.596747-07:00,write,key-6,818.191,127,false,leader-w5r1,90
2026-04-03T20:51:06.596772-07:00,write,key-4,818.211,135,false,leader-w5r1,90
2026-04-03T20:51:06.59648-07:00,write,key-0,818.553,150,false,leader-w5r1,90
2026-04-03T20:51:06.596868-07:00,write,key-4,818.199,136,false,leader-w5r1,90
2026-04-03T20:51:06.596943-07:00,write,key-8,818.178,158,false,leader-w5r1,90
2026-04-03T20:51:06.596669-07:00,write,key-4,818.481,137,false,leader-w5r1,90
2026-04-03T20:51:06.602057-07:00,write,key-9,813.147,144,false,leader-w5r1,90
2026-04-03T20:51:06.59659-07:00,write,key-9,818.671,142,false,leader-w5r1,90
2026-04-03T20:51:06.595897-07:00,write,key-1,819.419,137,false,leader-w5r1,90
2026-04-03T20:51:06.5999-07:00,write,key-9,815.429,143,false,leader-w5r1,90
2026-04-03T20:51:06.596292-07:00,write,key-6,819.072,126,false,leader-w5r1,90
2026-04-03T20:51:06.59682-07:00,write,key-7,818.613,135,false,leader-w5r1,90
2026-04-03T20:51:06.596656-07:00,write,key-4,819.786,138,false,leader-w5r1,90
2026-04-03T20:51:07.416442-07:00,read,key-7,1.445,136,false,leader-w5r1,90
2026-04-03T20:51:07.41515-07:00,read,key-5,2.766,121,false,leader-w5r1,90
2026-04-03T20:51:07.414877-07:00,read,key-8,3.121,160,false,leader-w5r1,90
2026-04-03T20:51:07.414716-07:00,write,key-0,823.115,152,false,leader-w5r1,90
2026-04-03T20:51:07.414852-07:00,write,key-8,823.006,160,false,leader-w5r1,90
2026-04-03T20:51:07.414624-07:00,write,key-4,823.346,139,false,leader-w5r1,90
2026-04-03T20:51:07.415329-07:00,write,key-6,822.669,129,false,leader-w5r1,90
2026-04-03T20:51:07.415432-07:00,write,key-5,822.659,125,false,leader-w5r1,90
2026-04-03T20:51:07.414412-07:00,write,key-9,823.681,145,false,leader-w5r1,90
2026-04-03T20:51:07.417919-07:00,write,key-6,820.249,131,false,leader-w5r1,90
2026-04-03T20:51:07.418003-07:00,write,key-5,820.267,126,false,leader-w5r1,90
2026-04-03T20:51:07.417894-07:00,write,key-5,820.665,124,false,leader-w5r1,90
2026-04-03T20:51:07.414552-07:00,write,key-5,824.083,123,false,leader-w5r1,90
2026-04-03T20:51:07.415365-07:00,write,key-4,823.300,140,false,leader-w5r1,90
2026-04-03T20:51:07.415122-07:00,write,key-6,823.595,130,false,leader-w5r1,90
2026-04-03T20:51:07.415261-07:00,write,key-6,823.490,128,false,leader-w5r1,90
2026-04-03T20:51:07.415203-07:00,write,key-7,823.579,137,false,leader-w5r1,90
2026-04-03T20:51:07.415033-07:00,write,key-5,823.779,122,false,leader-w5r1,90
2026-04-03T20:51:07.414938-07:00,write,key-3,823.909,144,false,leader-w5r1,90
2026-04-03T20:51:08.237969-07:00,read,key-2,0.933,126,false,leader-w5r1,90
2026-04-03T20:51:07.415066-07:00,write,key-2,824.804,126,false,leader-w5r1,90
2026-04-03T20:51:07.415317-07:00,write,key-8,824.650,159,false,leader-w5r1,90
2026-04-03T20:51:07.414983-07:00,write,key-0,825.013,151,false,leader-w5r1,90
2026-04-03T20:51:07.41475-07:00,write,key-1,825.391,138,false,leader-w5r1,90
2026-04-03T20:51:08.238665-07:00,read,key-5,1.573,126,false,leader-w5r1,90
2026-04-03T20:51:08.238847-07:00,read,key-2,6.431,127,false,leader-w5r1,90
2026-04-03T20:51:08.245281-07:00,read,key-5,0.477,126,false,leader-w5r1,90
2026-04-03T20:51:08.238907-07:00,write,key-0,816.507,154,false,leader-w5r1,90
2026-04-03T20:51:08.238091-07:00,write,key-3,817.476,145,false,leader-w5r1,90
2026-04-03T20:51:08.239871-07:00,write,key-7,815.765,139,false,leader-w5r1,90
2026-04-03T20:51:08.238782-07:00,write,key-9,816.920,146,false,leader-w5r1,90
2026-04-03T20:51:08.23875-07:00,write,key-1,816.982,139,false,leader-w5r1,90
2026-04-03T20:51:08.239966-07:00,write,key-6,815.831,132,false,leader-w5r1,90
2026-04-03T20:51:08.238559-07:00,write,key-5,817.274,129,false,leader-w5r1,90
2026-04-03T20:51:08.237998-07:00,write,key-0,817.895,153,false,leader-w5r1,90
2026-04-03T20:51:08.237859-07:00,write,key-1,818.076,140,false,leader-w5r1,90
2026-04-03T20:51:08.238168-07:00,write,key-2,817.825,127,false,leader-w5r1,90
2026-04-03T20:51:08.238092-07:00,write,key-5,817.938,127,false,leader-w5r1,90
2026-04-03T20:51:08.238717-07:00,write,key-4,817.366,141,false,leader-w5r1,90
2026-04-03T20:51:08.24576-07:00,write,key-1,810.364,142,false,leader-w5r1,90
2026-04-03T20:51:08.238634-07:00,write,key-8,817.549,163,false,leader-w5r1,90
2026-04-03T20:51:08.23827-07:00,write,key-5,817.953,128,false,leader-w5r1,90
2026-04-03T20:51:08.237841-07:00,write,key-8,818.573,161,false,leader-w5r1,90
2026-04-03T20:51:08.240141-07:00,write,key-6,816.405,133,false,leader-w5r1,90
2026-04-03T20:51:08.239995-07:00,write,key-1,816.644,141,false,leader-w5r1,90
2026-04-03T20:51:08.238811-07:00,write,key-7,819.027,138,false,leader-w5r1,90
2026-04-03T20:51:08.24024-07:00,write,key-8,817.616,162,false,leader-w5r1,90
2026-04-03T20:51:09.055832-07:00,read,key-1,5.555,143,false,leader-w5r1,90
2026-04-03T20:51:09.056124-07:00,write,key-6,815.107,135,false,leader-w5r1,90
2026-04-03T20:51:09.055894-07:00,write,key-1,815.474,144,false,leader-w5r1,90
2026-04-03T20:51:09.055703-07:00,write,key-7,815.710,141,false,leader-w5r1,90
2026-04-03T20:51:09.056547-07:00,write,key-6,814.684,137,false,leader-w5r1,90
2026-04-03T20:51:09.056639-07:00,write,key-0,814.893,155,false,leader-w5r1,90
2026-04-03T20:51:09.056414-07:00,write,key-7,815.122,140,false,leader-w5r1,90
2026-04-03T20:51:09.055636-07:00,write,key-2,816.053,130,false,leader-w5r1,90
2026-04-03T20:51:09.055935-07:00,write,key-4,816.594,142,false,leader-w5r1,90
2026-04-03T20:51:09.061395-07:00,write,key-8,811.471,168,false,leader-w5r1,90
2026-04-03T20:51:09.055732-07:00,write,key-8,817.173,164,false,leader-w5r1,90
2026-04-03T20:51:09.055992-07:00,write,key-1,816.942,143,false,leader-w5r1,90
2026-04-03T20:51:09.055569-07:00,write,key-8,817.413,167,false,leader-w5r1,90
2026-04-03T20:51:09.056222-07:00,write,key-8,816.768,165,false,leader-w5r1,90
2026-04-03T20:51:09.057857-07:00,write,key-3,815.192,146,false,leader-w5r1,90
2026-04-03T20:51:09.055426-07:00,write,key-9,817.655,147,false,leader-w5r1,90
2026-04-03T20:51:09.056082-07:00,write,key-6,817.055,134,false,leader-w5r1,90
2026-04-03T20:51:09.05603-07:00,write,key-2,817.175,129,false,leader-w5r1,90
2026-04-03T20:51:09.056184-07:00,write,key-2,817.107,128,false,leader-w5r1,90
2026-04-03T20:51:09.055797-07:00,write,key-8,817.567,166,false,leader-w5r1,90
2026-04-03T20:51:09.057838-07:00,write,key-6,815.569,136,false,leader-w5r1,90
2026-04-03T20:51:09.871412-07:00,read,key-8,3.515,168,false,leader-w5r1,90
2026-04-03T20:51:09.871533-07:00,read,key-4,3.530,142,false,leader-w5r1,90
2026-04-03T20:51:09.872529-07:00,read,key-8,2.608,168,false,leader-w5r1,90
2026-04-03T20:51:09.873364-07:00,read,key-4,1.776,142,false,leader-w5r1,90
2026-04-03T20:51:09.875144-07:00,read,key-9,0.785,147,false,leader-w5r1,90
2026-04-03T20:51:09.871688-07:00,write,key-3,817.894,147,false,leader-w5r1,90
2026-04-03T20:51:09.873048-07:00,write,key-8,816.650,170,false,leader-w5r1,90
2026-04-03T20:51:09.873204-07:00,write,key-0,816.561,156,false,leader-w5r1,90
2026-04-03T20:51:09.873407-07:00,write,key-2,816.405,132,false,leader-w5r1,90
2026-04-03T20:51:09.87329-07:00,write,key-1,816.539,146,false,leader-w5r1,90
2026-04-03T20:51:09.874934-07:00,write,key-6,814.938,138,false,leader-w5r1,90
2026-04-03T20:51:09.872934-07:00,write,key-7,816.949,144,false,leader-w5r1,90
2026-04-03T20:51:09.87308-07:00,write,key-8,816.864,169,false,leader-w5r1,90
2026-04-03T20:51:09.871367-07:00,write,key-1,818.592,145,false,leader-w5r1,90
2026-04-03T20:51:09.871241-07:00,write,key-2,818.740,131,false,leader-w5r1,90
2026-04-03T20:51:09.871535-07:00,write,key-4,818.474,143,false,leader-w5r1,90
2026-04-03T20:51:09.871488-07:00,write,key-7,818.564,142,false,leader-w5r1,90
2026-04-03T20:51:09.872981-07:00,write,key-0,817.855,158,false,leader-w5r1,90
2026-04-03T20:51:09.873136-07:00,write,key-5,817.718,130,false,leader-w5r1,90
2026-04-03T20:51:09.875067-07:00,write,key-5,815.823,131,false,leader-w5r1,90
2026-04-03T20:51:09.87593-07:00,write,key-1,814.972,148,false,leader-w5r1,90
2026-04-03T20:51:09.872867-07:00,write,key-3,818.070,148,false,leader-w5r1,90
2026-04-03T20:51:09.87299-07:00,write,key-0,817.960,157,false,leader-w5r1,90
2026-04-03T20:51:09.872905-07:00,write,key-7,818.080,143,false,leader-w5r1,90
2026-04-03T20:51:09.875144-07:00,write,key-1,815.857,147,false,leader-w5r1,90
2026-04-03T20:51:10.691-07:00,read,key-2,2.523,132,false,leader-w5r1,90
2026-04-03T20:51:10.689698-07:00,read,key-7,3.858,144,false,leader-w5r1,90
2026-04-03T20:51:10.690836-07:00,write,key-2,821.642,133,false,leader-w5r1,90
2026-04-03T20:51:10.690902-07:00,write,key-5,821.620,132,false,leader-w5r1,90
2026-04-03T20:51:10.689943-07:00,write,key-6,822.682,140,false,leader-w5r1,90
2026-04-03T20:51:10.689765-07:00,write,key-0,822.939,159,false,leader-w5r1,90
2026-04-03T20:51:10.690949-07:00,write,key-8,821.834,173,false,leader-w5r1,90
2026-04-03T20:51:10.689872-07:00,write,key-4,822.998,146,false,leader-w5r1,90
2026-04-03T20:51:10.693526-07:00,write,key-4,819.967,147,false,leader-w5r1,90
2026-04-03T20:51:10.690984-07:00,write,key-9,822.559,148,false,leader-w5r1,90
2026-04-03T20:51:10.689981-07:00,write,key-7,826.710,145,false,leader-w5r1,90
2026-04-03T20:51:10.689882-07:00,write,key-8,826.917,172,false,leader-w5r1,90
2026-04-03T20:51:10.690008-07:00,write,key-6,826.894,139,false,leader-w5r1,90
2026-04-03T20:51:10.689587-07:00,write,key-9,827.338,149,false,leader-w5r1,90
2026-04-03T20:51:10.690936-07:00,write,key-0,826.037,160,false,leader-w5r1,90
2026-04-03T20:51:10.689812-07:00,write,key-8,827.194,171,false,leader-w5r1,90
2026-04-03T20:51:10.693559-07:00,write,key-6,823.487,142,false,leader-w5r1,90
2026-04-03T20:51:10.690889-07:00,write,key-8,826.191,174,false,leader-w5r1,90
2026-04-03T20:51:10.690853-07:00,write,key-8,826.271,175,false,leader-w5r1,90
2026-04-03T20:51:10.689959-07:00,write,key-6,827.198,141,false,leader-w5r1,90
2026-04-03T20:51:10.689829-07:00,write,key-4,827.357,145,false,leader-w5r1,90
2026-04-03T20:51:10.69005-07:00,write,key-4,827.165,144,false,leader-w5r1,90
2026-04-03T20:51:11.512523-07:00,read,key-6,7.116,143,false,leader-w5r1,90
2026-04-03T20:51:11.519645-07:00,read,key-3,3.193,149,false,leader-w5r1,90
2026-04-03T20:51:11.5168-07:00,write,key-9,818.086,152,false,leader-w5r1,90
2026-04-03T20:51:11.517215-07:00,write,key-7,817.872,147,false,leader-w5r1,90
2026-04-03T20:51:11.51287-07:00,write,key-9,822.295,151,false,leader-w5r1,90
2026-04-03T20:51:11.516973-07:00,write,key-7,818.294,146,false,leader-w5r1,90
2026-04-03T20:51:11.517005-07:00,write,key-5,818.411,133,false,leader-w5r1,90
2026-04-03T20:51:11.512783-07:00,write,key-2,822.719,134,false,leader-w5r1,90
2026-04-03T20:51:11.512487-07:00,write,key-6,823.102,143,false,leader-w5r1,90
2026-04-03T20:51:11.516924-07:00,write,key-8,818.739,177,false,leader-w5r1,90
2026-04-03T20:51:11.517124-07:00,write,key-1,818.618,151,false,leader-w5r1,90
2026-04-03T20:51:11.516693-07:00,write,key-1,819.137,149,false,leader-w5r1,90
2026-04-03T20:51:11.512624-07:00,write,key-8,823.375,176,false,leader-w5r1,90
2026-04-03T20:51:11.516901-07:00,write,key-5,819.224,134,false,leader-w5r1,90
2026-04-03T20:51:11.513492-07:00,write,key-3,822.713,149,false,leader-w5r1,90
2026-04-03T20:51:11.512704-07:00,write,key-9,823.583,150,false,leader-w5r1,90
2026-04-03T20:51:11.513542-07:00,write,key-4,822.812,148,false,leader-w5r1,90
2026-04-03T20:51:11.522841-07:00,write,key-3,813.599,150,false,leader-w5r1,90
2026-04-03T20:51:11.517079-07:00,write,key-2,819.576,135,false,leader-w5r1,90
2026-04-03T20:51:11.517184-07:00,write,key-2,819.633,136,false,leader-w5r1,90
2026-04-03T20:51:11.517046-07:00,write,key-6,819.844,144,false,leader-w5r1,90
2026-04-03T20:51:11.517156-07:00,write,key-1,819.849,150,false,leader-w5r1,90
2026-04-03T20:51:12.336655-07:00,read,key-7,0.739,147,false,leader-w5r1,90
2026-04-03T20:51:12.336205-07:00,write,key-4,817.684,152,false,leader-w5r1,90
2026-04-03T20:51:12.335416-07:00,write,key-8,818.600,179,false,leader-w5r1,90
2026-04-03T20:51:12.335588-07:00,write,key-6,818.510,146,false,leader-w5r1,90
2026-04-03T20:51:12.336937-07:00,write,key-7,817.190,149,false,leader-w5r1,90
2026-04-03T20:51:12.33644-07:00,write,key-4,817.750,154,false,leader-w5r1,90
2026-04-03T20:51:12.335503-07:00,write,key-7,818.714,148,false,leader-w5r1,90
2026-04-03T20:51:12.336353-07:00,write,key-4,817.925,153,false,leader-w5r1,90
2026-04-03T20:51:12.336286-07:00,write,key-0,818.015,161,false,leader-w5r1,90
2026-04-03T20:51:12.334894-07:00,write,key-4,819.465,149,false,leader-w5r1,90
2026-04-03T20:51:12.335164-07:00,write,key-4,819.216,151,false,leader-w5r1,90
2026-04-03T20:51:12.337399-07:00,write,key-6,817.042,148,false,leader-w5r1,90
2026-04-03T20:51:12.336817-07:00,write,key-0,817.642,162,false,leader-w5r1,90
2026-04-03T20:51:12.335742-07:00,write,key-1,818.773,152,false,leader-w5r1,90
2026-04-03T20:51:12.335088-07:00,write,key-4,819.484,150,false,leader-w5r1,90
2026-04-03T20:51:12.335999-07:00,write,key-6,818.597,147,false,leader-w5r1,90
2026-04-03T20:51:12.335266-07:00,write,key-8,819.358,178,false,leader-w5r1,90
2026-04-03T20:51:12.335829-07:00,write,key-8,818.883,180,false,leader-w5r1,90
2026-04-03T20:51:12.335664-07:00,write,key-6,818.225,145,false,leader-w5r1,90
2026-04-03T20:51:12.337004-07:00,write,key-8,817.775,181,false,leader-w5r1,90
2026-04-03T20:51:12.336125-07:00,write,key-1,818.674,153,false,leader-w5r1,90
2026-04-03T20:51:13.153901-07:00,read,key-2,5.672,136,false,leader-w5r1,90
2026-04-03T20:51:13.154779-07:00,write,key-3,819.338,151,false,leader-w5r1,90
2026-04-03T20:51:13.154459-07:00,write,key-9,819.826,154,false,leader-w5r1,90
2026-04-03T20:51:13.154441-07:00,write,key-4,819.676,155,false,leader-w5r1,90
2026-04-03T20:51:13.15436-07:00,write,key-1,820.047,156,false,leader-w5r1,90
2026-04-03T20:51:13.154712-07:00,write,key-8,819.734,184,false,leader-w5r1,90
2026-04-03T20:51:13.154597-07:00,write,key-8,819.873,183,false,leader-w5r1,90
2026-04-03T20:51:13.154623-07:00,write,key-9,819.895,153,false,leader-w5r1,90
2026-04-03T20:51:13.15438-07:00,write,key-7,820.160,150,false,leader-w5r1,90
2026-04-03T20:51:13.154018-07:00,write,key-1,820.599,155,false,leader-w5r1,90
2026-04-03T20:51:13.154747-07:00,write,key-8,819.987,185,false,leader-w5r1,90
2026-04-03T20:51:13.154799-07:00,write,key-7,820.060,151,false,leader-w5r1,90
2026-04-03T20:51:13.154099-07:00,write,key-8,821.306,186,false,leader-w5r1,90
2026-04-03T20:51:13.154216-07:00,write,key-8,821.320,182,false,leader-w5r1,90
2026-04-03T20:51:13.154301-07:00,write,key-1,821.345,157,false,leader-w5r1,90
2026-04-03T20:51:13.154514-07:00,write,key-3,822.362,152,false,leader-w5r1,90
2026-04-03T20:51:13.15419-07:00,write,key-1,822.822,154,false,leader-w5r1,90
2026-04-03T20:51:13.154277-07:00,write,key-5,822.795,135,false,leader-w5r1,90
2026-04-03T20:51:13.154572-07:00,write,key-2,822.501,137,false,leader-w5r1,90
2026-04-03T20:51:13.154127-07:00,write,key-0,822.983,163,false,leader-w5r1,90
2026-04-03T20:51:13.15958-07:00,write,key-8,817.536,187,false,leader-w5r1,90
2026-04-03T20:51:13.974312-07:00,read,key-3,6.094,152,false,leader-w5r1,90
2026-04-03T20:51:13.974407-07:00,write,key-6,819.948,149,false,leader-w5r1,90
2026-04-03T20:51:13.974469-07:00,write,key-9,820.033,155,false,leader-w5r1,90
2026-04-03T20:51:13.974518-07:00,write,key-7,820.094,153,false,leader-w5r1,90
2026-04-03T20:51:13.975645-07:00,write,key-8,819.025,190,false,leader-w5r1,90
2026-04-03T20:51:13.974616-07:00,write,key-4,820.095,158,false,leader-w5r1,90
2026-04-03T20:51:13.974858-07:00,write,key-0,819.917,164,false,leader-w5r1,90
2026-04-03T20:51:13.977074-07:00,write,key-8,817.731,188,false,leader-w5r1,90
2026-04-03T20:51:13.974287-07:00,write,key-1,820.610,159,false,leader-w5r1,90
2026-04-03T20:51:13.977112-07:00,write,key-5,817.788,136,false,leader-w5r1,90
2026-04-03T20:51:13.974735-07:00,write,key-8,820.264,189,false,leader-w5r1,90
2026-04-03T20:51:13.975535-07:00,write,key-4,819.467,156,false,leader-w5r1,90
2026-04-03T20:51:13.977116-07:00,write,key-6,817.974,151,false,leader-w5r1,90
2026-04-03T20:51:13.974128-07:00,write,key-2,821.150,138,false,leader-w5r1,90
2026-04-03T20:51:13.975404-07:00,write,key-1,819.995,158,false,leader-w5r1,90
2026-04-03T20:51:13.97454-07:00,write,key-7,820.891,152,false,leader-w5r1,90
2026-04-03T20:51:13.977085-07:00,write,key-6,818.403,150,false,leader-w5r1,90
2026-04-03T20:51:13.976876-07:00,write,key-5,818.652,137,false,leader-w5r1,90
2026-04-03T20:51:13.974447-07:00,write,key-4,821.085,157,false,leader-w5r1,90
2026-04-03T20:51:13.980412-07:00,write,key-9,815.214,157,false,leader-w5r1,90
2026-04-03T20:51:13.977012-07:00,write,key-9,818.668,156,false,leader-w5r1,90
2026-04-03T20:51:14.795-07:00,read,key-6,3.994,151,false,leader-w5r1,90
2026-04-03T20:51:14.794366-07:00,write,key-4,815.987,161,false,leader-w5r1,90
2026-04-03T20:51:14.795625-07:00,write,key-5,814.729,138,false,leader-w5r1,90
2026-04-03T20:51:14.795002-07:00,write,key-7,821.688,154,false,leader-w5r1,90
2026-04-03T20:51:14.794775-07:00,write,key-9,821.968,158,false,leader-w5r1,90
2026-04-03T20:51:14.794503-07:00,write,key-3,822.356,154,false,leader-w5r1,90
2026-04-03T20:51:14.794901-07:00,write,key-2,822.390,139,false,leader-w5r1,90
2026-04-03T20:51:14.794711-07:00,write,key-9,822.617,159,false,leader-w5r1,90
2026-04-03T20:51:14.795532-07:00,write,key-4,821.875,160,false,leader-w5r1,90
2026-04-03T20:51:14.794671-07:00,write,key-0,822.738,165,false,leader-w5r1,90
2026-04-03T20:51:14.794612-07:00,write,key-7,822.894,155,false,leader-w5r1,90
2026-04-03T20:51:14.795399-07:00,write,key-0,822.216,166,false,leader-w5r1,90
2026-04-03T20:51:14.795527-07:00,write,key-4,822.127,159,false,leader-w5r1,90
2026-04-03T20:51:14.795277-07:00,write,key-6,822.429,152,false,leader-w5r1,90
2026-04-03T20:51:14.799-07:00,write,key-5,818.738,139,false,leader-w5r1,90
2026-04-03T20:51:14.79509-07:00,write,key-3,822.680,155,false,leader-w5r1,90
2026-04-03T20:51:14.794805-07:00,write,key-8,822.988,191,false,leader-w5r1,90
2026-04-03T20:51:14.795487-07:00,write,key-1,822.342,160,false,leader-w5r1,90
2026-04-03T20:51:14.794896-07:00,write,key-6,822.945,153,false,leader-w5r1,90
2026-04-03T20:51:14.79543-07:00,write,key-3,822.437,153,false,leader-w5r1,90
2026-04-03T20:51:14.795679-07:00,write,key-3,822.264,156,false,leader-w5r1,90
2026-04-03T20:51:15.617408-07:00,read,key-6,2.886,153,false,leader-w5r1,90
2026-04-03T20:51:15.617506-07:00,read,key-2,2.824,139,false,leader-w5r1,90
2026-04-03T20:51:15.616692-07:00,write,key-2,829.233,140,false,leader-w5r1,90
2026-04-03T20:51:15.617867-07:00,write,key-7,830.454,157,false,leader-w5r1,90
2026-04-03T20:51:15.617829-07:00,write,key-6,830.650,156,false,leader-w5r1,90
2026-04-03T20:51:15.617655-07:00,write,key-1,831.081,161,false,leader-w5r1,90
2026-04-03T20:51:15.61729-07:00,write,key-3,831.474,158,false,leader-w5r1,90
2026-04-03T20:51:15.617328-07:00,write,key-3,831.450,159,false,leader-w5r1,90
2026-04-03T20:51:15.617706-07:00,write,key-7,831.351,156,false,leader-w5r1,90
2026-04-03T20:51:15.617737-07:00,write,key-5,831.365,141,false,leader-w5r1,90
2026-04-03T20:51:15.617406-07:00,write,key-6,831.722,157,false,leader-w5r1,90
2026-04-03T20:51:15.61784-07:00,write,key-7,831.303,158,false,leader-w5r1,90
2026-04-03T20:51:15.617792-07:00,write,key-6,831.362,155,false,leader-w5r1,90
2026-04-03T20:51:15.620301-07:00,write,key-4,828.883,165,false,leader-w5r1,90
2026-04-03T20:51:15.617943-07:00,write,key-6,831.251,158,false,leader-w5r1,90
2026-04-03T20:51:15.610366-07:00,write,key-4,838.849,162,false,leader-w5r1,90
2026-04-03T20:51:15.616743-07:00,write,key-5,832.490,142,false,leader-w5r1,90
2026-04-03T20:51:15.61686-07:00,write,key-5,832.386,140,false,leader-w5r1,90
2026-04-03T20:51:15.610457-07:00,write,key-6,838.823,154,false,leader-w5r1,90
2026-04-03T20:51:15.617614-07:00,write,key-3,831.685,157,false,leader-w5r1,90
2026-04-03T20:51:15.620332-07:00,write,key-4,828.987,164,false,leader-w5r1,90
2026-04-03T20:51:15.61777-07:00,write,key-4,831.555,163,false,leader-w5r1,90
2026-04-03T20:51:16.44928-07:00,read,key-9,1.612,159,false,leader-w5r1,90
2026-04-03T20:51:16.44878-07:00,read,key-7,2.115,158,false,leader-w5r1,90
2026-04-03T20:51:16.449127-07:00,write,key-6,820.963,159,false,leader-w5r1,90
2026-04-03T20:51:16.449324-07:00,write,key-5,820.997,145,false,leader-w5r1,90
2026-04-03T20:51:16.450896-07:00,write,key-1,819.530,166,false,leader-w5r1,90
2026-04-03T20:51:16.448478-07:00,write,key-5,822.048,143,false,leader-w5r1,90
2026-04-03T20:51:16.448764-07:00,write,key-2,821.875,142,false,leader-w5r1,90
2026-04-03T20:51:16.449215-07:00,write,key-2,821.519,141,false,leader-w5r1,90
2026-04-03T20:51:16.449182-07:00,write,key-7,821.799,160,false,leader-w5r1,90
2026-04-03T20:51:16.445934-07:00,write,key-3,825.581,160,false,leader-w5r1,90
2026-04-03T20:51:16.449246-07:00,write,key-3,822.355,161,false,leader-w5r1,90
2026-04-03T20:51:16.448737-07:00,write,key-0,822.888,168,false,leader-w5r1,90
2026-04-03T20:51:16.450895-07:00,write,key-9,820.795,160,false,leader-w5r1,90
2026-04-03T20:51:16.449298-07:00,write,key-1,822.411,163,false,leader-w5r1,90
2026-04-03T20:51:16.449195-07:00,write,key-1,822.579,162,false,leader-w5r1,90
2026-04-03T20:51:16.449233-07:00,write,key-0,822.544,167,false,leader-w5r1,90
2026-04-03T20:51:16.448322-07:00,write,key-5,823.631,144,false,leader-w5r1,90
2026-04-03T20:51:16.449142-07:00,write,key-1,822.903,164,false,leader-w5r1,90
2026-04-03T20:51:16.449101-07:00,write,key-5,822.979,146,false,leader-w5r1,90
2026-04-03T20:51:16.449057-07:00,write,key-1,823.040,165,false,leader-w5r1,90
2026-04-03T20:51:16.449153-07:00,write,key-4,822.988,166,false,leader-w5r1,90
2026-04-03T20:51:16.449319-07:00,write,key-7,822.847,159,false,leader-w5r1,90
2026-04-03T20:51:17.271515-07:00,read,key-3,1.364,161,false,leader-w5r1,90
2026-04-03T20:51:17.270526-07:00,read,key-1,3.365,168,false,leader-w5r1,90
2026-04-03T20:51:17.272096-07:00,write,key-8,813.396,193,false,leader-w5r1,90
2026-04-03T20:51:17.270322-07:00,write,key-5,815.208,151,false,leader-w5r1,90
2026-04-03T20:51:17.272883-07:00,write,key-3,812.727,165,false,leader-w5r1,90
2026-04-03T20:51:17.270981-07:00,write,key-6,814.688,160,false,leader-w5r1,90
2026-04-03T20:51:17.273904-07:00,write,key-8,814.725,194,false,leader-w5r1,90
2026-04-03T20:51:17.271952-07:00,write,key-8,816.755,192,false,leader-w5r1,90
2026-04-03T20:51:17.270734-07:00,write,key-5,818.032,148,false,leader-w5r1,90
2026-04-03T20:51:17.272045-07:00,write,key-5,816.791,150,false,leader-w5r1,90
2026-04-03T20:51:17.2701-07:00,write,key-4,818.798,167,false,leader-w5r1,90
2026-04-03T20:51:17.271777-07:00,write,key-1,817.209,167,false,leader-w5r1,90
2026-04-03T20:51:17.271709-07:00,write,key-3,817.317,162,false,leader-w5r1,90
2026-04-03T20:51:17.271773-07:00,write,key-5,817.328,147,false,leader-w5r1,90
2026-04-03T20:51:17.272141-07:00,write,key-3,817.023,164,false,leader-w5r1,90
2026-04-03T20:51:17.272165-07:00,write,key-5,817.013,149,false,leader-w5r1,90
2026-04-03T20:51:17.27208-07:00,write,key-3,817.143,163,false,leader-w5r1,90
2026-04-03T20:51:17.271625-07:00,write,key-7,817.599,162,false,leader-w5r1,90
2026-04-03T20:51:17.270426-07:00,write,key-7,818.850,163,false,leader-w5r1,90
2026-04-03T20:51:17.271689-07:00,write,key-1,817.593,168,false,leader-w5r1,90
2026-04-03T20:51:17.270638-07:00,write,key-7,818.687,161,false,leader-w5r1,90
2026-04-03T20:51:17.271601-07:00,write,key-0,817.732,169,false,leader-w5r1,90
2026-04-03T20:51:18.088897-07:00,read,key-4,1.279,167,false,leader-w5r1,90
2026-04-03T20:51:18.089178-07:00,read,key-1,1.074,168,false,leader-w5r1,90
2026-04-03T20:51:18.088985-07:00,write,key-9,815.086,162,false,leader-w5r1,90
2026-04-03T20:51:18.085609-07:00,write,key-3,818.486,166,false,leader-w5r1,90
2026-04-03T20:51:18.089282-07:00,write,key-7,814.938,165,false,leader-w5r1,90
2026-04-03T20:51:18.090253-07:00,write,key-4,814.077,168,false,leader-w5r1,90
2026-04-03T20:51:18.089223-07:00,write,key-2,815.697,144,false,leader-w5r1,90
2026-04-03T20:51:18.089332-07:00,write,key-0,816.500,172,false,leader-w5r1,90
2026-04-03T20:51:18.089276-07:00,write,key-7,816.748,164,false,leader-w5r1,90
2026-04-03T20:51:18.089324-07:00,write,key-1,816.732,170,false,leader-w5r1,90
2026-04-03T20:51:18.088766-07:00,write,key-0,817.447,171,false,leader-w5r1,90
2026-04-03T20:51:18.089163-07:00,write,key-2,817.106,147,false,leader-w5r1,90
2026-04-03T20:51:18.0891-07:00,write,key-1,817.203,169,false,leader-w5r1,90
2026-04-03T20:51:18.08863-07:00,write,key-0,817.721,170,false,leader-w5r1,90
2026-04-03T20:51:18.085496-07:00,write,key-6,821.261,161,false,leader-w5r1,90
2026-04-03T20:51:18.088836-07:00,write,key-8,817.961,195,false,leader-w5r1,90
2026-04-03T20:51:18.088707-07:00,write,key-2,818.150,146,false,leader-w5r1,90
2026-04-03T20:51:18.085531-07:00,write,key-9,821.343,161,false,leader-w5r1,90
2026-04-03T20:51:18.089025-07:00,write,key-2,817.928,145,false,leader-w5r1,90
2026-04-03T20:51:18.090179-07:00,write,key-5,816.808,152,false,leader-w5r1,90
2026-04-03T20:51:18.089222-07:00,write,key-9,817.802,163,false,leader-w5r1,90
2026-04-03T20:51:18.085669-07:00,write,key-2,821.392,143,false,leader-w5r1,90
2026-04-03T20:51:18.90635-07:00,read,key-2,0.906,147,false,leader-w5r1,90
2026-04-03T20:51:18.906874-07:00,read,key-1,1.361,170,false,leader-w5r1,90
2026-04-03T20:51:18.90408-07:00,write,key-7,818.799,167,false,leader-w5r1,90
2026-04-03T20:51:18.906757-07:00,write,key-7,816.215,169,false,leader-w5r1,90
2026-04-03T20:51:18.905831-07:00,write,key-0,817.664,173,false,leader-w5r1,90
2026-04-03T20:51:18.906303-07:00,write,key-4,817.388,171,false,leader-w5r1,90
2026-04-03T20:51:18.904097-07:00,write,key-4,819.790,169,false,leader-w5r1,90
2026-04-03T20:51:18.906023-07:00,write,key-2,818.032,149,false,leader-w5r1,90
2026-04-03T20:51:18.907262-07:00,write,key-5,819.165,155,false,leader-w5r1,90
2026-04-03T20:51:18.90422-07:00,write,key-7,822.319,166,false,leader-w5r1,90
2026-04-03T20:51:18.908237-07:00,write,key-4,818.397,172,false,leader-w5r1,90
2026-04-03T20:51:18.906987-07:00,write,key-7,819.760,171,false,leader-w5r1,90
2026-04-03T20:51:18.906212-07:00,write,key-9,820.628,164,false,leader-w5r1,90
2026-04-03T20:51:18.906797-07:00,write,key-0,820.120,174,false,leader-w5r1,90
2026-04-03T20:51:18.907024-07:00,write,key-1,819.975,171,false,leader-w5r1,90
2026-04-03T20:51:18.90492-07:00,write,key-2,822.160,148,false,leader-w5r1,90
2026-04-03T20:51:18.906269-07:00,write,key-7,820.854,168,false,leader-w5r1,90
2026-04-03T20:51:18.906953-07:00,write,key-5,820.201,153,false,leader-w5r1,90
2026-04-03T20:51:18.906055-07:00,write,key-8,821.144,196,false,leader-w5r1,90
2026-04-03T20:51:18.906856-07:00,write,key-5,820.347,154,false,leader-w5r1,90
2026-04-03T20:51:18.907061-07:00,write,key-7,820.629,170,false,leader-w5r1,90
2026-04-03T20:51:18.90433-07:00,write,key-4,823.481,170,false,leader-w5r1,90
2026-04-03T20:51:19.723887-07:00,read,key-6,4.023,161,false,leader-w5r1,90
2026-04-03T20:51:19.72289-07:00,write,key-1,817.961,172,false,leader-w5r1,90
2026-04-03T20:51:19.727123-07:00,write,key-8,813.821,197,false,leader-w5r1,90
2026-04-03T20:51:19.722972-07:00,write,key-3,817.998,167,false,leader-w5r1,90
2026-04-03T20:51:19.726747-07:00,write,key-1,814.292,174,false,leader-w5r1,90
2026-04-03T20:51:19.724056-07:00,write,key-6,817.030,162,false,leader-w5r1,90
2026-04-03T20:51:19.727915-07:00,write,key-8,813.373,199,false,leader-w5r1,90
2026-04-03T20:51:19.726917-07:00,write,key-3,814.435,168,false,leader-w5r1,90
2026-04-03T20:51:19.727811-07:00,write,key-7,813.562,172,false,leader-w5r1,90
2026-04-03T20:51:19.727689-07:00,write,key-8,813.705,198,false,leader-w5r1,90
2026-04-03T20:51:19.7272-07:00,write,key-3,814.207,169,false,leader-w5r1,90
2026-04-03T20:51:19.723497-07:00,write,key-5,817.941,156,false,leader-w5r1,90
2026-04-03T20:51:19.723692-07:00,write,key-1,817.781,173,false,leader-w5r1,90
2026-04-03T20:51:19.727203-07:00,write,key-0,814.308,176,false,leader-w5r1,90
2026-04-03T20:51:19.726998-07:00,write,key-5,815.508,157,false,leader-w5r1,90
2026-04-03T20:51:19.726839-07:00,write,key-6,815.839,163,false,leader-w5r1,90
2026-04-03T20:51:19.726538-07:00,write,key-4,816.173,173,false,leader-w5r1,90
2026-04-03T20:51:19.727079-07:00,write,key-3,815.658,170,false,leader-w5r1,90
2026-04-03T20:51:19.726633-07:00,write,key-5,816.112,159,false,leader-w5r1,90
2026-04-03T20:51:19.726429-07:00,write,key-5,816.324,158,false,leader-w5r1,90
2026-04-03T20:51:19.727152-07:00,write,key-0,815.601,175,false,leader-w5r1,90
2026-04-03T20:51:20.541037-07:00,read,key-9,2.100,164,false,leader-w5r1,90
2026-04-03T20:51:20.541509-07:00,read,key-8,2.171,199,false,leader-w5r1,90
2026-04-03T20:51:20.541406-07:00,write,key-1,814.717,176,false,leader-w5r1,90
2026-04-03T20:51:20.54097-07:00,write,key-8,816.340,202,false,leader-w5r1,90
2026-04-03T20:51:20.541085-07:00,write,key-8,816.310,201,false,leader-w5r1,90
2026-04-03T20:51:20.542677-07:00,write,key-4,814.733,174,false,leader-w5r1,90
2026-04-03T20:51:20.541351-07:00,write,key-8,816.148,203,false,leader-w5r1,90
2026-04-03T20:51:20.541372-07:00,write,key-4,816.507,176,false,leader-w5r1,90
2026-04-03T20:51:20.542753-07:00,write,key-8,815.197,205,false,leader-w5r1,90
2026-04-03T20:51:20.541287-07:00,write,key-5,816.681,160,false,leader-w5r1,90
2026-04-03T20:51:20.542506-07:00,write,key-9,815.542,165,false,leader-w5r1,90
2026-04-03T20:51:20.540943-07:00,write,key-7,817.109,173,false,leader-w5r1,90
2026-04-03T20:51:20.543682-07:00,write,key-8,814.455,204,false,leader-w5r1,90
2026-04-03T20:51:20.542736-07:00,write,key-1,815.423,177,false,leader-w5r1,90
2026-04-03T20:51:20.540852-07:00,write,key-4,817.352,175,false,leader-w5r1,90
2026-04-03T20:51:20.543139-07:00,write,key-5,815.100,161,false,leader-w5r1,90
2026-04-03T20:51:20.541438-07:00,write,key-1,816.851,175,false,leader-w5r1,90
2026-04-03T20:51:20.541473-07:00,write,key-9,816.881,167,false,leader-w5r1,90
2026-04-03T20:51:20.541393-07:00,write,key-6,817.003,164,false,leader-w5r1,90
2026-04-03T20:51:20.542744-07:00,write,key-6,815.687,165,false,leader-w5r1,90
2026-04-03T20:51:20.542711-07:00,write,key-8,815.768,200,false,leader-w5r1,90
2026-04-03T20:51:20.542752-07:00,write,key-9,815.776,166,false,leader-w5r1,90
2026-04-03T20:51:21.358288-07:00,read,key-1,7.033,177,false,leader-w5r1,90
2026-04-03T20:51:21.358159-07:00,read,key-2,7.335,149,false,leader-w5r1,90
2026-04-03T20:51:21.365497-07:00,read,key-1,3.177,179,false,leader-w5r1,90
2026-04-03T20:51:21.368677-07:00,read,key-0,0.568,177,false,leader-w5r1,90
2026-04-03T20:51:21.369247-07:00,write,key-7,813.517,175,false,leader-w5r1,90
2026-04-03T20:51:21.358052-07:00,write,key-7,824.892,174,false,leader-w5r1,90
2026-04-03T20:51:21.357499-07:00,write,key-1,825.265,179,false,leader-w5r1,90
2026-04-03T20:51:21.357951-07:00,write,key-5,825.098,162,false,leader-w5r1,90
2026-04-03T20:51:21.358137-07:00,write,key-9,824.974,169,false,leader-w5r1,90
2026-04-03T20:51:21.358478-07:00,write,key-3,824.671,172,false,leader-w5r1,90
2026-04-03T20:51:21.358431-07:00,write,key-8,824.737,207,false,leader-w5r1,90
2026-04-03T20:51:21.358396-07:00,write,key-4,824.852,177,false,leader-w5r1,90
2026-04-03T20:51:21.357396-07:00,write,key-2,826.004,150,false,leader-w5r1,90
2026-04-03T20:51:21.358204-07:00,write,key-8,825.334,208,false,leader-w5r1,90
2026-04-03T20:51:21.358239-07:00,write,key-5,825.422,163,false,leader-w5r1,90
2026-04-03T20:51:21.365325-07:00,write,key-1,818.414,180,false,leader-w5r1,90
2026-04-03T20:51:21.358048-07:00,write,key-0,825.772,177,false,leader-w5r1,90
2026-04-03T20:51:21.358528-07:00,write,key-8,825.361,206,false,leader-w5r1,90
2026-04-03T20:51:21.35741-07:00,write,key-8,826.577,209,false,leader-w5r1,90
2026-04-03T20:51:21.357968-07:00,write,key-1,826.068,178,false,leader-w5r1,90
2026-04-03T20:51:21.357878-07:00,write,key-2,826.191,151,false,leader-w5r1,90
2026-04-03T20:51:21.35731-07:00,write,key-5,826.810,164,false,leader-w5r1,90
2026-04-03T20:51:21.358353-07:00,write,key-3,825.850,171,false,leader-w5r1,90
2026-04-03T20:51:21.356127-07:00,write,key-9,828.109,168,false,leader-w5r1,90
2026-04-03T20:51:22.183889-07:00,read,key-5,1.787,164,false,leader-w5r1,90
2026-04-03T20:51:22.183986-07:00,write,key-2,817.018,154,false,leader-w5r1,90
2026-04-03T20:51:22.183248-07:00,write,key-8,818.031,211,false,leader-w5r1,90
2026-04-03T20:51:22.182945-07:00,write,key-3,818.437,173,false,leader-w5r1,90
2026-04-03T20:51:22.18412-07:00,write,key-7,817.374,176,false,leader-w5r1,90
2026-04-03T20:51:22.183661-07:00,write,key-0,817.940,179,false,leader-w5r1,90
2026-04-03T20:51:22.183049-07:00,write,key-4,818.648,178,false,leader-w5r1,90
2026-04-03T20:51:22.183111-07:00,write,key-2,818.685,153,false,leader-w5r1,90
2026-04-03T20:51:22.184069-07:00,write,key-6,817.873,167,false,leader-w5r1,90
2026-04-03T20:51:22.184036-07:00,write,key-3,818.000,174,false,leader-w5r1,90
2026-04-03T20:51:22.18317-07:00,write,key-0,818.981,178,false,leader-w5r1,90
2026-04-03T20:51:22.184203-07:00,write,key-1,818.007,183,false,leader-w5r1,90
2026-04-03T20:51:22.185682-07:00,write,key-2,816.562,155,false,leader-w5r1,90
2026-04-03T20:51:22.1834-07:00,write,key-1,818.895,181,false,leader-w5r1,90
2026-04-03T20:51:22.183818-07:00,write,key-5,818.530,165,false,leader-w5r1,90
2026-04-03T20:51:22.182777-07:00,write,key-4,819.616,179,false,leader-w5r1,90
2026-04-03T20:51:22.183149-07:00,write,key-1,819.270,182,false,leader-w5r1,90
2026-04-03T20:51:22.183739-07:00,write,key-8,818.765,212,false,leader-w5r1,90
2026-04-03T20:51:22.183538-07:00,write,key-2,818.978,152,false,leader-w5r1,90
2026-04-03T20:51:22.182947-07:00,write,key-6,819.633,166,false,leader-w5r1,90
2026-04-03T20:51:22.184236-07:00,write,key-8,818.354,210,false,leader-w5r1,90
2026-04-03T20:51:23.002393-07:00,read,key-6,1.673,168,false,leader-w5r1,90
2026-04-03T20:51:23.001796-07:00,read,key-4,2.308,179,false,leader-w5r1,90
2026-04-03T20:51:23.002151-07:00,write,key-5,816.152,169,false,leader-w5r1,90
2026-04-03T20:51:23.002348-07:00,write,key-5,816.279,167,false,leader-w5r1,90
2026-04-03T20:51:23.001381-07:00,write,key-4,817.351,182,false,leader-w5r1,90
2026-04-03T20:51:23.002515-07:00,write,key-0,816.619,180,false,leader-w5r1,90
2026-04-03T20:51:23.001942-07:00,write,key-9,817.286,172,false,leader-w5r1,90
2026-04-03T20:51:23.001696-07:00,write,key-6,817.638,168,false,leader-w5r1,90
2026-04-03T20:51:23.004071-07:00,write,key-2,815.350,156,false,leader-w5r1,90
2026-04-03T20:51:23.002579-07:00,write,key-8,816.985,213,false,leader-w5r1,90
2026-04-03T20:51:23.002589-07:00,write,key-4,817.043,180,false,leader-w5r1,90
2026-04-03T20:51:23.001493-07:00,write,key-1,818.216,184,false,leader-w5r1,90
2026-04-03T20:51:23.002503-07:00,write,key-7,817.215,177,false,leader-w5r1,90
2026-04-03T20:51:23.00128-07:00,write,key-1,818.505,185,false,leader-w5r1,90
2026-04-03T20:51:23.002419-07:00,write,key-9,817.369,171,false,leader-w5r1,90
2026-04-03T20:51:23.002243-07:00,write,key-3,817.610,175,false,leader-w5r1,90
2026-04-03T20:51:23.0016-07:00,write,key-4,818.274,181,false,leader-w5r1,90
2026-04-03T20:51:23.002294-07:00,write,key-8,817.629,214,false,leader-w5r1,90
2026-04-03T20:51:23.002035-07:00,write,key-9,817.917,170,false,leader-w5r1,90
2026-04-03T20:51:23.001014-07:00,write,key-5,818.977,168,false,leader-w5r1,90
2026-04-03T20:51:23.004109-07:00,write,key-1,815.903,186,false,leader-w5r1,90
2026-04-03T20:51:23.00221-07:00,write,key-5,817.851,166,false,leader-w5r1,90
2026-04-03T20:51:23.819228-07:00,write,key-6,817.596,169,false,leader-w5r1,90
2026-04-03T20:51:23.819563-07:00,write,key-9,817.396,175,false,leader-w5r1,90
2026-04-03T20:51:23.819952-07:00,write,key-7,817.071,180,false,leader-w5r1,90
2026-04-03T20:51:23.819134-07:00,write,key-6,817.962,170,false,leader-w5r1,90
2026-04-03T20:51:23.81942-07:00,write,key-0,817.733,181,false,leader-w5r1,90
2026-04-03T20:51:23.820011-07:00,write,key-0,817.203,182,false,leader-w5r1,90
2026-04-03T20:51:23.819709-07:00,write,key-5,817.562,170,false,leader-w5r1,90
2026-04-03T20:51:23.818314-07:00,write,key-7,819.013,179,false,leader-w5r1,90
2026-04-03T20:51:23.818627-07:00,write,key-7,818.759,181,false,leader-w5r1,90
2026-04-03T20:51:23.819874-07:00,write,key-4,817.576,183,false,leader-w5r1,90
2026-04-03T20:51:23.819991-07:00,write,key-2,817.547,157,false,leader-w5r1,90
2026-04-03T20:51:23.819854-07:00,write,key-8,817.737,215,false,leader-w5r1,90
2026-04-03T20:51:23.819784-07:00,write,key-1,817.860,188,false,leader-w5r1,90
2026-04-03T20:51:23.818732-07:00,write,key-9,820.207,176,false,leader-w5r1,90
2026-04-03T20:51:23.819788-07:00,write,key-9,819.155,173,false,leader-w5r1,90
2026-04-03T20:51:23.819334-07:00,write,key-4,819.672,184,false,leader-w5r1,90
2026-04-03T20:51:23.819922-07:00,write,key-0,819.087,183,false,leader-w5r1,90
2026-04-03T20:51:23.819717-07:00,write,key-1,819.350,187,false,leader-w5r1,90
2026-04-03T20:51:23.82006-07:00,write,key-9,819.020,174,false,leader-w5r1,90
2026-04-03T20:51:23.819632-07:00,write,key-7,819.488,178,false,leader-w5r1,90
2026-04-03T20:51:24.639119-07:00,write,key-7,820.911,183,false,leader-w5r1,90
2026-04-03T20:51:24.636826-07:00,write,key-0,823.370,186,false,leader-w5r1,90
2026-04-03T20:51:24.636959-07:00,write,key-7,823.071,184,false,leader-w5r1,90
2026-04-03T20:51:24.637643-07:00,write,key-2,822.665,158,false,leader-w5r1,90
2026-04-03T20:51:24.639009-07:00,write,key-0,821.363,188,false,leader-w5r1,90
2026-04-03T20:51:24.63908-07:00,write,key-4,821.325,185,false,leader-w5r1,90
2026-04-03T20:51:24.63748-07:00,write,key-0,822.996,184,false,leader-w5r1,90
2026-04-03T20:51:24.637385-07:00,write,key-1,823.114,189,false,leader-w5r1,90
2026-04-03T20:51:24.637537-07:00,write,key-4,823.034,186,false,leader-w5r1,90
2026-04-03T20:51:24.637213-07:00,write,key-9,823.380,177,false,leader-w5r1,90
2026-04-03T20:51:24.639005-07:00,write,key-7,821.697,182,false,leader-w5r1,90
2026-04-03T20:51:24.638943-07:00,write,key-1,821.771,190,false,leader-w5r1,90
2026-04-03T20:51:24.63727-07:00,write,key-0,823.523,185,false,leader-w5r1,90
2026-04-03T20:51:24.637152-07:00,write,key-6,823.670,172,false,leader-w5r1,90
2026-04-03T20:51:24.637326-07:00,write,key-3,823.557,176,false,leader-w5r1,90
2026-04-03T20:51:24.638939-07:00,write,key-5,821.972,171,false,leader-w5r1,90
2026-04-03T20:51:24.639066-07:00,write,key-6,821.874,171,false,leader-w5r1,90
2026-04-03T20:51:24.637095-07:00,write,key-1,823.860,191,false,leader-w5r1,90
2026-04-03T20:51:24.63759-07:00,write,key-9,823.419,178,false,leader-w5r1,90
2026-04-03T20:51:24.637022-07:00,write,key-0,824.195,187,false,leader-w5r1,90
2026-04-03T20:51:25.46094-07:00,read,key-7,4.587,184,false,leader-w5r1,90
2026-04-03T20:51:25.460405-07:00,write,key-5,823.798,172,false,leader-w5r1,90
2026-04-03T20:51:25.460041-07:00,write,key-0,824.317,191,false,leader-w5r1,90
2026-04-03T20:51:25.460209-07:00,write,key-1,823.994,192,false,leader-w5r1,90
2026-04-03T20:51:25.460792-07:00,write,key-2,823.693,160,false,leader-w5r1,90
2026-04-03T20:51:25.465535-07:00,write,key-6,818.965,174,false,leader-w5r1,90
2026-04-03T20:51:25.460714-07:00,write,key-3,823.867,177,false,leader-w5r1,90
2026-04-03T20:51:25.460593-07:00,write,key-8,824.080,216,false,leader-w5r1,90
2026-04-03T20:51:25.46091-07:00,write,key-0,823.852,192,false,leader-w5r1,90
2026-04-03T20:51:25.460823-07:00,write,key-0,824.016,190,false,leader-w5r1,90
2026-04-03T20:51:25.461009-07:00,write,key-7,823.932,185,false,leader-w5r1,90
2026-04-03T20:51:25.460955-07:00,write,key-4,824.003,187,false,leader-w5r1,90
2026-04-03T20:51:25.460499-07:00,write,key-0,824.496,189,false,leader-w5r1,90
2026-04-03T20:51:25.460371-07:00,write,key-2,824.711,161,false,leader-w5r1,90
2026-04-03T20:51:25.460196-07:00,write,key-6,824.986,173,false,leader-w5r1,90
2026-04-03T20:51:25.460882-07:00,write,key-4,824.308,188,false,leader-w5r1,90
2026-04-03T20:51:25.460308-07:00,write,key-3,824.975,178,false,leader-w5r1,90
2026-04-03T20:51:25.460476-07:00,write,key-5,824.873,174,false,leader-w5r1,90
2026-04-03T20:51:25.461216-07:00,write,key-5,824.200,173,false,leader-w5r1,90
2026-04-03T20:51:25.460571-07:00,write,key-2,824.919,159,false,leader-w5r1,90
2026-04-03T20:51:25.460701-07:00,write,key-5,824.858,175,false,leader-w5r1,90
2026-04-03T20:51:26.284838-07:00,read,key-4,3.508,188,false,leader-w5r1,90
2026-04-03T20:51:26.284439-07:00,write,key-2,816.929,162,false,leader-w5r1,90
2026-04-03T20:51:26.284995-07:00,write,key-7,816.555,186,false,leader-w5r1,90
2026-04-03T20:51:26.288354-07:00,write,key-1,813.255,193,false,leader-w5r1,90
2026-04-03T20:51:26.284486-07:00,write,key-4,817.165,190,false,leader-w5r1,90
2026-04-03T20:51:26.285559-07:00,write,key-9,816.137,180,false,leader-w5r1,90
2026-04-03T20:51:26.285189-07:00,write,key-4,816.542,189,false,leader-w5r1,90
2026-04-03T20:51:26.285182-07:00,write,key-0,816.592,195,false,leader-w5r1,90
2026-04-03T20:51:26.284581-07:00,write,key-7,817.222,189,false,leader-w5r1,90
2026-04-03T20:51:26.28494-07:00,write,key-6,816.923,176,false,leader-w5r1,90
2026-04-03T20:51:26.284359-07:00,write,key-6,817.517,177,false,leader-w5r1,90
2026-04-03T20:51:26.2845-07:00,write,key-7,817.461,188,false,leader-w5r1,90
2026-04-03T20:51:26.285282-07:00,write,key-4,816.704,191,false,leader-w5r1,90
2026-04-03T20:51:26.284958-07:00,write,key-2,817.084,163,false,leader-w5r1,90
2026-04-03T20:51:26.285349-07:00,write,key-0,816.704,193,false,leader-w5r1,90
2026-04-03T20:51:26.285082-07:00,write,key-7,817.006,187,false,leader-w5r1,90
2026-04-03T20:51:26.284673-07:00,write,key-0,817.520,194,false,leader-w5r1,90
2026-04-03T20:51:26.284761-07:00,write,key-5,817.497,176,false,leader-w5r1,90
2026-04-03T20:51:26.285489-07:00,write,key-9,816.813,179,false,leader-w5r1,90
2026-04-03T20:51:26.285416-07:00,write,key-8,816.901,217,false,leader-w5r1,90
2026-04-03T20:51:26.284216-07:00,write,key-6,818.163,175,false,leader-w5r1,90
2026-04-03T20:51:27.101863-07:00,read,key-3,1.779,178,false,leader-w5r1,90
2026-04-03T20:51:27.10155-07:00,write,key-8,816.779,218,false,leader-w5r1,90
2026-04-03T20:51:27.101375-07:00,write,key-6,817.254,178,false,leader-w5r1,90
2026-04-03T20:51:27.102054-07:00,write,key-9,816.742,181,false,leader-w5r1,90
2026-04-03T20:51:27.101876-07:00,write,key-3,817.476,180,false,leader-w5r1,90
2026-04-03T20:51:27.101802-07:00,write,key-5,817.610,177,false,leader-w5r1,90
2026-04-03T20:51:27.10173-07:00,write,key-2,817.737,164,false,leader-w5r1,90
2026-04-03T20:51:27.102041-07:00,write,key-0,817.815,196,false,leader-w5r1,90
2026-04-03T20:51:27.10196-07:00,write,key-3,818.028,179,false,leader-w5r1,90
2026-04-03T20:51:27.102302-07:00,write,key-8,817.808,219,false,leader-w5r1,90
2026-04-03T20:51:27.102258-07:00,write,key-6,818.692,179,false,leader-w5r1,90
2026-04-03T20:51:27.101696-07:00,write,key-1,819.384,196,false,leader-w5r1,90
2026-04-03T20:51:27.102317-07:00,write,key-7,818.859,190,false,leader-w5r1,90
2026-04-03T20:51:27.101651-07:00,write,key-2,819.565,165,false,leader-w5r1,90
2026-04-03T20:51:27.101608-07:00,write,key-0,819.648,197,false,leader-w5r1,90
2026-04-03T20:51:27.101986-07:00,write,key-1,819.881,194,false,leader-w5r1,90
2026-04-03T20:51:27.101774-07:00,write,key-1,820.202,195,false,leader-w5r1,90
2026-04-03T20:51:27.102087-07:00,write,key-9,819.999,182,false,leader-w5r1,90
2026-04-03T20:51:27.102192-07:00,write,key-5,819.997,178,false,leader-w5r1,90
2026-04-03T20:51:27.102379-07:00,write,key-4,819.908,192,false,leader-w5r1,90
2026-04-03T20:51:27.103647-07:00,write,key-9,818.743,183,false,leader-w5r1,90
2026-04-03T20:51:27.918796-07:00,read,key-1,4.459,196,false,leader-w5r1,90
2026-04-03T20:51:27.92239-07:00,read,key-8,0.979,219,false,leader-w5r1,90
2026-04-03T20:51:27.921975-07:00,write,key-7,818.610,192,false,leader-w5r1,90
2026-04-03T20:51:27.919467-07:00,write,key-1,821.403,198,false,leader-w5r1,90
2026-04-03T20:51:27.919988-07:00,write,key-2,820.887,166,false,leader-w5r1,90
2026-04-03T20:51:27.918632-07:00,write,key-6,822.326,181,false,leader-w5r1,90
2026-04-03T20:51:27.92095-07:00,write,key-9,820.033,185,false,leader-w5r1,90
2026-04-03T20:51:27.922286-07:00,write,key-5,818.741,179,false,leader-w5r1,90
2026-04-03T20:51:27.919412-07:00,write,key-3,821.659,181,false,leader-w5r1,90
2026-04-03T20:51:27.921176-07:00,write,key-6,819.932,180,false,leader-w5r1,90
2026-04-03T20:51:27.918341-07:00,write,key-7,822.795,191,false,leader-w5r1,90
2026-04-03T20:51:27.921256-07:00,write,key-1,819.924,199,false,leader-w5r1,90
2026-04-03T20:51:27.921867-07:00,write,key-9,819.320,186,false,leader-w5r1,90
2026-04-03T20:51:27.921216-07:00,write,key-4,820.004,194,false,leader-w5r1,90
2026-04-03T20:51:27.92011-07:00,write,key-4,821.137,193,false,leader-w5r1,90
2026-04-03T20:51:27.919353-07:00,write,key-1,821.956,197,false,leader-w5r1,90
2026-04-03T20:51:27.919856-07:00,write,key-6,821.482,182,false,leader-w5r1,90
2026-04-03T20:51:27.923262-07:00,write,key-1,818.104,201,false,leader-w5r1,90
2026-04-03T20:51:27.92219-07:00,write,key-8,819.206,221,false,leader-w5r1,90
2026-04-03T20:51:27.922086-07:00,write,key-8,819.333,220,false,leader-w5r1,90
2026-04-03T20:51:27.923371-07:00,write,key-1,818.072,200,false,leader-w5r1,90
2026-04-03T20:51:27.921079-07:00,write,key-9,820.863,184,false,leader-w5r1,90
2026-04-03T20:51:28.740984-07:00,read,key-4,1.377,194,false,leader-w5r1,90
2026-04-03T20:51:28.741443-07:00,read,key-5,0.923,179,false,leader-w5r1,90
2026-04-03T20:51:28.741107-07:00,write,key-0,820.497,198,false,leader-w5r1,90
2026-04-03T20:51:28.740869-07:00,write,key-7,820.966,194,false,leader-w5r1,90
2026-04-03T20:51:28.741187-07:00,write,key-4,820.746,195,false,leader-w5r1,90
2026-04-03T20:51:28.740593-07:00,write,key-8,821.425,222,false,leader-w5r1,90
2026-04-03T20:51:28.741395-07:00,write,key-6,820.715,187,false,leader-w5r1,90
2026-04-03T20:51:28.741337-07:00,write,key-7,820.922,195,false,leader-w5r1,90
2026-04-03T20:51:28.741135-07:00,write,key-7,821.187,193,false,leader-w5r1,90
2026-04-03T20:51:28.741941-07:00,write,key-2,820.655,167,false,leader-w5r1,90
2026-04-03T20:51:28.741179-07:00,write,key-6,821.481,183,false,leader-w5r1,90
2026-04-03T20:51:28.740958-07:00,write,key-3,821.740,182,false,leader-w5r1,90
2026-04-03T20:51:28.74107-07:00,write,key-6,821.661,184,false,leader-w5r1,90
2026-04-03T20:51:28.741419-07:00,write,key-4,821.361,196,false,leader-w5r1,90
2026-04-03T20:51:28.741027-07:00,write,key-6,821.782,185,false,leader-w5r1,90
2026-04-03T20:51:28.741365-07:00,write,key-3,821.468,184,false,leader-w5r1,90
2026-04-03T20:51:28.741219-07:00,write,key-5,821.664,180,false,leader-w5r1,90
2026-04-03T20:51:28.742365-07:00,write,key-1,820.695,202,false,leader-w5r1,90
2026-04-03T20:51:28.740875-07:00,write,key-6,822.189,186,false,leader-w5r1,90
2026-04-03T20:51:28.742367-07:00,write,key-3,820.767,183,false,leader-w5r1,90
2026-04-03T20:51:28.741308-07:00,write,key-1,821.858,203,false,leader-w5r1,90
2026-04-03T20:51:29.562882-07:00,read,key-9,0.889,186,false,leader-w5r1,90
2026-04-03T20:51:28.741246-07:00,write,key-8,822.605,223,false,leader-w5r1,90
2026-04-03T20:51:29.562322-07:00,write,key-4,812.092,197,false,leader-w5r1,90
2026-04-03T20:51:29.56211-07:00,write,key-6,812.570,188,false,leader-w5r1,90
2026-04-03T20:51:29.563165-07:00,write,key-0,811.739,200,false,leader-w5r1,90
2026-04-03T20:51:29.56306-07:00,write,key-2,811.927,172,false,leader-w5r1,90
2026-04-03T20:51:29.562731-07:00,write,key-2,812.308,171,false,leader-w5r1,90
2026-04-03T20:51:29.563776-07:00,write,key-8,811.357,226,false,leader-w5r1,90
2026-04-03T20:51:29.562259-07:00,write,key-2,815.468,169,false,leader-w5r1,90
2026-04-03T20:51:30.374904-07:00,read,key-5,2.948,181,false,leader-w5r1,90
2026-04-03T20:51:29.562659-07:00,write,key-9,815.212,187,false,leader-w5r1,90
2026-04-03T20:51:29.562779-07:00,write,key-4,815.147,198,false,leader-w5r1,90
2026-04-03T20:51:29.561615-07:00,write,key-5,816.369,181,false,leader-w5r1,90
2026-04-03T20:51:29.561934-07:00,write,key-9,816.069,188,false,leader-w5r1,90
2026-04-03T20:51:29.562697-07:00,write,key-0,815.361,199,false,leader-w5r1,90
2026-04-03T20:51:29.563134-07:00,write,key-2,815.455,173,false,leader-w5r1,90
2026-04-03T20:51:29.562019-07:00,write,key-2,816.805,170,false,leader-w5r1,90
2026-04-03T20:51:29.562596-07:00,write,key-2,816.317,168,false,leader-w5r1,90
2026-04-03T20:51:29.562832-07:00,write,key-6,816.147,189,false,leader-w5r1,90
2026-04-03T20:51:29.563064-07:00,write,key-8,816.010,225,false,leader-w5r1,90
2026-04-03T20:51:29.562808-07:00,write,key-9,816.346,189,false,leader-w5r1,90
2026-04-03T20:51:29.561837-07:00,write,key-8,817.390,224,false,leader-w5r1,90
2026-04-03T20:51:30.37786-07:00,read,key-9,1.459,189,false,leader-w5r1,90
2026-04-03T20:51:29.56385-07:00,write,key-2,816.640,174,false,leader-w5r1,90
2026-04-03T20:51:30.377729-07:00,write,key-2,816.973,177,false,leader-w5r1,90
2026-04-03T20:51:30.378979-07:00,write,key-7,815.800,196,false,leader-w5r1,90
2026-04-03T20:51:30.377926-07:00,write,key-5,816.966,182,false,leader-w5r1,90
2026-04-03T20:51:30.378912-07:00,write,key-1,815.995,206,false,leader-w5r1,90
2026-04-03T20:51:30.374682-07:00,write,key-4,820.290,200,false,leader-w5r1,90
2026-04-03T20:51:30.379074-07:00,write,key-2,815.909,176,false,leader-w5r1,90
2026-04-03T20:51:30.379321-07:00,write,key-5,815.753,183,false,leader-w5r1,90
2026-04-03T20:51:30.374428-07:00,write,key-4,820.672,199,false,leader-w5r1,90
2026-04-03T20:51:30.375134-07:00,write,key-9,819.991,190,false,leader-w5r1,90
2026-04-03T20:51:30.379153-07:00,write,key-6,816.026,190,false,leader-w5r1,90
2026-04-03T20:51:30.377871-07:00,write,key-3,817.356,185,false,leader-w5r1,90
2026-04-03T20:51:30.378823-07:00,write,key-8,816.437,227,false,leader-w5r1,90
2026-04-03T20:51:30.374987-07:00,write,key-1,820.317,205,false,leader-w5r1,90
2026-04-03T20:51:30.375038-07:00,write,key-1,820.292,204,false,leader-w5r1,90
2026-04-03T20:51:30.378002-07:00,write,key-6,817.372,191,false,leader-w5r1,90
2026-04-03T20:51:30.377983-07:00,write,key-4,817.428,201,false,leader-w5r1,90
2026-04-03T20:51:30.378057-07:00,write,key-7,817.421,198,false,leader-w5r1,90
2026-04-03T20:51:30.378589-07:00,write,key-2,816.902,175,false,leader-w5r1,90
2026-04-03T20:51:30.379226-07:00,write,key-7,816.333,197,false,leader-w5r1,90
2026-04-03T20:51:30.380491-07:00,write,key-7,815.073,199,false,leader-w5r1,90
2026-04-03T20:51:31.194983-07:00,read,key-7,1.049,199,false,leader-w5r1,90
2026-04-03T20:51:31.196037-07:00,read,key-0,4.203,200,false,leader-w5r1,90
2026-04-03T20:51:31.195074-07:00,write,key-7,817.481,200,false,leader-w5r1,90
2026-04-03T20:51:31.19533-07:00,write,key-8,817.287,228,false,leader-w5r1,90
2026-04-03T20:51:31.194712-07:00,write,key-2,817.951,179,false,leader-w5r1,90
2026-04-03T20:51:31.195125-07:00,write,key-3,817.583,186,false,leader-w5r1,90
2026-04-03T20:51:31.195179-07:00,write,key-4,817.589,203,false,leader-w5r1,90
2026-04-03T20:51:31.194971-07:00,write,key-7,817.838,201,false,leader-w5r1,90
2026-04-03T20:51:31.195491-07:00,write,key-9,817.352,192,false,leader-w5r1,90
2026-04-03T20:51:31.195373-07:00,write,key-9,817.493,191,false,leader-w5r1,90
2026-04-03T20:51:31.195563-07:00,write,key-2,817.350,181,false,leader-w5r1,90
2026-04-03T20:51:31.200243-07:00,write,key-4,812.679,206,false,leader-w5r1,90
2026-04-03T20:51:31.19478-07:00,write,key-6,818.180,192,false,leader-w5r1,90
2026-04-03T20:51:31.1951-07:00,write,key-2,817.874,180,false,leader-w5r1,90
2026-04-03T20:51:31.195558-07:00,write,key-1,817.456,208,false,leader-w5r1,90
2026-04-03T20:51:31.194891-07:00,write,key-2,818.159,178,false,leader-w5r1,90
2026-04-03T20:51:31.195227-07:00,write,key-1,817.829,207,false,leader-w5r1,90
2026-04-03T20:51:31.195411-07:00,write,key-9,817.697,193,false,leader-w5r1,90
2026-04-03T20:51:31.195478-07:00,write,key-4,817.649,205,false,leader-w5r1,90
2026-04-03T20:51:31.19526-07:00,write,key-6,817.887,193,false,leader-w5r1,90
2026-04-03T20:51:31.195304-07:00,write,key-4,817.877,204,false,leader-w5r1,90
2026-04-03T20:51:31.194906-07:00,write,key-4,818.285,202,false,leader-w5r1,90
2026-04-03T20:51:32.013126-07:00,read,key-7,1.250,201,false,leader-w5r1,90
2026-04-03T20:51:32.012557-07:00,read,key-9,1.891,193,false,leader-w5r1,90
2026-04-03T20:51:32.013108-07:00,read,key-8,1.585,228,false,leader-w5r1,90
2026-04-03T20:51:32.012958-07:00,write,key-5,812.239,185,false,leader-w5r1,90
2026-04-03T20:51:32.013181-07:00,write,key-4,812.078,207,false,leader-w5r1,90
2026-04-03T20:51:32.014694-07:00,write,key-5,810.637,188,false,leader-w5r1,90
2026-04-03T20:51:32.014382-07:00,write,key-8,811.005,229,false,leader-w5r1,90
2026-04-03T20:51:32.012912-07:00,write,key-3,812.539,188,false,leader-w5r1,90
2026-04-03T20:51:32.01445-07:00,write,key-5,811.016,187,false,leader-w5r1,90
2026-04-03T20:51:32.012809-07:00,write,key-3,812.719,189,false,leader-w5r1,90
2026-04-03T20:51:32.01319-07:00,write,key-7,812.381,203,false,leader-w5r1,90
2026-04-03T20:51:32.012922-07:00,write,key-4,812.692,208,false,leader-w5r1,90
2026-04-03T20:51:32.012663-07:00,write,key-3,812.957,187,false,leader-w5r1,90
2026-04-03T20:51:32.013014-07:00,write,key-2,813.050,185,false,leader-w5r1,90
2026-04-03T20:51:32.826064-07:00,read,key-7,0.612,203,false,leader-w5r1,90
2026-04-03T20:51:32.013055-07:00,write,key-2,813.913,184,false,leader-w5r1,90
2026-04-03T20:51:32.012618-07:00,write,key-1,814.621,209,false,leader-w5r1,90
2026-04-03T20:51:32.012842-07:00,write,key-5,814.447,184,false,leader-w5r1,90
2026-04-03T20:51:32.013049-07:00,write,key-7,814.311,202,false,leader-w5r1,90
2026-04-03T20:51:32.012767-07:00,write,key-6,814.639,194,false,leader-w5r1,90
2026-04-03T20:51:32.012865-07:00,write,key-2,814.589,183,false,leader-w5r1,90
2026-04-03T20:51:32.012707-07:00,write,key-2,814.797,182,false,leader-w5r1,90
2026-04-03T20:51:32.013147-07:00,write,key-3,814.402,190,false,leader-w5r1,90
2026-04-03T20:51:32.012973-07:00,write,key-5,814.621,186,false,leader-w5r1,90
2026-04-03T20:51:32.827288-07:00,read,key-8,0.442,229,false,leader-w5r1,90
2026-04-03T20:51:32.82562-07:00,write,key-0,815.053,201,false,leader-w5r1,90
2026-04-03T20:51:32.826681-07:00,write,key-3,813.992,193,false,leader-w5r1,90
2026-04-03T20:51:32.827547-07:00,write,key-5,813.552,191,false,leader-w5r1,90
2026-04-03T20:51:32.827454-07:00,write,key-6,813.699,198,false,leader-w5r1,90
2026-04-03T20:51:32.827593-07:00,write,key-7,813.600,204,false,leader-w5r1,90
2026-04-03T20:51:32.825259-07:00,write,key-2,815.987,186,false,leader-w5r1,90
2026-04-03T20:51:32.826968-07:00,write,key-5,814.307,190,false,leader-w5r1,90
2026-04-03T20:51:32.825388-07:00,write,key-3,815.935,192,false,leader-w5r1,90
2026-04-03T20:51:32.825614-07:00,write,key-6,815.754,195,false,leader-w5r1,90
2026-04-03T20:51:32.825571-07:00,write,key-9,815.834,195,false,leader-w5r1,90
2026-04-03T20:51:32.827406-07:00,write,key-1,814.052,210,false,leader-w5r1,90
2026-04-03T20:51:32.827359-07:00,write,key-6,814.127,197,false,leader-w5r1,90
2026-04-03T20:51:32.825526-07:00,write,key-9,816.010,194,false,leader-w5r1,90
2026-04-03T20:51:32.827238-07:00,write,key-5,814.324,189,false,leader-w5r1,90
2026-04-03T20:51:32.825331-07:00,write,key-3,816.286,191,false,leader-w5r1,90
2026-04-03T20:51:32.825207-07:00,write,key-8,816.426,230,false,leader-w5r1,90
2026-04-03T20:51:32.827503-07:00,write,key-6,814.190,199,false,leader-w5r1,90
2026-04-03T20:51:32.825466-07:00,write,key-6,816.233,196,false,leader-w5r1,90
2026-04-03T20:51:32.825451-07:00,write,key-4,816.293,209,false,leader-w5r1,90
2026-04-03T20:51:32.827732-07:00,write,key-9,815.145,196,false,leader-w5r1,90
2026-04-03T20:51:33.642877-07:00,read,key-9,1.539,196,false,leader-w5r1,90
2026-04-03T20:51:33.641193-07:00,write,key-0,821.010,204,false,leader-w5r1,90
2026-04-03T20:51:33.641536-07:00,write,key-8,820.827,231,false,leader-w5r1,90
2026-04-03T20:51:33.641485-07:00,write,key-5,820.920,194,false,leader-w5r1,90
2026-04-03T20:51:33.640832-07:00,write,key-0,821.633,202,false,leader-w5r1,90
2026-04-03T20:51:33.641743-07:00,write,key-3,820.742,195,false,leader-w5r1,90
2026-04-03T20:51:33.641632-07:00,write,key-3,820.917,194,false,leader-w5r1,90
2026-04-03T20:51:33.644422-07:00,write,key-0,818.153,206,false,leader-w5r1,90
2026-04-03T20:51:33.641561-07:00,write,key-2,821.070,187,false,leader-w5r1,90
2026-04-03T20:51:33.641374-07:00,write,key-7,821.274,206,false,leader-w5r1,90
2026-04-03T20:51:33.641245-07:00,write,key-5,821.462,193,false,leader-w5r1,90
2026-04-03T20:51:33.641457-07:00,write,key-1,821.269,212,false,leader-w5r1,90
2026-04-03T20:51:33.641322-07:00,write,key-0,821.458,203,false,leader-w5r1,90
2026-04-03T20:51:33.641404-07:00,write,key-0,821.393,205,false,leader-w5r1,90
2026-04-03T20:51:33.641692-07:00,write,key-4,821.167,211,false,leader-w5r1,90
2026-04-03T20:51:33.641275-07:00,write,key-7,821.593,205,false,leader-w5r1,90
2026-04-03T20:51:33.641699-07:00,write,key-2,821.254,188,false,leader-w5r1,90
2026-04-03T20:51:33.641616-07:00,write,key-7,821.397,207,false,leader-w5r1,90
2026-04-03T20:51:33.6411-07:00,write,key-5,821.949,192,false,leader-w5r1,90
2026-04-03T20:51:33.641153-07:00,write,key-1,821.930,211,false,leader-w5r1,90
2026-04-03T20:51:33.640683-07:00,write,key-4,822.422,210,false,leader-w5r1,90
2026-04-03T20:51:34.462859-07:00,read,key-1,1.020,212,false,leader-w5r1,90
2026-04-03T20:51:34.463884-07:00,read,key-0,0.794,206,false,leader-w5r1,90
2026-04-03T20:51:34.462796-07:00,write,key-9,816.948,198,false,leader-w5r1,90
2026-04-03T20:51:34.46468-07:00,write,key-7,815.285,211,false,leader-w5r1,90
2026-04-03T20:51:34.462548-07:00,write,key-5,817.508,195,false,leader-w5r1,90
2026-04-03T20:51:34.462779-07:00,write,key-9,817.375,197,false,leader-w5r1,90
2026-04-03T20:51:34.462464-07:00,write,key-2,817.734,189,false,leader-w5r1,90
2026-04-03T20:51:34.46263-07:00,write,key-3,817.687,196,false,leader-w5r1,90
2026-04-03T20:51:34.462405-07:00,write,key-6,817.976,200,false,leader-w5r1,90
2026-04-03T20:51:34.462212-07:00,write,key-7,818.197,208,false,leader-w5r1,90
2026-04-03T20:51:34.463082-07:00,write,key-1,817.377,213,false,leader-w5r1,90
2026-04-03T20:51:34.462364-07:00,write,key-8,818.123,232,false,leader-w5r1,90
2026-04-03T20:51:34.462952-07:00,write,key-0,819.069,208,false,leader-w5r1,90
2026-04-03T20:51:34.462867-07:00,write,key-0,819.267,209,false,leader-w5r1,90
2026-04-03T20:51:34.463013-07:00,write,key-7,819.217,210,false,leader-w5r1,90
2026-04-03T20:51:34.463104-07:00,write,key-0,819.138,210,false,leader-w5r1,90
2026-04-03T20:51:34.462707-07:00,write,key-0,819.554,207,false,leader-w5r1,90
2026-04-03T20:51:34.462573-07:00,write,key-2,819.707,192,false,leader-w5r1,90
2026-04-03T20:51:34.462486-07:00,write,key-2,821.156,190,false,leader-w5r1,90
2026-04-03T20:51:34.462647-07:00,write,key-2,821.009,191,false,leader-w5r1,90
2026-04-03T20:51:34.463048-07:00,write,key-7,820.614,209,false,leader-w5r1,90
2026-04-03T20:51:34.462726-07:00,write,key-6,820.969,201,false,leader-w5r1,90
2026-04-03T20:51:35.280199-07:00,write,key-0,824.180,212,false,leader-w5r1,90
2026-04-03T20:51:35.28226-07:00,write,key-8,822.309,233,false,leader-w5r1,90
2026-04-03T20:51:35.279754-07:00,write,key-4,824.876,212,false,leader-w5r1,90
2026-04-03T20:51:35.282229-07:00,write,key-3,822.457,197,false,leader-w5r1,90
2026-04-03T20:51:35.283694-07:00,write,key-0,821.092,214,false,leader-w5r1,90
2026-04-03T20:51:35.282022-07:00,write,key-9,822.766,199,false,leader-w5r1,90
2026-04-03T20:51:35.280381-07:00,write,key-7,824.500,212,false,leader-w5r1,90
2026-04-03T20:51:35.280316-07:00,write,key-2,824.566,193,false,leader-w5r1,90
2026-04-03T20:51:35.28228-07:00,write,key-8,822.702,234,false,leader-w5r1,90
2026-04-03T20:51:35.283665-07:00,write,key-0,821.377,213,false,leader-w5r1,90
2026-04-03T20:51:35.282242-07:00,write,key-2,822.839,195,false,leader-w5r1,90
2026-04-03T20:51:35.283655-07:00,write,key-5,821.477,198,false,leader-w5r1,90
2026-04-03T20:51:35.282134-07:00,write,key-6,823.035,202,false,leader-w5r1,90
2026-04-03T20:51:35.280458-07:00,write,key-3,824.767,198,false,leader-w5r1,90
2026-04-03T20:51:35.280408-07:00,write,key-0,824.905,211,false,leader-w5r1,90
2026-04-03T20:51:35.283643-07:00,write,key-3,821.710,199,false,leader-w5r1,90
2026-04-03T20:51:35.280488-07:00,write,key-1,824.880,214,false,leader-w5r1,90
2026-04-03T20:51:35.280056-07:00,write,key-2,825.344,194,false,leader-w5r1,90
2026-04-03T20:51:35.279966-07:00,write,key-5,825.457,196,false,leader-w5r1,90
2026-04-03T20:51:35.280153-07:00,write,key-5,825.365,197,false,leader-w5r1,90
2026-04-03T20:51:36.104982-07:00,read,key-1,3.318,214,false,leader-w5r1,90
2026-04-03T20:51:36.104883-07:00,read,key-0,3.416,214,false,leader-w5r1,90
2026-04-03T20:51:36.105226-07:00,read,key-9,3.101,199,false,leader-w5r1,90
2026-04-03T20:51:36.108328-07:00,read,key-1,0.794,214,false,leader-w5r1,90
2026-04-03T20:51:36.105132-07:00,read,key-1,6.114,216,false,leader-w5r1,90
2026-04-03T20:51:36.105041-07:00,write,key-7,821.186,213,false,leader-w5r1,90
2026-04-03T20:51:36.10508-07:00,write,key-5,822.056,200,false,leader-w5r1,90
2026-04-03T20:51:36.108305-07:00,write,key-3,818.920,200,false,leader-w5r1,90
2026-04-03T20:51:36.104571-07:00,write,key-8,822.677,235,false,leader-w5r1,90
2026-04-03T20:51:36.104785-07:00,write,key-2,822.523,196,false,leader-w5r1,90
2026-04-03T20:51:36.104687-07:00,write,key-8,822.662,238,false,leader-w5r1,90
2026-04-03T20:51:36.108305-07:00,write,key-5,819.106,201,false,leader-w5r1,90
2026-04-03T20:51:36.104788-07:00,write,key-8,822.641,237,false,leader-w5r1,90
2026-04-03T20:51:36.105422-07:00,write,key-8,822.066,239,false,leader-w5r1,90
2026-04-03T20:51:36.104631-07:00,write,key-1,822.889,216,false,leader-w5r1,90
2026-04-03T20:51:36.109124-07:00,write,key-4,818.435,213,false,leader-w5r1,90
2026-04-03T20:51:36.105313-07:00,write,key-5,822.284,199,false,leader-w5r1,90
2026-04-03T20:51:36.105353-07:00,write,key-1,822.278,215,false,leader-w5r1,90
2026-04-03T20:51:36.10488-07:00,write,key-7,822.793,215,false,leader-w5r1,90
2026-04-03T20:51:36.104388-07:00,write,key-7,823.316,214,false,leader-w5r1,90
2026-04-03T20:51:36.11125-07:00,write,key-8,816.541,240,false,leader-w5r1,90
2026-04-03T20:51:36.105399-07:00,write,key-0,822.457,216,false,leader-w5r1,90
2026-04-03T20:51:36.105368-07:00,write,key-8,822.576,236,false,leader-w5r1,90
2026-04-03T20:51:36.105518-07:00,write,key-0,822.499,217,false,leader-w5r1,90
2026-04-03T20:51:36.105168-07:00,write,key-0,822.926,215,false,leader-w5r1,90
2026-04-03T20:51:36.927428-07:00,read,key-4,1.339,213,false,leader-w5r1,90
2026-04-03T20:51:36.92779-07:00,read,key-8,1.800,240,false,leader-w5r1,90
2026-04-03T20:51:36.928774-07:00,read,key-5,0.933,201,false,leader-w5r1,90
2026-04-03T20:51:36.929594-07:00,read,key-4,0.690,213,false,leader-w5r1,90
2026-04-03T20:51:36.927942-07:00,write,key-4,820.018,214,false,leader-w5r1,90
2026-04-03T20:51:36.927308-07:00,write,key-9,820.882,200,false,leader-w5r1,90
2026-04-03T20:51:36.927225-07:00,write,key-7,821.076,216,false,leader-w5r1,90
2026-04-03T20:51:36.929709-07:00,write,key-7,818.688,217,false,leader-w5r1,90
2026-04-03T20:51:36.927349-07:00,write,key-8,821.125,242,false,leader-w5r1,90
2026-04-03T20:51:36.928018-07:00,write,key-1,820.574,219,false,leader-w5r1,90
2026-04-03T20:51:36.930286-07:00,write,key-3,818.381,202,false,leader-w5r1,90
2026-04-03T20:51:36.926236-07:00,write,key-3,822.526,201,false,leader-w5r1,90
2026-04-03T20:51:36.928093-07:00,write,key-1,820.769,220,false,leader-w5r1,90
2026-04-03T20:51:36.927486-07:00,write,key-4,821.466,216,false,leader-w5r1,90
2026-04-03T20:51:36.927672-07:00,write,key-0,821.353,218,false,leader-w5r1,90
2026-04-03T20:51:36.927704-07:00,write,key-4,821.443,215,false,leader-w5r1,90
2026-04-03T20:51:36.927248-07:00,write,key-1,822.483,217,false,leader-w5r1,90
2026-04-03T20:51:36.927558-07:00,write,key-6,822.229,205,false,leader-w5r1,90
2026-04-03T20:51:36.927138-07:00,write,key-8,822.699,241,false,leader-w5r1,90
2026-04-03T20:51:36.927519-07:00,write,key-5,822.486,203,false,leader-w5r1,90
2026-04-03T20:51:36.92741-07:00,write,key-6,822.665,203,false,leader-w5r1,90
2026-04-03T20:51:36.92763-07:00,write,key-5,822.482,202,false,leader-w5r1,90
2026-04-03T20:51:36.927856-07:00,write,key-6,822.297,204,false,leader-w5r1,90
2026-04-03T20:51:36.927596-07:00,write,key-1,822.585,218,false,leader-w5r1,90
2026-04-03T20:51:37.749146-07:00,read,key-3,2.472,202,false,leader-w5r1,90
2026-04-03T20:51:37.749025-07:00,read,key-5,2.681,203,false,leader-w5r1,90
2026-04-03T20:51:37.748762-07:00,write,key-6,821.593,206,false,leader-w5r1,90
2026-04-03T20:51:37.748397-07:00,write,key-5,822.190,207,false,leader-w5r1,90
2026-04-03T20:51:37.749731-07:00,write,key-8,820.957,243,false,leader-w5r1,90
2026-04-03T20:51:37.748189-07:00,write,key-5,822.654,205,false,leader-w5r1,90
2026-04-03T20:51:37.751622-07:00,write,key-9,819.312,201,false,leader-w5r1,90
2026-04-03T20:51:37.751722-07:00,write,key-7,819.301,218,false,leader-w5r1,90
2026-04-03T20:51:37.748666-07:00,write,key-5,822.437,206,false,leader-w5r1,90
2026-04-03T20:51:37.748952-07:00,write,key-5,822.239,204,false,leader-w5r1,90
2026-04-03T20:51:37.748302-07:00,write,key-2,822.930,197,false,leader-w5r1,90
2026-04-03T20:51:37.749837-07:00,write,key-8,821.439,247,false,leader-w5r1,90
2026-04-03T20:51:37.74797-07:00,write,key-0,823.379,219,false,leader-w5r1,90
2026-04-03T20:51:37.750111-07:00,write,key-8,821.306,246,false,leader-w5r1,90
2026-04-03T20:51:37.748861-07:00,write,key-8,822.571,245,false,leader-w5r1,90
2026-04-03T20:51:37.74859-07:00,write,key-8,822.915,244,false,leader-w5r1,90
2026-04-03T20:51:37.750181-07:00,write,key-1,821.954,222,false,leader-w5r1,90
2026-04-03T20:51:37.750074-07:00,write,key-9,822.078,202,false,leader-w5r1,90
2026-04-03T20:51:37.748474-07:00,write,key-5,823.993,208,false,leader-w5r1,90
2026-04-03T20:51:37.749787-07:00,write,key-1,822.761,221,false,leader-w5r1,90
2026-04-03T20:51:37.750152-07:00,write,key-7,822.792,219,false,leader-w5r1,90
2026-04-03T20:51:37.750005-07:00,write,key-6,822.956,207,false,leader-w5r1,90
2026-04-03T20:51:38.571349-07:00,read,key-4,3.335,218,false,leader-w5r1,90
2026-04-03T20:51:38.571232-07:00,read,key-1,3.450,222,false,leader-w5r1,90
2026-04-03T20:51:38.572943-07:00,read,key-6,1.824,207,false,leader-w5r1,90
2026-04-03T20:51:38.574688-07:00,read,key-8,0.814,247,false,leader-w5r1,90
2026-04-03T20:51:38.574771-07:00,write,key-2,811.767,201,false,leader-w5r1,90
2026-04-03T20:51:38.571275-07:00,write,key-4,815.452,218,false,leader-w5r1,90
2026-04-03T20:51:38.571104-07:00,write,key-5,815.711,210,false,leader-w5r1,90
2026-04-03T20:51:38.570933-07:00,write,key-0,816.016,221,false,leader-w5r1,90
2026-04-03T20:51:38.572134-07:00,write,key-3,814.894,205,false,leader-w5r1,90
2026-04-03T20:51:38.570365-07:00,write,key-2,816.706,200,false,leader-w5r1,90
2026-04-03T20:51:38.570843-07:00,write,key-5,816.331,209,false,leader-w5r1,90
2026-04-03T20:51:38.572151-07:00,write,key-3,815.057,204,false,leader-w5r1,90
2026-04-03T20:51:38.571505-07:00,write,key-2,817.774,198,false,leader-w5r1,90
2026-04-03T20:51:38.571022-07:00,write,key-3,818.280,203,false,leader-w5r1,90
2026-04-03T20:51:38.571191-07:00,write,key-0,818.178,220,false,leader-w5r1,90
2026-04-03T20:51:39.389405-07:00,read,key-2,2.519,201,false,leader-w5r1,90
2026-04-03T20:51:38.570688-07:00,write,key-9,823.823,203,false,leader-w5r1,90
2026-04-03T20:51:38.572466-07:00,write,key-6,822.045,208,false,leader-w5r1,90
2026-04-03T20:51:38.572961-07:00,write,key-7,821.652,221,false,leader-w5r1,90
2026-04-03T20:51:38.572548-07:00,write,key-7,822.108,220,false,leader-w5r1,90
2026-04-03T20:51:38.571433-07:00,write,key-4,823.288,217,false,leader-w5r1,90
2026-04-03T20:51:38.574688-07:00,write,key-3,820.085,206,false,leader-w5r1,90
2026-04-03T20:51:38.571417-07:00,write,key-6,823.433,209,false,leader-w5r1,90
2026-04-03T20:51:38.570588-07:00,write,key-2,824.289,199,false,leader-w5r1,90
2026-04-03T20:51:38.575504-07:00,write,key-1,819.423,223,false,leader-w5r1,90
2026-04-03T20:51:39.39472-07:00,read,key-7,1.140,221,false,leader-w5r1,90
2026-04-03T20:51:39.386815-07:00,write,key-5,816.540,212,false,leader-w5r1,90
2026-04-03T20:51:39.394512-07:00,write,key-2,809.145,202,false,leader-w5r1,90
2026-04-03T20:51:39.389384-07:00,write,key-9,814.473,204,false,leader-w5r1,90
2026-04-03T20:51:39.38655-07:00,write,key-1,817.362,225,false,leader-w5r1,90
2026-04-03T20:51:39.394512-07:00,write,key-6,809.438,210,false,leader-w5r1,90
2026-04-03T20:51:39.394927-07:00,write,key-3,809.087,210,false,leader-w5r1,90
2026-04-03T20:51:39.387071-07:00,write,key-7,816.976,222,false,leader-w5r1,90
2026-04-03T20:51:39.38695-07:00,write,key-7,817.158,223,false,leader-w5r1,90
2026-04-03T20:51:39.387028-07:00,write,key-1,817.113,224,false,leader-w5r1,90
2026-04-03T20:51:39.394612-07:00,write,key-0,809.592,223,false,leader-w5r1,90
2026-04-03T20:51:39.394849-07:00,write,key-5,809.410,213,false,leader-w5r1,90
2026-04-03T20:51:39.395863-07:00,write,key-2,808.403,203,false,leader-w5r1,90
2026-04-03T20:51:39.387174-07:00,write,key-5,817.145,211,false,leader-w5r1,90
2026-04-03T20:51:39.394655-07:00,write,key-3,809.687,209,false,leader-w5r1,90
2026-04-03T20:51:39.38673-07:00,write,key-0,817.647,222,false,leader-w5r1,90
2026-04-03T20:51:39.389459-07:00,write,key-3,814.989,208,false,leader-w5r1,90
2026-04-03T20:51:39.394772-07:00,write,key-1,809.725,226,false,leader-w5r1,90
2026-04-03T20:51:39.391931-07:00,write,key-7,812.607,224,false,leader-w5r1,90
2026-04-03T20:51:39.394877-07:00,write,key-1,809.763,227,false,leader-w5r1,90
2026-04-03T20:51:39.387208-07:00,write,key-3,817.491,207,false,leader-w5r1,90
2026-04-03T20:51:40.204318-07:00,read,key-1,4.370,227,false,leader-w5r1,90
2026-04-03T20:51:40.203365-07:00,read,key-8,5.502,247,false,leader-w5r1,90
2026-04-03T20:51:40.208873-07:00,read,key-7,0.873,224,false,leader-w5r1,90
2026-04-03T20:51:40.209749-07:00,write,key-8,822.492,251,false,leader-w5r1,90
2026-04-03T20:51:40.203857-07:00,write,key-5,828.609,215,false,leader-w5r1,90
2026-04-03T20:51:40.204259-07:00,write,key-8,828.307,248,false,leader-w5r1,90
2026-04-03T20:51:40.204266-07:00,write,key-5,828.399,216,false,leader-w5r1,90
2026-04-03T20:51:40.204496-07:00,write,key-2,828.252,204,false,leader-w5r1,90
2026-04-03T20:51:40.20395-07:00,write,key-4,828.890,219,false,leader-w5r1,90
2026-04-03T20:51:40.204141-07:00,write,key-0,828.810,224,false,leader-w5r1,90
2026-04-03T20:51:40.204204-07:00,write,key-7,828.834,226,false,leader-w5r1,90
2026-04-03T20:51:40.203912-07:00,write,key-7,829.219,225,false,leader-w5r1,90
2026-04-03T20:51:40.204448-07:00,write,key-6,828.776,212,false,leader-w5r1,90
2026-04-03T20:51:40.204014-07:00,write,key-3,829.304,211,false,leader-w5r1,90
2026-04-03T20:51:40.204047-07:00,write,key-6,829.364,211,false,leader-w5r1,90
2026-04-03T20:51:40.203658-07:00,write,key-5,829.961,214,false,leader-w5r1,90
2026-04-03T20:51:40.204699-07:00,write,key-5,828.981,217,false,leader-w5r1,90
2026-04-03T20:51:40.204377-07:00,write,key-5,829.390,218,false,leader-w5r1,90
2026-04-03T20:51:40.204537-07:00,write,key-6,829.316,213,false,leader-w5r1,90
2026-04-03T20:51:40.208693-07:00,write,key-7,825.248,227,false,leader-w5r1,90
2026-04-03T20:51:40.204341-07:00,write,key-9,829.683,205,false,leader-w5r1,90
2026-04-03T20:51:40.204639-07:00,write,key-8,829.480,250,false,leader-w5r1,90
2026-04-03T20:51:40.204107-07:00,write,key-8,830.099,249,false,leader-w5r1,90
2026-04-03T20:51:41.032566-07:00,read,key-9,4.271,206,false,leader-w5r1,90
2026-04-03T20:51:41.03341-07:00,read,key-6,3.649,213,false,leader-w5r1,90
2026-04-03T20:51:41.03362-07:00,read,key-4,3.443,219,false,leader-w5r1,90
2026-04-03T20:51:41.032665-07:00,write,key-9,818.967,208,false,leader-w5r1,90
2026-04-03T20:51:41.032951-07:00,write,key-0,818.881,227,false,leader-w5r1,90
2026-04-03T20:51:41.033317-07:00,write,key-0,818.612,225,false,leader-w5r1,90
2026-04-03T20:51:41.034119-07:00,write,key-4,817.904,221,false,leader-w5r1,90
2026-04-03T20:51:41.03284-07:00,write,key-8,819.264,253,false,leader-w5r1,90
2026-04-03T20:51:41.032467-07:00,write,key-9,820.435,207,false,leader-w5r1,90
2026-04-03T20:51:41.037062-07:00,write,key-4,815.873,222,false,leader-w5r1,90
2026-04-03T20:51:41.033767-07:00,write,key-5,819.280,219,false,leader-w5r1,90
2026-04-03T20:51:41.033131-07:00,write,key-6,820.029,214,false,leader-w5r1,90
2026-04-03T20:51:41.037067-07:00,write,key-0,816.175,228,false,leader-w5r1,90
2026-04-03T20:51:41.034025-07:00,write,key-2,819.221,205,false,leader-w5r1,90
2026-04-03T20:51:41.033223-07:00,write,key-9,820.097,206,false,leader-w5r1,90
2026-04-03T20:51:41.032249-07:00,write,key-1,821.074,229,false,leader-w5r1,90
2026-04-03T20:51:41.033853-07:00,write,key-0,819.539,226,false,leader-w5r1,90
2026-04-03T20:51:41.032749-07:00,write,key-3,820.646,212,false,leader-w5r1,90
2026-04-03T20:51:41.03394-07:00,write,key-8,819.522,252,false,leader-w5r1,90
2026-04-03T20:51:41.034206-07:00,write,key-1,819.274,228,false,leader-w5r1,90
2026-04-03T20:51:41.033679-07:00,write,key-4,819.851,220,false,leader-w5r1,90
2026-04-03T20:51:41.033038-07:00,write,key-8,820.520,254,false,leader-w5r1,90
2026-04-03T20:51:41.036845-07:00,write,key-5,816.759,220,false,leader-w5r1,90
2026-04-03T20:51:41.853394-07:00,read,key-7,3.321,227,false,leader-w5r1,90
2026-04-03T20:51:41.853603-07:00,write,key-5,820.364,221,false,leader-w5r1,90
2026-04-03T20:51:41.851641-07:00,write,key-8,822.607,255,false,leader-w5r1,90
2026-04-03T20:51:41.853159-07:00,write,key-2,821.180,206,false,leader-w5r1,90
2026-04-03T20:51:41.853241-07:00,write,key-4,821.162,223,false,leader-w5r1,90
2026-04-03T20:51:41.852104-07:00,write,key-4,822.342,224,false,leader-w5r1,90
2026-04-03T20:51:41.853246-07:00,write,key-0,821.275,230,false,leader-w5r1,90
2026-04-03T20:51:41.852934-07:00,write,key-5,821.600,222,false,leader-w5r1,90
2026-04-03T20:51:41.853319-07:00,write,key-9,821.291,210,false,leader-w5r1,90
2026-04-03T20:51:41.853046-07:00,write,key-9,821.723,211,false,leader-w5r1,90
2026-04-03T20:51:41.853461-07:00,write,key-9,821.344,209,false,leader-w5r1,90
2026-04-03T20:51:41.853558-07:00,write,key-8,821.623,256,false,leader-w5r1,90
2026-04-03T20:51:41.851831-07:00,write,key-2,823.437,208,false,leader-w5r1,90
2026-04-03T20:51:41.853479-07:00,write,key-2,821.926,207,false,leader-w5r1,90
2026-04-03T20:51:41.852022-07:00,write,key-8,823.469,257,false,leader-w5r1,90
2026-04-03T20:51:41.85353-07:00,write,key-3,822.055,213,false,leader-w5r1,90
2026-04-03T20:51:41.856721-07:00,write,key-0,818.939,231,false,leader-w5r1,90
2026-04-03T20:51:41.853391-07:00,write,key-0,822.978,229,false,leader-w5r1,90
2026-04-03T20:51:41.853323-07:00,write,key-3,823.137,215,false,leader-w5r1,90
2026-04-03T20:51:41.852902-07:00,write,key-3,823.640,214,false,leader-w5r1,90
2026-04-03T20:51:41.851928-07:00,write,key-7,825.135,228,false,leader-w5r1,90
2026-04-03T20:51:42.676542-07:00,write,key-4,818.431,227,false,leader-w5r1,90
2026-04-03T20:51:42.676369-07:00,write,key-4,820.169,225,false,leader-w5r1,90
2026-04-03T20:51:42.67434-07:00,write,key-4,822.245,226,false,leader-w5r1,90
2026-04-03T20:51:42.675405-07:00,write,key-6,821.208,215,false,leader-w5r1,90
2026-04-03T20:51:42.674769-07:00,write,key-4,821.894,229,false,leader-w5r1,90
2026-04-03T20:51:42.675181-07:00,write,key-3,821.502,216,false,leader-w5r1,90
2026-04-03T20:51:42.67461-07:00,write,key-9,822.108,213,false,leader-w5r1,90
2026-04-03T20:51:42.673979-07:00,write,key-4,822.757,228,false,leader-w5r1,90
2026-04-03T20:51:42.677064-07:00,write,key-0,819.726,232,false,leader-w5r1,90
2026-04-03T20:51:42.675583-07:00,write,key-1,821.222,230,false,leader-w5r1,90
2026-04-03T20:51:42.675267-07:00,write,key-2,821.568,209,false,leader-w5r1,90
2026-04-03T20:51:42.67566-07:00,write,key-2,821.203,210,false,leader-w5r1,90
2026-04-03T20:51:42.674444-07:00,write,key-5,822.450,223,false,leader-w5r1,90
2026-04-03T20:51:42.674403-07:00,write,key-7,822.516,229,false,leader-w5r1,90
2026-04-03T20:51:42.676459-07:00,write,key-1,820.489,231,false,leader-w5r1,90
2026-04-03T20:51:42.67549-07:00,write,key-5,821.483,224,false,leader-w5r1,90
2026-04-03T20:51:42.674521-07:00,write,key-2,822.481,211,false,leader-w5r1,90
2026-04-03T20:51:42.674534-07:00,write,key-3,822.491,217,false,leader-w5r1,90
2026-04-03T20:51:42.674804-07:00,write,key-7,822.266,230,false,leader-w5r1,90
2026-04-03T20:51:42.674248-07:00,write,key-9,822.866,212,false,leader-w5r1,90
2026-04-03T20:51:43.496835-07:00,read,key-3,2.190,217,false,leader-w5r1,90
2026-04-03T20:51:43.497113-07:00,read,key-3,1.937,217,false,leader-w5r1,90
2026-04-03T20:51:43.497069-07:00,read,key-4,2.045,229,false,leader-w5r1,90
2026-04-03T20:51:43.496613-07:00,write,key-4,816.149,230,false,leader-w5r1,90
2026-04-03T20:51:43.49679-07:00,write,key-0,816.105,234,false,leader-w5r1,90
2026-04-03T20:51:43.497001-07:00,write,key-8,816.005,258,false,leader-w5r1,90
2026-04-03T20:51:43.496735-07:00,write,key-9,816.301,214,false,leader-w5r1,90
2026-04-03T20:51:43.496948-07:00,write,key-0,816.169,233,false,leader-w5r1,90
2026-04-03T20:51:43.496662-07:00,write,key-5,816.494,225,false,leader-w5r1,90
2026-04-03T20:51:43.496538-07:00,write,key-6,816.224,216,false,leader-w5r1,90
2026-04-03T20:51:43.496584-07:00,write,key-8,816.680,259,false,leader-w5r1,90
2026-04-03T20:51:43.499116-07:00,write,key-5,816.013,226,false,leader-w5r1,90
2026-04-03T20:51:44.313157-07:00,read,key-4,2.042,230,false,leader-w5r1,90
2026-04-03T20:51:44.313036-07:00,read,key-7,2.189,233,false,leader-w5r1,90
2026-04-03T20:51:43.496682-07:00,write,key-2,818.623,214,false,leader-w5r1,90
2026-04-03T20:51:43.496805-07:00,write,key-8,818.954,261,false,leader-w5r1,90
2026-04-03T20:51:43.497025-07:00,write,key-2,818.782,213,false,leader-w5r1,90
2026-04-03T20:51:43.499029-07:00,write,key-7,816.803,233,false,leader-w5r1,90
2026-04-03T20:51:43.496718-07:00,write,key-7,819.144,231,false,leader-w5r1,90
2026-04-03T20:51:43.499052-07:00,write,key-1,816.840,232,false,leader-w5r1,90
2026-04-03T20:51:43.494982-07:00,write,key-2,820.915,212,false,leader-w5r1,90
2026-04-03T20:51:43.496862-07:00,write,key-3,819.080,219,false,leader-w5r1,90
2026-04-03T20:51:44.315202-07:00,read,key-7,0.809,233,false,leader-w5r1,90
2026-04-03T20:51:43.496918-07:00,write,key-3,819.105,218,false,leader-w5r1,90
2026-04-03T20:51:43.496894-07:00,write,key-7,819.171,232,false,leader-w5r1,90
2026-04-03T20:51:43.496972-07:00,write,key-8,819.127,260,false,leader-w5r1,90
2026-04-03T20:51:44.315861-07:00,read,key-9,0.948,214,false,leader-w5r1,90
2026-04-03T20:51:44.315229-07:00,write,key-6,820.851,217,false,leader-w5r1,90
2026-04-03T20:51:44.316064-07:00,write,key-7,820.286,234,false,leader-w5r1,90
2026-04-03T20:51:44.313116-07:00,write,key-1,823.329,233,false,leader-w5r1,90
2026-04-03T20:51:44.3161-07:00,write,key-4,820.423,235,false,leader-w5r1,90
2026-04-03T20:51:44.316014-07:00,write,key-6,820.597,218,false,leader-w5r1,90
2026-04-03T20:51:44.313172-07:00,write,key-4,823.520,231,false,leader-w5r1,90
2026-04-03T20:51:44.313264-07:00,write,key-2,823.503,215,false,leader-w5r1,90
2026-04-03T20:51:44.316027-07:00,write,key-9,820.822,216,false,leader-w5r1,90
2026-04-03T20:51:44.313007-07:00,write,key-4,823.914,232,false,leader-w5r1,90
2026-04-03T20:51:44.315897-07:00,write,key-3,821.101,222,false,leader-w5r1,90
2026-04-03T20:51:44.315805-07:00,write,key-3,821.517,221,false,leader-w5r1,90
2026-04-03T20:51:44.315832-07:00,write,key-0,821.537,236,false,leader-w5r1,90
2026-04-03T20:51:44.315304-07:00,write,key-4,822.111,233,false,leader-w5r1,90
2026-04-03T20:51:44.315758-07:00,write,key-1,822.212,234,false,leader-w5r1,90
2026-04-03T20:51:44.31513-07:00,write,key-9,822.996,215,false,leader-w5r1,90
2026-04-03T20:51:44.315891-07:00,write,key-4,822.306,234,false,leader-w5r1,90
2026-04-03T20:51:44.316813-07:00,write,key-7,821.468,235,false,leader-w5r1,90
2026-04-03T20:51:44.312773-07:00,write,key-3,825.582,220,false,leader-w5r1,90
2026-04-03T20:51:44.31594-07:00,write,key-5,822.489,227,false,leader-w5r1,90
2026-04-03T20:51:45.136997-07:00,read,key-7,1.528,235,false,leader-w5r1,90
2026-04-03T20:51:45.13635-07:00,read,key-4,2.235,235,false,leader-w5r1,90
2026-04-03T20:51:45.13797-07:00,read,key-7,0.685,235,false,leader-w5r1,90
2026-04-03T20:51:44.312896-07:00,write,key-0,825.826,235,false,leader-w5r1,90
2026-04-03T20:51:45.138197-07:00,read,key-4,0.811,235,false,leader-w5r1,90
2026-04-03T20:51:45.13901-07:00,read,key-8,0.913,261,false,leader-w5r1,90
2026-04-03T20:51:45.136691-07:00,write,key-6,816.264,221,false,leader-w5r1,90
2026-04-03T20:51:45.138528-07:00,write,key-0,816.044,239,false,leader-w5r1,90
2026-04-03T20:51:45.136849-07:00,write,key-1,817.833,235,false,leader-w5r1,90
2026-04-03T20:51:45.136766-07:00,write,key-6,817.978,219,false,leader-w5r1,90
2026-04-03T20:51:45.138125-07:00,write,key-8,816.662,262,false,leader-w5r1,90
2026-04-03T20:51:45.136921-07:00,write,key-9,817.932,217,false,leader-w5r1,90
2026-04-03T20:51:45.138658-07:00,write,key-6,816.285,222,false,leader-w5r1,90
2026-04-03T20:51:45.136522-07:00,write,key-3,818.492,223,false,leader-w5r1,90
2026-04-03T20:51:45.137322-07:00,write,key-5,817.724,229,false,leader-w5r1,90
2026-04-03T20:51:45.13661-07:00,write,key-0,818.493,237,false,leader-w5r1,90
2026-04-03T20:51:45.13859-07:00,write,key-2,816.546,217,false,leader-w5r1,90
2026-04-03T20:51:45.138429-07:00,write,key-0,816.762,238,false,leader-w5r1,90
2026-04-03T20:51:45.138354-07:00,write,key-7,816.864,236,false,leader-w5r1,90
2026-04-03T20:51:45.139926-07:00,write,key-8,815.323,264,false,leader-w5r1,90
2026-04-03T20:51:45.137415-07:00,write,key-2,817.885,216,false,leader-w5r1,90
2026-04-03T20:51:45.137368-07:00,write,key-4,818.003,236,false,leader-w5r1,90
2026-04-03T20:51:45.136445-07:00,write,key-6,820.777,220,false,leader-w5r1,90
2026-04-03T20:51:45.136089-07:00,write,key-5,821.312,228,false,leader-w5r1,90
2026-04-03T20:51:45.13828-07:00,write,key-8,819.219,263,false,leader-w5r1,90
2026-04-03T20:51:45.138721-07:00,write,key-7,818.880,237,false,leader-w5r1,90
2026-04-03T20:51:45.955248-07:00,write,key-3,821.151,224,false,leader-w5r1,90
2026-04-03T20:51:45.954854-07:00,write,key-3,821.682,226,false,leader-w5r1,90
2026-04-03T20:51:45.954574-07:00,write,key-6,822.069,226,false,leader-w5r1,90
2026-04-03T20:51:45.955218-07:00,write,key-2,821.453,219,false,leader-w5r1,90
2026-04-03T20:51:45.955103-07:00,write,key-6,821.642,224,false,leader-w5r1,90
2026-04-03T20:51:45.957401-07:00,write,key-6,819.376,225,false,leader-w5r1,90
2026-04-03T20:51:45.952967-07:00,write,key-4,823.903,237,false,leader-w5r1,90
2026-04-03T20:51:45.954744-07:00,write,key-6,822.160,227,false,leader-w5r1,90
2026-04-03T20:51:45.954943-07:00,write,key-6,822.018,223,false,leader-w5r1,90
2026-04-03T20:51:45.957223-07:00,write,key-0,819.781,241,false,leader-w5r1,90
2026-04-03T20:51:45.955136-07:00,write,key-2,821.919,218,false,leader-w5r1,90
2026-04-03T20:51:45.954787-07:00,write,key-5,822.310,230,false,leader-w5r1,90
2026-04-03T20:51:45.9576-07:00,write,key-2,819.563,222,false,leader-w5r1,90
2026-04-03T20:51:45.957498-07:00,write,key-8,819.697,265,false,leader-w5r1,90
2026-04-03T20:51:45.955014-07:00,write,key-2,822.265,220,false,leader-w5r1,90
2026-04-03T20:51:45.9553-07:00,write,key-0,822.145,243,false,leader-w5r1,90
2026-04-03T20:51:45.95537-07:00,write,key-3,822.167,225,false,leader-w5r1,90
2026-04-03T20:51:45.954681-07:00,write,key-0,822.938,242,false,leader-w5r1,90
2026-04-03T20:51:45.95519-07:00,write,key-0,822.569,240,false,leader-w5r1,90
2026-04-03T20:51:45.955045-07:00,write,key-2,822.764,221,false,leader-w5r1,90
2026-04-03T20:51:46.776745-07:00,read,key-2,5.915,222,false,leader-w5r1,90
2026-04-03T20:51:46.776408-07:00,write,key-9,816.948,220,false,leader-w5r1,90
2026-04-03T20:51:46.776778-07:00,write,key-6,817.353,228,false,leader-w5r1,90
2026-04-03T20:51:46.777445-07:00,write,key-3,816.746,227,false,leader-w5r1,90
2026-04-03T20:51:46.776671-07:00,write,key-3,817.538,228,false,leader-w5r1,90
2026-04-03T20:51:46.777097-07:00,write,key-4,817.158,238,false,leader-w5r1,90
2026-04-03T20:51:46.777055-07:00,write,key-8,817.229,266,false,leader-w5r1,90
2026-04-03T20:51:46.777195-07:00,write,key-9,817.116,218,false,leader-w5r1,90
2026-04-03T20:51:46.777004-07:00,write,key-2,817.340,223,false,leader-w5r1,90
2026-04-03T20:51:46.776904-07:00,write,key-5,817.474,233,false,leader-w5r1,90
2026-04-03T20:51:46.776961-07:00,write,key-6,817.434,229,false,leader-w5r1,90
2026-04-03T20:51:46.777809-07:00,write,key-4,816.634,240,false,leader-w5r1,90
2026-04-03T20:51:46.777538-07:00,write,key-5,816.908,232,false,leader-w5r1,90
2026-04-03T20:51:46.777619-07:00,write,key-2,816.878,224,false,leader-w5r1,90
2026-04-03T20:51:46.782667-07:00,write,key-2,811.831,225,false,leader-w5r1,90
2026-04-03T20:51:46.776644-07:00,write,key-7,817.909,238,false,leader-w5r1,90
2026-04-03T20:51:46.776537-07:00,write,key-5,818.029,231,false,leader-w5r1,90
2026-04-03T20:51:46.777278-07:00,write,key-4,817.337,239,false,leader-w5r1,90
2026-04-03T20:51:46.77687-07:00,write,key-9,817.766,219,false,leader-w5r1,90
2026-04-03T20:51:46.777163-07:00,write,key-0,817.487,244,false,leader-w5r1,90
2026-04-03T20:51:46.77776-07:00,write,key-7,816.919,239,false,leader-w5r1,90
2026-04-03T20:51:47.594208-07:00,read,key-0,2.103,244,false,leader-w5r1,90
2026-04-03T20:51:47.594565-07:00,read,key-2,1.757,226,false,leader-w5r1,90
2026-04-03T20:51:47.594498-07:00,write,key-6,814.785,230,false,leader-w5r1,90
2026-04-03T20:51:47.594636-07:00,write,key-8,814.739,268,false,leader-w5r1,90
2026-04-03T20:51:47.596324-07:00,write,key-8,812.959,269,false,leader-w5r1,90
2026-04-03T20:51:47.594445-07:00,write,key-1,815.082,236,false,leader-w5r1,90
2026-04-03T20:51:47.594496-07:00,write,key-9,815.219,221,false,leader-w5r1,90
2026-04-03T20:51:47.594343-07:00,write,key-0,815.491,247,false,leader-w5r1,90
2026-04-03T20:51:47.594394-07:00,write,key-1,815.775,237,false,leader-w5r1,90
2026-04-03T20:51:47.59419-07:00,write,key-0,816.113,245,false,leader-w5r1,90
2026-04-03T20:51:47.59431-07:00,write,key-5,816.144,235,false,leader-w5r1,90
2026-04-03T20:51:47.594131-07:00,write,key-6,816.485,231,false,leader-w5r1,90
2026-04-03T20:51:47.594377-07:00,write,key-3,816.395,229,false,leader-w5r1,90
2026-04-03T20:51:47.596315-07:00,write,key-9,814.574,224,false,leader-w5r1,90
2026-04-03T20:51:47.594649-07:00,write,key-3,817.224,230,false,leader-w5r1,90
2026-04-03T20:51:47.594284-07:00,write,key-8,817.712,267,false,leader-w5r1,90
2026-04-03T20:51:47.594255-07:00,write,key-9,817.853,222,false,leader-w5r1,90
2026-04-03T20:51:47.594678-07:00,write,key-5,817.528,236,false,leader-w5r1,90
2026-04-03T20:51:47.594614-07:00,write,key-5,817.694,234,false,leader-w5r1,90
2026-04-03T20:51:47.594551-07:00,write,key-0,817.860,246,false,leader-w5r1,90
2026-04-03T20:51:47.594442-07:00,write,key-9,818.533,223,false,leader-w5r1,90
2026-04-03T20:51:47.593359-07:00,write,key-2,819.733,226,false,leader-w5r1,90
2026-04-03T20:51:48.410773-07:00,read,key-0,6.679,247,false,leader-w5r1,90
2026-04-03T20:51:48.412106-07:00,write,key-7,812.940,242,false,leader-w5r1,90
2026-04-03T20:51:48.41746-07:00,write,key-1,807.785,239,false,leader-w5r1,90
2026-04-03T20:51:48.412308-07:00,write,key-9,813.469,227,false,leader-w5r1,90
2026-04-03T20:51:48.413092-07:00,write,key-7,812.802,244,false,leader-w5r1,90
2026-04-03T20:51:48.409715-07:00,write,key-0,816.244,248,false,leader-w5r1,90
2026-04-03T20:51:48.411995-07:00,write,key-7,814.150,240,false,leader-w5r1,90
2026-04-03T20:51:48.409295-07:00,write,key-8,817.193,271,false,leader-w5r1,90
2026-04-03T20:51:48.412974-07:00,write,key-7,817.027,241,false,leader-w5r1,90
2026-04-03T20:51:48.412205-07:00,write,key-0,817.995,249,false,leader-w5r1,90
2026-04-03T20:51:48.409526-07:00,write,key-5,820.776,237,false,leader-w5r1,90
2026-04-03T20:51:48.409835-07:00,write,key-4,820.599,242,false,leader-w5r1,90
2026-04-03T20:51:48.410616-07:00,write,key-3,819.885,231,false,leader-w5r1,90
2026-04-03T20:51:48.412411-07:00,write,key-9,818.165,225,false,leader-w5r1,90
2026-04-03T20:51:48.410304-07:00,write,key-4,820.344,241,false,leader-w5r1,90
2026-04-03T20:51:48.411873-07:00,write,key-1,818.841,238,false,leader-w5r1,90
2026-04-03T20:51:48.409377-07:00,write,key-8,821.403,270,false,leader-w5r1,90
2026-04-03T20:51:48.409485-07:00,write,key-6,821.444,232,false,leader-w5r1,90
2026-04-03T20:51:48.410169-07:00,write,key-7,820.978,243,false,leader-w5r1,90
2026-04-03T20:51:48.410454-07:00,write,key-9,820.795,226,false,leader-w5r1,90
2026-04-03T20:51:49.226145-07:00,read,key-3,5.200,232,false,leader-w5r1,90
2026-04-03T20:51:48.410889-07:00,write,key-3,820.671,232,false,leader-w5r1,90
2026-04-03T20:51:49.230647-07:00,write,key-2,818.775,229,false,leader-w5r1,90
2026-04-03T20:51:49.230575-07:00,write,key-6,818.971,234,false,leader-w5r1,90
2026-04-03T20:51:49.230779-07:00,write,key-3,818.895,234,false,leader-w5r1,90
2026-04-03T20:51:49.230713-07:00,write,key-1,819.017,242,false,leader-w5r1,90
2026-04-03T20:51:49.230942-07:00,write,key-7,818.828,245,false,leader-w5r1,90
2026-04-03T20:51:49.226489-07:00,write,key-1,823.447,241,false,leader-w5r1,90
2026-04-03T20:51:49.225893-07:00,write,key-5,824.203,238,false,leader-w5r1,90
2026-04-03T20:51:49.230501-07:00,write,key-2,819.677,228,false,leader-w5r1,90
2026-04-03T20:51:49.231351-07:00,write,key-6,818.912,236,false,leader-w5r1,90
2026-04-03T20:51:49.2302-07:00,write,key-8,820.158,273,false,leader-w5r1,90
2026-04-03T20:51:49.225056-07:00,write,key-2,828.426,227,false,leader-w5r1,90
2026-04-03T20:51:49.231559-07:00,write,key-0,822.139,251,false,leader-w5r1,90
2026-04-03T20:51:49.231146-07:00,write,key-8,822.554,274,false,leader-w5r1,90
2026-04-03T20:51:49.231248-07:00,write,key-1,822.493,243,false,leader-w5r1,90
2026-04-03T20:51:49.225244-07:00,write,key-1,828.879,240,false,leader-w5r1,90
2026-04-03T20:51:49.225778-07:00,write,key-6,828.353,233,false,leader-w5r1,90
2026-04-03T20:51:49.225958-07:00,write,key-8,828.177,272,false,leader-w5r1,90
2026-04-03T20:51:49.230003-07:00,write,key-3,824.173,233,false,leader-w5r1,90
2026-04-03T20:51:49.230301-07:00,write,key-6,823.885,235,false,leader-w5r1,90
2026-04-03T20:51:49.230434-07:00,write,key-0,823.769,250,false,leader-w5r1,90
2026-04-03T20:51:50.053699-07:00,read,key-6,2.092,236,false,leader-w5r1,90
2026-04-03T20:51:50.054203-07:00,read,key-3,1.761,234,false,leader-w5r1,90
2026-04-03T20:51:50.0537-07:00,write,key-0,814.734,252,false,leader-w5r1,90
2026-04-03T20:51:50.054135-07:00,write,key-5,814.647,239,false,leader-w5r1,90
2026-04-03T20:51:50.055966-07:00,write,key-3,812.869,237,false,leader-w5r1,90
2026-04-03T20:51:50.05413-07:00,write,key-4,814.763,245,false,leader-w5r1,90
2026-04-03T20:51:50.050178-07:00,write,key-4,818.765,243,false,leader-w5r1,90
2026-04-03T20:51:50.049547-07:00,write,key-2,819.456,231,false,leader-w5r1,90
2026-04-03T20:51:50.050359-07:00,write,key-7,819.233,246,false,leader-w5r1,90
2026-04-03T20:51:50.049936-07:00,write,key-8,819.691,275,false,leader-w5r1,90
2026-04-03T20:51:50.054175-07:00,write,key-2,815.475,233,false,leader-w5r1,90
2026-04-03T20:51:50.054187-07:00,write,key-5,815.492,241,false,leader-w5r1,90
2026-04-03T20:51:50.053485-07:00,write,key-2,816.217,232,false,leader-w5r1,90
2026-04-03T20:51:50.053742-07:00,write,key-8,815.986,276,false,leader-w5r1,90
2026-04-03T20:51:50.04973-07:00,write,key-5,820.022,240,false,leader-w5r1,90
2026-04-03T20:51:50.049675-07:00,write,key-1,820.102,244,false,leader-w5r1,90
2026-04-03T20:51:50.050263-07:00,write,key-2,819.545,230,false,leader-w5r1,90
2026-04-03T20:51:50.049434-07:00,write,key-0,820.392,253,false,leader-w5r1,90
2026-04-03T20:51:50.054122-07:00,write,key-4,815.734,244,false,leader-w5r1,90
2026-04-03T20:51:50.050098-07:00,write,key-3,819.777,235,false,leader-w5r1,90
2026-04-03T20:51:50.055798-07:00,write,key-3,814.108,236,false,leader-w5r1,90
2026-04-03T20:51:50.049769-07:00,write,key-6,820.152,237,false,leader-w5r1,90
2026-04-03T20:51:50.868834-07:00,read,key-3,3.708,237,false,leader-w5r1,90
2026-04-03T20:51:50.868782-07:00,write,key-3,825.132,239,false,leader-w5r1,90
2026-04-03T20:51:50.869776-07:00,write,key-1,824.279,246,false,leader-w5r1,90
2026-04-03T20:51:50.869826-07:00,write,key-0,824.318,257,false,leader-w5r1,90
2026-04-03T20:51:50.868892-07:00,write,key-8,825.309,278,false,leader-w5r1,90
2026-04-03T20:51:50.868942-07:00,write,key-0,825.299,254,false,leader-w5r1,90
2026-04-03T20:51:50.869678-07:00,write,key-0,824.697,255,false,leader-w5r1,90
2026-04-03T20:51:50.869921-07:00,write,key-2,824.514,235,false,leader-w5r1,90
2026-04-03T20:51:50.869751-07:00,write,key-1,824.744,245,false,leader-w5r1,90
2026-04-03T20:51:50.869649-07:00,write,key-6,824.903,238,false,leader-w5r1,90
2026-04-03T20:51:50.869727-07:00,write,key-2,824.883,234,false,leader-w5r1,90
2026-04-03T20:51:50.872545-07:00,write,key-8,822.119,280,false,leader-w5r1,90
2026-04-03T20:51:50.868436-07:00,write,key-4,826.293,247,false,leader-w5r1,90
2026-04-03T20:51:50.869626-07:00,write,key-9,825.154,228,false,leader-w5r1,90
2026-04-03T20:51:50.869701-07:00,write,key-3,825.129,238,false,leader-w5r1,90
2026-04-03T20:51:50.869855-07:00,write,key-0,825.031,256,false,leader-w5r1,90
2026-04-03T20:51:50.869905-07:00,write,key-6,825.035,239,false,leader-w5r1,90
2026-04-03T20:51:50.869591-07:00,write,key-4,825.400,246,false,leader-w5r1,90
2026-04-03T20:51:50.869874-07:00,write,key-8,825.191,279,false,leader-w5r1,90
2026-04-03T20:51:50.869807-07:00,write,key-7,825.523,247,false,leader-w5r1,90
2026-04-03T20:51:50.869003-07:00,write,key-8,826.356,277,false,leader-w5r1,90
2026-04-03T20:51:51.694729-07:00,read,key-5,3.400,241,false,leader-w5r1,90
2026-04-03T20:51:51.694551-07:00,read,key-4,4.218,247,false,leader-w5r1,90
2026-04-03T20:51:51.694056-07:00,read,key-4,4.801,247,false,leader-w5r1,90
2026-04-03T20:51:51.694991-07:00,read,key-5,3.879,241,false,leader-w5r1,90
2026-04-03T20:51:51.695064-07:00,read,key-2,3.857,235,false,leader-w5r1,90
2026-04-03T20:51:51.698772-07:00,write,key-3,807.289,242,false,leader-w5r1,90
2026-04-03T20:51:51.694495-07:00,write,key-4,811.757,248,false,leader-w5r1,90
2026-04-03T20:51:51.694829-07:00,write,key-7,811.493,248,false,leader-w5r1,90
2026-04-03T20:51:51.694241-07:00,write,key-6,812.147,240,false,leader-w5r1,90
2026-04-03T20:51:51.6942-07:00,write,key-3,812.263,240,false,leader-w5r1,90
2026-04-03T20:51:51.695357-07:00,write,key-8,811.144,281,false,leader-w5r1,90
2026-04-03T20:51:51.69533-07:00,write,key-1,813.887,248,false,leader-w5r1,90
2026-04-03T20:51:51.694434-07:00,write,key-9,814.826,230,false,leader-w5r1,90
2026-04-03T20:51:51.694144-07:00,write,key-1,815.151,247,false,leader-w5r1,90
2026-04-03T20:51:51.694939-07:00,write,key-3,814.396,241,false,leader-w5r1,90
2026-04-03T20:51:51.694374-07:00,write,key-8,814.980,282,false,leader-w5r1,90
2026-04-03T20:51:51.698922-07:00,write,key-1,810.467,250,false,leader-w5r1,90
2026-04-03T20:51:51.69886-07:00,write,key-8,810.552,284,false,leader-w5r1,90
2026-04-03T20:51:51.693917-07:00,write,key-9,815.531,229,false,leader-w5r1,90
2026-04-03T20:51:51.698872-07:00,write,key-0,810.595,260,false,leader-w5r1,90
2026-04-03T20:51:51.694779-07:00,write,key-8,814.723,283,false,leader-w5r1,90
2026-04-03T20:51:51.698132-07:00,write,key-0,811.389,259,false,leader-w5r1,90
2026-04-03T20:51:51.694663-07:00,write,key-0,814.875,258,false,leader-w5r1,90
2026-04-03T20:51:51.694609-07:00,write,key-6,814.996,241,false,leader-w5r1,90
2026-04-03T20:51:51.694886-07:00,write,key-1,814.740,249,false,leader-w5r1,90
2026-04-03T20:51:52.509537-07:00,read,key-4,1.637,248,false,leader-w5r1,90
2026-04-03T20:51:52.511177-07:00,read,key-2,0.586,235,false,leader-w5r1,90
2026-04-03T20:51:52.511766-07:00,write,key-8,808.347,286,false,leader-w5r1,90
2026-04-03T20:51:52.506502-07:00,write,key-2,813.751,236,false,leader-w5r1,90
2026-04-03T20:51:52.506463-07:00,write,key-6,813.850,243,false,leader-w5r1,90
2026-04-03T20:51:52.509466-07:00,write,key-7,810.902,251,false,leader-w5r1,90
2026-04-03T20:51:52.509334-07:00,write,key-4,811.095,249,false,leader-w5r1,90
2026-04-03T20:51:52.509218-07:00,write,key-7,811.218,250,false,leader-w5r1,90
2026-04-03T20:51:52.509411-07:00,write,key-5,811.071,242,false,leader-w5r1,90
2026-04-03T20:51:52.50926-07:00,write,key-6,811.253,244,false,leader-w5r1,90
2026-04-03T20:51:52.506252-07:00,write,key-1,814.287,251,false,leader-w5r1,90
2026-04-03T20:51:52.509353-07:00,write,key-1,811.216,252,false,leader-w5r1,90
2026-04-03T20:51:52.509294-07:00,write,key-2,811.310,237,false,leader-w5r1,90
2026-04-03T20:51:52.506066-07:00,write,key-0,814.550,261,false,leader-w5r1,90
2026-04-03T20:51:52.509501-07:00,write,key-6,811.151,245,false,leader-w5r1,90
2026-04-03T20:51:52.506387-07:00,write,key-6,814.281,242,false,leader-w5r1,90
2026-04-03T20:51:52.509388-07:00,write,key-0,811.337,262,false,leader-w5r1,90
2026-04-03T20:51:52.509604-07:00,write,key-7,811.131,253,false,leader-w5r1,90
2026-04-03T20:51:52.509625-07:00,write,key-2,811.153,238,false,leader-w5r1,90
2026-04-03T20:51:52.509448-07:00,write,key-8,811.354,285,false,leader-w5r1,90
2026-04-03T20:51:52.50952-07:00,write,key-7,811.284,252,false,leader-w5r1,90
2026-04-03T20:51:52.506322-07:00,write,key-7,814.529,249,false,leader-w5r1,90
2026-04-03T20:51:53.320724-07:00,read,key-0,0.857,262,false,leader-w5r1,90
2026-04-03T20:51:53.320803-07:00,write,key-4,818.137,253,false,leader-w5r1,90
2026-04-03T20:51:53.320667-07:00,write,key-6,818.384,248,false,leader-w5r1,90
2026-04-03T20:51:53.321584-07:00,write,key-6,817.537,250,false,leader-w5r1,90
2026-04-03T20:51:53.320435-07:00,write,key-4,818.727,252,false,leader-w5r1,90
2026-04-03T20:51:53.320118-07:00,write,key-4,819.065,250,false,leader-w5r1,90
2026-04-03T20:51:53.320538-07:00,write,key-4,818.686,251,false,leader-w5r1,90
2026-04-03T20:51:53.320851-07:00,write,key-1,818.404,255,false,leader-w5r1,90
2026-04-03T20:51:53.320615-07:00,write,key-1,818.661,254,false,leader-w5r1,90
2026-04-03T20:51:53.320735-07:00,write,key-5,818.576,244,false,leader-w5r1,90
2026-04-03T20:51:53.320367-07:00,write,key-3,818.962,243,false,leader-w5r1,90
2026-04-03T20:51:53.320253-07:00,write,key-6,819.125,246,false,leader-w5r1,90
2026-04-03T20:51:53.320777-07:00,write,key-2,818.609,239,false,leader-w5r1,90
2026-04-03T20:51:53.320312-07:00,write,key-1,819.107,253,false,leader-w5r1,90
2026-04-03T20:51:53.320481-07:00,write,key-9,818.966,231,false,leader-w5r1,90
2026-04-03T20:51:53.3208-07:00,write,key-0,818.724,263,false,leader-w5r1,90
2026-04-03T20:51:53.320513-07:00,write,key-6,819.033,247,false,leader-w5r1,90
2026-04-03T20:51:53.320651-07:00,write,key-2,818.907,240,false,leader-w5r1,90
2026-04-03T20:51:53.320428-07:00,write,key-5,819.151,243,false,leader-w5r1,90
2026-04-03T20:51:53.320569-07:00,write,key-7,819.020,254,false,leader-w5r1,90
2026-04-03T20:51:53.320604-07:00,write,key-6,819.034,249,false,leader-w5r1,90
2026-04-03T20:51:54.139386-07:00,read,key-6,1.059,250,false,leader-w5r1,90
2026-04-03T20:51:54.139446-07:00,read,key-2,1.024,240,false,leader-w5r1,90
2026-04-03T20:51:54.139579-07:00,write,key-3,817.345,245,false,leader-w5r1,90
2026-04-03T20:51:54.139183-07:00,write,key-4,817.898,255,false,leader-w5r1,90
2026-04-03T20:51:54.139588-07:00,write,key-8,817.554,288,false,leader-w5r1,90
2026-04-03T20:51:54.140472-07:00,write,key-9,816.730,232,false,leader-w5r1,90
2026-04-03T20:51:54.139545-07:00,write,key-2,817.713,242,false,leader-w5r1,90
2026-04-03T20:51:54.138945-07:00,write,key-4,818.371,254,false,leader-w5r1,90
2026-04-03T20:51:54.139254-07:00,write,key-8,818.139,287,false,leader-w5r1,90
2026-04-03T20:51:54.139223-07:00,write,key-7,818.223,256,false,leader-w5r1,90
2026-04-03T20:51:54.140449-07:00,write,key-6,817.045,252,false,leader-w5r1,90
2026-04-03T20:51:54.139377-07:00,write,key-2,818.168,244,false,leader-w5r1,90
2026-04-03T20:51:54.139275-07:00,write,key-6,818.646,251,false,leader-w5r1,90
2026-04-03T20:51:54.13912-07:00,write,key-2,818.859,241,false,leader-w5r1,90
2026-04-03T20:51:54.139329-07:00,write,key-2,818.651,243,false,leader-w5r1,90
2026-04-03T20:51:54.139524-07:00,write,key-7,818.546,255,false,leader-w5r1,90
2026-04-03T20:51:54.139162-07:00,write,key-1,818.929,256,false,leader-w5r1,90
2026-04-03T20:51:54.139558-07:00,write,key-1,818.543,257,false,leader-w5r1,90
2026-04-03T20:51:54.139311-07:00,write,key-3,818.850,244,false,leader-w5r1,90
2026-04-03T20:51:54.139419-07:00,write,key-0,818.779,264,false,leader-w5r1,90
2026-04-03T20:51:54.139636-07:00,write,key-2,818.584,245,false,leader-w5r1,90
2026-04-03T20:51:54.139051-07:00,write,key-5,819.179,245,false,leader-w5r1,90
2026-04-03T20:51:54.957978-07:00,read,key-7,1.235,256,false,leader-w5r1,90
2026-04-03T20:51:54.95809-07:00,read,key-0,1.248,264,false,leader-w5r1,90
2026-04-03T20:51:54.957979-07:00,read,key-7,1.415,256,false,leader-w5r1,90
2026-04-03T20:51:54.957081-07:00,write,key-3,821.161,246,false,leader-w5r1,90
2026-04-03T20:51:54.958069-07:00,write,key-9,820.284,235,false,leader-w5r1,90
2026-04-03T20:51:54.95792-07:00,write,key-8,820.494,291,false,leader-w5r1,90
2026-04-03T20:51:54.957444-07:00,write,key-5,821.549,247,false,leader-w5r1,90
2026-04-03T20:51:54.959396-07:00,write,key-4,819.668,257,false,leader-w5r1,90
2026-04-03T20:51:54.95816-07:00,write,key-8,820.960,290,false,leader-w5r1,90
2026-04-03T20:51:54.958229-07:00,write,key-9,820.942,237,false,leader-w5r1,90
2026-04-03T20:51:54.959217-07:00,write,key-9,819.972,236,false,leader-w5r1,90
2026-04-03T20:51:54.958197-07:00,write,key-0,821.030,266,false,leader-w5r1,90
2026-04-03T20:51:54.957202-07:00,write,key-5,822.041,246,false,leader-w5r1,90
2026-04-03T20:51:54.957314-07:00,write,key-9,821.963,233,false,leader-w5r1,90
2026-04-03T20:51:54.957544-07:00,write,key-1,821.747,258,false,leader-w5r1,90
2026-04-03T20:51:54.95822-07:00,write,key-6,821.108,254,false,leader-w5r1,90
2026-04-03T20:51:54.957493-07:00,write,key-7,821.840,257,false,leader-w5r1,90
2026-04-03T20:51:54.957256-07:00,write,key-6,822.118,253,false,leader-w5r1,90
2026-04-03T20:51:54.95934-07:00,write,key-7,820.037,258,false,leader-w5r1,90
2026-04-03T20:51:54.956929-07:00,write,key-0,822.493,265,false,leader-w5r1,90
2026-04-03T20:51:54.957392-07:00,write,key-8,822.044,289,false,leader-w5r1,90
2026-04-03T20:51:54.9581-07:00,write,key-4,821.358,256,false,leader-w5r1,90
2026-04-03T20:51:54.957141-07:00,write,key-9,822.344,234,false,leader-w5r1,90
2026-04-03T20:51:55.779421-07:00,read,key-7,3.713,258,false,leader-w5r1,90
2026-04-03T20:51:55.779189-07:00,write,key-4,812.701,261,false,leader-w5r1,90
2026-04-03T20:51:55.779118-07:00,write,key-9,813.017,238,false,leader-w5r1,90
2026-04-03T20:51:55.779376-07:00,write,key-1,812.873,261,false,leader-w5r1,90
2026-04-03T20:51:55.778245-07:00,write,key-8,814.115,292,false,leader-w5r1,90
2026-04-03T20:51:55.779277-07:00,write,key-6,813.164,256,false,leader-w5r1,90
2026-04-03T20:51:55.778352-07:00,write,key-7,814.185,259,false,leader-w5r1,90
2026-04-03T20:51:55.779242-07:00,write,key-2,813.367,246,false,leader-w5r1,90
2026-04-03T20:51:55.779374-07:00,write,key-7,813.256,260,false,leader-w5r1,90
2026-04-03T20:51:55.779457-07:00,write,key-4,813.276,260,false,leader-w5r1,90
2026-04-03T20:51:55.779226-07:00,write,key-5,813.524,248,false,leader-w5r1,90
2026-04-03T20:51:55.778993-07:00,write,key-1,813.867,259,false,leader-w5r1,90
2026-04-03T20:51:55.779435-07:00,write,key-9,813.426,239,false,leader-w5r1,90
2026-04-03T20:51:55.779484-07:00,write,key-8,813.454,293,false,leader-w5r1,90
2026-04-03T20:51:55.778413-07:00,write,key-4,814.578,258,false,leader-w5r1,90
2026-04-03T20:51:55.779327-07:00,write,key-3,813.727,247,false,leader-w5r1,90
2026-04-03T20:51:55.783138-07:00,write,key-4,809.927,262,false,leader-w5r1,90
2026-04-03T20:51:55.779171-07:00,write,key-1,813.947,260,false,leader-w5r1,90
2026-04-03T20:51:55.779063-07:00,write,key-6,814.128,255,false,leader-w5r1,90
2026-04-03T20:51:55.779332-07:00,write,key-4,813.952,259,false,leader-w5r1,90
2026-04-03T20:51:55.77929-07:00,write,key-6,814.049,257,false,leader-w5r1,90
2026-04-03T20:51:56.592749-07:00,read,key-5,1.857,248,false,leader-w5r1,90
2026-04-03T20:51:56.592733-07:00,read,key-3,1.871,247,false,leader-w5r1,90
2026-04-03T20:51:56.593343-07:00,write,key-3,822.499,250,false,leader-w5r1,90
2026-04-03T20:51:56.592537-07:00,write,key-4,823.493,263,false,leader-w5r1,90
2026-04-03T20:51:56.591899-07:00,write,key-6,824.212,258,false,leader-w5r1,90
2026-04-03T20:51:56.592249-07:00,write,key-3,823.879,249,false,leader-w5r1,90
2026-04-03T20:51:56.592608-07:00,write,key-3,823.589,248,false,leader-w5r1,90
2026-04-03T20:51:56.592991-07:00,write,key-4,823.212,265,false,leader-w5r1,90
2026-04-03T20:51:56.59286-07:00,write,key-0,823.415,268,false,leader-w5r1,90
2026-04-03T20:51:56.593363-07:00,write,key-8,822.914,295,false,leader-w5r1,90
2026-04-03T20:51:56.592937-07:00,write,key-1,823.425,262,false,leader-w5r1,90
2026-04-03T20:51:56.593065-07:00,write,key-2,823.321,247,false,leader-w5r1,90
2026-04-03T20:51:56.592629-07:00,write,key-4,823.809,264,false,leader-w5r1,90
2026-04-03T20:51:56.592136-07:00,write,key-9,824.341,240,false,leader-w5r1,90
2026-04-03T20:51:56.593053-07:00,write,key-5,823.471,250,false,leader-w5r1,90
2026-04-03T20:51:56.593399-07:00,write,key-2,823.175,248,false,leader-w5r1,90
2026-04-03T20:51:56.594609-07:00,write,key-7,821.993,261,false,leader-w5r1,90
2026-04-03T20:51:56.592359-07:00,write,key-8,824.288,294,false,leader-w5r1,90
2026-04-03T20:51:56.594609-07:00,write,key-3,822.148,251,false,leader-w5r1,90
2026-04-03T20:51:56.593117-07:00,write,key-0,823.674,267,false,leader-w5r1,90
2026-04-03T20:51:56.59244-07:00,write,key-5,824.367,249,false,leader-w5r1,90
2026-04-03T20:51:56.59286-07:00,write,key-9,823.984,241,false,leader-w5r1,90
2026-04-03T20:51:57.416437-07:00,read,key-7,0.806,261,false,leader-w5r1,90
2026-04-03T20:51:57.416647-07:00,read,key-2,1.217,248,false,leader-w5r1,90
2026-04-03T20:51:57.41679-07:00,read,key-6,1.141,258,false,leader-w5r1,90
2026-04-03T20:51:57.41585-07:00,write,key-1,808.805,263,false,leader-w5r1,90
2026-04-03T20:51:57.416602-07:00,write,key-5,808.054,253,false,leader-w5r1,90
2026-04-03T20:51:57.416202-07:00,write,key-4,808.658,266,false,leader-w5r1,90
2026-04-03T20:51:57.416128-07:00,write,key-8,808.744,296,false,leader-w5r1,90
2026-04-03T20:51:57.416843-07:00,write,key-4,808.115,268,false,leader-w5r1,90
2026-04-03T20:51:57.41611-07:00,write,key-0,808.915,269,false,leader-w5r1,90
2026-04-03T20:51:57.416197-07:00,write,key-4,808.872,267,false,leader-w5r1,90
2026-04-03T20:51:57.416476-07:00,write,key-3,808.638,253,false,leader-w5r1,90
2026-04-03T20:51:57.416275-07:00,write,key-5,808.885,251,false,leader-w5r1,90
2026-04-03T20:51:57.416523-07:00,write,key-8,808.689,297,false,leader-w5r1,90
2026-04-03T20:51:57.416756-07:00,write,key-7,808.493,262,false,leader-w5r1,90
2026-04-03T20:51:57.416573-07:00,write,key-0,808.696,271,false,leader-w5r1,90
2026-04-03T20:51:57.416362-07:00,write,key-5,808.970,252,false,leader-w5r1,90
2026-04-03T20:51:57.416385-07:00,write,key-9,809.062,242,false,leader-w5r1,90
2026-04-03T20:51:57.416807-07:00,write,key-3,808.670,252,false,leader-w5r1,90
2026-04-03T20:51:57.416277-07:00,write,key-0,809.256,270,false,leader-w5r1,90
2026-04-03T20:51:57.41603-07:00,write,key-6,809.547,259,false,leader-w5r1,90
2026-04-03T20:51:57.417933-07:00,write,key-0,809.632,272,false,leader-w5r1,90
2026-04-03T20:51:57.417249-07:00,write,key-5,812.718,254,false,leader-w5r1,90
2026-04-03T20:51:57.417866-07:00,write,key-2,812.303,249,false,leader-w5r1,90
2026-04-03T20:51:58.224663-07:00,read,key-9,8.352,242,false,leader-w5r1,90
2026-04-03T20:51:58.224872-07:00,read,key-4,8.221,268,false,leader-w5r1,90
2026-04-03T20:51:58.225114-07:00,read,key-9,9.972,242,false,leader-w5r1,90
2026-04-03T20:51:58.225161-07:00,read,key-8,10.155,297,false,leader-w5r1,90
2026-04-03T20:51:58.230169-07:00,read,key-7,5.405,262,false,leader-w5r1,90
2026-04-03T20:51:58.233096-07:00,read,key-1,4.656,267,false,leader-w5r1,90
2026-04-03T20:51:58.225447-07:00,write,key-0,821.933,273,false,leader-w5r1,90
2026-04-03T20:51:58.235088-07:00,write,key-1,812.421,267,false,leader-w5r1,90
2026-04-03T20:51:58.225476-07:00,write,key-8,822.095,298,false,leader-w5r1,90
2026-04-03T20:51:58.237754-07:00,write,key-5,809.852,258,false,leader-w5r1,90
2026-04-03T20:51:58.225211-07:00,write,key-0,822.463,274,false,leader-w5r1,90
2026-04-03T20:51:58.225249-07:00,write,key-1,822.464,266,false,leader-w5r1,90
2026-04-03T20:51:58.227566-07:00,write,key-0,820.198,276,false,leader-w5r1,90
2026-04-03T20:51:58.224788-07:00,write,key-2,822.977,250,false,leader-w5r1,90
2026-04-03T20:51:58.225069-07:00,write,key-1,822.754,265,false,leader-w5r1,90
2026-04-03T20:51:58.233019-07:00,write,key-5,814.810,255,false,leader-w5r1,90
2026-04-03T20:51:58.229969-07:00,write,key-6,817.907,261,false,leader-w5r1,90
2026-04-03T20:51:58.225025-07:00,write,key-1,822.883,264,false,leader-w5r1,90
2026-04-03T20:51:58.225331-07:00,write,key-6,822.656,260,false,leader-w5r1,90
2026-04-03T20:51:58.225576-07:00,write,key-5,822.453,256,false,leader-w5r1,90
2026-04-03T20:51:58.225269-07:00,write,key-0,822.796,275,false,leader-w5r1,90
2026-04-03T20:51:58.235317-07:00,write,key-9,812.795,243,false,leader-w5r1,90
2026-04-03T20:51:58.22486-07:00,write,key-3,823.279,254,false,leader-w5r1,90
2026-04-03T20:51:58.235576-07:00,write,key-5,812.636,257,false,leader-w5r1,90
2026-04-03T20:51:58.225532-07:00,write,key-9,822.716,244,false,leader-w5r1,90
2026-04-03T20:51:58.224958-07:00,write,key-7,823.299,263,false,leader-w5r1,90
2026-04-03T20:51:59.047908-07:00,read,key-1,1.018,267,false,leader-w5r1,90
2026-04-03T20:51:59.047764-07:00,read,key-8,1.280,298,false,leader-w5r1,90
2026-04-03T20:51:59.047823-07:00,read,key-9,1.296,244,false,leader-w5r1,90
2026-04-03T20:51:59.049048-07:00,write,key-6,815.136,264,false,leader-w5r1,90
2026-04-03T20:51:59.047828-07:00,write,key-6,816.590,263,false,leader-w5r1,90
2026-04-03T20:51:59.047765-07:00,write,key-7,816.734,264,false,leader-w5r1,90
2026-04-03T20:51:59.048211-07:00,write,key-8,816.393,301,false,leader-w5r1,90
2026-04-03T20:51:59.047607-07:00,write,key-5,817.071,259,false,leader-w5r1,90
2026-04-03T20:51:59.047875-07:00,write,key-4,816.878,269,false,leader-w5r1,90
2026-04-03T20:51:59.047389-07:00,write,key-9,817.438,245,false,leader-w5r1,90
2026-04-03T20:51:59.048112-07:00,write,key-5,816.813,260,false,leader-w5r1,90
2026-04-03T20:51:59.048029-07:00,write,key-3,816.968,256,false,leader-w5r1,90
2026-04-03T20:51:59.047571-07:00,write,key-6,817.516,262,false,leader-w5r1,90
2026-04-03T20:51:59.047674-07:00,write,key-8,817.525,300,false,leader-w5r1,90
2026-04-03T20:51:59.048065-07:00,write,key-5,817.210,261,false,leader-w5r1,90
2026-04-03T20:51:59.047987-07:00,write,key-8,817.363,302,false,leader-w5r1,90
2026-04-03T20:51:59.048139-07:00,write,key-2,817.521,251,false,leader-w5r1,90
2026-04-03T20:51:59.04751-07:00,write,key-1,818.192,268,false,leader-w5r1,90
2026-04-03T20:51:59.048928-07:00,write,key-0,816.818,277,false,leader-w5r1,90
2026-04-03T20:51:59.047712-07:00,write,key-8,818.293,299,false,leader-w5r1,90
2026-04-03T20:51:59.049121-07:00,write,key-3,818.111,257,false,leader-w5r1,90
2026-04-03T20:51:59.048248-07:00,write,key-2,819.188,252,false,leader-w5r1,90
2026-04-03T20:51:59.864996-07:00,read,key-5,2.805,261,false,leader-w5r1,90
2026-04-03T20:51:59.86535-07:00,read,key-9,3.222,245,false,leader-w5r1,90
2026-04-03T20:51:59.048257-07:00,write,key-3,820.338,255,false,leader-w5r1,90
2026-04-03T20:51:59.868575-07:00,read,key-7,0.697,264,false,leader-w5r1,90
2026-04-03T20:51:59.865198-07:00,write,key-0,818.320,279,false,leader-w5r1,90
2026-04-03T20:51:59.865746-07:00,write,key-0,817.836,278,false,leader-w5r1,90
2026-04-03T20:51:59.867436-07:00,write,key-3,816.082,261,false,leader-w5r1,90
2026-04-03T20:51:59.864925-07:00,write,key-3,818.702,258,false,leader-w5r1,90
2026-04-03T20:51:59.864676-07:00,write,key-8,819.076,303,false,leader-w5r1,90
2026-04-03T20:51:59.864195-07:00,write,key-6,819.720,265,false,leader-w5r1,90
2026-04-03T20:51:59.867806-07:00,write,key-5,816.169,262,false,leader-w5r1,90
2026-04-03T20:51:59.869274-07:00,write,key-6,814.735,269,false,leader-w5r1,90
2026-04-03T20:51:59.867233-07:00,write,key-9,816.834,248,false,leader-w5r1,90
2026-04-03T20:51:59.868597-07:00,write,key-4,815.490,271,false,leader-w5r1,90
2026-04-03T20:51:59.864826-07:00,write,key-2,819.328,254,false,leader-w5r1,90
2026-04-03T20:51:59.865087-07:00,write,key-3,819.136,259,false,leader-w5r1,90
2026-04-03T20:51:59.864604-07:00,write,key-6,819.699,266,false,leader-w5r1,90
2026-04-03T20:51:59.864418-07:00,write,key-4,819.960,270,false,leader-w5r1,90
2026-04-03T20:51:59.865275-07:00,write,key-2,819.136,253,false,leader-w5r1,90
2026-04-03T20:51:59.865701-07:00,write,key-9,818.750,246,false,leader-w5r1,90
2026-04-03T20:51:59.86566-07:00,write,key-6,818.831,268,false,leader-w5r1,90
2026-04-03T20:51:59.864752-07:00,write,key-9,819.768,247,false,leader-w5r1,90
2026-04-03T20:51:59.866005-07:00,write,key-3,818.567,260,false,leader-w5r1,90
2026-04-03T20:51:59.864498-07:00,write,key-6,820.146,267,false,leader-w5r1,90
2026-04-03T20:52:00.683915-07:00,read,key-1,1.195,268,false,leader-w5r1,90
2026-04-03T20:52:00.68449-07:00,read,key-8,1.115,303,false,leader-w5r1,90
2026-04-03T20:52:00.684643-07:00,write,key-4,815.394,272,false,leader-w5r1,90
2026-04-03T20:52:00.68441-07:00,write,key-9,815.809,251,false,leader-w5r1,90
2026-04-03T20:52:00.683975-07:00,write,key-6,816.335,272,false,leader-w5r1,90
2026-04-03T20:52:00.683626-07:00,write,key-7,816.713,265,false,leader-w5r1,90
2026-04-03T20:52:00.684572-07:00,write,key-5,815.832,265,false,leader-w5r1,90
2026-04-03T20:52:00.684008-07:00,write,key-9,816.428,250,false,leader-w5r1,90
2026-04-03T20:52:00.684519-07:00,write,key-5,815.960,264,false,leader-w5r1,90
2026-04-03T20:52:00.683603-07:00,write,key-5,816.917,263,false,leader-w5r1,90
2026-04-03T20:52:00.684086-07:00,write,key-2,816.472,255,false,leader-w5r1,90
2026-04-03T20:52:00.684377-07:00,write,key-2,816.236,256,false,leader-w5r1,90
2026-04-03T20:52:00.685116-07:00,write,key-6,815.544,274,false,leader-w5r1,90
2026-04-03T20:52:00.68445-07:00,write,key-6,816.237,273,false,leader-w5r1,90
2026-04-03T20:52:00.684154-07:00,write,key-6,816.588,271,false,leader-w5r1,90
2026-04-03T20:52:00.683581-07:00,write,key-1,817.168,269,false,leader-w5r1,90
2026-04-03T20:52:00.684222-07:00,write,key-9,816.568,249,false,leader-w5r1,90
2026-04-03T20:52:00.684302-07:00,write,key-0,816.568,280,false,leader-w5r1,90
2026-04-03T20:52:00.683752-07:00,write,key-7,817.155,266,false,leader-w5r1,90
2026-04-03T20:52:00.685608-07:00,write,key-2,815.376,257,false,leader-w5r1,90
2026-04-03T20:52:00.683527-07:00,write,key-6,817.537,270,false,leader-w5r1,90
2026-04-03T20:52:00.684066-07:00,write,key-3,817.127,262,false,leader-w5r1,90
2026-04-03T20:52:01.500404-07:00,write,key-3,820.902,263,false,leader-w5r1,90
2026-04-03T20:52:01.500435-07:00,write,key-4,821.188,273,false,leader-w5r1,90
2026-04-03T20:52:01.501064-07:00,write,key-7,820.659,268,false,leader-w5r1,90
2026-04-03T20:52:01.50087-07:00,write,key-1,820.953,271,false,leader-w5r1,90
2026-04-03T20:52:01.500558-07:00,write,key-2,821.368,258,false,leader-w5r1,90
2026-04-03T20:52:01.500659-07:00,write,key-9,821.400,252,false,leader-w5r1,90
2026-04-03T20:52:01.500906-07:00,write,key-2,821.247,259,false,leader-w5r1,90
2026-04-03T20:52:01.500311-07:00,write,key-1,821.933,270,false,leader-w5r1,90
2026-04-03T20:52:01.50079-07:00,write,key-9,821.553,255,false,leader-w5r1,90
2026-04-03T20:52:01.500219-07:00,write,key-3,822.200,264,false,leader-w5r1,90
2026-04-03T20:52:01.50052-07:00,write,key-7,822.000,267,false,leader-w5r1,90
2026-04-03T20:52:01.500479-07:00,write,key-9,822.110,253,false,leader-w5r1,90
2026-04-03T20:52:01.500741-07:00,write,key-6,822.100,275,false,leader-w5r1,90
2026-04-03T20:52:01.500687-07:00,write,key-9,822.186,254,false,leader-w5r1,90
2026-04-03T20:52:01.500749-07:00,write,key-0,822.140,281,false,leader-w5r1,90
2026-04-03T20:52:01.501192-07:00,write,key-3,821.741,265,false,leader-w5r1,90
2026-04-03T20:52:01.500338-07:00,write,key-5,822.595,266,false,leader-w5r1,90
2026-04-03T20:52:01.500612-07:00,write,key-8,822.343,304,false,leader-w5r1,90
2026-04-03T20:52:01.500984-07:00,write,key-3,822.041,266,false,leader-w5r1,90
2026-04-03T20:52:01.500047-07:00,write,key-0,823.024,282,false,leader-w5r1,90
2026-04-03T20:52:02.322588-07:00,read,key-8,1.151,304,false,leader-w5r1,90
2026-04-03T20:52:02.323024-07:00,read,key-2,1.248,259,false,leader-w5r1,90
2026-04-03T20:52:02.322934-07:00,read,key-6,4.786,276,false,leader-w5r1,90
2026-04-03T20:52:02.322955-07:00,write,key-5,817.661,269,false,leader-w5r1,90
2026-04-03T20:52:02.322418-07:00,write,key-9,819.069,257,false,leader-w5r1,90
2026-04-03T20:52:02.322059-07:00,write,key-0,824.130,283,false,leader-w5r1,90
2026-04-03T20:52:02.323071-07:00,write,key-5,823.240,268,false,leader-w5r1,90
2026-04-03T20:52:02.321723-07:00,write,key-5,824.667,267,false,leader-w5r1,90
2026-04-03T20:52:02.321925-07:00,write,key-1,824.610,272,false,leader-w5r1,90
2026-04-03T20:52:02.322932-07:00,write,key-0,823.679,284,false,leader-w5r1,90
2026-04-03T20:52:02.322153-07:00,write,key-9,824.581,256,false,leader-w5r1,90
2026-04-03T20:52:02.324274-07:00,write,key-2,822.542,261,false,leader-w5r1,90
2026-04-03T20:52:02.322519-07:00,write,key-4,824.378,274,false,leader-w5r1,90
2026-04-03T20:52:02.321823-07:00,write,key-8,825.149,306,false,leader-w5r1,90
2026-04-03T20:52:02.322243-07:00,write,key-2,825.076,260,false,leader-w5r1,90
2026-04-03T20:52:02.322889-07:00,write,key-1,824.571,274,false,leader-w5r1,90
2026-04-03T20:52:02.327724-07:00,write,key-1,819.802,275,false,leader-w5r1,90
2026-04-03T20:52:02.321624-07:00,write,key-3,825.923,267,false,leader-w5r1,90
2026-04-03T20:52:02.322841-07:00,write,key-6,824.735,276,false,leader-w5r1,90
2026-04-03T20:52:02.322872-07:00,write,key-1,824.715,273,false,leader-w5r1,90
2026-04-03T20:52:02.322342-07:00,write,key-8,825.739,305,false,leader-w5r1,90
2026-04-03T20:52:02.321316-07:00,write,key-3,826.799,268,false,leader-w5r1,90
2026-04-03T20:52:02.323744-07:00,write,key-8,824.482,307,false,leader-w5r1,90
2026-04-03T20:52:03.146391-07:00,read,key-6,6.121,276,false,leader-w5r1,90
2026-04-03T20:52:03.146311-07:00,read,key-9,6.308,257,false,leader-w5r1,90
2026-04-03T20:52:03.147322-07:00,read,key-0,5.410,284,false,leader-w5r1,90
2026-04-03T20:52:03.147586-07:00,write,key-0,821.608,286,false,leader-w5r1,90
2026-04-03T20:52:03.152623-07:00,write,key-8,816.815,310,false,leader-w5r1,90
2026-04-03T20:52:03.147548-07:00,write,key-2,822.008,262,false,leader-w5r1,90
2026-04-03T20:52:03.146972-07:00,write,key-9,822.751,258,false,leader-w5r1,90
2026-04-03T20:52:03.148081-07:00,write,key-4,821.758,278,false,leader-w5r1,90
2026-04-03T20:52:03.141487-07:00,write,key-4,828.439,275,false,leader-w5r1,90
2026-04-03T20:52:03.148225-07:00,write,key-5,821.853,271,false,leader-w5r1,90
2026-04-03T20:52:03.146897-07:00,write,key-7,823.286,269,false,leader-w5r1,90
2026-04-03T20:52:03.147527-07:00,write,key-4,822.724,276,false,leader-w5r1,90
2026-04-03T20:52:03.146816-07:00,write,key-5,823.509,270,false,leader-w5r1,90
2026-04-03T20:52:03.146192-07:00,write,key-0,824.207,287,false,leader-w5r1,90
2026-04-03T20:52:03.147576-07:00,write,key-0,822.852,285,false,leader-w5r1,90
2026-04-03T20:52:03.146535-07:00,write,key-3,823.969,269,false,leader-w5r1,90
2026-04-03T20:52:03.140623-07:00,write,key-8,829.932,308,false,leader-w5r1,90
2026-04-03T20:52:03.14661-07:00,write,key-8,823.963,309,false,leader-w5r1,90
2026-04-03T20:52:03.148114-07:00,write,key-3,822.524,271,false,leader-w5r1,90
2026-04-03T20:52:03.146733-07:00,write,key-6,823.911,277,false,leader-w5r1,90
2026-04-03T20:52:03.152737-07:00,write,key-5,817.969,272,false,leader-w5r1,90
2026-04-03T20:52:03.152515-07:00,write,key-3,818.196,270,false,leader-w5r1,90
2026-04-03T20:52:03.147459-07:00,write,key-4,823.316,277,false,leader-w5r1,90
2026-04-03T20:52:03.969926-07:00,write,key-1,818.678,276,false,leader-w5r1,90
2026-04-03T20:52:03.97025-07:00,write,key-5,818.584,275,false,leader-w5r1,90
2026-04-03T20:52:03.970643-07:00,write,key-3,818.308,272,false,leader-w5r1,90
2026-04-03T20:52:03.970502-07:00,write,key-6,818.563,279,false,leader-w5r1,90
2026-04-03T20:52:03.969438-07:00,write,key-4,819.749,281,false,leader-w5r1,90
2026-04-03T20:52:03.970427-07:00,write,key-6,819.076,281,false,leader-w5r1,90
2026-04-03T20:52:03.970706-07:00,write,key-5,818.892,273,false,leader-w5r1,90
2026-04-03T20:52:03.970556-07:00,write,key-5,819.178,274,false,leader-w5r1,90
2026-04-03T20:52:03.970572-07:00,write,key-3,819.237,274,false,leader-w5r1,90
2026-04-03T20:52:03.970637-07:00,write,key-2,819.254,263,false,leader-w5r1,90
2026-04-03T20:52:03.969723-07:00,write,key-3,820.240,273,false,leader-w5r1,90
2026-04-03T20:52:03.970077-07:00,write,key-6,819.971,280,false,leader-w5r1,90
2026-04-03T20:52:03.970183-07:00,write,key-8,819.981,311,false,leader-w5r1,90
2026-04-03T20:52:03.970325-07:00,write,key-4,819.918,280,false,leader-w5r1,90
2026-04-03T20:52:03.970774-07:00,write,key-0,819.538,288,false,leader-w5r1,90
2026-04-03T20:52:03.969202-07:00,write,key-4,821.266,279,false,leader-w5r1,90
2026-04-03T20:52:03.969556-07:00,write,key-8,821.001,312,false,leader-w5r1,90
2026-04-03T20:52:03.970397-07:00,write,key-2,820.290,264,false,leader-w5r1,90
2026-04-03T20:52:03.969838-07:00,write,key-0,820.929,289,false,leader-w5r1,90
2026-04-03T20:52:03.97071-07:00,write,key-6,820.137,278,false,leader-w5r1,90
2026-04-03T20:52:04.789065-07:00,read,key-3,4.547,274,false,leader-w5r1,90
2026-04-03T20:52:04.790468-07:00,write,key-3,825.592,275,false,leader-w5r1,90
2026-04-03T20:52:04.789892-07:00,write,key-9,826.433,260,false,leader-w5r1,90
2026-04-03T20:52:04.789188-07:00,write,key-7,827.246,271,false,leader-w5r1,90
2026-04-03T20:52:04.790686-07:00,write,key-2,825.831,265,false,leader-w5r1,90
2026-04-03T20:52:04.789809-07:00,write,key-5,826.859,276,false,leader-w5r1,90
2026-04-03T20:52:04.788614-07:00,write,key-1,828.131,278,false,leader-w5r1,90
2026-04-03T20:52:04.790557-07:00,write,key-7,826.279,272,false,leader-w5r1,90
2026-04-03T20:52:04.790163-07:00,write,key-4,826.752,282,false,leader-w5r1,90
2026-04-03T20:52:04.790047-07:00,write,key-8,826.945,314,false,leader-w5r1,90
2026-04-03T20:52:04.790846-07:00,write,key-2,826.223,267,false,leader-w5r1,90
2026-04-03T20:52:04.789502-07:00,write,key-0,827.645,291,false,leader-w5r1,90
2026-04-03T20:52:04.79362-07:00,write,key-8,823.582,315,false,leader-w5r1,90
2026-04-03T20:52:04.788952-07:00,write,key-2,828.283,266,false,leader-w5r1,90
2026-04-03T20:52:04.789733-07:00,write,key-5,827.565,277,false,leader-w5r1,90
2026-04-03T20:52:04.790241-07:00,write,key-8,827.143,313,false,leader-w5r1,90
2026-04-03T20:52:04.788835-07:00,write,key-4,828.610,283,false,leader-w5r1,90
2026-04-03T20:52:05.616745-07:00,read,key-5,0.708,277,false,leader-w5r1,90
2026-04-03T20:52:04.789962-07:00,write,key-9,827.539,259,false,leader-w5r1,90
2026-04-03T20:52:04.790312-07:00,write,key-1,827.208,277,false,leader-w5r1,90
2026-04-03T20:52:04.789597-07:00,write,key-0,827.959,290,false,leader-w5r1,90
2026-04-03T20:52:04.790767-07:00,write,key-7,826.813,270,false,leader-w5r1,90
2026-04-03T20:52:05.617501-07:00,read,key-2,1.272,267,false,leader-w5r1,90
2026-04-03T20:52:05.616835-07:00,write,key-1,817.174,279,false,leader-w5r1,90
2026-04-03T20:52:05.617383-07:00,write,key-9,816.705,262,false,leader-w5r1,90
2026-04-03T20:52:05.617297-07:00,write,key-1,816.921,280,false,leader-w5r1,90
2026-04-03T20:52:05.616069-07:00,write,key-5,818.163,278,false,leader-w5r1,90
2026-04-03T20:52:05.616667-07:00,write,key-7,817.646,274,false,leader-w5r1,90
2026-04-03T20:52:05.617069-07:00,write,key-7,817.291,275,false,leader-w5r1,90
2026-04-03T20:52:05.617579-07:00,write,key-6,816.836,283,false,leader-w5r1,90
2026-04-03T20:52:05.616433-07:00,write,key-7,818.026,273,false,leader-w5r1,90
2026-04-03T20:52:05.617202-07:00,write,key-5,817.314,281,false,leader-w5r1,90
2026-04-03T20:52:05.617554-07:00,write,key-6,816.995,282,false,leader-w5r1,90
2026-04-03T20:52:05.617519-07:00,write,key-4,817.089,284,false,leader-w5r1,90
2026-04-03T20:52:05.616992-07:00,write,key-8,817.660,316,false,leader-w5r1,90
2026-04-03T20:52:05.618776-07:00,write,key-8,815.918,318,false,leader-w5r1,90
2026-04-03T20:52:05.617147-07:00,write,key-5,817.606,280,false,leader-w5r1,90
2026-04-03T20:52:05.617459-07:00,write,key-0,817.374,292,false,leader-w5r1,90
2026-04-03T20:52:05.616914-07:00,write,key-7,817.927,276,false,leader-w5r1,90
2026-04-03T20:52:05.616326-07:00,write,key-9,818.632,261,false,leader-w5r1,90
2026-04-03T20:52:05.617445-07:00,write,key-8,817.569,317,false,leader-w5r1,90
2026-04-03T20:52:05.616517-07:00,write,key-5,818.597,279,false,leader-w5r1,90
2026-04-03T20:52:05.617234-07:00,write,key-1,817.927,281,false,leader-w5r1,90
2026-04-03T20:52:06.434217-07:00,write,key-1,821.188,283,false,leader-w5r1,90
2026-04-03T20:52:06.435113-07:00,write,key-2,820.293,269,false,leader-w5r1,90
2026-04-03T20:52:06.434458-07:00,write,key-3,821.019,276,false,leader-w5r1,90
2026-04-03T20:52:06.434841-07:00,write,key-0,820.687,295,false,leader-w5r1,90
2026-04-03T20:52:06.434516-07:00,write,key-0,821.283,293,false,leader-w5r1,90
2026-04-03T20:52:06.434653-07:00,write,key-5,821.165,283,false,leader-w5r1,90
2026-04-03T20:52:06.434232-07:00,write,key-1,821.591,284,false,leader-w5r1,90
2026-04-03T20:52:06.434608-07:00,write,key-9,821.228,263,false,leader-w5r1,90
2026-04-03T20:52:06.434313-07:00,write,key-4,821.524,285,false,leader-w5r1,90
2026-04-03T20:52:06.43436-07:00,write,key-2,821.492,268,false,leader-w5r1,90
2026-04-03T20:52:06.434752-07:00,write,key-0,821.191,294,false,leader-w5r1,90
2026-04-03T20:52:06.434415-07:00,write,key-7,821.616,277,false,leader-w5r1,90
2026-04-03T20:52:06.434694-07:00,write,key-5,821.445,284,false,leader-w5r1,90
2026-04-03T20:52:06.434089-07:00,write,key-7,822.073,278,false,leader-w5r1,90
2026-04-03T20:52:06.434833-07:00,write,key-8,821.356,319,false,leader-w5r1,90
2026-04-03T20:52:06.434017-07:00,write,key-5,822.201,285,false,leader-w5r1,90
2026-04-03T20:52:06.434957-07:00,write,key-9,821.296,264,false,leader-w5r1,90
2026-04-03T20:52:06.435165-07:00,write,key-1,821.097,282,false,leader-w5r1,90
2026-04-03T20:52:06.43455-07:00,write,key-5,821.721,282,false,leader-w5r1,90
2026-04-03T20:52:06.435014-07:00,write,key-9,821.277,265,false,leader-w5r1,90
2026-04-03T20:52:07.25585-07:00,read,key-2,2.533,269,false,leader-w5r1,90
2026-04-03T20:52:07.256187-07:00,write,key-4,819.486,286,false,leader-w5r1,90
2026-04-03T20:52:07.256218-07:00,write,key-5,819.582,286,false,leader-w5r1,90
2026-04-03T20:52:07.256138-07:00,write,key-2,819.793,271,false,leader-w5r1,90
2026-04-03T20:52:07.255835-07:00,write,key-6,820.266,284,false,leader-w5r1,90
2026-04-03T20:52:07.255526-07:00,write,key-1,820.698,285,false,leader-w5r1,90
2026-04-03T20:52:07.25603-07:00,write,key-8,820.293,320,false,leader-w5r1,90
2026-04-03T20:52:07.25629-07:00,write,key-3,820.129,278,false,leader-w5r1,90
2026-04-03T20:52:07.258385-07:00,write,key-5,818.124,288,false,leader-w5r1,90
2026-04-03T20:52:07.256261-07:00,write,key-2,820.354,272,false,leader-w5r1,90
2026-04-03T20:52:07.255822-07:00,write,key-7,820.889,280,false,leader-w5r1,90
2026-04-03T20:52:07.255818-07:00,write,key-1,820.979,287,false,leader-w5r1,90
2026-04-03T20:52:07.255942-07:00,write,key-9,820.946,266,false,leader-w5r1,90
2026-04-03T20:52:07.255406-07:00,write,key-8,821.576,321,false,leader-w5r1,90
2026-04-03T20:52:07.255406-07:00,write,key-4,821.668,287,false,leader-w5r1,90
2026-04-03T20:52:07.255798-07:00,write,key-7,821.358,279,false,leader-w5r1,90
2026-04-03T20:52:07.255476-07:00,write,key-1,821.787,286,false,leader-w5r1,90
2026-04-03T20:52:07.256161-07:00,write,key-5,821.178,287,false,leader-w5r1,90
2026-04-03T20:52:07.25627-07:00,write,key-2,821.510,270,false,leader-w5r1,90
2026-04-03T20:52:07.255835-07:00,write,key-3,821.996,277,false,leader-w5r1,90
2026-04-03T20:52:07.256252-07:00,write,key-9,821.754,267,false,leader-w5r1,90
2026-04-03T20:52:08.075801-07:00,read,key-3,3.521,278,false,leader-w5r1,90
2026-04-03T20:52:08.076982-07:00,write,key-9,815.816,268,false,leader-w5r1,90
2026-04-03T20:52:08.077074-07:00,write,key-7,815.882,281,false,leader-w5r1,90
2026-04-03T20:52:08.077263-07:00,write,key-4,815.786,289,false,leader-w5r1,90
2026-04-03T20:52:08.077831-07:00,write,key-9,815.396,271,false,leader-w5r1,90
2026-04-03T20:52:08.07778-07:00,write,key-0,816.680,299,false,leader-w5r1,90
2026-04-03T20:52:08.076711-07:00,write,key-9,817.770,270,false,leader-w5r1,90
2026-04-03T20:52:08.076101-07:00,write,key-2,818.453,275,false,leader-w5r1,90
2026-04-03T20:52:08.076419-07:00,write,key-3,818.152,279,false,leader-w5r1,90
2026-04-03T20:52:08.075682-07:00,write,key-2,818.945,273,false,leader-w5r1,90
2026-04-03T20:52:08.078006-07:00,write,key-7,817.128,282,false,leader-w5r1,90
2026-04-03T20:52:08.077154-07:00,write,key-9,818.024,269,false,leader-w5r1,90
2026-04-03T20:52:08.076324-07:00,write,key-4,818.882,288,false,leader-w5r1,90
2026-04-03T20:52:08.075931-07:00,write,key-2,819.288,274,false,leader-w5r1,90
2026-04-03T20:52:08.076224-07:00,write,key-1,819.016,288,false,leader-w5r1,90
2026-04-03T20:52:08.076888-07:00,write,key-0,818.365,296,false,leader-w5r1,90
2026-04-03T20:52:08.076614-07:00,write,key-5,818.664,290,false,leader-w5r1,90
2026-04-03T20:52:08.077339-07:00,write,key-5,817.999,291,false,leader-w5r1,90
2026-04-03T20:52:08.079329-07:00,write,key-0,816.061,298,false,leader-w5r1,90
2026-04-03T20:52:08.076797-07:00,write,key-0,818.623,297,false,leader-w5r1,90
2026-04-03T20:52:08.076508-07:00,write,key-5,818.934,289,false,leader-w5r1,90
2026-04-03T20:52:08.894553-07:00,read,key-4,1.408,289,false,leader-w5r1,90
2026-04-03T20:52:08.895133-07:00,read,key-0,0.876,299,false,leader-w5r1,90
2026-04-03T20:52:08.896011-07:00,read,key-6,0.583,284,false,leader-w5r1,90
2026-04-03T20:52:08.895964-07:00,read,key-2,3.363,277,false,leader-w5r1,90
2026-04-03T20:52:08.895219-07:00,write,key-6,816.761,286,false,leader-w5r1,90
2026-04-03T20:52:08.899329-07:00,write,key-3,814.448,281,false,leader-w5r1,90
2026-04-03T20:52:08.892956-07:00,write,key-0,821.017,300,false,leader-w5r1,90
2026-04-03T20:52:08.895389-07:00,write,key-2,818.661,276,false,leader-w5r1,90
2026-04-03T20:52:08.895178-07:00,write,key-3,818.945,280,false,leader-w5r1,90
2026-04-03T20:52:08.895239-07:00,write,key-9,818.966,273,false,leader-w5r1,90
2026-04-03T20:52:08.895337-07:00,write,key-6,818.941,287,false,leader-w5r1,90
2026-04-03T20:52:08.893227-07:00,write,key-0,821.123,301,false,leader-w5r1,90
2026-04-03T20:52:08.895442-07:00,write,key-8,818.980,322,false,leader-w5r1,90
2026-04-03T20:52:08.895277-07:00,write,key-1,819.217,290,false,leader-w5r1,90
2026-04-03T20:52:08.892802-07:00,write,key-6,821.779,285,false,leader-w5r1,90
2026-04-03T20:52:08.89448-07:00,write,key-9,820.172,274,false,leader-w5r1,90
2026-04-03T20:52:08.894628-07:00,write,key-1,820.108,289,false,leader-w5r1,90
2026-04-03T20:52:08.895252-07:00,write,key-2,819.536,277,false,leader-w5r1,90
2026-04-03T20:52:08.895205-07:00,write,key-0,819.655,302,false,leader-w5r1,90
2026-04-03T20:52:08.89457-07:00,write,key-4,820.514,291,false,leader-w5r1,90
2026-04-03T20:52:08.896595-07:00,write,key-8,818.563,323,false,leader-w5r1,90
2026-04-03T20:52:08.893048-07:00,write,key-4,822.145,290,false,leader-w5r1,90
2026-04-03T20:52:08.895419-07:00,write,key-4,819.795,292,false,leader-w5r1,90
2026-04-03T20:52:08.89446-07:00,write,key-9,820.791,272,false,leader-w5r1,90
2026-04-03T20:52:09.714493-07:00,read,key-6,0.941,287,false,leader-w5r1,90
2026-04-03T20:52:09.714859-07:00,read,key-8,0.997,323,false,leader-w5r1,90
2026-04-03T20:52:09.71525-07:00,read,key-9,2.166,274,false,leader-w5r1,90
2026-04-03T20:52:09.714349-07:00,write,key-4,815.810,294,false,leader-w5r1,90
2026-04-03T20:52:09.714652-07:00,write,key-7,815.604,284,false,leader-w5r1,90
2026-04-03T20:52:09.713974-07:00,write,key-0,816.301,303,false,leader-w5r1,90
2026-04-03T20:52:09.714788-07:00,write,key-4,815.545,295,false,leader-w5r1,90
2026-04-03T20:52:09.715858-07:00,write,key-1,814.479,292,false,leader-w5r1,90
2026-04-03T20:52:09.714277-07:00,write,key-0,816.117,304,false,leader-w5r1,90
2026-04-03T20:52:09.715192-07:00,write,key-2,815.205,278,false,leader-w5r1,90
2026-04-03T20:52:09.713778-07:00,write,key-5,816.678,292,false,leader-w5r1,90
2026-04-03T20:52:09.717418-07:00,write,key-2,813.048,281,false,leader-w5r1,90
2026-04-03T20:52:09.715084-07:00,write,key-8,815.441,324,false,leader-w5r1,90
2026-04-03T20:52:09.714049-07:00,write,key-9,816.512,275,false,leader-w5r1,90
2026-04-03T20:52:09.714422-07:00,write,key-1,816.155,291,false,leader-w5r1,90
2026-04-03T20:52:09.71199-07:00,write,key-4,818.630,293,false,leader-w5r1,90
2026-04-03T20:52:09.71544-07:00,write,key-7,815.193,285,false,leader-w5r1,90
2026-04-03T20:52:09.715157-07:00,write,key-2,815.525,280,false,leader-w5r1,90
2026-04-03T20:52:09.71458-07:00,write,key-9,816.161,276,false,leader-w5r1,90
2026-04-03T20:52:09.714205-07:00,write,key-0,816.632,305,false,leader-w5r1,90
2026-04-03T20:52:09.715213-07:00,write,key-2,815.634,279,false,leader-w5r1,90
2026-04-03T20:52:09.714735-07:00,write,key-4,816.155,296,false,leader-w5r1,90
2026-04-03T20:52:09.714122-07:00,write,key-7,816.777,283,false,leader-w5r1,90
2026-04-03T20:52:10.530456-07:00,read,key-0,1.670,305,false,leader-w5r1,90
2026-04-03T20:52:10.530836-07:00,read,key-2,1.323,282,false,leader-w5r1,90
2026-04-03T20:52:10.530681-07:00,write,key-6,821.466,288,false,leader-w5r1,90
2026-04-03T20:52:10.530161-07:00,write,key-5,822.158,293,false,leader-w5r1,90
2026-04-03T20:52:10.53213-07:00,write,key-1,820.573,294,false,leader-w5r1,90
2026-04-03T20:52:10.530846-07:00,write,key-2,821.940,285,false,leader-w5r1,90
2026-04-03T20:52:10.530397-07:00,write,key-7,822.465,289,false,leader-w5r1,90
2026-04-03T20:52:10.530333-07:00,write,key-8,822.601,325,false,leader-w5r1,90
2026-04-03T20:52:10.53056-07:00,write,key-1,822.445,293,false,leader-w5r1,90
2026-04-03T20:52:10.530524-07:00,write,key-7,822.549,286,false,leader-w5r1,90
2026-04-03T20:52:10.530889-07:00,write,key-4,822.495,298,false,leader-w5r1,90
2026-04-03T20:52:10.532161-07:00,write,key-9,821.270,278,false,leader-w5r1,90
2026-04-03T20:52:10.530465-07:00,write,key-5,823.007,294,false,leader-w5r1,90
2026-04-03T20:52:10.530898-07:00,write,key-0,822.619,306,false,leader-w5r1,90
2026-04-03T20:52:10.530256-07:00,write,key-4,824.466,297,false,leader-w5r1,90
2026-04-03T20:52:10.53074-07:00,write,key-7,824.096,287,false,leader-w5r1,90
2026-04-03T20:52:10.53062-07:00,write,key-2,824.316,284,false,leader-w5r1,90
2026-04-03T20:52:10.530337-07:00,write,key-9,825.195,277,false,leader-w5r1,90
2026-04-03T20:52:10.530393-07:00,write,key-2,825.277,283,false,leader-w5r1,90
2026-04-03T20:52:10.530633-07:00,write,key-7,825.033,288,false,leader-w5r1,90
2026-04-03T20:52:10.530576-07:00,write,key-2,825.090,282,false,leader-w5r1,90
2026-04-03T20:52:10.530274-07:00,write,key-3,825.516,282,false,leader-w5r1,90
2026-04-03T20:52:11.355531-07:00,read,key-2,3.317,285,false,leader-w5r1,90
2026-04-03T20:52:11.353072-07:00,read,key-4,5.799,298,false,leader-w5r1,90
2026-04-03T20:52:11.352152-07:00,read,key-9,6.721,278,false,leader-w5r1,90
2026-04-03T20:52:11.353383-07:00,read,key-0,5.540,306,false,leader-w5r1,90
2026-04-03T20:52:11.354936-07:00,read,key-5,4.020,294,false,leader-w5r1,90
2026-04-03T20:52:11.35567-07:00,write,key-8,815.730,326,false,leader-w5r1,90
2026-04-03T20:52:11.353005-07:00,write,key-4,818.635,299,false,leader-w5r1,90
2026-04-03T20:52:11.355789-07:00,write,key-7,815.950,292,false,leader-w5r1,90
2026-04-03T20:52:11.35232-07:00,write,key-2,820.251,286,false,leader-w5r1,90
2026-04-03T20:52:11.352785-07:00,write,key-7,819.904,291,false,leader-w5r1,90
2026-04-03T20:52:11.355671-07:00,write,key-0,817.020,307,false,leader-w5r1,90
2026-04-03T20:52:11.35343-07:00,write,key-6,819.317,289,false,leader-w5r1,90
2026-04-03T20:52:11.358925-07:00,write,key-7,813.874,293,false,leader-w5r1,90
2026-04-03T20:52:11.355689-07:00,write,key-7,817.242,290,false,leader-w5r1,90
2026-04-03T20:52:11.353472-07:00,write,key-5,819.530,295,false,leader-w5r1,90
2026-04-03T20:52:11.352933-07:00,write,key-3,820.119,283,false,leader-w5r1,90
2026-04-03T20:52:11.354836-07:00,write,key-6,818.277,290,false,leader-w5r1,90
2026-04-03T20:52:11.358959-07:00,write,key-5,814.183,297,false,leader-w5r1,90
2026-04-03T20:52:11.352862-07:00,write,key-6,820.346,291,false,leader-w5r1,90
2026-04-03T20:52:11.358874-07:00,write,key-4,814.346,300,false,leader-w5r1,90
2026-04-03T20:52:11.352703-07:00,write,key-1,820.597,295,false,leader-w5r1,90
2026-04-03T20:52:11.358875-07:00,write,key-8,814.468,327,false,leader-w5r1,90
2026-04-03T20:52:11.354722-07:00,write,key-9,818.658,280,false,leader-w5r1,90
2026-04-03T20:52:11.358852-07:00,write,key-5,814.571,296,false,leader-w5r1,90
2026-04-03T20:52:11.353517-07:00,write,key-9,819.916,279,false,leader-w5r1,90
2026-04-03T20:52:12.173299-07:00,read,key-1,5.221,295,false,leader-w5r1,90
2026-04-03T20:52:12.17322-07:00,read,key-0,5.319,307,false,leader-w5r1,90
2026-04-03T20:52:12.172689-07:00,read,key-5,5.829,297,false,leader-w5r1,90
2026-04-03T20:52:12.178541-07:00,write,key-6,814.408,293,false,leader-w5r1,90
2026-04-03T20:52:12.172746-07:00,write,key-2,820.333,289,false,leader-w5r1,90
2026-04-03T20:52:12.178526-07:00,write,key-6,814.618,292,false,leader-w5r1,90
2026-04-03T20:52:12.173053-07:00,write,key-8,820.132,329,false,leader-w5r1,90
2026-04-03T20:52:12.17338-07:00,write,key-8,819.842,328,false,leader-w5r1,90
2026-04-03T20:52:12.171739-07:00,write,key-9,821.530,281,false,leader-w5r1,90
2026-04-03T20:52:12.173002-07:00,write,key-5,820.312,299,false,leader-w5r1,90
2026-04-03T20:52:12.172799-07:00,write,key-7,820.545,294,false,leader-w5r1,90
2026-04-03T20:52:12.173208-07:00,write,key-8,820.185,332,false,leader-w5r1,90
2026-04-03T20:52:12.172691-07:00,write,key-3,820.784,284,false,leader-w5r1,90
2026-04-03T20:52:12.173141-07:00,write,key-8,820.399,330,false,leader-w5r1,90
2026-04-03T20:52:12.171409-07:00,write,key-2,822.172,287,false,leader-w5r1,90
2026-04-03T20:52:12.172571-07:00,write,key-5,821.045,298,false,leader-w5r1,90
2026-04-03T20:52:12.173433-07:00,write,key-5,820.233,300,false,leader-w5r1,90
2026-04-03T20:52:12.172931-07:00,write,key-9,820.757,282,false,leader-w5r1,90
2026-04-03T20:52:12.173111-07:00,write,key-2,820.642,290,false,leader-w5r1,90
2026-04-03T20:52:12.173342-07:00,write,key-8,820.436,331,false,leader-w5r1,90
2026-04-03T20:52:12.178584-07:00,write,key-8,815.244,333,false,leader-w5r1,90
2026-04-03T20:52:12.171641-07:00,write,key-2,822.215,288,false,leader-w5r1,90
2026-04-03T20:52:12.173423-07:00,write,key-5,820.453,301,false,leader-w5r1,90
2026-04-03T20:52:12.993392-07:00,read,key-4,1.392,300,false,leader-w5r1,90
2026-04-03T20:52:12.993079-07:00,read,key-0,1.777,307,false,leader-w5r1,90
2026-04-03T20:52:12.993143-07:00,write,key-1,816.535,296,false,leader-w5r1,90
2026-04-03T20:52:12.993343-07:00,write,key-8,816.679,334,false,leader-w5r1,90
2026-04-03T20:52:12.993581-07:00,write,key-4,816.534,301,false,leader-w5r1,90
2026-04-03T20:52:12.993314-07:00,write,key-9,817.046,284,false,leader-w5r1,90
2026-04-03T20:52:12.993615-07:00,write,key-5,816.855,304,false,leader-w5r1,90
2026-04-03T20:52:12.993875-07:00,write,key-1,816.732,298,false,leader-w5r1,90
2026-04-03T20:52:12.992957-07:00,write,key-5,817.684,302,false,leader-w5r1,90
2026-04-03T20:52:12.993688-07:00,write,key-7,817.007,295,false,leader-w5r1,90
2026-04-03T20:52:12.993856-07:00,write,key-1,816.939,297,false,leader-w5r1,90
2026-04-03T20:52:12.993221-07:00,write,key-0,817.636,308,false,leader-w5r1,90
2026-04-03T20:52:12.993778-07:00,write,key-3,817.117,286,false,leader-w5r1,90
2026-04-03T20:52:13.809686-07:00,read,key-3,1.267,286,false,leader-w5r1,90
2026-04-03T20:52:12.994787-07:00,write,key-8,816.219,335,false,leader-w5r1,90
2026-04-03T20:52:12.993269-07:00,write,key-5,817.771,303,false,leader-w5r1,90
2026-04-03T20:52:12.993753-07:00,write,key-7,817.335,296,false,leader-w5r1,90
2026-04-03T20:52:12.99486-07:00,write,key-0,816.257,310,false,leader-w5r1,90
2026-04-03T20:52:12.993539-07:00,write,key-6,817.626,294,false,leader-w5r1,90
2026-04-03T20:52:12.993828-07:00,write,key-3,817.338,285,false,leader-w5r1,90
2026-04-03T20:52:12.993186-07:00,write,key-9,818.205,283,false,leader-w5r1,90
2026-04-03T20:52:12.993474-07:00,write,key-9,817.962,285,false,leader-w5r1,90
2026-04-03T20:52:12.993665-07:00,write,key-0,817.836,309,false,leader-w5r1,90
2026-04-03T20:52:13.81047-07:00,read,key-5,1.178,304,false,leader-w5r1,90
2026-04-03T20:52:13.810694-07:00,read,key-2,2.145,290,false,leader-w5r1,90
2026-04-03T20:52:13.810856-07:00,read,key-2,2.061,290,false,leader-w5r1,90
2026-04-03T20:52:13.811116-07:00,write,key-7,815.166,297,false,leader-w5r1,90
2026-04-03T20:52:13.810607-07:00,write,key-0,815.832,312,false,leader-w5r1,90
2026-04-03T20:52:13.811435-07:00,write,key-7,815.081,298,false,leader-w5r1,90
2026-04-03T20:52:13.810641-07:00,write,key-8,815.927,336,false,leader-w5r1,90
2026-04-03T20:52:13.81036-07:00,write,key-0,816.252,311,false,leader-w5r1,90
2026-04-03T20:52:13.811007-07:00,write,key-9,815.663,286,false,leader-w5r1,90
2026-04-03T20:52:13.81292-07:00,write,key-4,813.787,302,false,leader-w5r1,90
2026-04-03T20:52:13.811165-07:00,write,key-0,815.617,315,false,leader-w5r1,90
2026-04-03T20:52:13.810115-07:00,write,key-6,816.697,295,false,leader-w5r1,90
2026-04-03T20:52:13.812842-07:00,write,key-1,814.013,301,false,leader-w5r1,90
2026-04-03T20:52:13.810895-07:00,write,key-1,816.003,300,false,leader-w5r1,90
2026-04-03T20:52:13.810959-07:00,write,key-2,816.191,291,false,leader-w5r1,90
2026-04-03T20:52:13.810794-07:00,write,key-0,816.423,313,false,leader-w5r1,90
2026-04-03T20:52:13.81165-07:00,write,key-3,815.584,287,false,leader-w5r1,90
2026-04-03T20:52:13.811501-07:00,write,key-8,815.740,337,false,leader-w5r1,90
2026-04-03T20:52:13.811166-07:00,write,key-9,816.077,288,false,leader-w5r1,90
2026-04-03T20:52:13.811087-07:00,write,key-0,816.158,314,false,leader-w5r1,90
2026-04-03T20:52:13.811039-07:00,write,key-9,816.207,287,false,leader-w5r1,90
2026-04-03T20:52:13.810024-07:00,write,key-1,817.225,299,false,leader-w5r1,90
2026-04-03T20:52:13.811391-07:00,write,key-4,818.156,303,false,leader-w5r1,90
2026-04-03T20:52:14.626568-07:00,write,key-2,821.431,293,false,leader-w5r1,90
2026-04-03T20:52:14.626292-07:00,write,key-1,821.717,302,false,leader-w5r1,90
2026-04-03T20:52:14.626706-07:00,write,key-5,821.293,305,false,leader-w5r1,90
2026-04-03T20:52:14.626612-07:00,write,key-9,821.475,289,false,leader-w5r1,90
2026-04-03T20:52:14.626516-07:00,write,key-8,821.639,338,false,leader-w5r1,90
2026-04-03T20:52:14.626782-07:00,write,key-3,821.375,288,false,leader-w5r1,90
2026-04-03T20:52:14.626669-07:00,write,key-5,821.495,306,false,leader-w5r1,90
2026-04-03T20:52:14.62644-07:00,write,key-2,821.929,292,false,leader-w5r1,90
