timestamp,type,key,latency_ms,version,stale_read,db_type,write_pct
2026-04-03T20:53:22.25633-07:00,read,key-9,118.858,0,false,leader-w3r3,1
2026-04-03T20:53:22.254643-07:00,read,key-2,120.563,0,false,leader-w3r3,1
2026-04-03T20:53:22.253854-07:00,read,key-8,121.481,0,false,leader-w3r3,1
2026-04-03T20:53:22.253936-07:00,read,key-4,121.433,0,false,leader-w3r3,1
2026-04-03T20:53:22.256323-07:00,read,key-4,119.151,0,false,leader-w3r3,1
2026-04-03T20:53:22.256346-07:00,read,key-4,119.161,0,false,leader-w3r3,1
2026-04-03T20:53:22.25635-07:00,read,key-9,119.198,0,false,leader-w3r3,1
2026-04-03T20:53:22.25466-07:00,read,key-7,121.834,0,false,leader-w3r3,1
2026-04-03T20:53:22.253765-07:00,read,key-1,122.801,0,false,leader-w3r3,1
2026-04-03T20:53:22.25377-07:00,read,key-8,122.808,0,false,leader-w3r3,1
2026-04-03T20:53:22.256351-07:00,read,key-2,120.271,0,false,leader-w3r3,1
2026-04-03T20:53:22.256377-07:00,read,key-0,120.260,0,false,leader-w3r3,1
2026-04-03T20:53:22.256301-07:00,read,key-3,120.345,0,false,leader-w3r3,1
2026-04-03T20:53:22.253737-07:00,read,key-7,122.917,0,false,leader-w3r3,1
2026-04-03T20:53:22.254186-07:00,read,key-2,122.487,0,false,leader-w3r3,1
2026-04-03T20:53:22.256277-07:00,read,key-3,120.400,0,false,leader-w3r3,1
2026-04-03T20:53:22.256335-07:00,read,key-0,120.363,0,false,leader-w3r3,1
2026-04-03T20:53:22.25389-07:00,read,key-6,122.809,0,false,leader-w3r3,1
2026-04-03T20:53:22.256299-07:00,read,key-3,120.447,0,false,leader-w3r3,1
2026-04-03T20:53:22.25379-07:00,read,key-6,130.111,0,false,leader-w3r3,1
2026-04-03T20:53:22.376495-07:00,read,key-0,69.410,0,false,leader-w3r3,1
2026-04-03T20:53:22.376678-07:00,read,key-6,69.228,0,false,leader-w3r3,1
2026-04-03T20:53:22.375508-07:00,read,key-9,70.417,0,false,leader-w3r3,1
2026-04-03T20:53:22.376673-07:00,read,key-6,69.298,0,false,leader-w3r3,1
2026-04-03T20:53:22.376647-07:00,read,key-9,69.439,0,false,leader-w3r3,1
2026-04-03T20:53:22.376622-07:00,read,key-8,69.859,0,false,leader-w3r3,1
2026-04-03T20:53:22.375208-07:00,read,key-2,71.316,0,false,leader-w3r3,1
2026-04-03T20:53:22.383902-07:00,read,key-4,62.665,0,false,leader-w3r3,1
2026-04-03T20:53:22.376702-07:00,read,key-6,69.893,0,false,leader-w3r3,1
2026-04-03T20:53:22.37537-07:00,read,key-9,71.235,0,false,leader-w3r3,1
2026-04-03T20:53:22.376698-07:00,read,key-0,69.918,0,false,leader-w3r3,1
2026-04-03T20:53:22.375549-07:00,read,key-2,71.087,0,false,leader-w3r3,1
2026-04-03T20:53:22.375477-07:00,read,key-2,71.166,0,false,leader-w3r3,1
2026-04-03T20:53:22.375196-07:00,read,key-9,71.458,0,false,leader-w3r3,1
2026-04-03T20:53:22.376579-07:00,read,key-7,70.096,0,false,leader-w3r3,1
2026-04-03T20:53:22.376568-07:00,read,key-6,70.141,0,false,leader-w3r3,1
2026-04-03T20:53:22.376746-07:00,read,key-9,69.964,0,false,leader-w3r3,1
2026-04-03T20:53:22.376654-07:00,read,key-4,70.067,0,false,leader-w3r3,1
2026-04-03T20:53:22.376637-07:00,read,key-1,70.102,0,false,leader-w3r3,1
2026-04-03T20:53:22.375342-07:00,read,key-5,72.517,0,false,leader-w3r3,1
2026-04-03T20:53:22.446607-07:00,read,key-8,76.824,0,false,leader-w3r3,1
2026-04-03T20:53:22.446008-07:00,read,key-8,77.484,0,false,leader-w3r3,1
2026-04-03T20:53:22.446645-07:00,read,key-5,76.859,0,false,leader-w3r3,1
2026-04-03T20:53:22.445907-07:00,read,key-3,77.609,0,false,leader-w3r3,1
2026-04-03T20:53:22.446677-07:00,read,key-9,77.083,0,false,leader-w3r3,1
2026-04-03T20:53:22.446597-07:00,read,key-6,77.189,0,false,leader-w3r3,1
2026-04-03T20:53:22.446722-07:00,read,key-8,77.094,0,false,leader-w3r3,1
2026-04-03T20:53:22.445927-07:00,read,key-7,77.911,0,false,leader-w3r3,1
2026-04-03T20:53:22.446637-07:00,read,key-3,77.265,0,false,leader-w3r3,1
2026-04-03T20:53:22.446525-07:00,read,key-2,77.386,0,false,leader-w3r3,1
2026-04-03T20:53:22.446483-07:00,read,key-3,77.463,0,false,leader-w3r3,1
2026-04-03T20:53:22.446617-07:00,read,key-5,77.402,0,false,leader-w3r3,1
2026-04-03T20:53:22.446087-07:00,read,key-3,77.933,0,false,leader-w3r3,1
2026-04-03T20:53:22.446659-07:00,read,key-8,77.369,0,false,leader-w3r3,1
2026-04-03T20:53:22.446712-07:00,read,key-5,77.320,0,false,leader-w3r3,1
2026-04-03T20:53:22.44671-07:00,read,key-2,77.325,0,false,leader-w3r3,1
2026-04-03T20:53:22.446569-07:00,read,key-1,77.516,0,false,leader-w3r3,1
2026-04-03T20:53:22.447866-07:00,read,key-1,76.231,0,false,leader-w3r3,1
2026-04-03T20:53:22.445975-07:00,read,key-0,78.132,0,false,leader-w3r3,1
2026-04-03T20:53:22.446739-07:00,read,key-1,77.386,0,false,leader-w3r3,1
2026-04-03T20:53:22.523495-07:00,read,key-7,65.273,0,false,leader-w3r3,1
2026-04-03T20:53:22.523839-07:00,read,key-1,65.004,0,false,leader-w3r3,1
2026-04-03T20:53:22.524097-07:00,read,key-8,64.775,0,false,leader-w3r3,1
2026-04-03T20:53:22.523911-07:00,read,key-3,64.975,0,false,leader-w3r3,1
2026-04-03T20:53:22.523947-07:00,read,key-2,64.944,0,false,leader-w3r3,1
2026-04-03T20:53:22.524108-07:00,read,key-2,65.087,0,false,leader-w3r3,1
2026-04-03T20:53:22.523506-07:00,read,key-3,65.698,0,false,leader-w3r3,1
2026-04-03T20:53:22.524086-07:00,read,key-0,65.910,0,false,leader-w3r3,1
2026-04-03T20:53:22.52402-07:00,read,key-8,65.991,0,false,leader-w3r3,1
2026-04-03T20:53:22.524126-07:00,read,key-9,65.909,0,false,leader-w3r3,1
2026-04-03T20:53:22.523817-07:00,read,key-1,66.219,0,false,leader-w3r3,1
2026-04-03T20:53:22.523903-07:00,read,key-2,66.153,0,false,leader-w3r3,1
2026-04-03T20:53:22.52402-07:00,read,key-7,66.042,0,false,leader-w3r3,1
2026-04-03T20:53:22.523517-07:00,read,key-4,66.727,0,false,leader-w3r3,1
2026-04-03T20:53:22.524033-07:00,read,key-3,66.221,0,false,leader-w3r3,1
2026-04-03T20:53:22.524029-07:00,read,key-3,66.508,0,false,leader-w3r3,1
2026-04-03T20:53:22.524036-07:00,read,key-3,66.521,0,false,leader-w3r3,1
2026-04-03T20:53:22.523787-07:00,read,key-9,66.784,0,false,leader-w3r3,1
2026-04-03T20:53:22.523433-07:00,read,key-9,67.336,0,false,leader-w3r3,1
2026-04-03T20:53:22.523761-07:00,read,key-7,67.992,0,false,leader-w3r3,1
2026-04-03T20:53:22.590255-07:00,read,key-7,55.108,0,false,leader-w3r3,1
2026-04-03T20:53:22.588887-07:00,read,key-5,56.507,0,false,leader-w3r3,1
2026-04-03T20:53:22.590245-07:00,read,key-0,55.149,0,false,leader-w3r3,1
2026-04-03T20:53:22.590538-07:00,read,key-5,55.643,0,false,leader-w3r3,1
2026-04-03T20:53:22.589205-07:00,read,key-0,57.010,0,false,leader-w3r3,1
2026-04-03T20:53:22.589997-07:00,read,key-0,56.246,0,false,leader-w3r3,1
2026-04-03T20:53:22.590572-07:00,read,key-7,55.671,0,false,leader-w3r3,1
2026-04-03T20:53:22.590013-07:00,read,key-4,56.402,0,false,leader-w3r3,1
2026-04-03T20:53:22.590558-07:00,read,key-0,55.876,0,false,leader-w3r3,1
2026-04-03T20:53:22.590036-07:00,read,key-2,56.425,0,false,leader-w3r3,1
2026-04-03T20:53:22.590063-07:00,read,key-1,56.717,0,false,leader-w3r3,1
2026-04-03T20:53:22.588874-07:00,read,key-1,57.927,0,false,leader-w3r3,1
2026-04-03T20:53:22.591754-07:00,read,key-7,55.111,0,false,leader-w3r3,1
2026-04-03T20:53:22.589196-07:00,read,key-1,57.682,0,false,leader-w3r3,1
2026-04-03T20:53:22.58877-07:00,read,key-3,58.120,0,false,leader-w3r3,1
2026-04-03T20:53:22.590037-07:00,read,key-5,56.864,0,false,leader-w3r3,1
2026-04-03T20:53:22.588892-07:00,read,key-0,58.452,0,false,leader-w3r3,1
2026-04-03T20:53:22.590057-07:00,read,key-3,57.327,0,false,leader-w3r3,1
2026-04-03T20:53:22.590776-07:00,read,key-5,56.851,0,false,leader-w3r3,1
2026-04-03T20:53:22.588844-07:00,read,key-5,59.012,0,false,leader-w3r3,1
2026-04-03T20:53:22.646249-07:00,read,key-6,55.623,0,false,leader-w3r3,1
2026-04-03T20:53:22.646434-07:00,read,key-3,55.447,0,false,leader-w3r3,1
2026-04-03T20:53:22.646183-07:00,read,key-5,55.701,0,false,leader-w3r3,1
2026-04-03T20:53:22.646891-07:00,read,key-5,54.997,0,false,leader-w3r3,1
2026-04-03T20:53:22.646802-07:00,read,key-9,55.104,0,false,leader-w3r3,1
2026-04-03T20:53:22.6454-07:00,read,key-2,56.529,0,false,leader-w3r3,1
2026-04-03T20:53:22.646416-07:00,read,key-0,55.536,0,false,leader-w3r3,1
2026-04-03T20:53:22.646781-07:00,read,key-1,55.599,0,false,leader-w3r3,1
2026-04-03T20:53:22.646879-07:00,read,key-0,55.575,0,false,leader-w3r3,1
2026-04-03T20:53:22.646217-07:00,read,key-6,56.237,0,false,leader-w3r3,1
2026-04-03T20:53:22.647345-07:00,read,key-0,55.143,0,false,leader-w3r3,1
2026-04-03T20:53:22.647629-07:00,read,key-8,55.292,0,false,leader-w3r3,1
2026-04-03T20:53:22.647858-07:00,read,key-7,55.360,0,false,leader-w3r3,1
2026-04-03T20:53:22.645395-07:00,read,key-1,57.844,0,false,leader-w3r3,1
2026-04-03T20:53:22.646462-07:00,read,key-9,56.778,0,false,leader-w3r3,1
2026-04-03T20:53:22.646865-07:00,read,key-0,56.401,0,false,leader-w3r3,1
2026-04-03T20:53:22.646902-07:00,read,key-8,56.377,0,false,leader-w3r3,1
2026-04-03T20:53:22.647385-07:00,read,key-9,55.957,0,false,leader-w3r3,1
2026-04-03T20:53:22.645364-07:00,read,key-3,57.993,0,false,leader-w3r3,1
2026-04-03T20:53:22.646244-07:00,read,key-4,57.122,0,false,leader-w3r3,1
2026-04-03T20:53:22.70193-07:00,read,key-2,60.686,0,false,leader-w3r3,1
2026-04-03T20:53:22.703368-07:00,read,key-0,59.341,0,false,leader-w3r3,1
2026-04-03T20:53:22.70189-07:00,read,key-8,60.851,0,false,leader-w3r3,1
2026-04-03T20:53:22.701883-07:00,read,key-8,60.859,0,false,leader-w3r3,1
2026-04-03T20:53:22.703241-07:00,read,key-7,59.524,0,false,leader-w3r3,1
2026-04-03T20:53:22.702488-07:00,read,key-3,60.316,0,false,leader-w3r3,1
2026-04-03T20:53:22.703267-07:00,read,key-5,59.551,0,false,leader-w3r3,1
2026-04-03T20:53:22.703343-07:00,read,key-2,59.491,0,false,leader-w3r3,1
2026-04-03T20:53:22.703359-07:00,read,key-8,59.486,0,false,leader-w3r3,1
2026-04-03T20:53:22.703281-07:00,read,key-6,59.574,0,false,leader-w3r3,1
2026-04-03T20:53:22.703218-07:00,read,key-0,59.640,0,false,leader-w3r3,1
2026-04-03T20:53:22.703241-07:00,read,key-9,59.625,0,false,leader-w3r3,1
2026-04-03T20:53:22.702923-07:00,read,key-4,59.947,0,false,leader-w3r3,1
2026-04-03T20:53:22.702454-07:00,read,key-2,60.426,0,false,leader-w3r3,1
2026-04-03T20:53:22.701952-07:00,read,key-1,60.970,0,false,leader-w3r3,1
2026-04-03T20:53:22.702455-07:00,read,key-3,60.537,0,false,leader-w3r3,1
2026-04-03T20:53:22.701873-07:00,read,key-6,61.125,0,false,leader-w3r3,1
2026-04-03T20:53:22.701885-07:00,read,key-2,61.485,0,false,leader-w3r3,1
2026-04-03T20:53:22.702381-07:00,read,key-3,60.995,0,false,leader-w3r3,1
2026-04-03T20:53:22.701907-07:00,read,key-2,61.482,0,false,leader-w3r3,1
2026-04-03T20:53:22.762743-07:00,read,key-1,63.863,0,false,leader-w3r3,1
2026-04-03T20:53:22.762835-07:00,read,key-3,63.804,0,false,leader-w3r3,1
2026-04-03T20:53:22.762617-07:00,read,key-6,64.095,0,false,leader-w3r3,1
2026-04-03T20:53:22.762999-07:00,read,key-5,63.716,0,false,leader-w3r3,1
2026-04-03T20:53:22.762766-07:00,read,key-2,63.962,0,false,leader-w3r3,1
2026-04-03T20:53:22.762805-07:00,read,key-1,63.950,0,false,leader-w3r3,1
2026-04-03T20:53:22.762845-07:00,read,key-7,63.919,0,false,leader-w3r3,1
2026-04-03T20:53:22.762742-07:00,read,key-2,64.027,0,false,leader-w3r3,1
2026-04-03T20:53:22.762867-07:00,read,key-8,63.909,0,false,leader-w3r3,1
2026-04-03T20:53:22.762859-07:00,read,key-0,63.926,0,false,leader-w3r3,1
2026-04-03T20:53:22.763377-07:00,read,key-1,63.413,0,false,leader-w3r3,1
2026-04-03T20:53:22.762709-07:00,read,key-2,64.093,0,false,leader-w3r3,1
2026-04-03T20:53:22.762881-07:00,read,key-6,63.922,0,false,leader-w3r3,1
2026-04-03T20:53:22.762856-07:00,read,key-1,63.949,0,false,leader-w3r3,1
2026-04-03T20:53:22.762923-07:00,read,key-7,63.952,0,false,leader-w3r3,1
2026-04-03T20:53:22.762819-07:00,read,key-3,64.260,0,false,leader-w3r3,1
2026-04-03T20:53:22.763371-07:00,read,key-1,63.696,0,false,leader-w3r3,1
2026-04-03T20:53:22.76287-07:00,read,key-9,64.242,0,false,leader-w3r3,1
2026-04-03T20:53:22.76339-07:00,read,key-8,63.772,0,false,leader-w3r3,1
2026-04-03T20:53:22.762993-07:00,read,key-6,64.186,0,false,leader-w3r3,1
2026-04-03T20:53:22.82708-07:00,read,key-8,62.613,0,false,leader-w3r3,1
2026-04-03T20:53:22.826714-07:00,read,key-6,63.052,0,false,leader-w3r3,1
2026-04-03T20:53:22.826787-07:00,read,key-3,63.009,0,false,leader-w3r3,1
2026-04-03T20:53:22.826729-07:00,read,key-5,63.176,0,false,leader-w3r3,1
2026-04-03T20:53:22.826608-07:00,read,key-6,63.308,0,false,leader-w3r3,1
2026-04-03T20:53:22.826806-07:00,read,key-8,63.175,0,false,leader-w3r3,1
2026-04-03T20:53:22.826777-07:00,read,key-2,63.226,0,false,leader-w3r3,1
2026-04-03T20:53:22.827124-07:00,read,key-1,62.885,0,false,leader-w3r3,1
2026-04-03T20:53:22.826716-07:00,read,key-4,63.314,0,false,leader-w3r3,1
2026-04-03T20:53:22.826803-07:00,read,key-8,63.274,0,false,leader-w3r3,1
2026-04-03T20:53:22.826877-07:00,read,key-6,63.207,0,false,leader-w3r3,1
2026-04-03T20:53:22.827083-07:00,read,key-4,63.008,0,false,leader-w3r3,1
2026-04-03T20:53:22.82664-07:00,read,key-9,63.460,0,false,leader-w3r3,1
2026-04-03T20:53:22.826766-07:00,read,key-6,63.336,0,false,leader-w3r3,1
2026-04-03T20:53:22.826756-07:00,read,key-5,63.355,0,false,leader-w3r3,1
2026-04-03T20:53:22.827163-07:00,read,key-6,62.956,0,false,leader-w3r3,1
2026-04-03T20:53:22.82679-07:00,read,key-6,63.330,0,false,leader-w3r3,1
2026-04-03T20:53:22.826803-07:00,read,key-9,63.333,0,false,leader-w3r3,1
2026-04-03T20:53:22.82677-07:00,read,key-9,63.377,0,false,leader-w3r3,1
2026-04-03T20:53:22.82718-07:00,read,key-4,62.976,0,false,leader-w3r3,1
2026-04-03T20:53:22.890112-07:00,read,key-2,61.131,0,false,leader-w3r3,1
2026-04-03T20:53:22.889767-07:00,read,key-9,61.476,0,false,leader-w3r3,1
2026-04-03T20:53:22.890079-07:00,read,key-5,61.520,0,false,leader-w3r3,1
2026-04-03T20:53:22.889694-07:00,read,key-8,61.957,0,false,leader-w3r3,1
2026-04-03T20:53:22.889917-07:00,read,key-6,61.790,0,false,leader-w3r3,1
2026-04-03T20:53:22.89012-07:00,read,key-6,61.614,0,false,leader-w3r3,1
2026-04-03T20:53:22.89001-07:00,read,key-4,61.757,0,false,leader-w3r3,1
2026-04-03T20:53:22.890102-07:00,read,key-1,61.721,0,false,leader-w3r3,1
2026-04-03T20:53:22.890033-07:00,read,key-3,61.820,0,false,leader-w3r3,1
2026-04-03T20:53:22.890158-07:00,read,key-0,61.746,0,false,leader-w3r3,1
2026-04-03T20:53:22.889906-07:00,read,key-0,62.031,0,false,leader-w3r3,1
2026-04-03T20:53:22.890103-07:00,read,key-2,61.882,0,false,leader-w3r3,1
2026-04-03T20:53:22.889982-07:00,read,key-6,62.166,0,false,leader-w3r3,1
2026-04-03T20:53:22.890137-07:00,read,key-4,62.034,0,false,leader-w3r3,1
2026-04-03T20:53:22.889796-07:00,read,key-0,62.379,0,false,leader-w3r3,1
2026-04-03T20:53:22.890004-07:00,read,key-0,62.191,0,false,leader-w3r3,1
2026-04-03T20:53:22.890092-07:00,read,key-9,62.518,0,false,leader-w3r3,1
2026-04-03T20:53:22.890085-07:00,read,key-5,62.592,0,false,leader-w3r3,1
2026-04-03T20:53:22.890122-07:00,read,key-4,62.628,0,false,leader-w3r3,1
2026-04-03T20:53:22.890148-07:00,read,key-1,62.659,0,false,leader-w3r3,1
2026-04-03T20:53:22.952176-07:00,read,key-7,63.183,0,false,leader-w3r3,1
2026-04-03T20:53:22.95261-07:00,read,key-4,63.325,0,false,leader-w3r3,1
2026-04-03T20:53:22.952149-07:00,read,key-2,63.835,0,false,leader-w3r3,1
2026-04-03T20:53:22.952808-07:00,read,key-1,63.208,0,false,leader-w3r3,1
2026-04-03T20:53:22.951247-07:00,read,key-0,64.807,0,false,leader-w3r3,1
2026-04-03T20:53:22.952678-07:00,read,key-4,63.447,0,false,leader-w3r3,1
2026-04-03T20:53:22.951707-07:00,read,key-6,64.449,0,false,leader-w3r3,1
2026-04-03T20:53:22.951824-07:00,read,key-2,64.362,0,false,leader-w3r3,1
2026-04-03T20:53:22.951905-07:00,read,key-6,64.369,0,false,leader-w3r3,1
2026-04-03T20:53:22.951767-07:00,read,key-8,64.590,0,false,leader-w3r3,1
2026-04-03T20:53:22.951735-07:00,read,key-0,64.730,0,false,leader-w3r3,1
2026-04-03T20:53:22.952197-07:00,read,key-1,64.384,0,false,leader-w3r3,1
2026-04-03T20:53:22.951855-07:00,read,key-6,64.767,0,false,leader-w3r3,1
2026-04-03T20:53:22.951985-07:00,read,key-5,64.899,0,false,leader-w3r3,1
2026-04-03T20:53:22.952751-07:00,read,key-4,64.198,0,false,leader-w3r3,1
2026-04-03T20:53:22.951712-07:00,read,key-6,65.272,0,false,leader-w3r3,1
2026-04-03T20:53:22.952173-07:00,read,key-0,64.840,0,false,leader-w3r3,1
2026-04-03T20:53:22.951939-07:00,read,key-6,66.080,1,false,leader-w3r3,1
2026-04-03T20:53:22.9516-07:00,read,key-6,66.469,1,false,leader-w3r3,1
2026-04-03T20:53:23.016058-07:00,read,key-3,56.845,0,false,leader-w3r3,1
2026-04-03T20:53:23.015364-07:00,read,key-4,57.536,0,false,leader-w3r3,1
2026-04-03T20:53:23.016188-07:00,read,key-2,59.216,0,false,leader-w3r3,1
2026-04-03T20:53:23.016276-07:00,read,key-7,59.223,0,false,leader-w3r3,1
2026-04-03T20:53:23.016158-07:00,read,key-6,59.489,1,false,leader-w3r3,1
2026-04-03T20:53:23.016886-07:00,read,key-2,58.844,0,false,leader-w3r3,1
2026-04-03T20:53:23.016127-07:00,read,key-6,59.656,0,false,leader-w3r3,1
2026-04-03T20:53:23.01807-07:00,read,key-1,57.781,0,false,leader-w3r3,1
2026-04-03T20:53:23.016583-07:00,read,key-2,59.435,0,false,leader-w3r3,1
2026-04-03T20:53:23.016018-07:00,read,key-6,60.293,1,false,leader-w3r3,1
2026-04-03T20:53:23.015985-07:00,read,key-0,60.364,0,false,leader-w3r3,1
2026-04-03T20:53:23.016986-07:00,read,key-3,59.401,0,false,leader-w3r3,1
2026-04-03T20:53:23.015937-07:00,read,key-2,60.519,0,false,leader-w3r3,1
2026-04-03T20:53:23.018022-07:00,read,key-7,58.548,0,false,leader-w3r3,1
2026-04-03T20:53:23.016624-07:00,read,key-1,59.780,0,false,leader-w3r3,1
2026-04-03T20:53:23.016468-07:00,read,key-1,60.189,0,false,leader-w3r3,1
2026-04-03T20:53:23.017014-07:00,read,key-2,60.453,0,false,leader-w3r3,1
2026-04-03T20:53:23.016359-07:00,read,key-7,61.108,0,false,leader-w3r3,1
2026-04-03T20:53:23.01695-07:00,read,key-0,61.285,0,false,leader-w3r3,1
2026-04-03T20:53:23.072906-07:00,read,key-3,57.482,0,false,leader-w3r3,1
2026-04-03T20:53:23.075785-07:00,read,key-5,54.604,0,false,leader-w3r3,1
2026-04-03T20:53:23.075406-07:00,read,key-4,58.653,0,false,leader-w3r3,1
2026-04-03T20:53:23.076351-07:00,read,key-9,58.251,0,false,leader-w3r3,1
2026-04-03T20:53:23.076458-07:00,read,key-1,58.366,1,false,leader-w3r3,1
2026-04-03T20:53:23.076388-07:00,read,key-1,58.717,1,false,leader-w3r3,1
2026-04-03T20:53:23.076634-07:00,read,key-5,59.208,0,false,leader-w3r3,1
2026-04-03T20:53:23.0755-07:00,read,key-8,60.426,0,false,leader-w3r3,1
2026-04-03T20:53:23.072906-07:00,read,key-1,63.442,0,false,leader-w3r3,1
2026-04-03T20:53:23.07565-07:00,read,key-3,60.771,0,false,leader-w3r3,1
2026-04-03T20:53:23.077468-07:00,read,key-7,59.119,0,false,leader-w3r3,1
2026-04-03T20:53:23.076571-07:00,read,key-2,60.020,0,false,leader-w3r3,1
2026-04-03T20:53:23.078244-07:00,read,key-3,58.425,0,false,leader-w3r3,1
2026-04-03T20:53:23.077469-07:00,read,key-6,59.210,1,false,leader-w3r3,1
2026-04-03T20:53:23.075732-07:00,read,key-7,60.965,0,false,leader-w3r3,1
2026-04-03T20:53:23.075853-07:00,read,key-8,60.910,0,false,leader-w3r3,1
2026-04-03T20:53:23.076658-07:00,read,key-8,60.134,0,false,leader-w3r3,1
2026-04-03T20:53:23.07602-07:00,read,key-2,60.776,0,false,leader-w3r3,1
2026-04-03T20:53:23.134827-07:00,read,key-0,52.775,0,false,leader-w3r3,1
2026-04-03T20:53:23.136351-07:00,read,key-5,53.580,0,false,leader-w3r3,1
2026-04-03T20:53:23.134603-07:00,read,key-4,55.354,0,false,leader-w3r3,1
2026-04-03T20:53:23.130391-07:00,read,key-0,59.579,0,false,leader-w3r3,1
2026-04-03T20:53:23.135928-07:00,read,key-3,54.413,0,false,leader-w3r3,1
2026-04-03T20:53:23.130391-07:00,read,key-0,59.982,0,false,leader-w3r3,1
2026-04-03T20:53:23.134063-07:00,read,key-1,56.468,1,false,leader-w3r3,1
2026-04-03T20:53:23.136699-07:00,read,key-9,56.232,0,false,leader-w3r3,1
2026-04-03T20:53:23.136421-07:00,read,key-7,56.528,0,false,leader-w3r3,1
2026-04-03T20:53:23.136794-07:00,read,key-0,56.212,0,false,leader-w3r3,1
2026-04-03T20:53:23.136681-07:00,read,key-3,56.326,0,false,leader-w3r3,1
2026-04-03T20:53:23.136802-07:00,read,key-9,56.228,0,false,leader-w3r3,1
2026-04-03T20:53:23.136671-07:00,read,key-9,56.416,0,false,leader-w3r3,1
2026-04-03T20:53:23.136765-07:00,read,key-2,56.349,0,false,leader-w3r3,1
2026-04-03T20:53:23.135843-07:00,read,key-6,57.300,1,false,leader-w3r3,1
2026-04-03T20:53:23.136593-07:00,read,key-7,56.798,0,false,leader-w3r3,1
2026-04-03T20:53:23.136589-07:00,read,key-9,56.803,0,false,leader-w3r3,1
2026-04-03T20:53:23.135106-07:00,read,key-4,58.291,0,false,leader-w3r3,1
2026-04-03T20:53:23.189972-07:00,read,key-7,55.254,0,false,leader-w3r3,1
2026-04-03T20:53:23.190375-07:00,read,key-5,54.860,0,false,leader-w3r3,1
2026-04-03T20:53:23.187604-07:00,read,key-9,57.648,0,false,leader-w3r3,1
2026-04-03T20:53:23.193008-07:00,read,key-2,60.507,0,false,leader-w3r3,1
2026-04-03T20:53:23.189959-07:00,read,key-0,63.556,0,false,leader-w3r3,1
2026-04-03T20:53:23.189932-07:00,read,key-1,63.605,1,false,leader-w3r3,1
2026-04-03T20:53:23.190342-07:00,read,key-6,63.258,1,false,leader-w3r3,1
2026-04-03T20:53:23.193089-07:00,read,key-4,60.515,0,false,leader-w3r3,1
2026-04-03T20:53:23.1934-07:00,read,key-3,60.284,0,false,leader-w3r3,1
2026-04-03T20:53:23.193394-07:00,read,key-5,60.313,0,false,leader-w3r3,1
2026-04-03T20:53:23.193393-07:00,read,key-1,60.316,1,false,leader-w3r3,1
2026-04-03T20:53:23.193146-07:00,read,key-5,60.577,0,false,leader-w3r3,1
2026-04-03T20:53:23.193031-07:00,read,key-7,60.699,0,false,leader-w3r3,1
2026-04-03T20:53:23.193007-07:00,read,key-3,61.301,0,false,leader-w3r3,1
2026-04-03T20:53:23.193116-07:00,read,key-1,61.214,1,false,leader-w3r3,1
2026-04-03T20:53:23.192933-07:00,read,key-5,61.410,0,false,leader-w3r3,1
2026-04-03T20:53:23.190534-07:00,read,key-7,63.822,0,false,leader-w3r3,1
2026-04-03T20:53:23.192951-07:00,read,key-8,61.464,0,false,leader-w3r3,1
2026-04-03T20:53:23.253708-07:00,read,key-1,57.957,1,false,leader-w3r3,1
2026-04-03T20:53:23.253605-07:00,read,key-9,58.109,0,false,leader-w3r3,1
2026-04-03T20:53:23.245229-07:00,read,key-6,66.510,1,false,leader-w3r3,1
2026-04-03T20:53:23.253601-07:00,read,key-8,58.162,0,false,leader-w3r3,1
2026-04-03T20:53:23.253539-07:00,read,key-4,58.266,0,false,leader-w3r3,1
2026-04-03T20:53:23.253723-07:00,read,key-0,58.094,0,false,leader-w3r3,1
2026-04-03T20:53:23.253684-07:00,read,key-4,58.158,0,false,leader-w3r3,1
2026-04-03T20:53:23.253732-07:00,read,key-4,58.114,0,false,leader-w3r3,1
2026-04-03T20:53:23.254309-07:00,read,key-0,57.551,0,false,leader-w3r3,1
2026-04-03T20:53:23.254332-07:00,read,key-2,57.530,0,false,leader-w3r3,1
2026-04-03T20:53:23.254344-07:00,read,key-3,57.524,0,false,leader-w3r3,1
2026-04-03T20:53:23.245254-07:00,read,key-6,66.620,1,false,leader-w3r3,1
2026-04-03T20:53:23.253516-07:00,read,key-9,58.360,0,false,leader-w3r3,1
2026-04-03T20:53:23.25371-07:00,read,key-0,58.167,0,false,leader-w3r3,1
2026-04-03T20:53:23.245236-07:00,read,key-4,67.163,0,false,leader-w3r3,1
2026-04-03T20:53:23.254358-07:00,read,key-0,58.042,0,false,leader-w3r3,1
2026-04-03T20:53:23.254416-07:00,read,key-8,57.994,0,false,leader-w3r3,1
2026-04-03T20:53:23.253626-07:00,read,key-8,58.790,0,false,leader-w3r3,1
2026-04-03T20:53:23.312417-07:00,read,key-3,55.237,0,false,leader-w3r3,1
2026-04-03T20:53:23.311668-07:00,read,key-8,55.998,0,false,leader-w3r3,1
2026-04-03T20:53:23.311741-07:00,read,key-3,57.164,0,false,leader-w3r3,1
2026-04-03T20:53:23.311819-07:00,read,key-3,57.148,0,false,leader-w3r3,1
2026-04-03T20:53:23.3124-07:00,read,key-2,56.620,0,false,leader-w3r3,1
2026-04-03T20:53:23.311868-07:00,read,key-0,57.574,0,false,leader-w3r3,1
2026-04-03T20:53:23.311848-07:00,read,key-0,57.622,0,false,leader-w3r3,1
2026-04-03T20:53:23.311843-07:00,read,key-3,57.655,0,false,leader-w3r3,1
2026-04-03T20:53:23.311715-07:00,read,key-5,57.830,0,false,leader-w3r3,1
2026-04-03T20:53:23.311877-07:00,read,key-0,57.693,0,false,leader-w3r3,1
2026-04-03T20:53:23.312411-07:00,read,key-3,57.200,0,false,leader-w3r3,1
2026-04-03T20:53:23.3124-07:00,read,key-4,57.222,0,false,leader-w3r3,1
2026-04-03T20:53:23.311806-07:00,read,key-8,57.818,0,false,leader-w3r3,1
2026-04-03T20:53:23.311861-07:00,read,key-4,57.767,0,false,leader-w3r3,1
2026-04-03T20:53:23.311763-07:00,read,key-9,57.873,0,false,leader-w3r3,1
2026-04-03T20:53:23.311863-07:00,read,key-3,57.782,0,false,leader-w3r3,1
2026-04-03T20:53:23.311878-07:00,read,key-1,57.832,1,false,leader-w3r3,1
2026-04-03T20:53:23.311875-07:00,read,key-9,58.049,0,false,leader-w3r3,1
2026-04-03T20:53:23.369636-07:00,read,key-3,60.797,0,false,leader-w3r3,1
2026-04-03T20:53:23.369625-07:00,read,key-3,60.849,0,false,leader-w3r3,1
2026-04-03T20:53:23.369629-07:00,read,key-5,60.882,0,false,leader-w3r3,1
2026-04-03T20:53:23.369925-07:00,read,key-9,60.609,0,false,leader-w3r3,1
2026-04-03T20:53:23.369021-07:00,read,key-7,61.526,0,false,leader-w3r3,1
2026-04-03T20:53:23.368906-07:00,read,key-2,61.656,0,false,leader-w3r3,1
2026-04-03T20:53:23.369546-07:00,read,key-0,61.612,0,false,leader-w3r3,1
2026-04-03T20:53:23.367668-07:00,read,key-1,63.533,1,false,leader-w3r3,1
2026-04-03T20:53:23.369612-07:00,read,key-4,61.597,0,false,leader-w3r3,1
2026-04-03T20:53:23.369471-07:00,read,key-6,61.766,1,false,leader-w3r3,1
2026-04-03T20:53:23.369455-07:00,read,key-8,61.794,0,false,leader-w3r3,1
2026-04-03T20:53:23.369646-07:00,read,key-6,61.622,1,false,leader-w3r3,1
2026-04-03T20:53:23.369711-07:00,read,key-9,61.573,0,false,leader-w3r3,1
2026-04-03T20:53:23.367655-07:00,read,key-9,63.633,0,false,leader-w3r3,1
2026-04-03T20:53:23.369499-07:00,read,key-1,61.815,1,false,leader-w3r3,1
2026-04-03T20:53:23.36957-07:00,read,key-3,61.952,0,false,leader-w3r3,1
2026-04-03T20:53:23.369622-07:00,read,key-8,61.901,0,false,leader-w3r3,1
2026-04-03T20:53:23.368968-07:00,read,key-9,62.559,0,false,leader-w3r3,1
2026-04-03T20:53:23.431524-07:00,read,key-7,52.767,0,false,leader-w3r3,1
2026-04-03T20:53:23.430475-07:00,read,key-2,54.163,0,false,leader-w3r3,1
2026-04-03T20:53:23.431238-07:00,read,key-2,53.476,0,false,leader-w3r3,1
2026-04-03T20:53:23.430513-07:00,read,key-7,54.349,0,false,leader-w3r3,1
2026-04-03T20:53:23.431269-07:00,read,key-7,54.686,0,false,leader-w3r3,1
2026-04-03T20:53:23.43121-07:00,read,key-9,54.798,0,false,leader-w3r3,1
2026-04-03T20:53:23.431524-07:00,read,key-5,54.510,0,false,leader-w3r3,1
2026-04-03T20:53:23.431314-07:00,read,key-0,54.751,0,false,leader-w3r3,1
2026-04-03T20:53:23.430548-07:00,read,key-1,55.684,2,false,leader-w3r3,1
2026-04-03T20:53:23.431159-07:00,read,key-4,55.143,0,false,leader-w3r3,1
2026-04-03T20:53:23.43125-07:00,read,key-5,55.100,0,false,leader-w3r3,1
2026-04-03T20:53:23.431286-07:00,read,key-9,55.112,0,false,leader-w3r3,1
2026-04-03T20:53:23.430535-07:00,read,key-9,55.921,0,false,leader-w3r3,1
2026-04-03T20:53:23.430435-07:00,read,key-0,59.767,0,false,leader-w3r3,1
2026-04-03T20:53:23.431528-07:00,read,key-0,58.916,0,false,leader-w3r3,1
2026-04-03T20:53:23.431202-07:00,read,key-3,59.327,1,false,leader-w3r3,1
2026-04-03T20:53:23.484863-07:00,read,key-7,52.385,0,false,leader-w3r3,1
2026-04-03T20:53:23.48464-07:00,read,key-1,55.426,1,false,leader-w3r3,1
2026-04-03T20:53:23.486067-07:00,read,key-0,54.249,0,false,leader-w3r3,1
2026-04-03T20:53:23.485956-07:00,read,key-7,54.404,0,false,leader-w3r3,1
2026-04-03T20:53:23.486458-07:00,read,key-6,53.917,1,false,leader-w3r3,1
2026-04-03T20:53:23.486009-07:00,read,key-1,54.477,2,false,leader-w3r3,1
2026-04-03T20:53:23.48635-07:00,read,key-7,54.235,0,false,leader-w3r3,1
2026-04-03T20:53:23.486399-07:00,read,key-3,54.345,1,false,leader-w3r3,1
2026-04-03T20:53:23.484715-07:00,read,key-8,56.086,0,false,leader-w3r3,1
2026-04-03T20:53:23.484293-07:00,read,key-7,56.549,0,false,leader-w3r3,1
2026-04-03T20:53:23.486303-07:00,read,key-6,54.573,1,false,leader-w3r3,1
2026-04-03T20:53:23.486034-07:00,read,key-4,54.863,0,false,leader-w3r3,1
2026-04-03T20:53:23.490445-07:00,read,key-9,51.819,0,false,leader-w3r3,1
2026-04-03T20:53:23.486234-07:00,read,key-1,56.058,2,false,leader-w3r3,1
2026-04-03T20:53:23.49053-07:00,read,key-2,54.129,0,false,leader-w3r3,1
2026-04-03T20:53:23.490204-07:00,read,key-9,54.471,0,false,leader-w3r3,1
2026-04-03T20:53:23.540361-07:00,read,key-0,55.686,0,false,leader-w3r3,1
2026-04-03T20:53:23.540844-07:00,read,key-4,55.343,0,false,leader-w3r3,1
2026-04-03T20:53:23.540069-07:00,read,key-2,56.164,0,false,leader-w3r3,1
2026-04-03T20:53:23.540317-07:00,read,key-4,55.958,0,false,leader-w3r3,1
2026-04-03T20:53:23.540487-07:00,read,key-5,55.819,0,false,leader-w3r3,1
2026-04-03T20:53:23.540898-07:00,read,key-9,55.485,0,false,leader-w3r3,1
2026-04-03T20:53:23.540877-07:00,read,key-9,55.585,0,false,leader-w3r3,1
2026-04-03T20:53:23.53725-07:00,read,key-6,59.305,1,false,leader-w3r3,1
2026-04-03T20:53:23.540802-07:00,read,key-3,55.844,0,false,leader-w3r3,1
2026-04-03T20:53:23.540376-07:00,read,key-9,56.306,0,false,leader-w3r3,1
2026-04-03T20:53:23.542266-07:00,read,key-9,54.495,0,false,leader-w3r3,1
2026-04-03T20:53:23.540587-07:00,read,key-1,56.423,2,false,leader-w3r3,1
2026-04-03T20:53:23.542293-07:00,read,key-8,54.749,0,false,leader-w3r3,1
2026-04-03T20:53:23.540746-07:00,read,key-9,56.307,0,false,leader-w3r3,1
2026-04-03T20:53:23.544677-07:00,read,key-4,53.943,0,false,leader-w3r3,1
2026-04-03T20:53:23.544661-07:00,read,key-5,54.101,0,false,leader-w3r3,1
2026-04-03T20:53:23.596558-07:00,read,key-1,56.041,2,false,leader-w3r3,1
2026-04-03T20:53:23.598621-07:00,read,key-2,53.979,0,false,leader-w3r3,1
2026-04-03T20:53:23.596052-07:00,read,key-7,56.615,0,false,leader-w3r3,1
2026-04-03T20:53:23.596189-07:00,read,key-9,56.546,0,false,leader-w3r3,1
2026-04-03T20:53:23.596683-07:00,read,key-6,56.111,1,false,leader-w3r3,1
2026-04-03T20:53:23.597011-07:00,read,key-0,58.562,0,false,leader-w3r3,1
2026-04-03T20:53:23.596276-07:00,read,key-8,59.327,0,false,leader-w3r3,1
2026-04-03T20:53:23.596762-07:00,read,key-2,58.902,0,false,leader-w3r3,1
2026-04-03T20:53:23.596308-07:00,read,key-5,59.384,0,false,leader-w3r3,1
2026-04-03T20:53:23.596462-07:00,read,key-7,59.331,0,false,leader-w3r3,1
2026-04-03T20:53:23.596235-07:00,read,key-0,59.595,0,false,leader-w3r3,1
2026-04-03T20:53:23.598763-07:00,read,key-2,57.093,0,false,leader-w3r3,1
2026-04-03T20:53:23.596648-07:00,read,key-7,59.384,0,false,leader-w3r3,1
2026-04-03T20:53:23.596384-07:00,read,key-9,59.731,0,false,leader-w3r3,1
2026-04-03T20:53:23.597043-07:00,read,key-7,59.132,0,false,leader-w3r3,1
2026-04-03T20:53:23.597054-07:00,read,key-6,59.172,1,false,leader-w3r3,1
2026-04-03T20:53:23.655795-07:00,read,key-0,55.334,0,false,leader-w3r3,1
2026-04-03T20:53:23.652669-07:00,read,key-0,58.460,0,false,leader-w3r3,1
2026-04-03T20:53:23.656177-07:00,read,key-1,56.254,2,false,leader-w3r3,1
2026-04-03T20:53:23.656117-07:00,read,key-2,56.554,0,false,leader-w3r3,1
2026-04-03T20:53:23.655693-07:00,read,key-7,57.017,0,false,leader-w3r3,1
2026-04-03T20:53:23.655605-07:00,read,key-2,57.144,0,false,leader-w3r3,1
2026-04-03T20:53:23.652737-07:00,read,key-9,60.046,0,false,leader-w3r3,1
2026-04-03T20:53:23.652603-07:00,read,key-0,60.289,0,false,leader-w3r3,1
2026-04-03T20:53:23.655575-07:00,read,key-9,57.399,0,false,leader-w3r3,1
2026-04-03T20:53:23.652603-07:00,read,key-4,60.461,0,false,leader-w3r3,1
2026-04-03T20:53:23.655666-07:00,read,key-6,57.402,1,false,leader-w3r3,1
2026-04-03T20:53:23.655857-07:00,read,key-5,57.279,0,false,leader-w3r3,1
2026-04-03T20:53:23.656228-07:00,read,key-4,56.951,0,false,leader-w3r3,1
2026-04-03T20:53:23.652796-07:00,read,key-5,60.410,0,false,leader-w3r3,1
2026-04-03T20:53:23.656033-07:00,read,key-0,57.232,0,false,leader-w3r3,1
2026-04-03T20:53:23.655831-07:00,read,key-9,57.460,0,false,leader-w3r3,1
2026-04-03T20:53:23.712976-07:00,read,key-4,57.070,0,false,leader-w3r3,1
2026-04-03T20:53:22.951653-07:00,write,key-6,818.471,1,false,leader-w3r3,1
2026-04-03T20:53:23.713137-07:00,read,key-0,57.144,0,false,leader-w3r3,1
2026-04-03T20:53:23.711134-07:00,read,key-0,59.239,0,false,leader-w3r3,1
2026-04-03T20:53:23.712672-07:00,read,key-8,57.783,0,false,leader-w3r3,1
2026-04-03T20:53:23.712784-07:00,read,key-8,57.797,0,false,leader-w3r3,1
2026-04-03T20:53:23.712895-07:00,read,key-6,57.774,1,false,leader-w3r3,1
2026-04-03T20:53:23.712749-07:00,read,key-0,57.972,0,false,leader-w3r3,1
2026-04-03T20:53:23.711183-07:00,read,key-8,60.338,0,false,leader-w3r3,1
2026-04-03T20:53:23.713266-07:00,read,key-5,58.349,0,false,leader-w3r3,1
2026-04-03T20:53:23.713207-07:00,read,key-1,58.496,3,false,leader-w3r3,1
2026-04-03T20:53:23.713069-07:00,read,key-2,58.672,0,false,leader-w3r3,1
2026-04-03T20:53:23.71318-07:00,read,key-1,58.683,2,false,leader-w3r3,1
2026-04-03T20:53:23.713065-07:00,read,key-0,58.803,0,false,leader-w3r3,1
2026-04-03T20:53:23.712434-07:00,read,key-5,59.459,0,false,leader-w3r3,1
2026-04-03T20:53:23.713292-07:00,read,key-0,58.658,0,false,leader-w3r3,1
2026-04-03T20:53:23.770376-07:00,read,key-3,58.845,1,false,leader-w3r3,1
2026-04-03T20:53:23.770051-07:00,read,key-9,59.390,0,false,leader-w3r3,1
2026-04-03T20:53:23.771743-07:00,read,key-3,58.338,1,false,leader-w3r3,1
2026-04-03T20:53:23.770127-07:00,read,key-6,60.139,1,false,leader-w3r3,1
2026-04-03T20:53:23.770457-07:00,read,key-6,59.901,1,false,leader-w3r3,1
2026-04-03T20:53:23.771952-07:00,read,key-1,58.439,3,false,leader-w3r3,1
2026-04-03T20:53:23.771895-07:00,read,key-9,58.558,0,false,leader-w3r3,1
2026-04-03T20:53:23.771706-07:00,read,key-2,58.763,0,false,leader-w3r3,1
2026-04-03T20:53:23.771618-07:00,read,key-8,58.876,0,false,leader-w3r3,1
2026-04-03T20:53:23.771523-07:00,read,key-2,59.006,0,false,leader-w3r3,1
2026-04-03T20:53:23.770672-07:00,read,key-8,59.870,0,false,leader-w3r3,1
2026-04-03T20:53:23.770283-07:00,read,key-9,60.317,0,false,leader-w3r3,1
2026-04-03T20:53:23.770723-07:00,read,key-7,59.877,0,false,leader-w3r3,1
2026-04-03T20:53:23.770582-07:00,read,key-3,60.069,1,false,leader-w3r3,1
2026-04-03T20:53:23.771865-07:00,read,key-7,58.895,0,false,leader-w3r3,1
2026-04-03T20:53:23.771871-07:00,read,key-4,58.931,0,false,leader-w3r3,1
2026-04-03T20:53:23.829445-07:00,read,key-5,57.857,0,false,leader-w3r3,1
2026-04-03T20:53:23.830268-07:00,read,key-6,57.211,1,false,leader-w3r3,1
2026-04-03T20:53:23.076313-07:00,write,key-1,811.244,1,false,leader-w3r3,1
2026-04-03T20:53:23.829229-07:00,read,key-2,58.338,0,false,leader-w3r3,1
2026-04-03T20:53:23.830602-07:00,read,key-3,57.146,1,false,leader-w3r3,1
2026-04-03T20:53:23.830531-07:00,read,key-6,57.295,1,false,leader-w3r3,1
2026-04-03T20:53:23.830804-07:00,read,key-1,57.098,3,false,leader-w3r3,1
2026-04-03T20:53:23.830603-07:00,read,key-2,57.333,0,false,leader-w3r3,1
2026-04-03T20:53:23.830654-07:00,read,key-8,57.808,0,false,leader-w3r3,1
2026-04-03T20:53:23.830392-07:00,read,key-5,58.106,0,false,leader-w3r3,1
2026-04-03T20:53:23.830496-07:00,read,key-0,58.025,0,false,leader-w3r3,1
2026-04-03T20:53:23.830545-07:00,read,key-6,57.989,1,false,leader-w3r3,1
2026-04-03T20:53:23.830455-07:00,read,key-0,58.086,0,false,leader-w3r3,1
2026-04-03T20:53:23.83036-07:00,read,key-4,58.201,0,false,leader-w3r3,1
2026-04-03T20:53:23.830083-07:00,read,key-6,58.526,1,false,leader-w3r3,1
2026-04-03T20:53:23.830762-07:00,read,key-7,57.933,0,false,leader-w3r3,1
2026-04-03T20:53:23.830471-07:00,read,key-9,58.296,0,false,leader-w3r3,1
2026-04-03T20:53:23.887937-07:00,read,key-6,59.302,1,false,leader-w3r3,1
2026-04-03T20:53:23.888536-07:00,read,key-8,58.758,0,false,leader-w3r3,1
2026-04-03T20:53:23.888562-07:00,read,key-5,58.954,0,false,leader-w3r3,1
2026-04-03T20:53:23.8885-07:00,read,key-1,59.075,3,false,leader-w3r3,1
2026-04-03T20:53:23.887306-07:00,read,key-6,60.316,1,false,leader-w3r3,1
2026-04-03T20:53:23.888769-07:00,read,key-4,58.880,0,false,leader-w3r3,1
2026-04-03T20:53:23.888542-07:00,read,key-7,59.145,0,false,leader-w3r3,1
2026-04-03T20:53:23.887482-07:00,read,key-6,60.280,1,false,leader-w3r3,1
2026-04-03T20:53:23.888697-07:00,read,key-9,59.145,0,false,leader-w3r3,1
2026-04-03T20:53:23.888463-07:00,read,key-9,59.400,0,false,leader-w3r3,1
2026-04-03T20:53:23.887558-07:00,read,key-0,60.310,0,false,leader-w3r3,1
2026-04-03T20:53:23.887828-07:00,read,key-4,60.065,0,false,leader-w3r3,1
2026-04-03T20:53:23.887749-07:00,read,key-4,60.167,0,false,leader-w3r3,1
2026-04-03T20:53:23.888522-07:00,read,key-7,59.397,0,false,leader-w3r3,1
2026-04-03T20:53:23.88757-07:00,read,key-5,60.374,0,false,leader-w3r3,1
2026-04-03T20:53:23.887903-07:00,read,key-0,60.188,0,false,leader-w3r3,1
2026-04-03T20:53:23.888611-07:00,read,key-5,59.534,0,false,leader-w3r3,1
2026-04-03T20:53:23.947864-07:00,read,key-5,56.226,0,false,leader-w3r3,1
2026-04-03T20:53:23.947917-07:00,read,key-8,56.395,0,false,leader-w3r3,1
2026-04-03T20:53:23.947688-07:00,read,key-8,56.693,0,false,leader-w3r3,1
2026-04-03T20:53:23.947764-07:00,read,key-0,56.679,0,false,leader-w3r3,1
2026-04-03T20:53:23.947651-07:00,read,key-9,57.175,0,false,leader-w3r3,1
2026-04-03T20:53:23.947624-07:00,read,key-8,57.276,0,false,leader-w3r3,1
2026-04-03T20:53:23.947295-07:00,read,key-4,57.748,0,false,leader-w3r3,1
2026-04-03T20:53:23.947842-07:00,read,key-6,57.473,1,false,leader-w3r3,1
2026-04-03T20:53:23.947244-07:00,read,key-1,58.098,3,false,leader-w3r3,1
2026-04-03T20:53:23.947518-07:00,read,key-3,57.900,1,false,leader-w3r3,1
2026-04-03T20:53:23.947945-07:00,read,key-3,57.517,1,false,leader-w3r3,1
2026-04-03T20:53:23.948092-07:00,read,key-8,57.371,0,false,leader-w3r3,1
2026-04-03T20:53:23.947576-07:00,read,key-3,57.949,1,false,leader-w3r3,1
2026-04-03T20:53:23.947869-07:00,read,key-5,57.694,0,false,leader-w3r3,1
2026-04-03T20:53:23.94792-07:00,read,key-8,57.662,0,false,leader-w3r3,1
2026-04-03T20:53:23.948147-07:00,read,key-9,57.734,0,false,leader-w3r3,1
2026-04-03T20:53:23.947895-07:00,read,key-6,58.032,1,false,leader-w3r3,1
2026-04-03T20:53:24.00542-07:00,read,key-7,57.317,0,false,leader-w3r3,1
2026-04-03T20:53:24.005464-07:00,read,key-9,57.387,0,false,leader-w3r3,1
2026-04-03T20:53:24.005527-07:00,read,key-4,57.363,0,false,leader-w3r3,1
2026-04-03T20:53:24.004901-07:00,read,key-8,58.020,0,false,leader-w3r3,1
2026-04-03T20:53:24.004382-07:00,read,key-6,59.562,1,false,leader-w3r3,1
2026-04-03T20:53:24.005583-07:00,read,key-6,58.443,1,false,leader-w3r3,1
2026-04-03T20:53:24.005882-07:00,read,key-2,58.173,0,false,leader-w3r3,1
2026-04-03T20:53:24.005464-07:00,read,key-1,58.619,3,false,leader-w3r3,1
2026-04-03T20:53:24.004314-07:00,read,key-3,59.846,1,false,leader-w3r3,1
2026-04-03T20:53:24.005929-07:00,read,key-4,58.271,0,false,leader-w3r3,1
2026-04-03T20:53:24.004095-07:00,read,key-0,60.123,0,false,leader-w3r3,1
2026-04-03T20:53:24.004445-07:00,read,key-2,59.781,0,false,leader-w3r3,1
2026-04-03T20:53:24.005564-07:00,read,key-8,58.679,0,false,leader-w3r3,1
2026-04-03T20:53:24.005044-07:00,read,key-0,59.204,0,false,leader-w3r3,1
2026-04-03T20:53:24.005318-07:00,read,key-8,58.943,0,false,leader-w3r3,1
2026-04-03T20:53:24.004828-07:00,read,key-0,59.439,0,false,leader-w3r3,1
2026-04-03T20:53:24.005344-07:00,read,key-4,58.932,0,false,leader-w3r3,1
2026-04-03T20:53:24.064027-07:00,read,key-0,60.439,0,false,leader-w3r3,1
2026-04-03T20:53:24.062739-07:00,read,key-3,62.581,1,false,leader-w3r3,1
2026-04-03T20:53:24.064244-07:00,read,key-3,61.170,1,false,leader-w3r3,1
2026-04-03T20:53:24.06422-07:00,read,key-4,61.281,0,false,leader-w3r3,1
2026-04-03T20:53:24.064262-07:00,read,key-4,61.298,0,false,leader-w3r3,1
2026-04-03T20:53:24.064278-07:00,read,key-5,61.328,0,false,leader-w3r3,1
2026-04-03T20:53:24.064056-07:00,read,key-8,61.580,0,false,leader-w3r3,1
2026-04-03T20:53:24.064085-07:00,read,key-4,61.556,0,false,leader-w3r3,1
2026-04-03T20:53:24.064201-07:00,read,key-8,61.487,0,false,leader-w3r3,1
2026-04-03T20:53:24.062852-07:00,read,key-6,62.843,1,false,leader-w3r3,1
2026-04-03T20:53:24.062891-07:00,read,key-3,62.834,1,false,leader-w3r3,1
2026-04-03T20:53:24.064162-07:00,read,key-5,61.594,0,false,leader-w3r3,1
2026-04-03T20:53:24.064249-07:00,read,key-1,61.546,3,false,leader-w3r3,1
2026-04-03T20:53:24.064227-07:00,read,key-4,61.602,0,false,leader-w3r3,1
2026-04-03T20:53:24.064268-07:00,read,key-9,61.655,0,false,leader-w3r3,1
2026-04-03T20:53:24.062923-07:00,read,key-2,63.010,0,false,leader-w3r3,1
2026-04-03T20:53:24.063948-07:00,read,key-5,62.017,0,false,leader-w3r3,1
2026-04-03T20:53:24.125796-07:00,read,key-5,59.164,1,false,leader-w3r3,1
2026-04-03T20:53:24.125697-07:00,read,key-2,59.296,0,false,leader-w3r3,1
2026-04-03T20:53:24.125502-07:00,read,key-0,59.649,0,false,leader-w3r3,1
2026-04-03T20:53:24.125638-07:00,read,key-9,59.600,0,false,leader-w3r3,1
2026-04-03T20:53:24.125606-07:00,read,key-7,59.667,0,false,leader-w3r3,1
2026-04-03T20:53:24.125924-07:00,read,key-5,59.409,1,false,leader-w3r3,1
2026-04-03T20:53:24.125325-07:00,read,key-8,60.036,0,false,leader-w3r3,1
2026-04-03T20:53:24.125416-07:00,read,key-8,60.091,0,false,leader-w3r3,1
2026-04-03T20:53:24.125934-07:00,read,key-3,59.666,1,false,leader-w3r3,1
2026-04-03T20:53:24.12447-07:00,read,key-4,61.151,0,false,leader-w3r3,1
2026-04-03T20:53:24.125561-07:00,read,key-0,60.067,0,false,leader-w3r3,1
2026-04-03T20:53:24.125829-07:00,read,key-5,59.820,0,false,leader-w3r3,1
2026-04-03T20:53:24.125757-07:00,read,key-4,59.909,0,false,leader-w3r3,1
2026-04-03T20:53:24.125642-07:00,read,key-7,60.029,0,false,leader-w3r3,1
2026-04-03T20:53:24.125689-07:00,read,key-2,59.987,0,false,leader-w3r3,1
2026-04-03T20:53:24.125726-07:00,read,key-8,59.968,0,false,leader-w3r3,1
2026-04-03T20:53:24.185651-07:00,read,key-1,57.951,3,false,leader-w3r3,1
2026-04-03T20:53:23.43129-07:00,write,key-1,812.323,2,false,leader-w3r3,1
2026-04-03T20:53:24.185335-07:00,read,key-5,58.357,1,false,leader-w3r3,1
2026-04-03T20:53:24.184964-07:00,read,key-7,58.919,0,false,leader-w3r3,1
2026-04-03T20:53:24.184994-07:00,read,key-3,58.981,1,false,leader-w3r3,1
2026-04-03T20:53:24.185601-07:00,read,key-1,58.473,3,false,leader-w3r3,1
2026-04-03T20:53:24.185239-07:00,read,key-6,59.048,1,false,leader-w3r3,1
2026-04-03T20:53:23.430563-07:00,write,key-3,813.765,1,false,leader-w3r3,1
2026-04-03T20:53:24.185275-07:00,read,key-8,59.115,0,false,leader-w3r3,1
2026-04-03T20:53:24.185508-07:00,read,key-7,58.914,0,false,leader-w3r3,1
2026-04-03T20:53:24.185673-07:00,read,key-6,58.787,1,false,leader-w3r3,1
2026-04-03T20:53:24.185667-07:00,read,key-8,58.814,0,false,leader-w3r3,1
2026-04-03T20:53:24.185626-07:00,read,key-0,58.886,0,false,leader-w3r3,1
2026-04-03T20:53:24.18563-07:00,read,key-6,58.941,1,false,leader-w3r3,1
2026-04-03T20:53:24.185699-07:00,read,key-4,58.905,0,false,leader-w3r3,1
2026-04-03T20:53:24.185154-07:00,read,key-9,59.864,0,false,leader-w3r3,1
2026-04-03T20:53:24.185677-07:00,read,key-7,59.940,0,false,leader-w3r3,1
2026-04-03T20:53:24.185362-07:00,read,key-1,60.328,3,false,leader-w3r3,1
2026-04-03T20:53:24.244513-07:00,read,key-5,58.779,1,false,leader-w3r3,1
2026-04-03T20:53:24.243977-07:00,read,key-3,59.329,1,false,leader-w3r3,1
2026-04-03T20:53:24.244574-07:00,read,key-1,58.718,3,false,leader-w3r3,1
2026-04-03T20:53:24.244424-07:00,read,key-7,59.234,0,false,leader-w3r3,1
2026-04-03T20:53:24.245021-07:00,read,key-1,58.679,3,false,leader-w3r3,1
2026-04-03T20:53:24.244076-07:00,read,key-1,59.628,3,false,leader-w3r3,1
2026-04-03T20:53:24.243885-07:00,read,key-0,59.856,0,false,leader-w3r3,1
2026-04-03T20:53:24.244391-07:00,read,key-9,59.433,0,false,leader-w3r3,1
2026-04-03T20:53:24.244462-07:00,read,key-8,59.364,0,false,leader-w3r3,1
2026-04-03T20:53:24.245619-07:00,read,key-5,58.269,1,false,leader-w3r3,1
2026-04-03T20:53:24.244482-07:00,read,key-5,59.473,1,false,leader-w3r3,1
2026-04-03T20:53:24.244607-07:00,read,key-6,59.350,1,false,leader-w3r3,1
2026-04-03T20:53:24.243609-07:00,read,key-9,60.388,0,false,leader-w3r3,1
2026-04-03T20:53:24.244328-07:00,read,key-6,59.898,1,false,leader-w3r3,1
2026-04-03T20:53:24.244288-07:00,read,key-7,59.968,0,false,leader-w3r3,1
2026-04-03T20:53:24.243613-07:00,read,key-0,60.721,0,false,leader-w3r3,1
2026-04-03T20:53:24.245692-07:00,read,key-0,58.644,0,false,leader-w3r3,1
2026-04-03T20:53:24.243694-07:00,read,key-6,60.709,1,false,leader-w3r3,1
2026-04-03T20:53:24.304336-07:00,read,key-8,58.745,0,false,leader-w3r3,1
2026-04-03T20:53:24.304405-07:00,read,key-7,58.677,0,false,leader-w3r3,1
2026-04-03T20:53:24.303958-07:00,read,key-5,59.193,1,false,leader-w3r3,1
2026-04-03T20:53:24.30389-07:00,read,key-1,59.261,3,false,leader-w3r3,1
2026-04-03T20:53:24.304228-07:00,read,key-2,58.950,0,false,leader-w3r3,1
2026-04-03T20:53:24.303353-07:00,read,key-5,60.928,1,false,leader-w3r3,1
2026-04-03T20:53:24.303826-07:00,read,key-8,60.506,0,false,leader-w3r3,1
2026-04-03T20:53:24.303744-07:00,read,key-0,60.603,0,false,leader-w3r3,1
2026-04-03T20:53:24.303827-07:00,read,key-3,60.560,1,false,leader-w3r3,1
2026-04-03T20:53:24.304258-07:00,read,key-1,60.159,3,false,leader-w3r3,1
2026-04-03T20:53:24.303309-07:00,read,key-7,61.126,0,false,leader-w3r3,1
2026-04-03T20:53:24.303659-07:00,read,key-9,60.798,0,false,leader-w3r3,1
2026-04-03T20:53:24.303959-07:00,read,key-5,60.522,1,false,leader-w3r3,1
2026-04-03T20:53:24.303298-07:00,read,key-0,61.187,0,false,leader-w3r3,1
2026-04-03T20:53:24.303706-07:00,read,key-2,60.828,0,false,leader-w3r3,1
2026-04-03T20:53:24.304-07:00,read,key-6,60.654,1,false,leader-w3r3,1
2026-04-03T20:53:24.304338-07:00,read,key-2,60.656,0,false,leader-w3r3,1
2026-04-03T20:53:24.303702-07:00,read,key-7,61.371,0,false,leader-w3r3,1
2026-04-03T20:53:24.364458-07:00,read,key-7,57.743,0,false,leader-w3r3,1
2026-04-03T20:53:24.363153-07:00,read,key-3,59.058,1,false,leader-w3r3,1
2026-04-03T20:53:24.363084-07:00,read,key-2,59.151,0,false,leader-w3r3,1
2026-04-03T20:53:24.364283-07:00,read,key-6,58.042,1,false,leader-w3r3,1
2026-04-03T20:53:24.364333-07:00,read,key-1,58.038,3,false,leader-w3r3,1
2026-04-03T20:53:24.364389-07:00,read,key-5,58.054,1,false,leader-w3r3,1
2026-04-03T20:53:24.363225-07:00,read,key-6,59.254,1,false,leader-w3r3,1
2026-04-03T20:53:24.364419-07:00,read,key-2,58.085,0,false,leader-w3r3,1
2026-04-03T20:53:24.364488-07:00,read,key-6,58.069,1,false,leader-w3r3,1
2026-04-03T20:53:24.364995-07:00,read,key-0,57.625,0,false,leader-w3r3,1
2026-04-03T20:53:24.364535-07:00,read,key-6,58.086,1,false,leader-w3r3,1
2026-04-03T20:53:24.364349-07:00,read,key-7,58.292,0,false,leader-w3r3,1
2026-04-03T20:53:24.364659-07:00,read,key-6,57.984,1,false,leader-w3r3,1
2026-04-03T20:53:24.363153-07:00,read,key-6,59.563,1,false,leader-w3r3,1
2026-04-03T20:53:24.364483-07:00,read,key-4,58.313,0,false,leader-w3r3,1
2026-04-03T20:53:24.363179-07:00,read,key-5,59.619,1,false,leader-w3r3,1
2026-04-03T20:53:24.364436-07:00,read,key-2,58.425,0,false,leader-w3r3,1
2026-04-03T20:53:24.365075-07:00,read,key-3,57.801,1,false,leader-w3r3,1
2026-04-03T20:53:24.422558-07:00,read,key-3,58.933,1,false,leader-w3r3,1
2026-04-03T20:53:24.422214-07:00,read,key-9,59.723,0,false,leader-w3r3,1
2026-04-03T20:53:24.422799-07:00,read,key-0,59.219,0,false,leader-w3r3,1
2026-04-03T20:53:24.422372-07:00,read,key-8,59.710,0,false,leader-w3r3,1
2026-04-03T20:53:24.422621-07:00,read,key-1,59.548,3,false,leader-w3r3,1
2026-04-03T20:53:24.42248-07:00,read,key-4,59.945,0,false,leader-w3r3,1
2026-04-03T20:53:24.422642-07:00,read,key-4,59.845,0,false,leader-w3r3,1
2026-04-03T20:53:24.422717-07:00,read,key-9,59.821,0,false,leader-w3r3,1
2026-04-03T20:53:24.422326-07:00,read,key-5,60.253,1,false,leader-w3r3,1
2026-04-03T20:53:24.422236-07:00,read,key-1,60.390,3,false,leader-w3r3,1
2026-04-03T20:53:24.422622-07:00,read,key-5,60.050,1,false,leader-w3r3,1
2026-04-03T20:53:24.422797-07:00,read,key-1,59.936,3,false,leader-w3r3,1
2026-04-03T20:53:24.422862-07:00,read,key-2,59.916,0,false,leader-w3r3,1
2026-04-03T20:53:24.422981-07:00,read,key-1,59.860,3,false,leader-w3r3,1
2026-04-03T20:53:24.422505-07:00,read,key-3,61.255,1,false,leader-w3r3,1
2026-04-03T20:53:24.422203-07:00,read,key-7,61.608,0,false,leader-w3r3,1
2026-04-03T20:53:24.422445-07:00,read,key-7,61.435,0,false,leader-w3r3,1
2026-04-03T20:53:24.422646-07:00,read,key-9,61.292,0,false,leader-w3r3,1
2026-04-03T20:53:23.712712-07:00,write,key-1,814.735,3,false,leader-w3r3,1
2026-04-03T20:53:24.481495-07:00,read,key-4,51.465,0,false,leader-w3r3,1
2026-04-03T20:53:24.482539-07:00,read,key-5,51.240,1,false,leader-w3r3,1
2026-04-03T20:53:24.481938-07:00,read,key-1,51.877,3,false,leader-w3r3,1
2026-04-03T20:53:24.482019-07:00,read,key-4,51.831,0,false,leader-w3r3,1
2026-04-03T20:53:24.482426-07:00,read,key-1,51.600,3,false,leader-w3r3,1
2026-04-03T20:53:24.482083-07:00,read,key-0,52.005,0,false,leader-w3r3,1
2026-04-03T20:53:24.482843-07:00,read,key-0,51.763,0,false,leader-w3r3,1
2026-04-03T20:53:24.48217-07:00,read,key-7,52.882,0,false,leader-w3r3,1
2026-04-03T20:53:24.483813-07:00,read,key-6,53.301,1,false,leader-w3r3,1
2026-04-03T20:53:24.483762-07:00,read,key-6,53.368,1,false,leader-w3r3,1
2026-04-03T20:53:24.482581-07:00,read,key-9,66.138,0,false,leader-w3r3,1
2026-04-03T20:53:24.483939-07:00,read,key-3,65.163,1,false,leader-w3r3,1
2026-04-03T20:53:24.483881-07:00,read,key-4,66.172,0,false,leader-w3r3,1
2026-04-03T20:53:24.482779-07:00,read,key-7,68.119,0,false,leader-w3r3,1
2026-04-03T20:53:24.482489-07:00,read,key-1,68.524,3,false,leader-w3r3,1
2026-04-03T20:53:24.482734-07:00,read,key-5,68.453,1,false,leader-w3r3,1
2026-04-03T20:53:24.482674-07:00,read,key-0,68.578,0,false,leader-w3r3,1
2026-04-03T20:53:24.482628-07:00,read,key-7,68.638,0,false,leader-w3r3,1
2026-04-03T20:53:24.548721-07:00,read,key-5,57.006,1,false,leader-w3r3,1
2026-04-03T20:53:24.535054-07:00,read,key-9,72.031,0,false,leader-w3r3,1
2026-04-03T20:53:24.527449-07:00,read,key-7,79.625,0,false,leader-w3r3,1
2026-04-03T20:53:24.550054-07:00,read,key-3,58.957,1,false,leader-w3r3,1
2026-04-03T20:53:24.534028-07:00,read,key-5,75.081,1,false,leader-w3r3,1
2026-04-03T20:53:24.53409-07:00,read,key-5,75.110,1,false,leader-w3r3,1
2026-04-03T20:53:24.533852-07:00,read,key-9,75.410,0,false,leader-w3r3,1
2026-04-03T20:53:24.551253-07:00,read,key-3,58.059,1,false,leader-w3r3,1
2026-04-03T20:53:24.551267-07:00,read,key-1,58.059,3,false,leader-w3r3,1
2026-04-03T20:53:24.533817-07:00,read,key-3,75.545,1,false,leader-w3r3,1
2026-04-03T20:53:24.534607-07:00,read,key-0,74.786,0,false,leader-w3r3,1
2026-04-03T20:53:24.533781-07:00,read,key-3,75.804,1,false,leader-w3r3,1
2026-04-03T20:53:24.537118-07:00,read,key-6,72.605,1,false,leader-w3r3,1
2026-04-03T20:53:24.537132-07:00,read,key-9,72.617,0,false,leader-w3r3,1
2026-04-03T20:53:24.532963-07:00,read,key-4,76.791,0,false,leader-w3r3,1
2026-04-03T20:53:24.549104-07:00,read,key-8,85.058,0,false,leader-w3r3,1
2026-04-03T20:53:24.550899-07:00,read,key-6,104.370,1,false,leader-w3r3,1
2026-04-03T20:53:24.551188-07:00,read,key-7,104.093,0,false,leader-w3r3,1
2026-04-03T20:53:24.551014-07:00,read,key-3,104.330,1,false,leader-w3r3,1
2026-04-03T20:53:24.609313-07:00,read,key-9,52.889,0,false,leader-w3r3,1
2026-04-03T20:53:24.609201-07:00,read,key-6,53.005,1,false,leader-w3r3,1
2026-04-03T20:53:24.609327-07:00,read,key-6,52.929,1,false,leader-w3r3,1
2026-04-03T20:53:24.60975-07:00,read,key-3,52.549,1,false,leader-w3r3,1
2026-04-03T20:53:24.609756-07:00,read,key-5,52.602,1,false,leader-w3r3,1
2026-04-03T20:53:24.60911-07:00,read,key-7,53.977,0,false,leader-w3r3,1
2026-04-03T20:53:24.609014-07:00,read,key-0,61.171,0,false,leader-w3r3,1
2026-04-03T20:53:24.609364-07:00,read,key-5,60.821,1,false,leader-w3r3,1
2026-04-03T20:53:24.609394-07:00,read,key-0,60.889,0,false,leader-w3r3,1
2026-04-03T20:53:24.607088-07:00,read,key-5,64.986,1,false,leader-w3r3,1
2026-04-03T20:53:24.607114-07:00,read,key-1,65.358,3,false,leader-w3r3,1
2026-04-03T20:53:24.605732-07:00,read,key-4,67.420,0,false,leader-w3r3,1
2026-04-03T20:53:24.609724-07:00,read,key-6,63.820,1,false,leader-w3r3,1
2026-04-03T20:53:24.609264-07:00,read,key-8,66.185,0,false,leader-w3r3,1
2026-04-03T20:53:24.609587-07:00,read,key-1,68.490,4,false,leader-w3r3,1
2026-04-03T20:53:24.634164-07:00,read,key-3,54.790,1,false,leader-w3r3,1
2026-04-03T20:53:24.655345-07:00,read,key-2,51.645,0,false,leader-w3r3,1
2026-04-03T20:53:24.655272-07:00,read,key-7,53.641,0,false,leader-w3r3,1
2026-04-03T20:53:24.655283-07:00,read,key-1,54.387,4,false,leader-w3r3,1
2026-04-03T20:53:24.662258-07:00,read,key-9,51.776,0,false,leader-w3r3,1
2026-04-03T20:53:24.662306-07:00,read,key-5,54.691,1,false,leader-w3r3,1
2026-04-03T20:53:24.662208-07:00,read,key-2,54.858,0,false,leader-w3r3,1
2026-04-03T20:53:24.663088-07:00,read,key-6,54.017,1,false,leader-w3r3,1
2026-04-03T20:53:24.662204-07:00,read,key-1,54.922,4,false,leader-w3r3,1
2026-04-03T20:53:24.670284-07:00,read,key-8,51.679,0,false,leader-w3r3,1
2026-04-03T20:53:24.670187-07:00,read,key-2,51.776,0,false,leader-w3r3,1
2026-04-03T20:53:24.670187-07:00,read,key-6,51.828,1,false,leader-w3r3,1
2026-04-03T20:53:24.672474-07:00,read,key-1,50.603,4,false,leader-w3r3,1
2026-04-03T20:53:24.673154-07:00,read,key-7,53.834,0,false,leader-w3r3,1
2026-04-03T20:53:24.672075-07:00,read,key-1,54.964,4,false,leader-w3r3,1
2026-04-03T20:53:24.673545-07:00,read,key-0,53.556,0,false,leader-w3r3,1
2026-04-03T20:53:24.678078-07:00,read,key-7,51.930,0,false,leader-w3r3,1
2026-04-03T20:53:24.67545-07:00,read,key-1,54.640,3,false,leader-w3r3,1
2026-04-03T20:53:24.688958-07:00,read,key-2,51.647,0,false,leader-w3r3,1
2026-04-03T20:53:24.706992-07:00,read,key-1,50.926,3,false,leader-w3r3,1
2026-04-03T20:53:24.708914-07:00,read,key-5,51.031,1,false,leader-w3r3,1
2026-04-03T20:53:24.709672-07:00,read,key-5,51.010,1,false,leader-w3r3,1
2026-04-03T20:53:24.716999-07:00,read,key-5,51.020,1,false,leader-w3r3,1
2026-04-03T20:53:24.714035-07:00,read,key-0,54.022,0,false,leader-w3r3,1
2026-04-03T20:53:24.717068-07:00,read,key-0,51.071,0,false,leader-w3r3,1
2026-04-03T20:53:24.717128-07:00,read,key-3,51.108,1,false,leader-w3r3,1
2026-04-03T20:53:24.717107-07:00,read,key-8,53.760,0,false,leader-w3r3,1
2026-04-03T20:53:24.721965-07:00,read,key-6,50.961,1,false,leader-w3r3,1
2026-04-03T20:53:24.721966-07:00,read,key-1,51.746,4,false,leader-w3r3,1
2026-04-03T20:53:24.722018-07:00,read,key-3,54.032,1,false,leader-w3r3,1
2026-04-03T20:53:24.723079-07:00,read,key-8,53.058,0,false,leader-w3r3,1
2026-04-03T20:53:24.727103-07:00,read,key-8,51.903,0,false,leader-w3r3,1
2026-04-03T20:53:24.72699-07:00,read,key-5,54.124,1,false,leader-w3r3,1
2026-04-03T20:53:24.727041-07:00,read,key-8,54.076,0,false,leader-w3r3,1
2026-04-03T20:53:24.730092-07:00,read,key-3,53.900,1,false,leader-w3r3,1
2026-04-03T20:53:24.730011-07:00,read,key-3,54.001,1,false,leader-w3r3,1
2026-04-03T20:53:24.740608-07:00,read,key-2,51.169,0,false,leader-w3r3,1
2026-04-03T20:53:24.757922-07:00,read,key-0,52.415,0,false,leader-w3r3,1
2026-04-03T20:53:24.759948-07:00,read,key-6,52.137,1,false,leader-w3r3,1
2026-04-03T20:53:24.760684-07:00,read,key-4,55.392,0,false,leader-w3r3,1
2026-04-03T20:53:24.768059-07:00,read,key-8,50.809,0,false,leader-w3r3,1
2026-04-03T20:53:24.768238-07:00,read,key-2,53.756,0,false,leader-w3r3,1
2026-04-03T20:53:24.768022-07:00,read,key-4,54.207,0,false,leader-w3r3,1
2026-04-03T20:53:24.76814-07:00,read,key-3,54.255,1,false,leader-w3r3,1
2026-04-03T20:53:24.770869-07:00,read,key-7,54.102,0,false,leader-w3r3,1
2026-04-03T20:53:24.772928-07:00,read,key-7,52.082,0,false,leader-w3r3,1
2026-04-03T20:53:24.776139-07:00,read,key-8,50.823,0,false,leader-w3r3,1
2026-04-03T20:53:24.773713-07:00,read,key-8,54.032,0,false,leader-w3r3,1
2026-04-03T20:53:24.776052-07:00,read,key-9,53.866,0,false,leader-w3r3,1
2026-04-03T20:53:24.781119-07:00,read,key-5,51.601,1,false,leader-w3r3,1
2026-04-03T20:53:24.779007-07:00,read,key-5,53.930,1,false,leader-w3r3,1
2026-04-03T20:53:24.783994-07:00,read,key-7,51.023,0,false,leader-w3r3,1
2026-04-03T20:53:24.781117-07:00,read,key-7,53.970,0,false,leader-w3r3,1
2026-04-03T20:53:24.784014-07:00,read,key-8,51.078,0,false,leader-w3r3,1
2026-04-03T20:53:24.79178-07:00,read,key-4,51.061,0,false,leader-w3r3,1
2026-04-03T20:53:24.812087-07:00,read,key-7,51.373,0,false,leader-w3r3,1
2026-04-03T20:53:24.81034-07:00,read,key-4,53.669,0,false,leader-w3r3,1
2026-04-03T20:53:24.816077-07:00,read,key-6,54.807,1,false,leader-w3r3,1
2026-04-03T20:53:24.821997-07:00,read,key-4,50.984,0,false,leader-w3r3,1
2026-04-03T20:53:24.81887-07:00,read,key-6,54.258,1,false,leader-w3r3,1
2026-04-03T20:53:24.822397-07:00,read,key-0,51.004,0,false,leader-w3r3,1
2026-04-03T20:53:24.822231-07:00,read,key-1,53.766,4,false,leader-w3r3,1
2026-04-03T20:53:24.825012-07:00,read,key-9,53.910,0,false,leader-w3r3,1
2026-04-03T20:53:24.824973-07:00,read,key-1,54.235,4,false,leader-w3r3,1
2026-04-03T20:53:24.826964-07:00,read,key-2,54.119,0,false,leader-w3r3,1
2026-04-03T20:53:24.827747-07:00,read,key-3,53.448,1,false,leader-w3r3,1
2026-04-03T20:53:24.832939-07:00,read,key-2,50.924,0,false,leader-w3r3,1
2026-04-03T20:53:24.82992-07:00,read,key-6,53.992,1,false,leader-w3r3,1
2026-04-03T20:53:24.835089-07:00,read,key-6,50.727,1,false,leader-w3r3,1
2026-04-03T20:53:24.832722-07:00,read,key-3,53.641,1,false,leader-w3r3,1
2026-04-03T20:53:24.835093-07:00,read,key-0,53.881,0,false,leader-w3r3,1
2026-04-03T20:53:24.835019-07:00,read,key-0,54.161,0,false,leader-w3r3,1
2026-04-03T20:53:24.842843-07:00,read,key-7,51.115,0,false,leader-w3r3,1
2026-04-03T20:53:24.86401-07:00,read,key-9,54.861,0,false,leader-w3r3,1
2026-04-03T20:53:24.863462-07:00,read,key-6,55.422,1,false,leader-w3r3,1
2026-04-03T20:53:24.873402-07:00,read,key-0,51.746,0,false,leader-w3r3,1
2026-04-03T20:53:24.870887-07:00,read,key-4,54.268,0,false,leader-w3r3,1
2026-04-03T20:53:24.872982-07:00,read,key-0,54.003,0,false,leader-w3r3,1
2026-04-03T20:53:24.87313-07:00,read,key-6,53.946,1,false,leader-w3r3,1
2026-04-03T20:53:24.125965-07:00,write,key-5,801.876,1,false,leader-w3r3,1
2026-04-03T20:53:24.876-07:00,read,key-8,53.913,0,false,leader-w3r3,1
2026-04-03T20:53:24.881197-07:00,read,key-8,50.813,0,false,leader-w3r3,1
2026-04-03T20:53:24.878924-07:00,read,key-2,53.534,0,false,leader-w3r3,1
2026-04-03T20:53:24.879211-07:00,read,key-1,53.561,4,false,leader-w3r3,1
2026-04-03T20:53:24.881088-07:00,read,key-9,53.944,0,false,leader-w3r3,1
2026-04-03T20:53:24.883866-07:00,read,key-5,53.974,1,false,leader-w3r3,1
2026-04-03T20:53:24.886364-07:00,read,key-5,51.503,1,false,leader-w3r3,1
2026-04-03T20:53:24.885818-07:00,read,key-5,52.120,1,false,leader-w3r3,1
2026-04-03T20:53:24.883913-07:00,read,key-0,54.174,0,false,leader-w3r3,1
2026-04-03T20:53:24.888976-07:00,read,key-0,53.952,0,false,leader-w3r3,1
2026-04-03T20:53:24.889181-07:00,read,key-4,53.846,0,false,leader-w3r3,1
2026-04-03T20:53:24.893959-07:00,read,key-4,54.048,0,false,leader-w3r3,1
2026-04-03T20:53:24.918887-07:00,read,key-5,51.104,1,false,leader-w3r3,1
2026-04-03T20:53:24.918874-07:00,read,key-0,51.189,0,false,leader-w3r3,1
2026-04-03T20:53:24.92515-07:00,read,key-6,50.773,1,false,leader-w3r3,1
2026-04-03T20:53:24.925157-07:00,read,key-1,53.811,4,false,leader-w3r3,1
2026-04-03T20:53:24.927842-07:00,read,key-2,51.140,0,false,leader-w3r3,1
2026-04-03T20:53:24.926987-07:00,read,key-6,52.061,1,false,leader-w3r3,1
2026-04-03T20:53:24.927078-07:00,read,key-6,52.022,1,false,leader-w3r3,1
2026-04-03T20:53:24.929914-07:00,read,key-2,53.501,0,false,leader-w3r3,1
2026-04-03T20:53:24.93246-07:00,read,key-6,51.452,1,false,leader-w3r3,1
2026-04-03T20:53:24.932774-07:00,read,key-7,54.091,0,false,leader-w3r3,1
2026-04-03T20:53:24.932011-07:00,read,key-3,55.248,1,false,leader-w3r3,1
2026-04-03T20:53:24.937939-07:00,read,key-1,51.106,4,false,leader-w3r3,1
2026-04-03T20:53:24.937869-07:00,read,key-7,51.280,0,false,leader-w3r3,1
2026-04-03T20:53:24.935033-07:00,read,key-7,54.138,0,false,leader-w3r3,1
2026-04-03T20:53:24.937842-07:00,read,key-8,53.984,0,false,leader-w3r3,1
2026-04-03T20:53:24.938089-07:00,read,key-1,53.858,4,false,leader-w3r3,1
2026-04-03T20:53:24.943028-07:00,read,key-6,53.837,1,false,leader-w3r3,1
2026-04-03T20:53:24.948009-07:00,read,key-8,53.864,0,false,leader-w3r3,1
2026-04-03T20:53:24.942929-07:00,read,key-1,70.765,4,false,leader-w3r3,1
2026-04-03T20:53:24.970065-07:00,read,key-2,51.261,0,false,leader-w3r3,1
2026-04-03T20:53:24.969994-07:00,read,key-2,53.948,0,false,leader-w3r3,1
2026-04-03T20:53:24.975926-07:00,read,key-9,50.933,0,false,leader-w3r3,1
2026-04-03T20:53:24.979049-07:00,read,key-8,50.864,0,false,leader-w3r3,1
2026-04-03T20:53:24.978983-07:00,read,key-7,50.996,0,false,leader-w3r3,1
2026-04-03T20:53:24.97897-07:00,read,key-6,54.401,1,false,leader-w3r3,1
2026-04-03T20:53:24.979102-07:00,read,key-9,54.910,0,false,leader-w3r3,1
2026-04-03T20:53:24.983418-07:00,read,key-5,53.810,1,false,leader-w3r3,1
2026-04-03T20:53:24.983914-07:00,read,key-7,53.814,0,false,leader-w3r3,1
2026-04-03T20:53:24.986867-07:00,read,key-1,51.008,4,false,leader-w3r3,1
2026-04-03T20:53:24.989047-07:00,read,key-8,50.991,0,false,leader-w3r3,1
2026-04-03T20:53:24.989172-07:00,read,key-2,50.868,0,false,leader-w3r3,1
2026-04-03T20:53:24.987262-07:00,read,key-3,53.370,1,false,leader-w3r3,1
2026-04-03T20:53:24.991948-07:00,read,key-2,50.917,0,false,leader-w3r3,1
2026-04-03T20:53:24.991829-07:00,read,key-2,51.233,0,false,leader-w3r3,1
2026-04-03T20:53:24.98915-07:00,read,key-9,53.931,0,false,leader-w3r3,1
2026-04-03T20:53:24.996866-07:00,read,key-2,51.156,0,false,leader-w3r3,1
2026-04-03T20:53:25.001876-07:00,read,key-8,54.202,0,false,leader-w3r3,1
2026-04-03T20:53:25.013698-07:00,read,key-2,52.674,0,false,leader-w3r3,1
2026-04-03T20:53:25.021327-07:00,read,key-2,51.917,0,false,leader-w3r3,1
2026-04-03T20:53:25.023944-07:00,read,key-9,50.932,0,false,leader-w3r3,1
2026-04-03T20:53:25.026861-07:00,read,key-0,54.216,0,false,leader-w3r3,1
2026-04-03T20:53:25.029915-07:00,read,key-0,54.091,0,false,leader-w3r3,1
2026-04-03T20:53:25.029981-07:00,read,key-5,54.065,1,false,leader-w3r3,1
2026-04-03T20:53:25.033374-07:00,read,key-7,53.709,0,false,leader-w3r3,1
2026-04-03T20:53:25.034013-07:00,read,key-9,53.143,0,false,leader-w3r3,1
2026-04-03T20:53:25.037231-07:00,read,key-6,50.673,1,false,leader-w3r3,1
2026-04-03T20:53:25.04004-07:00,read,key-1,50.898,4,false,leader-w3r3,1
2026-04-03T20:53:25.037877-07:00,read,key-8,54.112,0,false,leader-w3r3,1
2026-04-03T20:53:25.03773-07:00,read,key-6,54.298,1,false,leader-w3r3,1
2026-04-03T20:53:25.040042-07:00,read,key-7,52.027,0,false,leader-w3r3,1
2026-04-03T20:53:25.042866-07:00,read,key-9,51.407,0,false,leader-w3r3,1
2026-04-03T20:53:25.040634-07:00,read,key-8,53.723,1,false,leader-w3r3,1
2026-04-03T20:53:25.043063-07:00,read,key-0,53.867,0,false,leader-w3r3,1
2026-04-03T20:53:25.043082-07:00,read,key-7,53.848,0,false,leader-w3r3,1
2026-04-03T20:53:25.048024-07:00,read,key-7,53.936,0,false,leader-w3r3,1
2026-04-03T20:53:25.066375-07:00,read,key-8,55.059,1,false,leader-w3r3,1
2026-04-03T20:53:25.073246-07:00,read,key-1,54.747,4,false,leader-w3r3,1
2026-04-03T20:53:25.074877-07:00,read,key-7,53.301,0,false,leader-w3r3,1
2026-04-03T20:53:25.08108-07:00,read,key-3,54.265,1,false,leader-w3r3,1
2026-04-03T20:53:25.084008-07:00,read,key-2,54.008,0,false,leader-w3r3,1
2026-04-03T20:53:25.084049-07:00,read,key-0,53.967,0,false,leader-w3r3,1
2026-04-03T20:53:25.087158-07:00,read,key-4,50.946,0,false,leader-w3r3,1
2026-04-03T20:53:25.087906-07:00,read,key-0,53.374,0,false,leader-w3r3,1
2026-04-03T20:53:25.087084-07:00,read,key-4,54.223,0,false,leader-w3r3,1
2026-04-03T20:53:25.09207-07:00,read,key-5,50.898,1,false,leader-w3r3,1
2026-04-03T20:53:25.090941-07:00,read,key-4,53.730,0,false,leader-w3r3,1
2026-04-03T20:53:25.09199-07:00,read,key-3,52.693,1,false,leader-w3r3,1
2026-04-03T20:53:25.094275-07:00,read,key-9,51.645,0,false,leader-w3r3,1
2026-04-03T20:53:25.092029-07:00,read,key-4,53.923,0,false,leader-w3r3,1
2026-04-03T20:53:25.096931-07:00,read,key-9,51.071,1,false,leader-w3r3,1
2026-04-03T20:53:25.094359-07:00,read,key-2,53.745,0,false,leader-w3r3,1
2026-04-03T20:53:25.096932-07:00,read,key-9,53.870,0,false,leader-w3r3,1
2026-04-03T20:53:25.101962-07:00,read,key-5,54.036,1,false,leader-w3r3,1
2026-04-03T20:53:25.121437-07:00,read,key-4,53.778,0,false,leader-w3r3,1
2026-04-03T20:53:25.12818-07:00,read,key-9,51.116,0,false,leader-w3r3,1
2026-04-03T20:53:25.127996-07:00,read,key-8,54.006,1,false,leader-w3r3,1
2026-04-03T20:53:25.135348-07:00,read,key-4,51.794,0,false,leader-w3r3,1
2026-04-03T20:53:25.138018-07:00,read,key-1,50.959,4,false,leader-w3r3,1
2026-04-03T20:53:25.138018-07:00,read,key-6,54.426,1,false,leader-w3r3,1
2026-04-03T20:53:25.138106-07:00,read,key-5,54.463,1,false,leader-w3r3,1
2026-04-03T20:53:25.14297-07:00,read,key-9,52.199,1,false,leader-w3r3,1
2026-04-03T20:53:25.141309-07:00,read,key-5,53.860,1,false,leader-w3r3,1
2026-04-03T20:53:25.145922-07:00,read,key-8,51.911,1,false,leader-w3r3,1
2026-04-03T20:53:25.145953-07:00,read,key-1,52.224,4,false,leader-w3r3,1
2026-04-03T20:53:25.144673-07:00,read,key-4,53.543,0,false,leader-w3r3,1
2026-04-03T20:53:25.144685-07:00,read,key-4,53.562,0,false,leader-w3r3,1
2026-04-03T20:53:25.148005-07:00,read,key-6,53.350,1,false,leader-w3r3,1
2026-04-03T20:53:25.148106-07:00,read,key-6,53.269,1,false,leader-w3r3,1
2026-04-03T20:53:25.150804-07:00,read,key-6,53.461,1,false,leader-w3r3,1
2026-04-03T20:53:25.156001-07:00,read,key-3,51.034,1,false,leader-w3r3,1
2026-04-03T20:53:25.175217-07:00,read,key-7,52.971,0,false,leader-w3r3,1
2026-04-03T20:53:25.179297-07:00,read,key-8,53.464,1,false,leader-w3r3,1
2026-04-03T20:53:25.182005-07:00,read,key-5,55.282,1,false,leader-w3r3,1
2026-04-03T20:53:25.187144-07:00,read,key-7,53.939,0,false,leader-w3r3,1
2026-04-03T20:53:25.18898-07:00,read,key-3,52.727,1,false,leader-w3r3,1
2026-04-03T20:53:25.192571-07:00,read,key-6,54.973,1,false,leader-w3r3,1
2026-04-03T20:53:25.192446-07:00,read,key-0,55.226,0,false,leader-w3r3,1
2026-04-03T20:53:25.198217-07:00,read,key-2,51.774,0,false,leader-w3r3,1
2026-04-03T20:53:25.195172-07:00,read,key-8,54.842,1,false,leader-w3r3,1
2026-04-03T20:53:25.195172-07:00,read,key-3,54.920,1,false,leader-w3r3,1
2026-04-03T20:53:25.197835-07:00,read,key-4,52.321,0,false,leader-w3r3,1
2026-04-03T20:53:25.198179-07:00,read,key-4,51.978,0,false,leader-w3r3,1
2026-04-03T20:53:25.198248-07:00,read,key-4,53.886,0,false,leader-w3r3,1
2026-04-03T20:53:25.201377-07:00,read,key-5,54.775,1,false,leader-w3r3,1
2026-04-03T20:53:25.201358-07:00,read,key-2,56.072,0,false,leader-w3r3,1
2026-04-03T20:53:25.207038-07:00,read,key-8,50.858,0,false,leader-w3r3,1
2026-04-03T20:53:25.204268-07:00,read,key-6,53.715,1,false,leader-w3r3,1
2026-04-03T20:53:25.232763-07:00,read,key-3,53.308,1,false,leader-w3r3,1
2026-04-03T20:53:25.237289-07:00,read,key-9,52.308,1,false,leader-w3r3,1
2026-04-03T20:53:25.241086-07:00,read,key-2,54.829,0,false,leader-w3r3,1
2026-04-03T20:53:25.241709-07:00,read,key-3,54.205,1,false,leader-w3r3,1
2026-04-03T20:53:25.247545-07:00,read,key-9,52.162,1,false,leader-w3r3,1
2026-04-03T20:53:25.250016-07:00,read,key-0,50.832,0,false,leader-w3r3,1
2026-04-03T20:53:25.250094-07:00,read,key-5,50.795,1,false,leader-w3r3,1
2026-04-03T20:53:25.247673-07:00,read,key-8,53.624,1,false,leader-w3r3,1
2026-04-03T20:53:25.250159-07:00,read,key-5,53.851,1,false,leader-w3r3,1
2026-04-03T20:53:25.250158-07:00,read,key-2,54.383,0,false,leader-w3r3,1
2026-04-03T20:53:25.249993-07:00,read,key-4,54.548,0,false,leader-w3r3,1
2026-04-03T20:53:25.257432-07:00,read,key-4,51.688,0,false,leader-w3r3,1
2026-04-03T20:53:25.257897-07:00,read,key-4,51.242,0,false,leader-w3r3,1
2026-04-03T20:53:25.252136-07:00,read,key-5,57.078,1,false,leader-w3r3,1
2026-04-03T20:53:25.257984-07:00,read,key-1,51.835,4,false,leader-w3r3,1
2026-04-03T20:53:25.256154-07:00,read,key-1,53.757,4,false,leader-w3r3,1
2026-04-03T20:53:25.286077-07:00,read,key-3,54.243,1,false,leader-w3r3,1
2026-04-03T20:53:25.2896-07:00,read,key-5,52.473,1,false,leader-w3r3,1
2026-04-03T20:53:25.295917-07:00,read,key-3,51.745,1,false,leader-w3r3,1
2026-04-03T20:53:25.295917-07:00,read,key-0,52.351,0,false,leader-w3r3,1
2026-04-03T20:53:25.30085-07:00,read,key-7,50.607,0,false,leader-w3r3,1
2026-04-03T20:53:25.300891-07:00,read,key-9,53.320,1,false,leader-w3r3,1
2026-04-03T20:53:25.301299-07:00,read,key-9,53.053,1,false,leader-w3r3,1
2026-04-03T20:53:25.29971-07:00,read,key-0,54.723,0,false,leader-w3r3,1
2026-04-03T20:53:25.304012-07:00,read,key-9,50.853,1,false,leader-w3r3,1
2026-04-03T20:53:25.304543-07:00,read,key-2,51.268,0,false,leader-w3r3,1
2026-04-03T20:53:25.304542-07:00,read,key-8,53.541,1,false,leader-w3r3,1
2026-04-03T20:53:25.309913-07:00,read,key-6,51.127,2,false,leader-w3r3,1
2026-04-03T20:53:25.309216-07:00,read,key-4,51.847,0,false,leader-w3r3,1
2026-04-03T20:53:25.30914-07:00,read,key-5,51.980,1,false,leader-w3r3,1
2026-04-03T20:53:25.309122-07:00,read,key-1,54.921,4,false,leader-w3r3,1
2026-04-03T20:53:25.309821-07:00,read,key-2,54.239,0,false,leader-w3r3,1
2026-04-03T20:53:25.340325-07:00,read,key-9,54.730,1,false,leader-w3r3,1
2026-04-03T20:53:25.342076-07:00,read,key-6,56.921,2,false,leader-w3r3,1
2026-04-03T20:53:25.347664-07:00,read,key-6,51.595,2,false,leader-w3r3,1
2026-04-03T20:53:25.34827-07:00,read,key-6,53.685,2,false,leader-w3r3,1
2026-04-03T20:53:25.351459-07:00,read,key-2,51.061,0,false,leader-w3r3,1
2026-04-03T20:53:25.354354-07:00,read,key-6,51.246,2,false,leader-w3r3,1
2026-04-03T20:53:25.354435-07:00,read,key-0,51.546,0,false,leader-w3r3,1
2026-04-03T20:53:25.354213-07:00,read,key-9,52.098,1,false,leader-w3r3,1
2026-04-03T20:53:25.354867-07:00,read,key-9,53.112,1,false,leader-w3r3,1
2026-04-03T20:53:25.355812-07:00,read,key-9,53.265,1,false,leader-w3r3,1
2026-04-03T20:53:25.358085-07:00,read,key-8,50.997,1,false,leader-w3r3,1
2026-04-03T20:53:25.361042-07:00,read,key-5,51.931,1,false,leader-w3r3,1
2026-04-03T20:53:25.361064-07:00,read,key-4,51.956,0,false,leader-w3r3,1
2026-04-03T20:53:25.361122-07:00,read,key-6,51.921,2,false,leader-w3r3,1
2026-04-03T20:53:25.364061-07:00,read,key-8,55.185,1,false,leader-w3r3,1
2026-04-03T20:53:25.364046-07:00,read,key-3,55.233,1,false,leader-w3r3,1
2026-04-03T20:53:25.395057-07:00,read,key-4,55.253,0,false,leader-w3r3,1
2026-04-03T20:53:25.399261-07:00,read,key-2,53.447,0,false,leader-w3r3,1
2026-04-03T20:53:25.399-07:00,read,key-5,54.926,1,false,leader-w3r3,1
2026-04-03T20:53:25.401957-07:00,read,key-3,54.821,1,false,leader-w3r3,1
2026-04-03T20:53:25.405982-07:00,read,key-1,51.164,4,false,leader-w3r3,1
2026-04-03T20:53:25.405603-07:00,read,key-0,51.721,0,false,leader-w3r3,1
2026-04-03T20:53:25.406318-07:00,read,key-5,51.262,1,false,leader-w3r3,1
2026-04-03T20:53:25.402522-07:00,read,key-9,55.157,1,false,leader-w3r3,1
2026-04-03T20:53:25.409078-07:00,read,key-0,52.294,0,false,leader-w3r3,1
2026-04-03T20:53:25.407982-07:00,read,key-8,53.452,1,false,leader-w3r3,1
2026-04-03T20:53:25.409085-07:00,read,key-5,52.518,1,false,leader-w3r3,1
2026-04-03T20:53:25.412976-07:00,read,key-5,50.845,1,false,leader-w3r3,1
2026-04-03T20:53:25.413022-07:00,read,key-2,51.392,0,false,leader-w3r3,1
2026-04-03T20:53:25.413044-07:00,read,key-1,52.174,4,false,leader-w3r3,1
2026-04-03T20:53:24.662359-07:00,write,key-1,808.534,4,false,leader-w3r3,1
2026-04-03T20:53:25.419249-07:00,read,key-5,51.663,1,false,leader-w3r3,1
2026-04-03T20:53:25.419281-07:00,read,key-1,53.714,4,false,leader-w3r3,1
2026-04-03T20:53:25.452712-07:00,read,key-5,55.592,1,false,leader-w3r3,1
2026-04-03T20:53:25.450317-07:00,read,key-5,59.028,1,false,leader-w3r3,1
2026-04-03T20:53:25.45393-07:00,read,key-8,55.490,1,false,leader-w3r3,1
2026-04-03T20:53:25.457148-07:00,read,key-9,52.503,1,false,leader-w3r3,1
2026-04-03T20:53:25.456784-07:00,read,key-0,52.981,0,false,leader-w3r3,1
2026-04-03T20:53:25.457325-07:00,read,key-9,52.524,1,false,leader-w3r3,1
2026-04-03T20:53:25.45768-07:00,read,key-5,54.715,1,false,leader-w3r3,1
2026-04-03T20:53:25.461375-07:00,read,key-0,51.200,0,false,leader-w3r3,1
2026-04-03T20:53:25.457581-07:00,read,key-5,55.107,1,false,leader-w3r3,1
2026-04-03T20:53:25.461604-07:00,read,key-9,51.175,1,false,leader-w3r3,1
2026-04-03T20:53:25.461436-07:00,read,key-2,51.383,0,false,leader-w3r3,1
2026-04-03T20:53:25.464415-07:00,read,key-5,51.811,1,false,leader-w3r3,1
2026-04-03T20:53:25.465221-07:00,read,key-2,51.012,0,false,leader-w3r3,1
2026-04-03T20:53:25.463823-07:00,read,key-4,52.561,0,false,leader-w3r3,1
2026-04-03T20:53:25.470913-07:00,read,key-5,52.041,1,false,leader-w3r3,1
2026-04-03T20:53:25.470893-07:00,read,key-5,52.067,1,false,leader-w3r3,1
2026-04-03T20:53:25.472997-07:00,read,key-5,55.100,1,false,leader-w3r3,1
2026-04-03T20:53:25.508313-07:00,read,key-9,55.602,1,false,leader-w3r3,1
2026-04-03T20:53:25.50935-07:00,read,key-0,54.588,0,false,leader-w3r3,1
2026-04-03T20:53:25.509768-07:00,read,key-7,54.258,0,false,leader-w3r3,1
2026-04-03T20:53:25.509653-07:00,read,key-1,54.429,4,false,leader-w3r3,1
2026-04-03T20:53:25.509852-07:00,read,key-1,54.281,4,false,leader-w3r3,1
2026-04-03T20:53:25.5124-07:00,read,key-4,51.785,0,false,leader-w3r3,1
2026-04-03T20:53:25.512781-07:00,read,key-2,51.772,0,false,leader-w3r3,1
2026-04-03T20:53:25.509423-07:00,read,key-3,56.610,1,false,leader-w3r3,1
2026-04-03T20:53:25.516385-07:00,read,key-4,50.858,0,false,leader-w3r3,1
2026-04-03T20:53:25.516235-07:00,read,key-4,51.047,0,false,leader-w3r3,1
2026-04-03T20:53:25.512577-07:00,read,key-6,55.355,2,false,leader-w3r3,1
2026-04-03T20:53:25.51269-07:00,read,key-3,55.242,1,false,leader-w3r3,1
2026-04-03T20:53:25.51282-07:00,read,key-0,55.163,0,false,leader-w3r3,1
2026-04-03T20:53:25.516229-07:00,read,key-1,54.231,4,false,leader-w3r3,1
2026-04-03T20:53:25.522962-07:00,read,key-1,50.803,4,false,leader-w3r3,1
2026-04-03T20:53:25.522957-07:00,read,key-8,54.941,1,false,leader-w3r3,1
2026-04-03T20:53:25.5281-07:00,read,key-8,51.946,1,false,leader-w3r3,1
2026-04-03T20:53:25.56392-07:00,read,key-0,53.987,0,false,leader-w3r3,1
2026-04-03T20:53:25.564135-07:00,read,key-9,53.914,1,false,leader-w3r3,1
2026-04-03T20:53:25.564028-07:00,read,key-9,54.085,1,false,leader-w3r3,1
2026-04-03T20:53:25.564187-07:00,read,key-7,54.272,0,false,leader-w3r3,1
2026-04-03T20:53:25.564084-07:00,read,key-8,55.297,1,false,leader-w3r3,1
2026-04-03T20:53:25.567986-07:00,read,key-5,51.714,1,false,leader-w3r3,1
2026-04-03T20:53:25.567935-07:00,read,key-8,52.330,1,false,leader-w3r3,1
2026-04-03T20:53:25.567283-07:00,read,key-9,53.136,1,false,leader-w3r3,1
2026-04-03T20:53:25.566035-07:00,read,key-5,54.450,1,false,leader-w3r3,1
2026-04-03T20:53:25.564555-07:00,read,key-8,55.985,1,false,leader-w3r3,1
2026-04-03T20:53:25.567245-07:00,read,key-6,53.339,2,false,leader-w3r3,1
2026-04-03T20:53:25.567935-07:00,read,key-3,53.165,1,false,leader-w3r3,1
2026-04-03T20:53:25.56394-07:00,read,key-1,58.360,4,false,leader-w3r3,1
2026-04-03T20:53:25.570463-07:00,read,key-0,53.706,0,false,leader-w3r3,1
2026-04-03T20:53:25.573766-07:00,read,key-1,51.093,4,false,leader-w3r3,1
2026-04-03T20:53:25.577899-07:00,read,key-5,51.638,1,false,leader-w3r3,1
2026-04-03T20:53:25.580049-07:00,read,key-8,51.903,1,false,leader-w3r3,1
2026-04-03T20:53:25.620541-07:00,read,key-3,54.525,1,false,leader-w3r3,1
2026-04-03T20:53:25.618051-07:00,read,key-3,57.131,1,false,leader-w3r3,1
2026-04-03T20:53:25.61791-07:00,read,key-8,57.323,1,false,leader-w3r3,1
2026-04-03T20:53:25.618114-07:00,read,key-5,57.171,1,false,leader-w3r3,1
2026-04-03T20:53:25.618461-07:00,read,key-9,56.918,1,false,leader-w3r3,1
2026-04-03T20:53:25.620585-07:00,read,key-1,54.825,4,false,leader-w3r3,1
2026-04-03T20:53:25.621102-07:00,read,key-6,54.544,2,false,leader-w3r3,1
2026-04-03T20:53:25.619384-07:00,read,key-6,56.320,2,false,leader-w3r3,1
2026-04-03T20:53:25.62042-07:00,read,key-3,55.386,1,false,leader-w3r3,1
2026-04-03T20:53:25.620267-07:00,read,key-2,55.591,0,false,leader-w3r3,1
2026-04-03T20:53:25.619702-07:00,read,key-3,56.210,1,false,leader-w3r3,1
2026-04-03T20:53:25.620487-07:00,read,key-8,55.470,1,false,leader-w3r3,1
2026-04-03T20:53:25.624175-07:00,read,key-4,51.843,1,false,leader-w3r3,1
2026-04-03T20:53:25.622302-07:00,read,key-1,53.759,4,false,leader-w3r3,1
2026-04-03T20:53:25.629539-07:00,read,key-0,51.059,0,false,leader-w3r3,1
2026-04-03T20:53:25.631955-07:00,read,key-2,50.922,0,false,leader-w3r3,1
2026-04-03T20:53:25.675859-07:00,read,key-5,56.129,1,false,leader-w3r3,1
2026-04-03T20:53:25.67538-07:00,read,key-0,56.697,0,false,leader-w3r3,1
2026-04-03T20:53:25.675183-07:00,read,key-3,57.000,1,false,leader-w3r3,1
2026-04-03T20:53:25.675913-07:00,read,key-2,56.293,0,false,leader-w3r3,1
2026-04-03T20:53:25.675958-07:00,read,key-5,56.317,1,false,leader-w3r3,1
2026-04-03T20:53:25.675235-07:00,read,key-1,57.051,4,false,leader-w3r3,1
2026-04-03T20:53:25.675808-07:00,read,key-5,56.540,1,false,leader-w3r3,1
2026-04-03T20:53:25.675069-07:00,read,key-6,57.351,2,false,leader-w3r3,1
2026-04-03T20:53:25.675411-07:00,read,key-1,57.100,4,false,leader-w3r3,1
2026-04-03T20:53:25.6806-07:00,read,key-9,52.032,1,false,leader-w3r3,1
2026-04-03T20:53:25.675287-07:00,read,key-9,57.438,1,false,leader-w3r3,1
2026-04-03T20:53:25.67602-07:00,read,key-3,56.817,1,false,leader-w3r3,1
2026-04-03T20:53:25.676063-07:00,read,key-4,56.876,1,false,leader-w3r3,1
2026-04-03T20:53:25.675648-07:00,read,key-1,57.292,4,false,leader-w3r3,1
2026-04-03T20:53:25.675751-07:00,read,key-2,57.231,0,false,leader-w3r3,1
2026-04-03T20:53:25.682879-07:00,read,key-6,51.479,2,false,leader-w3r3,1
2026-04-03T20:53:25.731996-07:00,read,key-7,57.404,0,false,leader-w3r3,1
2026-04-03T20:53:25.732078-07:00,read,key-0,57.377,0,false,leader-w3r3,1
2026-04-03T20:53:25.732208-07:00,read,key-7,57.332,0,false,leader-w3r3,1
2026-04-03T20:53:25.732942-07:00,read,key-7,56.699,0,false,leader-w3r3,1
2026-04-03T20:53:25.73235-07:00,read,key-1,57.393,4,false,leader-w3r3,1
2026-04-03T20:53:25.732838-07:00,read,key-5,56.904,1,false,leader-w3r3,1
2026-04-03T20:53:25.732983-07:00,read,key-5,56.840,1,false,leader-w3r3,1
2026-04-03T20:53:25.732513-07:00,read,key-6,57.336,2,false,leader-w3r3,1
2026-04-03T20:53:25.732185-07:00,read,key-6,57.883,2,false,leader-w3r3,1
2026-04-03T20:53:25.732634-07:00,read,key-7,57.480,0,false,leader-w3r3,1
2026-04-03T20:53:25.732277-07:00,read,key-9,57.860,1,false,leader-w3r3,1
2026-04-03T20:53:25.732423-07:00,read,key-2,57.754,0,false,leader-w3r3,1
2026-04-03T20:53:25.73294-07:00,read,key-6,57.258,2,false,leader-w3r3,1
2026-04-03T20:53:25.732726-07:00,read,key-2,57.505,0,false,leader-w3r3,1
2026-04-03T20:53:25.732288-07:00,read,key-8,57.968,1,false,leader-w3r3,1
2026-04-03T20:53:25.734361-07:00,read,key-7,55.929,0,false,leader-w3r3,1
2026-04-03T20:53:25.790179-07:00,read,key-9,52.746,1,false,leader-w3r3,1
2026-04-03T20:53:25.789406-07:00,read,key-0,53.907,0,false,leader-w3r3,1
2026-04-03T20:53:25.789826-07:00,read,key-7,53.586,0,false,leader-w3r3,1
2026-04-03T20:53:25.789642-07:00,read,key-3,53.798,1,false,leader-w3r3,1
2026-04-03T20:53:25.789457-07:00,read,key-9,54.016,1,false,leader-w3r3,1
2026-04-03T20:53:25.789747-07:00,read,key-0,53.756,0,false,leader-w3r3,1
2026-04-03T20:53:25.789851-07:00,read,key-4,53.707,1,false,leader-w3r3,1
2026-04-03T20:53:25.789747-07:00,read,key-1,53.869,4,false,leader-w3r3,1
2026-04-03T20:53:25.790116-07:00,read,key-9,53.576,1,false,leader-w3r3,1
2026-04-03T20:53:25.790071-07:00,read,key-1,53.663,4,false,leader-w3r3,1
2026-04-03T20:53:25.789542-07:00,read,key-3,54.256,1,false,leader-w3r3,1
2026-04-03T20:53:25.790139-07:00,read,key-7,57.712,0,false,leader-w3r3,1
2026-04-03T20:53:25.790292-07:00,read,key-6,57.578,2,false,leader-w3r3,1
2026-04-03T20:53:25.790258-07:00,read,key-9,57.687,1,false,leader-w3r3,1
2026-04-03T20:53:25.790233-07:00,read,key-8,57.723,1,false,leader-w3r3,1
2026-04-03T20:53:25.7902-07:00,read,key-2,57.811,0,false,leader-w3r3,1
2026-04-03T20:53:25.05608-07:00,write,key-8,805.573,1,false,leader-w3r3,1
2026-04-03T20:53:25.848013-07:00,read,key-9,52.530,1,false,leader-w3r3,1
2026-04-03T20:53:25.843318-07:00,read,key-5,57.460,1,false,leader-w3r3,1
2026-04-03T20:53:25.847871-07:00,read,key-6,52.951,2,false,leader-w3r3,1
2026-04-03T20:53:25.843737-07:00,read,key-3,57.112,1,false,leader-w3r3,1
2026-04-03T20:53:25.843559-07:00,read,key-9,57.337,1,false,leader-w3r3,1
2026-04-03T20:53:25.842929-07:00,read,key-5,58.013,1,false,leader-w3r3,1
2026-04-03T20:53:25.847854-07:00,read,key-5,53.093,1,false,leader-w3r3,1
2026-04-03T20:53:25.843618-07:00,read,key-1,57.374,4,false,leader-w3r3,1
2026-04-03T20:53:25.843801-07:00,read,key-1,57.235,4,false,leader-w3r3,1
2026-04-03T20:53:25.843414-07:00,read,key-0,57.670,0,false,leader-w3r3,1
2026-04-03T20:53:25.843694-07:00,read,key-3,57.412,1,false,leader-w3r3,1
2026-04-03T20:53:25.843504-07:00,read,key-7,57.609,0,false,leader-w3r3,1
2026-04-03T20:53:25.843475-07:00,read,key-0,57.659,0,false,leader-w3r3,1
2026-04-03T20:53:25.843443-07:00,read,key-0,57.692,0,false,leader-w3r3,1
2026-04-03T20:53:25.847948-07:00,read,key-9,53.203,1,false,leader-w3r3,1
2026-04-03T20:53:25.861653-07:00,read,key-2,52.114,0,false,leader-w3r3,1
2026-04-03T20:53:25.141282-07:00,write,key-9,806.885,1,false,leader-w3r3,1
2026-04-03T20:53:25.900943-07:00,read,key-0,56.047,0,false,leader-w3r3,1
2026-04-03T20:53:25.901136-07:00,read,key-2,56.500,0,false,leader-w3r3,1
2026-04-03T20:53:25.900993-07:00,read,key-8,56.697,1,false,leader-w3r3,1
2026-04-03T20:53:25.901136-07:00,read,key-6,56.594,2,false,leader-w3r3,1
2026-04-03T20:53:25.901036-07:00,read,key-2,56.738,0,false,leader-w3r3,1
2026-04-03T20:53:25.900949-07:00,read,key-8,57.473,1,false,leader-w3r3,1
2026-04-03T20:53:25.901152-07:00,read,key-2,57.347,0,false,leader-w3r3,1
2026-04-03T20:53:25.900897-07:00,read,key-5,57.614,1,false,leader-w3r3,1
2026-04-03T20:53:25.901086-07:00,read,key-6,57.466,2,false,leader-w3r3,1
2026-04-03T20:53:25.90078-07:00,read,key-3,57.793,1,false,leader-w3r3,1
2026-04-03T20:53:25.901114-07:00,read,key-4,57.506,2,false,leader-w3r3,1
2026-04-03T20:53:25.901107-07:00,read,key-6,57.526,2,false,leader-w3r3,1
2026-04-03T20:53:25.900546-07:00,read,key-4,58.131,2,false,leader-w3r3,1
2026-04-03T20:53:25.900824-07:00,read,key-7,57.880,0,false,leader-w3r3,1
2026-04-03T20:53:25.90085-07:00,read,key-2,57.876,0,false,leader-w3r3,1
2026-04-03T20:53:25.91377-07:00,read,key-7,56.207,0,false,leader-w3r3,1
2026-04-03T20:53:25.948169-07:00,read,key-4,54.660,2,false,leader-w3r3,1
2026-04-03T20:53:25.957638-07:00,read,key-7,52.106,0,false,leader-w3r3,1
2026-04-03T20:53:25.957732-07:00,read,key-0,53.919,0,false,leader-w3r3,1
2026-04-03T20:53:25.958424-07:00,read,key-5,53.260,1,false,leader-w3r3,1
2026-04-03T20:53:25.957692-07:00,read,key-4,54.031,2,false,leader-w3r3,1
2026-04-03T20:53:25.956993-07:00,read,key-0,54.795,0,false,leader-w3r3,1
2026-04-03T20:53:25.958575-07:00,read,key-2,53.213,0,false,leader-w3r3,1
2026-04-03T20:53:25.957776-07:00,read,key-3,54.109,1,false,leader-w3r3,1
2026-04-03T20:53:25.958728-07:00,read,key-5,53.198,1,false,leader-w3r3,1
2026-04-03T20:53:25.958622-07:00,read,key-2,53.336,0,false,leader-w3r3,1
2026-04-03T20:53:25.958635-07:00,read,key-2,53.373,0,false,leader-w3r3,1
2026-04-03T20:53:25.9585-07:00,read,key-1,53.547,4,false,leader-w3r3,1
2026-04-03T20:53:25.958553-07:00,read,key-5,54.687,1,false,leader-w3r3,1
2026-04-03T20:53:25.958705-07:00,read,key-7,54.539,0,false,leader-w3r3,1
2026-04-03T20:53:25.958513-07:00,read,key-5,54.794,1,false,leader-w3r3,1
2026-04-03T20:53:25.958678-07:00,read,key-1,54.697,4,false,leader-w3r3,1
2026-04-03T20:53:25.969979-07:00,read,key-7,51.363,0,false,leader-w3r3,1
2026-04-03T20:53:25.22819-07:00,write,key-6,810.479,2,false,leader-w3r3,1
2026-04-03T20:53:26.002833-07:00,read,key-2,58.487,0,false,leader-w3r3,1
2026-04-03T20:53:26.011686-07:00,read,key-9,53.024,1,false,leader-w3r3,1
2026-04-03T20:53:26.009746-07:00,read,key-6,55.017,2,false,leader-w3r3,1
2026-04-03T20:53:26.011789-07:00,read,key-0,53.011,0,false,leader-w3r3,1
2026-04-03T20:53:26.013308-07:00,read,key-3,51.631,1,false,leader-w3r3,1
2026-04-03T20:53:26.011724-07:00,read,key-0,53.275,0,false,leader-w3r3,1
2026-04-03T20:53:26.011927-07:00,read,key-4,53.076,2,false,leader-w3r3,1
2026-04-03T20:53:26.011886-07:00,read,key-7,53.168,0,false,leader-w3r3,1
2026-04-03T20:53:26.011653-07:00,read,key-9,53.579,1,false,leader-w3r3,1
2026-04-03T20:53:26.012009-07:00,read,key-9,53.289,1,false,leader-w3r3,1
2026-04-03T20:53:26.011789-07:00,read,key-4,53.569,2,false,leader-w3r3,1
2026-04-03T20:53:26.013245-07:00,read,key-7,52.170,0,false,leader-w3r3,1
2026-04-03T20:53:26.011959-07:00,read,key-5,53.463,1,false,leader-w3r3,1
2026-04-03T20:53:26.012049-07:00,read,key-8,53.413,1,false,leader-w3r3,1
2026-04-03T20:53:26.013242-07:00,read,key-2,54.185,0,false,leader-w3r3,1
2026-04-03T20:53:26.013377-07:00,read,key-2,54.097,0,false,leader-w3r3,1
2026-04-03T20:53:26.021344-07:00,read,key-1,51.714,4,false,leader-w3r3,1
2026-04-03T20:53:26.038671-07:00,read,key-5,54.994,1,false,leader-w3r3,1
2026-04-03T20:53:26.06536-07:00,read,key-9,55.110,1,false,leader-w3r3,1
2026-04-03T20:53:26.061323-07:00,read,key-7,59.283,0,false,leader-w3r3,1
2026-04-03T20:53:26.065054-07:00,read,key-0,55.870,0,false,leader-w3r3,1
2026-04-03T20:53:26.064765-07:00,read,key-2,56.169,0,false,leader-w3r3,1
2026-04-03T20:53:26.065417-07:00,read,key-2,55.577,0,false,leader-w3r3,1
2026-04-03T20:53:26.065005-07:00,read,key-8,56.017,1,false,leader-w3r3,1
2026-04-03T20:53:26.067429-07:00,read,key-7,53.618,0,false,leader-w3r3,1
2026-04-03T20:53:26.064801-07:00,read,key-3,56.360,1,false,leader-w3r3,1
2026-04-03T20:53:26.065001-07:00,read,key-0,56.206,0,false,leader-w3r3,1
2026-04-03T20:53:26.064941-07:00,read,key-3,56.286,1,false,leader-w3r3,1
2026-04-03T20:53:26.064712-07:00,read,key-3,56.999,1,false,leader-w3r3,1
2026-04-03T20:53:26.0653-07:00,read,key-4,56.428,2,false,leader-w3r3,1
2026-04-03T20:53:26.067475-07:00,read,key-2,54.317,0,false,leader-w3r3,1
2026-04-03T20:53:26.065234-07:00,read,key-0,56.561,0,false,leader-w3r3,1
2026-04-03T20:53:26.065423-07:00,read,key-0,56.420,0,false,leader-w3r3,1
2026-04-03T20:53:26.065463-07:00,read,key-7,56.381,0,false,leader-w3r3,1
2026-04-03T20:53:26.073061-07:00,read,key-9,51.751,1,false,leader-w3r3,1
2026-04-03T20:53:26.093668-07:00,read,key-5,56.020,1,false,leader-w3r3,1
2026-04-03T20:53:26.120995-07:00,read,key-3,58.223,1,false,leader-w3r3,1
2026-04-03T20:53:26.120935-07:00,read,key-2,58.330,0,false,leader-w3r3,1
2026-04-03T20:53:26.124814-07:00,read,key-0,54.521,0,false,leader-w3r3,1
2026-04-03T20:53:26.121024-07:00,read,key-8,58.322,1,false,leader-w3r3,1
2026-04-03T20:53:26.121797-07:00,read,key-5,57.555,1,false,leader-w3r3,1
2026-04-03T20:53:26.120474-07:00,read,key-3,58.965,1,false,leader-w3r3,1
2026-04-03T20:53:26.121208-07:00,read,key-1,58.290,4,false,leader-w3r3,1
2026-04-03T20:53:26.121162-07:00,read,key-5,58.367,1,false,leader-w3r3,1
2026-04-03T20:53:26.121793-07:00,read,key-6,57.739,2,false,leader-w3r3,1
2026-04-03T20:53:26.121048-07:00,read,key-5,58.501,1,false,leader-w3r3,1
2026-04-03T20:53:26.120926-07:00,read,key-9,58.641,1,false,leader-w3r3,1
2026-04-03T20:53:26.121845-07:00,read,key-8,57.722,1,false,leader-w3r3,1
2026-04-03T20:53:26.121228-07:00,read,key-9,58.348,1,false,leader-w3r3,1
2026-04-03T20:53:26.12173-07:00,read,key-2,57.849,0,false,leader-w3r3,1
2026-04-03T20:53:26.120608-07:00,read,key-8,58.990,1,false,leader-w3r3,1
2026-04-03T20:53:26.121714-07:00,read,key-9,57.892,1,false,leader-w3r3,1
2026-04-03T20:53:26.121845-07:00,read,key-1,57.777,4,false,leader-w3r3,1
2026-04-03T20:53:26.149691-07:00,read,key-7,54.431,0,false,leader-w3r3,1
2026-04-03T20:53:26.179266-07:00,read,key-5,56.360,1,false,leader-w3r3,1
2026-04-03T20:53:26.179337-07:00,read,key-1,56.314,4,false,leader-w3r3,1
2026-04-03T20:53:26.17955-07:00,read,key-9,56.170,1,false,leader-w3r3,1
2026-04-03T20:53:26.179499-07:00,read,key-4,56.277,2,false,leader-w3r3,1
2026-04-03T20:53:26.179578-07:00,read,key-6,56.247,2,false,leader-w3r3,1
2026-04-03T20:53:26.179221-07:00,read,key-3,56.670,1,false,leader-w3r3,1
2026-04-03T20:53:26.179347-07:00,read,key-1,56.562,4,false,leader-w3r3,1
2026-04-03T20:53:26.1796-07:00,read,key-9,56.336,1,false,leader-w3r3,1
2026-04-03T20:53:26.17953-07:00,read,key-8,56.455,1,false,leader-w3r3,1
2026-04-03T20:53:26.179567-07:00,read,key-1,56.659,4,false,leader-w3r3,1
2026-04-03T20:53:26.179534-07:00,read,key-2,56.781,0,false,leader-w3r3,1
2026-04-03T20:53:26.179441-07:00,read,key-1,56.918,4,false,leader-w3r3,1
2026-04-03T20:53:26.17958-07:00,read,key-8,56.842,1,false,leader-w3r3,1
2026-04-03T20:53:26.179353-07:00,read,key-5,57.165,1,false,leader-w3r3,1
2026-04-03T20:53:26.179568-07:00,read,key-5,56.958,1,false,leader-w3r3,1
2026-04-03T20:53:26.179624-07:00,read,key-0,56.942,0,false,leader-w3r3,1
2026-04-03T20:53:26.179607-07:00,read,key-9,57.031,1,false,leader-w3r3,1
2026-04-03T20:53:26.204125-07:00,read,key-5,52.984,1,false,leader-w3r3,1
2026-04-03T20:53:26.235721-07:00,read,key-6,59.239,2,false,leader-w3r3,1
2026-04-03T20:53:26.23636-07:00,read,key-1,58.611,4,false,leader-w3r3,1
2026-04-03T20:53:26.236316-07:00,read,key-6,58.739,2,false,leader-w3r3,1
2026-04-03T20:53:26.236639-07:00,read,key-3,58.494,1,false,leader-w3r3,1
2026-04-03T20:53:26.235937-07:00,read,key-3,59.219,1,false,leader-w3r3,1
2026-04-03T20:53:26.236519-07:00,read,key-3,58.685,1,false,leader-w3r3,1
2026-04-03T20:53:26.235777-07:00,read,key-9,59.430,1,false,leader-w3r3,1
2026-04-03T20:53:26.236423-07:00,read,key-1,58.824,4,false,leader-w3r3,1
2026-04-03T20:53:26.236567-07:00,read,key-9,58.704,1,false,leader-w3r3,1
2026-04-03T20:53:26.235629-07:00,read,key-6,59.682,2,false,leader-w3r3,1
2026-04-03T20:53:26.235652-07:00,read,key-7,59.863,0,false,leader-w3r3,1
2026-04-03T20:53:26.235986-07:00,read,key-1,59.538,4,false,leader-w3r3,1
2026-04-03T20:53:26.236227-07:00,read,key-0,59.308,0,false,leader-w3r3,1
2026-04-03T20:53:26.23591-07:00,read,key-8,59.646,1,false,leader-w3r3,1
2026-04-03T20:53:26.235892-07:00,read,key-6,59.671,2,false,leader-w3r3,1
2026-04-03T20:53:26.235826-07:00,read,key-6,59.760,2,false,leader-w3r3,1
2026-04-03T20:53:26.236527-07:00,read,key-2,59.078,0,false,leader-w3r3,1
2026-04-03T20:53:26.257114-07:00,read,key-2,51.106,0,false,leader-w3r3,1
2026-04-03T20:53:26.295057-07:00,read,key-2,57.099,0,false,leader-w3r3,1
2026-04-03T20:53:26.295313-07:00,read,key-2,56.870,0,false,leader-w3r3,1
2026-04-03T20:53:26.295558-07:00,read,key-0,56.692,0,false,leader-w3r3,1
2026-04-03T20:53:26.294973-07:00,read,key-2,57.278,0,false,leader-w3r3,1
2026-04-03T20:53:26.295606-07:00,read,key-9,56.694,1,false,leader-w3r3,1
2026-04-03T20:53:26.295135-07:00,read,key-9,57.169,1,false,leader-w3r3,1
2026-04-03T20:53:26.295248-07:00,read,key-9,57.140,1,false,leader-w3r3,1
2026-04-03T20:53:26.295157-07:00,read,key-3,57.277,1,false,leader-w3r3,1
2026-04-03T20:53:26.295565-07:00,read,key-0,56.893,0,false,leader-w3r3,1
2026-04-03T20:53:26.295537-07:00,read,key-8,56.951,1,false,leader-w3r3,1
2026-04-03T20:53:26.295525-07:00,read,key-3,56.998,1,false,leader-w3r3,1
2026-04-03T20:53:26.295587-07:00,read,key-8,56.942,1,false,leader-w3r3,1
2026-04-03T20:53:26.295206-07:00,read,key-0,57.378,0,false,leader-w3r3,1
2026-04-03T20:53:26.295516-07:00,read,key-9,57.090,1,false,leader-w3r3,1
2026-04-03T20:53:26.294963-07:00,read,key-9,57.667,1,false,leader-w3r3,1
2026-04-03T20:53:26.295272-07:00,read,key-7,57.378,0,false,leader-w3r3,1
2026-04-03T20:53:26.295209-07:00,read,key-5,57.461,1,false,leader-w3r3,1
2026-04-03T20:53:26.308222-07:00,read,key-4,50.857,3,false,leader-w3r3,1
2026-04-03T20:53:26.352607-07:00,read,key-7,52.870,0,false,leader-w3r3,1
2026-04-03T20:53:26.352302-07:00,read,key-1,53.201,4,false,leader-w3r3,1
2026-04-03T20:53:26.352524-07:00,read,key-3,52.990,1,false,leader-w3r3,1
2026-04-03T20:53:26.352251-07:00,read,key-6,53.264,2,false,leader-w3r3,1
2026-04-03T20:53:26.352158-07:00,read,key-0,53.387,0,false,leader-w3r3,1
2026-04-03T20:53:26.352252-07:00,read,key-1,53.306,4,false,leader-w3r3,1
2026-04-03T20:53:26.352389-07:00,read,key-2,53.173,0,false,leader-w3r3,1
2026-04-03T20:53:26.352531-07:00,read,key-2,53.041,0,false,leader-w3r3,1
2026-04-03T20:53:26.352184-07:00,read,key-6,53.469,2,false,leader-w3r3,1
2026-04-03T20:53:26.352306-07:00,read,key-8,53.363,1,false,leader-w3r3,1
2026-04-03T20:53:26.35249-07:00,read,key-5,53.189,1,false,leader-w3r3,1
2026-04-03T20:53:26.352585-07:00,read,key-9,55.554,1,false,leader-w3r3,1
2026-04-03T20:53:26.35265-07:00,read,key-6,55.733,2,false,leader-w3r3,1
2026-04-03T20:53:26.352436-07:00,read,key-8,55.959,1,false,leader-w3r3,1
2026-04-03T20:53:26.352671-07:00,read,key-0,55.727,0,false,leader-w3r3,1
2026-04-03T20:53:26.352633-07:00,read,key-3,55.787,1,false,leader-w3r3,1
2026-04-03T20:53:26.359082-07:00,read,key-7,53.966,0,false,leader-w3r3,1
2026-04-03T20:53:25.624861-07:00,write,key-4,802.328,1,false,leader-w3r3,1
2026-04-03T20:53:26.405516-07:00,read,key-4,58.057,3,false,leader-w3r3,1
2026-04-03T20:53:26.405547-07:00,read,key-1,58.178,4,false,leader-w3r3,1
2026-04-03T20:53:26.405654-07:00,read,key-3,58.174,1,false,leader-w3r3,1
2026-04-03T20:53:26.4084-07:00,read,key-6,55.487,2,false,leader-w3r3,1
2026-04-03T20:53:26.40548-07:00,read,key-0,58.445,0,false,leader-w3r3,1
2026-04-03T20:53:26.405515-07:00,read,key-5,58.449,1,false,leader-w3r3,1
2026-04-03T20:53:26.40567-07:00,read,key-5,58.334,1,false,leader-w3r3,1
2026-04-03T20:53:26.405679-07:00,read,key-6,58.342,2,false,leader-w3r3,1
2026-04-03T20:53:26.405566-07:00,read,key-0,58.481,0,false,leader-w3r3,1
2026-04-03T20:53:26.405561-07:00,read,key-8,58.522,1,false,leader-w3r3,1
2026-04-03T20:53:26.405506-07:00,read,key-6,58.596,2,false,leader-w3r3,1
2026-04-03T20:53:26.408385-07:00,read,key-3,55.768,1,false,leader-w3r3,1
2026-04-03T20:53:26.405573-07:00,read,key-0,58.613,0,false,leader-w3r3,1
2026-04-03T20:53:26.408421-07:00,read,key-1,55.791,4,false,leader-w3r3,1
2026-04-03T20:53:26.40814-07:00,read,key-0,56.079,0,false,leader-w3r3,1
2026-04-03T20:53:26.408397-07:00,read,key-8,55.855,1,false,leader-w3r3,1
2026-04-03T20:53:26.413049-07:00,read,key-7,54.793,0,false,leader-w3r3,1
2026-04-03T20:53:26.427189-07:00,read,key-4,53.262,3,false,leader-w3r3,1
2026-04-03T20:53:26.464154-07:00,read,key-8,56.472,1,false,leader-w3r3,1
2026-04-03T20:53:26.463727-07:00,read,key-4,56.962,3,false,leader-w3r3,1
2026-04-03T20:53:26.464103-07:00,read,key-1,56.598,4,false,leader-w3r3,1
2026-04-03T20:53:26.464005-07:00,read,key-8,56.721,1,false,leader-w3r3,1
2026-04-03T20:53:26.46389-07:00,read,key-4,56.839,3,false,leader-w3r3,1
2026-04-03T20:53:26.464187-07:00,read,key-9,56.558,1,false,leader-w3r3,1
2026-04-03T20:53:26.463578-07:00,read,key-2,57.179,0,false,leader-w3r3,1
2026-04-03T20:53:26.464022-07:00,read,key-9,56.746,1,false,leader-w3r3,1
2026-04-03T20:53:26.464084-07:00,read,key-2,56.692,0,false,leader-w3r3,1
2026-04-03T20:53:26.464253-07:00,read,key-7,56.526,0,false,leader-w3r3,1
2026-04-03T20:53:26.463831-07:00,read,key-7,56.949,0,false,leader-w3r3,1
2026-04-03T20:53:26.463965-07:00,read,key-2,56.822,0,false,leader-w3r3,1
2026-04-03T20:53:26.464219-07:00,read,key-9,56.572,1,false,leader-w3r3,1
2026-04-03T20:53:26.463927-07:00,read,key-5,56.905,1,false,leader-w3r3,1
2026-04-03T20:53:26.464212-07:00,read,key-5,56.772,1,false,leader-w3r3,1
2026-04-03T20:53:26.464048-07:00,read,key-2,56.988,0,false,leader-w3r3,1
2026-04-03T20:53:26.467844-07:00,read,key-8,53.449,1,false,leader-w3r3,1
2026-04-03T20:53:26.480453-07:00,read,key-7,51.277,0,false,leader-w3r3,1
2026-04-03T20:53:26.521037-07:00,read,key-4,56.173,3,false,leader-w3r3,1
2026-04-03T20:53:26.520703-07:00,read,key-3,56.507,1,false,leader-w3r3,1
2026-04-03T20:53:26.520789-07:00,read,key-7,56.448,0,false,leader-w3r3,1
2026-04-03T20:53:26.520777-07:00,read,key-0,56.460,0,false,leader-w3r3,1
2026-04-03T20:53:26.520728-07:00,read,key-0,56.535,0,false,leader-w3r3,1
2026-04-03T20:53:26.52078-07:00,read,key-8,56.501,1,false,leader-w3r3,1
2026-04-03T20:53:26.520782-07:00,read,key-3,56.536,1,false,leader-w3r3,1
2026-04-03T20:53:26.520691-07:00,read,key-2,56.633,0,false,leader-w3r3,1
2026-04-03T20:53:26.520629-07:00,read,key-2,57.034,0,false,leader-w3r3,1
2026-04-03T20:53:26.520986-07:00,read,key-3,56.681,1,false,leader-w3r3,1
2026-04-03T20:53:26.52077-07:00,read,key-3,56.915,1,false,leader-w3r3,1
2026-04-03T20:53:26.520746-07:00,read,key-6,56.954,2,false,leader-w3r3,1
2026-04-03T20:53:26.520793-07:00,read,key-0,56.949,0,false,leader-w3r3,1
2026-04-03T20:53:26.520731-07:00,read,key-6,57.042,2,false,leader-w3r3,1
2026-04-03T20:53:26.520758-07:00,read,key-4,57.024,3,false,leader-w3r3,1
2026-04-03T20:53:26.521295-07:00,read,key-8,56.497,1,false,leader-w3r3,1
2026-04-03T20:53:26.520834-07:00,read,key-8,56.964,1,false,leader-w3r3,1
2026-04-03T20:53:26.531732-07:00,read,key-6,52.167,2,false,leader-w3r3,1
2026-04-03T20:53:26.577668-07:00,read,key-6,58.903,2,false,leader-w3r3,1
2026-04-03T20:53:26.577282-07:00,read,key-3,59.289,1,false,leader-w3r3,1
2026-04-03T20:53:26.577212-07:00,read,key-0,59.471,0,false,leader-w3r3,1
2026-04-03T20:53:26.577319-07:00,read,key-8,59.384,1,false,leader-w3r3,1
2026-04-03T20:53:26.577784-07:00,read,key-4,58.937,3,false,leader-w3r3,1
2026-04-03T20:53:26.577237-07:00,read,key-3,59.485,1,false,leader-w3r3,1
2026-04-03T20:53:26.577302-07:00,read,key-0,59.447,0,false,leader-w3r3,1
2026-04-03T20:53:26.577742-07:00,read,key-0,59.019,0,false,leader-w3r3,1
2026-04-03T20:53:26.577263-07:00,read,key-8,59.535,1,false,leader-w3r3,1
2026-04-03T20:53:26.577794-07:00,read,key-6,59.056,2,false,leader-w3r3,1
2026-04-03T20:53:26.577799-07:00,read,key-4,59.071,3,false,leader-w3r3,1
2026-04-03T20:53:26.577701-07:00,read,key-8,59.178,1,false,leader-w3r3,1
2026-04-03T20:53:26.577664-07:00,read,key-2,59.228,0,false,leader-w3r3,1
2026-04-03T20:53:26.577774-07:00,read,key-5,59.122,1,false,leader-w3r3,1
2026-04-03T20:53:26.577325-07:00,read,key-9,59.911,1,false,leader-w3r3,1
2026-04-03T20:53:26.577238-07:00,read,key-3,60.019,1,false,leader-w3r3,1
2026-04-03T20:53:26.583901-07:00,read,key-0,53.373,0,false,leader-w3r3,1
2026-04-03T20:53:26.577687-07:00,read,key-0,59.627,0,false,leader-w3r3,1
2026-04-03T20:53:25.847958-07:00,write,key-4,807.586,2,false,leader-w3r3,1
2026-04-03T20:53:26.636852-07:00,read,key-9,56.139,1,false,leader-w3r3,1
2026-04-03T20:53:26.636704-07:00,read,key-3,56.339,1,false,leader-w3r3,1
2026-04-03T20:53:26.636723-07:00,read,key-2,56.414,0,false,leader-w3r3,1
2026-04-03T20:53:26.637315-07:00,read,key-4,57.804,3,false,leader-w3r3,1
2026-04-03T20:53:26.636871-07:00,read,key-8,58.393,1,false,leader-w3r3,1
2026-04-03T20:53:26.636893-07:00,read,key-6,58.591,2,false,leader-w3r3,1
2026-04-03T20:53:26.63688-07:00,read,key-7,58.873,0,false,leader-w3r3,1
2026-04-03T20:53:26.636596-07:00,read,key-8,59.490,1,false,leader-w3r3,1
2026-04-03T20:53:26.636573-07:00,read,key-9,59.577,1,false,leader-w3r3,1
2026-04-03T20:53:26.636799-07:00,read,key-0,59.395,0,false,leader-w3r3,1
2026-04-03T20:53:26.636898-07:00,read,key-6,59.437,2,false,leader-w3r3,1
2026-04-03T20:53:26.636751-07:00,read,key-0,59.633,0,false,leader-w3r3,1
2026-04-03T20:53:26.636685-07:00,read,key-9,59.730,1,false,leader-w3r3,1
2026-04-03T20:53:26.637274-07:00,read,key-3,59.197,1,false,leader-w3r3,1
2026-04-03T20:53:26.637258-07:00,read,key-8,59.265,1,false,leader-w3r3,1
2026-04-03T20:53:26.637238-07:00,read,key-0,59.380,0,false,leader-w3r3,1
2026-04-03T20:53:26.636724-07:00,read,key-9,59.951,1,false,leader-w3r3,1
2026-04-03T20:53:26.636762-07:00,read,key-7,59.999,0,false,leader-w3r3,1
2026-04-03T20:53:26.655546-07:00,read,key-5,51.424,1,false,leader-w3r3,1
2026-04-03T20:53:26.695123-07:00,read,key-7,55.350,0,false,leader-w3r3,1
2026-04-03T20:53:26.696337-07:00,read,key-8,54.314,1,false,leader-w3r3,1
2026-04-03T20:53:26.695265-07:00,read,key-9,55.534,1,false,leader-w3r3,1
2026-04-03T20:53:26.693139-07:00,read,key-1,57.792,4,false,leader-w3r3,1
2026-04-03T20:53:26.695485-07:00,read,key-1,55.509,4,false,leader-w3r3,1
2026-04-03T20:53:26.692996-07:00,read,key-6,58.036,2,false,leader-w3r3,1
2026-04-03T20:53:26.696524-07:00,read,key-7,54.557,0,false,leader-w3r3,1
2026-04-03T20:53:26.693046-07:00,read,key-0,58.106,0,false,leader-w3r3,1
2026-04-03T20:53:26.696152-07:00,read,key-2,55.090,0,false,leader-w3r3,1
2026-04-03T20:53:26.696195-07:00,read,key-9,55.113,1,false,leader-w3r3,1
2026-04-03T20:53:26.696762-07:00,read,key-4,54.619,3,false,leader-w3r3,1
2026-04-03T20:53:26.696385-07:00,read,key-3,55.141,1,false,leader-w3r3,1
2026-04-03T20:53:26.696472-07:00,read,key-9,55.130,1,false,leader-w3r3,1
2026-04-03T20:53:26.696416-07:00,read,key-8,55.212,1,false,leader-w3r3,1
2026-04-03T20:53:26.695754-07:00,read,key-0,55.929,0,false,leader-w3r3,1
2026-04-03T20:53:26.696676-07:00,read,key-9,55.033,1,false,leader-w3r3,1
2026-04-03T20:53:26.696619-07:00,read,key-2,55.114,0,false,leader-w3r3,1
2026-04-03T20:53:26.696089-07:00,read,key-4,55.646,3,false,leader-w3r3,1
2026-04-03T20:53:26.706974-07:00,read,key-0,53.096,0,false,leader-w3r3,1
2026-04-03T20:53:26.751734-07:00,read,key-7,57.550,0,false,leader-w3r3,1
2026-04-03T20:53:26.750655-07:00,read,key-0,58.830,0,false,leader-w3r3,1
2026-04-03T20:53:26.751527-07:00,read,key-1,57.998,4,false,leader-w3r3,1
2026-04-03T20:53:26.751603-07:00,read,key-5,58.134,1,false,leader-w3r3,1
2026-04-03T20:53:26.751243-07:00,read,key-0,58.531,0,false,leader-w3r3,1
2026-04-03T20:53:26.751383-07:00,read,key-2,58.433,0,false,leader-w3r3,1
2026-04-03T20:53:26.751737-07:00,read,key-7,58.119,0,false,leader-w3r3,1
2026-04-03T20:53:26.750996-07:00,read,key-7,58.896,0,false,leader-w3r3,1
2026-04-03T20:53:26.751711-07:00,read,key-2,58.209,0,false,leader-w3r3,1
2026-04-03T20:53:26.751629-07:00,read,key-5,58.350,1,false,leader-w3r3,1
2026-04-03T20:53:26.750933-07:00,read,key-3,59.111,1,false,leader-w3r3,1
2026-04-03T20:53:26.751036-07:00,read,key-2,59.047,0,false,leader-w3r3,1
2026-04-03T20:53:26.75131-07:00,read,key-3,58.844,1,false,leader-w3r3,1
2026-04-03T20:53:26.751082-07:00,read,key-9,59.226,1,false,leader-w3r3,1
2026-04-03T20:53:26.751684-07:00,read,key-6,58.652,2,false,leader-w3r3,1
2026-04-03T20:53:26.751154-07:00,read,key-2,59.219,0,false,leader-w3r3,1
2026-04-03T20:53:26.750477-07:00,read,key-9,59.911,1,false,leader-w3r3,1
2026-04-03T20:53:26.760073-07:00,read,key-4,54.094,4,false,leader-w3r3,1
2026-04-03T20:53:26.810084-07:00,read,key-4,55.143,4,false,leader-w3r3,1
2026-04-03T20:53:26.809289-07:00,read,key-2,55.951,0,false,leader-w3r3,1
2026-04-03T20:53:26.809922-07:00,read,key-9,55.410,1,false,leader-w3r3,1
2026-04-03T20:53:26.809818-07:00,read,key-6,55.561,2,false,leader-w3r3,1
2026-04-03T20:53:26.809741-07:00,read,key-9,55.677,1,false,leader-w3r3,1
2026-04-03T20:53:26.809857-07:00,read,key-3,55.562,1,false,leader-w3r3,1
2026-04-03T20:53:26.809981-07:00,read,key-4,55.473,4,false,leader-w3r3,1
2026-04-03T20:53:26.80953-07:00,read,key-1,55.941,4,false,leader-w3r3,1
2026-04-03T20:53:26.809775-07:00,read,key-9,55.756,1,false,leader-w3r3,1
2026-04-03T20:53:26.809487-07:00,read,key-4,56.094,4,false,leader-w3r3,1
2026-04-03T20:53:26.810375-07:00,read,key-5,55.671,1,false,leader-w3r3,1
2026-04-03T20:53:26.810339-07:00,read,key-0,55.807,0,false,leader-w3r3,1
2026-04-03T20:53:26.810311-07:00,read,key-0,55.839,0,false,leader-w3r3,1
2026-04-03T20:53:26.810156-07:00,read,key-5,56.199,1,false,leader-w3r3,1
2026-04-03T20:53:26.810391-07:00,read,key-9,56.932,1,false,leader-w3r3,1
2026-04-03T20:53:26.810046-07:00,read,key-5,57.834,1,false,leader-w3r3,1
2026-04-03T20:53:26.809895-07:00,read,key-4,57.997,4,false,leader-w3r3,1
2026-04-03T20:53:26.814169-07:00,read,key-7,54.067,0,false,leader-w3r3,1
2026-04-03T20:53:26.866148-07:00,read,key-8,58.333,1,false,leader-w3r3,1
2026-04-03T20:53:26.866049-07:00,read,key-0,58.492,0,false,leader-w3r3,1
2026-04-03T20:53:26.865583-07:00,read,key-2,59.031,0,false,leader-w3r3,1
2026-04-03T20:53:26.865419-07:00,read,key-2,59.327,0,false,leader-w3r3,1
2026-04-03T20:53:26.865381-07:00,read,key-7,59.455,0,false,leader-w3r3,1
2026-04-03T20:53:26.867882-07:00,read,key-5,57.061,1,false,leader-w3r3,1
2026-04-03T20:53:26.865533-07:00,read,key-8,59.489,1,false,leader-w3r3,1
2026-04-03T20:53:26.865421-07:00,read,key-7,59.664,0,false,leader-w3r3,1
2026-04-03T20:53:26.866357-07:00,read,key-0,58.755,0,false,leader-w3r3,1
2026-04-03T20:53:26.867894-07:00,read,key-2,57.234,0,false,leader-w3r3,1
2026-04-03T20:53:26.865473-07:00,read,key-9,59.008,1,false,leader-w3r3,1
2026-04-03T20:53:26.868237-07:00,read,key-6,56.958,2,false,leader-w3r3,1
2026-04-03T20:53:26.865245-07:00,read,key-3,60.217,1,false,leader-w3r3,1
2026-04-03T20:53:26.865335-07:00,read,key-8,60.141,1,false,leader-w3r3,1
2026-04-03T20:53:26.865231-07:00,read,key-0,60.350,0,false,leader-w3r3,1
2026-04-03T20:53:26.865456-07:00,read,key-3,60.127,1,false,leader-w3r3,1
2026-04-03T20:53:26.867326-07:00,read,key-3,58.318,1,false,leader-w3r3,1
2026-04-03T20:53:26.866152-07:00,read,key-2,59.518,0,false,leader-w3r3,1
2026-04-03T20:53:26.924837-07:00,read,key-4,56.841,4,false,leader-w3r3,1
2026-04-03T20:53:26.924945-07:00,read,key-0,56.949,0,false,leader-w3r3,1
2026-04-03T20:53:26.924615-07:00,read,key-9,57.281,1,false,leader-w3r3,1
2026-04-03T20:53:26.925477-07:00,read,key-4,56.514,4,false,leader-w3r3,1
2026-04-03T20:53:26.925583-07:00,read,key-0,56.645,0,false,leader-w3r3,1
2026-04-03T20:53:26.925024-07:00,read,key-9,57.294,1,false,leader-w3r3,1
2026-04-03T20:53:26.924487-07:00,read,key-5,57.928,1,false,leader-w3r3,1
2026-04-03T20:53:26.92567-07:00,read,key-8,57.009,1,false,leader-w3r3,1
2026-04-03T20:53:26.925156-07:00,read,key-5,57.603,1,false,leader-w3r3,1
2026-04-03T20:53:26.924542-07:00,read,key-7,58.338,0,false,leader-w3r3,1
2026-04-03T20:53:26.925086-07:00,read,key-6,58.371,2,false,leader-w3r3,1
2026-04-03T20:53:26.925113-07:00,read,key-6,58.347,2,false,leader-w3r3,1
2026-04-03T20:53:26.925584-07:00,read,key-8,57.979,1,false,leader-w3r3,1
2026-04-03T20:53:26.924748-07:00,read,key-6,58.871,2,false,leader-w3r3,1
2026-04-03T20:53:26.925645-07:00,read,key-1,58.095,4,false,leader-w3r3,1
2026-04-03T20:53:26.925464-07:00,read,key-0,58.325,0,false,leader-w3r3,1
2026-04-03T20:53:26.925197-07:00,read,key-7,58.632,0,false,leader-w3r3,1
2026-04-03T20:53:26.925129-07:00,read,key-2,59.054,0,false,leader-w3r3,1
2026-04-03T20:53:26.98232-07:00,read,key-6,58.101,2,false,leader-w3r3,1
2026-04-03T20:53:26.982419-07:00,read,key-1,58.013,4,false,leader-w3r3,1
2026-04-03T20:53:26.982882-07:00,read,key-7,57.673,0,false,leader-w3r3,1
2026-04-03T20:53:26.981688-07:00,read,key-3,58.935,1,false,leader-w3r3,1
2026-04-03T20:53:26.983621-07:00,read,key-9,57.098,1,false,leader-w3r3,1
2026-04-03T20:53:26.982681-07:00,read,key-5,58.093,1,false,leader-w3r3,1
2026-04-03T20:53:26.98346-07:00,read,key-1,57.345,4,false,leader-w3r3,1
2026-04-03T20:53:26.983831-07:00,read,key-6,57.262,2,false,leader-w3r3,1
2026-04-03T20:53:26.98379-07:00,read,key-1,57.396,4,false,leader-w3r3,1
2026-04-03T20:53:26.984185-07:00,read,key-4,57.086,5,false,leader-w3r3,1
2026-04-03T20:53:26.98223-07:00,read,key-6,59.110,2,false,leader-w3r3,1
2026-04-03T20:53:26.983565-07:00,read,key-6,57.883,2,false,leader-w3r3,1
2026-04-03T20:53:26.983742-07:00,read,key-7,57.756,0,false,leader-w3r3,1
2026-04-03T20:53:26.981898-07:00,read,key-9,59.695,1,false,leader-w3r3,1
2026-04-03T20:53:26.981993-07:00,read,key-0,59.721,0,false,leader-w3r3,1
2026-04-03T20:53:26.982761-07:00,read,key-2,58.970,0,false,leader-w3r3,1
2026-04-03T20:53:26.981895-07:00,read,key-8,59.887,1,false,leader-w3r3,1
2026-04-03T20:53:27.040557-07:00,read,key-5,57.145,1,false,leader-w3r3,1
2026-04-03T20:53:27.040425-07:00,read,key-9,57.328,1,false,leader-w3r3,1
2026-04-03T20:53:27.041595-07:00,read,key-8,56.265,1,false,leader-w3r3,1
2026-04-03T20:53:27.040629-07:00,read,key-4,57.260,5,false,leader-w3r3,1
2026-04-03T20:53:27.040722-07:00,read,key-1,57.251,4,false,leader-w3r3,1
2026-04-03T20:53:27.041095-07:00,read,key-3,56.972,1,false,leader-w3r3,1
2026-04-03T20:53:27.040776-07:00,read,key-6,57.401,2,false,leader-w3r3,1
2026-04-03T20:53:27.041733-07:00,read,key-2,56.527,0,false,leader-w3r3,1
2026-04-03T20:53:27.040806-07:00,read,key-8,57.523,1,false,leader-w3r3,1
2026-04-03T20:53:27.041275-07:00,read,key-3,57.105,1,false,leader-w3r3,1
2026-04-03T20:53:27.04145-07:00,read,key-6,56.999,2,false,leader-w3r3,1
2026-04-03T20:53:27.041716-07:00,read,key-3,56.773,1,false,leader-w3r3,1
2026-04-03T20:53:27.041501-07:00,read,key-7,56.994,0,false,leader-w3r3,1
2026-04-03T20:53:27.041785-07:00,read,key-1,56.749,4,false,leader-w3r3,1
2026-04-03T20:53:27.041342-07:00,read,key-1,57.238,4,false,leader-w3r3,1
2026-04-03T20:53:27.041188-07:00,read,key-5,57.430,1,false,leader-w3r3,1
2026-04-03T20:53:27.040435-07:00,read,key-7,58.205,0,false,leader-w3r3,1
2026-04-03T20:53:27.09849-07:00,read,key-5,60.599,1,false,leader-w3r3,1
2026-04-03T20:53:27.097707-07:00,read,key-4,61.453,5,false,leader-w3r3,1
2026-04-03T20:53:27.097757-07:00,read,key-5,61.693,1,false,leader-w3r3,1
2026-04-03T20:53:27.098641-07:00,read,key-2,60.862,0,false,leader-w3r3,1
2026-04-03T20:53:27.097975-07:00,read,key-6,61.558,2,false,leader-w3r3,1
2026-04-03T20:53:27.098619-07:00,read,key-2,60.991,0,false,leader-w3r3,1
2026-04-03T20:53:27.097892-07:00,read,key-1,61.728,4,false,leader-w3r3,1
2026-04-03T20:53:27.098497-07:00,read,key-8,61.188,1,false,leader-w3r3,1
2026-04-03T20:53:27.098382-07:00,read,key-4,61.304,5,false,leader-w3r3,1
2026-04-03T20:53:27.09818-07:00,read,key-0,61.647,0,false,leader-w3r3,1
2026-04-03T20:53:26.352459-07:00,write,key-4,807.383,3,false,leader-w3r3,1
2026-04-03T20:53:27.098331-07:00,read,key-4,61.557,5,false,leader-w3r3,1
2026-04-03T20:53:27.098451-07:00,read,key-2,61.470,0,false,leader-w3r3,1
2026-04-03T20:53:27.098261-07:00,read,key-6,61.710,2,false,leader-w3r3,1
2026-04-03T20:53:27.098536-07:00,read,key-5,61.449,1,false,leader-w3r3,1
2026-04-03T20:53:27.09807-07:00,read,key-8,61.939,1,false,leader-w3r3,1
2026-04-03T20:53:27.097861-07:00,read,key-3,62.336,1,false,leader-w3r3,1
2026-04-03T20:53:27.098582-07:00,read,key-2,61.690,0,false,leader-w3r3,1
2026-04-03T20:53:27.159452-07:00,read,key-3,56.796,1,false,leader-w3r3,1
2026-04-03T20:53:27.159612-07:00,read,key-0,56.646,0,false,leader-w3r3,1
2026-04-03T20:53:27.159098-07:00,read,key-7,57.209,0,false,leader-w3r3,1
2026-04-03T20:53:27.159688-07:00,read,key-4,56.771,5,false,leader-w3r3,1
2026-04-03T20:53:27.159986-07:00,read,key-0,56.710,0,false,leader-w3r3,1
2026-04-03T20:53:27.159622-07:00,read,key-5,57.223,1,false,leader-w3r3,1
2026-04-03T20:53:27.159844-07:00,read,key-9,57.090,1,false,leader-w3r3,1
2026-04-03T20:53:27.159505-07:00,read,key-0,57.456,0,false,leader-w3r3,1
2026-04-03T20:53:27.159164-07:00,read,key-0,57.865,0,false,leader-w3r3,1
2026-04-03T20:53:27.159829-07:00,read,key-6,57.205,2,false,leader-w3r3,1
2026-04-03T20:53:27.160273-07:00,read,key-2,56.812,1,false,leader-w3r3,1
2026-04-03T20:53:27.159535-07:00,read,key-6,57.560,2,false,leader-w3r3,1
2026-04-03T20:53:27.160011-07:00,read,key-5,57.155,1,false,leader-w3r3,1
2026-04-03T20:53:27.159923-07:00,read,key-3,57.474,1,false,leader-w3r3,1
2026-04-03T20:53:27.15989-07:00,read,key-0,57.585,0,false,leader-w3r3,1
2026-04-03T20:53:27.159687-07:00,read,key-5,57.790,1,false,leader-w3r3,1
2026-04-03T20:53:27.159973-07:00,read,key-2,57.563,0,false,leader-w3r3,1
2026-04-03T20:53:27.217036-07:00,read,key-4,55.203,4,false,leader-w3r3,1
2026-04-03T20:53:27.217479-07:00,read,key-7,54.763,0,false,leader-w3r3,1
2026-04-03T20:53:27.216463-07:00,read,key-9,55.841,1,false,leader-w3r3,1
2026-04-03T20:53:27.216847-07:00,read,key-6,55.497,2,false,leader-w3r3,1
2026-04-03T20:53:27.216698-07:00,read,key-4,55.669,5,false,leader-w3r3,1
2026-04-03T20:53:27.216962-07:00,read,key-7,55.440,0,false,leader-w3r3,1
2026-04-03T20:53:27.217031-07:00,read,key-6,55.422,2,false,leader-w3r3,1
2026-04-03T20:53:27.21626-07:00,read,key-7,56.224,0,false,leader-w3r3,1
2026-04-03T20:53:27.216389-07:00,read,key-3,56.106,1,false,leader-w3r3,1
2026-04-03T20:53:27.216256-07:00,read,key-4,56.273,5,false,leader-w3r3,1
2026-04-03T20:53:27.216936-07:00,read,key-2,55.647,0,false,leader-w3r3,1
2026-04-03T20:53:27.217537-07:00,read,key-4,56.606,5,false,leader-w3r3,1
2026-04-03T20:53:27.217399-07:00,read,key-6,56.774,2,false,leader-w3r3,1
2026-04-03T20:53:27.217477-07:00,read,key-8,56.736,1,false,leader-w3r3,1
2026-04-03T20:53:27.217097-07:00,read,key-5,57.398,1,false,leader-w3r3,1
2026-04-03T20:53:27.217087-07:00,read,key-1,57.479,4,false,leader-w3r3,1
2026-04-03T20:53:27.217168-07:00,read,key-0,57.732,0,false,leader-w3r3,1
2026-04-03T20:53:27.272244-07:00,read,key-5,55.797,1,false,leader-w3r3,1
2026-04-03T20:53:27.272455-07:00,read,key-0,55.647,0,false,leader-w3r3,1
2026-04-03T20:53:27.272485-07:00,read,key-6,55.699,2,false,leader-w3r3,1
2026-04-03T20:53:27.272497-07:00,read,key-3,55.544,1,false,leader-w3r3,1
2026-04-03T20:53:27.272243-07:00,read,key-6,56.057,2,false,leader-w3r3,1
2026-04-03T20:53:27.274901-07:00,read,key-0,53.655,0,false,leader-w3r3,1
2026-04-03T20:53:27.272369-07:00,read,key-2,56.478,1,false,leader-w3r3,1
2026-04-03T20:53:27.272346-07:00,read,key-6,56.570,2,false,leader-w3r3,1
2026-04-03T20:53:27.274146-07:00,read,key-9,54.842,1,false,leader-w3r3,1
2026-04-03T20:53:27.274215-07:00,read,key-5,54.949,1,false,leader-w3r3,1
2026-04-03T20:53:27.272306-07:00,read,key-4,56.913,5,false,leader-w3r3,1
2026-04-03T20:53:27.272533-07:00,read,key-6,56.726,2,false,leader-w3r3,1
2026-04-03T20:53:27.274567-07:00,read,key-3,54.761,1,false,leader-w3r3,1
2026-04-03T20:53:27.274497-07:00,read,key-3,54.925,1,false,leader-w3r3,1
2026-04-03T20:53:27.274175-07:00,read,key-3,55.344,1,false,leader-w3r3,1
2026-04-03T20:53:27.272585-07:00,read,key-0,56.959,0,false,leader-w3r3,1
2026-04-03T20:53:27.272404-07:00,read,key-9,57.209,1,false,leader-w3r3,1
2026-04-03T20:53:27.328186-07:00,read,key-4,57.099,5,false,leader-w3r3,1
2026-04-03T20:53:27.329221-07:00,read,key-2,56.149,1,false,leader-w3r3,1
2026-04-03T20:53:27.328557-07:00,read,key-9,56.868,2,false,leader-w3r3,1
2026-04-03T20:53:27.328222-07:00,read,key-9,57.332,1,false,leader-w3r3,1
2026-04-03T20:53:27.329423-07:00,read,key-0,56.145,0,false,leader-w3r3,1
2026-04-03T20:53:27.32933-07:00,read,key-6,56.276,2,false,leader-w3r3,1
2026-04-03T20:53:27.328848-07:00,read,key-3,56.776,1,false,leader-w3r3,1
2026-04-03T20:53:27.32926-07:00,read,key-1,56.496,4,false,leader-w3r3,1
2026-04-03T20:53:27.329545-07:00,read,key-1,56.260,4,false,leader-w3r3,1
2026-04-03T20:53:27.328302-07:00,read,key-6,57.523,2,false,leader-w3r3,1
2026-04-03T20:53:27.328917-07:00,read,key-1,56.949,4,false,leader-w3r3,1
2026-04-03T20:53:27.328103-07:00,read,key-0,57.784,0,false,leader-w3r3,1
2026-04-03T20:53:27.329521-07:00,read,key-0,56.394,0,false,leader-w3r3,1
2026-04-03T20:53:27.329166-07:00,read,key-7,56.751,0,false,leader-w3r3,1
2026-04-03T20:53:27.32899-07:00,read,key-5,56.947,1,false,leader-w3r3,1
2026-04-03T20:53:27.329615-07:00,read,key-3,56.346,1,false,leader-w3r3,1
2026-04-03T20:53:27.385939-07:00,read,key-1,59.381,4,false,leader-w3r3,1
2026-04-03T20:53:27.385555-07:00,read,key-4,60.058,5,false,leader-w3r3,1
2026-04-03T20:53:27.385807-07:00,read,key-7,59.838,0,false,leader-w3r3,1
2026-04-03T20:53:27.385869-07:00,read,key-6,59.837,2,false,leader-w3r3,1
2026-04-03T20:53:27.385569-07:00,read,key-6,60.177,2,false,leader-w3r3,1
2026-04-03T20:53:27.385891-07:00,read,key-4,59.918,5,false,leader-w3r3,1
2026-04-03T20:53:27.385428-07:00,read,key-6,60.386,2,false,leader-w3r3,1
2026-04-03T20:53:27.385758-07:00,read,key-0,60.347,0,false,leader-w3r3,1
2026-04-03T20:53:27.385372-07:00,read,key-4,60.933,5,false,leader-w3r3,1
2026-04-03T20:53:27.385828-07:00,read,key-9,60.582,2,false,leader-w3r3,1
2026-04-03T20:53:27.385916-07:00,read,key-1,60.496,4,false,leader-w3r3,1
2026-04-03T20:53:27.385289-07:00,read,key-0,61.206,0,false,leader-w3r3,1
2026-04-03T20:53:27.385963-07:00,read,key-4,60.560,5,false,leader-w3r3,1
2026-04-03T20:53:27.385608-07:00,read,key-9,60.979,1,false,leader-w3r3,1
2026-04-03T20:53:27.385627-07:00,read,key-3,60.973,1,false,leader-w3r3,1
2026-04-03T20:53:27.445708-07:00,read,key-9,57.146,2,false,leader-w3r3,1
2026-04-03T20:53:27.446497-07:00,read,key-4,56.380,5,false,leader-w3r3,1
2026-04-03T20:53:27.445647-07:00,read,key-4,57.278,5,false,leader-w3r3,1
2026-04-03T20:53:27.446411-07:00,read,key-8,56.551,1,false,leader-w3r3,1
2026-04-03T20:53:27.445815-07:00,read,key-8,57.175,1,false,leader-w3r3,1
2026-04-03T20:53:27.44581-07:00,read,key-9,57.228,2,false,leader-w3r3,1
2026-04-03T20:53:27.446524-07:00,read,key-5,56.581,1,false,leader-w3r3,1
2026-04-03T20:53:27.446414-07:00,read,key-1,56.705,4,false,leader-w3r3,1
2026-04-03T20:53:27.446106-07:00,read,key-2,57.089,1,false,leader-w3r3,1
2026-04-03T20:53:27.445748-07:00,read,key-9,57.566,2,false,leader-w3r3,1
2026-04-03T20:53:27.446602-07:00,read,key-1,56.719,5,false,leader-w3r3,1
2026-04-03T20:53:27.445615-07:00,read,key-5,57.741,1,false,leader-w3r3,1
2026-04-03T20:53:27.446307-07:00,read,key-8,57.073,1,false,leader-w3r3,1
2026-04-03T20:53:27.445327-07:00,read,key-0,58.073,0,false,leader-w3r3,1
2026-04-03T20:53:27.446589-07:00,read,key-0,56.816,0,false,leader-w3r3,1
2026-04-03T20:53:27.503197-07:00,read,key-1,55.424,5,false,leader-w3r3,1
2026-04-03T20:53:27.503382-07:00,read,key-7,55.271,0,false,leader-w3r3,1
2026-04-03T20:53:27.503107-07:00,read,key-7,55.670,0,false,leader-w3r3,1
2026-04-03T20:53:26.750802-07:00,write,key-4,808.045,4,false,leader-w3r3,1
2026-04-03T20:53:27.502964-07:00,read,key-1,55.920,5,false,leader-w3r3,1
2026-04-03T20:53:27.503317-07:00,read,key-8,55.634,1,false,leader-w3r3,1
2026-04-03T20:53:27.502857-07:00,read,key-3,56.197,1,false,leader-w3r3,1
2026-04-03T20:53:27.502879-07:00,read,key-2,56.255,1,false,leader-w3r3,1
2026-04-03T20:53:27.503357-07:00,read,key-3,55.855,1,false,leader-w3r3,1
2026-04-03T20:53:27.50304-07:00,read,key-4,56.209,5,false,leader-w3r3,1
2026-04-03T20:53:27.503121-07:00,read,key-8,56.184,1,false,leader-w3r3,1
2026-04-03T20:53:27.503403-07:00,read,key-6,55.970,3,false,leader-w3r3,1
2026-04-03T20:53:27.503407-07:00,read,key-5,55.967,1,false,leader-w3r3,1
2026-04-03T20:53:27.503322-07:00,read,key-3,56.118,1,false,leader-w3r3,1
2026-04-03T20:53:27.559376-07:00,read,key-4,56.860,5,false,leader-w3r3,1
2026-04-03T20:53:27.558627-07:00,read,key-9,57.627,2,false,leader-w3r3,1
2026-04-03T20:53:27.558885-07:00,read,key-8,57.440,1,false,leader-w3r3,1
2026-04-03T20:53:27.559442-07:00,read,key-9,57.023,2,false,leader-w3r3,1
2026-04-03T20:53:27.559251-07:00,read,key-9,57.248,2,false,leader-w3r3,1
2026-04-03T20:53:27.559136-07:00,read,key-3,57.449,1,false,leader-w3r3,1
2026-04-03T20:53:27.559213-07:00,read,key-1,57.478,5,false,leader-w3r3,1
2026-04-03T20:53:27.558654-07:00,read,key-8,58.107,1,false,leader-w3r3,1
2026-04-03T20:53:27.558779-07:00,read,key-9,58.020,2,false,leader-w3r3,1
2026-04-03T20:53:27.558848-07:00,read,key-0,58.004,1,false,leader-w3r3,1
2026-04-03T20:53:27.559377-07:00,read,key-1,57.525,4,false,leader-w3r3,1
2026-04-03T20:53:27.558953-07:00,read,key-8,58.078,1,false,leader-w3r3,1
2026-04-03T20:53:27.559057-07:00,read,key-4,58.039,5,false,leader-w3r3,1
2026-04-03T20:53:27.559307-07:00,read,key-4,57.817,5,false,leader-w3r3,1
2026-04-03T20:53:27.616694-07:00,read,key-4,55.439,5,false,leader-w3r3,1
2026-04-03T20:53:27.616587-07:00,read,key-3,55.732,1,false,leader-w3r3,1
2026-04-03T20:53:27.616327-07:00,read,key-2,56.114,1,false,leader-w3r3,1
2026-04-03T20:53:27.6168-07:00,read,key-7,55.687,0,false,leader-w3r3,1
2026-04-03T20:53:27.616467-07:00,read,key-0,56.080,0,false,leader-w3r3,1
2026-04-03T20:53:27.616502-07:00,read,key-4,56.090,5,false,leader-w3r3,1
2026-04-03T20:53:27.617125-07:00,read,key-7,55.518,0,false,leader-w3r3,1
2026-04-03T20:53:27.617032-07:00,read,key-5,55.611,1,false,leader-w3r3,1
2026-04-03T20:53:27.616244-07:00,read,key-9,56.473,2,false,leader-w3r3,1
2026-04-03T20:53:27.616904-07:00,read,key-8,55.913,1,false,leader-w3r3,1
2026-04-03T20:53:27.616764-07:00,read,key-3,56.143,1,false,leader-w3r3,1
2026-04-03T20:53:27.61626-07:00,read,key-8,57.168,1,false,leader-w3r3,1
2026-04-03T20:53:27.617099-07:00,read,key-1,60.038,5,false,leader-w3r3,1
2026-04-03T20:53:27.616854-07:00,read,key-9,60.385,2,false,leader-w3r3,1
2026-04-03T20:53:27.673431-07:00,read,key-4,51.657,5,false,leader-w3r3,1
2026-04-03T20:53:27.672595-07:00,read,key-7,52.753,0,false,leader-w3r3,1
2026-04-03T20:53:27.672819-07:00,read,key-7,52.636,0,false,leader-w3r3,1
2026-04-03T20:53:27.672646-07:00,read,key-0,53.032,0,false,leader-w3r3,1
2026-04-03T20:53:27.672548-07:00,read,key-7,53.176,0,false,leader-w3r3,1
2026-04-03T20:53:27.672444-07:00,read,key-8,53.298,1,false,leader-w3r3,1
2026-04-03T20:53:27.672489-07:00,read,key-5,53.311,1,false,leader-w3r3,1
2026-04-03T20:53:27.672142-07:00,read,key-5,53.716,1,false,leader-w3r3,1
2026-04-03T20:53:27.672322-07:00,read,key-7,53.557,0,false,leader-w3r3,1
2026-04-03T20:53:27.677139-07:00,read,key-7,53.917,0,false,leader-w3r3,1
2026-04-03T20:53:27.677241-07:00,read,key-4,53.820,5,false,leader-w3r3,1
2026-04-03T20:53:27.672721-07:00,read,key-7,58.402,0,false,leader-w3r3,1
2026-04-03T20:53:27.672909-07:00,read,key-1,58.217,5,false,leader-w3r3,1
2026-04-03T20:53:27.672646-07:00,read,key-0,58.536,1,false,leader-w3r3,1
2026-04-03T20:53:27.725745-07:00,read,key-0,55.970,1,false,leader-w3r3,1
2026-04-03T20:53:27.725679-07:00,read,key-3,56.082,1,false,leader-w3r3,1
2026-04-03T20:53:27.725802-07:00,read,key-4,55.913,5,false,leader-w3r3,1
2026-04-03T20:53:27.725726-07:00,read,key-9,56.195,2,false,leader-w3r3,1
2026-04-03T20:53:27.725457-07:00,read,key-1,56.491,5,false,leader-w3r3,1
2026-04-03T20:53:27.725349-07:00,read,key-3,56.659,1,false,leader-w3r3,1
2026-04-03T20:53:27.725096-07:00,read,key-0,56.927,1,false,leader-w3r3,1
2026-04-03T20:53:27.731063-07:00,read,key-2,51.631,1,false,leader-w3r3,1
2026-04-03T20:53:27.725881-07:00,read,key-1,56.925,5,false,leader-w3r3,1
2026-04-03T20:53:27.731058-07:00,read,key-2,51.834,1,false,leader-w3r3,1
2026-04-03T20:53:27.731186-07:00,read,key-1,51.748,5,false,leader-w3r3,1
2026-04-03T20:53:27.725862-07:00,read,key-0,57.186,1,false,leader-w3r3,1
2026-04-03T20:53:27.731128-07:00,read,key-2,52.008,1,false,leader-w3r3,1
2026-04-03T20:53:27.731124-07:00,read,key-1,54.031,5,false,leader-w3r3,1
2026-04-03T20:53:26.983463-07:00,write,key-4,802.943,5,false,leader-w3r3,1
2026-04-03T20:53:27.782894-07:00,read,key-0,56.338,1,false,leader-w3r3,1
2026-04-03T20:53:27.781764-07:00,read,key-4,57.480,5,false,leader-w3r3,1
2026-04-03T20:53:27.785157-07:00,read,key-9,54.208,2,false,leader-w3r3,1
2026-04-03T20:53:27.78201-07:00,read,key-1,57.408,5,false,leader-w3r3,1
2026-04-03T20:53:27.782808-07:00,read,key-6,56.617,3,false,leader-w3r3,1
2026-04-03T20:53:27.783138-07:00,read,key-6,56.328,3,false,leader-w3r3,1
2026-04-03T20:53:27.781794-07:00,read,key-4,57.682,5,false,leader-w3r3,1
2026-04-03T20:53:27.782696-07:00,read,key-9,56.842,2,false,leader-w3r3,1
2026-04-03T20:53:27.78305-07:00,read,key-1,56.537,5,false,leader-w3r3,1
2026-04-03T20:53:27.781923-07:00,read,key-3,57.669,1,false,leader-w3r3,1
2026-04-03T20:53:27.781951-07:00,read,key-8,57.684,1,false,leader-w3r3,1
2026-04-03T20:53:27.786405-07:00,read,key-3,53.255,1,false,leader-w3r3,1
2026-04-03T20:53:27.782027-07:00,read,key-9,57.671,2,false,leader-w3r3,1
2026-04-03T20:53:27.781727-07:00,read,key-1,57.976,5,false,leader-w3r3,1
2026-04-03T20:53:27.782956-07:00,read,key-1,56.773,5,false,leader-w3r3,1
2026-04-03T20:53:27.839467-07:00,read,key-1,55.067,5,false,leader-w3r3,1
2026-04-03T20:53:27.839731-07:00,read,key-5,54.804,1,false,leader-w3r3,1
2026-04-03T20:53:27.839662-07:00,read,key-6,54.949,3,false,leader-w3r3,1
2026-04-03T20:53:27.839588-07:00,read,key-2,55.026,1,false,leader-w3r3,1
2026-04-03T20:53:27.839246-07:00,read,key-7,55.431,0,false,leader-w3r3,1
2026-04-03T20:53:27.839427-07:00,read,key-0,55.265,1,false,leader-w3r3,1
2026-04-03T20:53:27.83942-07:00,read,key-8,55.324,1,false,leader-w3r3,1
2026-04-03T20:53:27.839477-07:00,read,key-9,55.284,2,false,leader-w3r3,1
2026-04-03T20:53:27.839235-07:00,read,key-2,55.553,1,false,leader-w3r3,1
2026-04-03T20:53:27.839699-07:00,read,key-8,55.143,1,false,leader-w3r3,1
2026-04-03T20:53:27.839367-07:00,read,key-3,55.521,1,false,leader-w3r3,1
2026-04-03T20:53:27.839706-07:00,read,key-8,55.204,1,false,leader-w3r3,1
2026-04-03T20:53:27.839594-07:00,read,key-8,55.560,1,false,leader-w3r3,1
2026-04-03T20:53:27.83954-07:00,read,key-7,55.680,0,false,leader-w3r3,1
2026-04-03T20:53:27.894763-07:00,read,key-9,55.210,3,false,leader-w3r3,1
2026-04-03T20:53:27.894679-07:00,read,key-2,55.498,1,false,leader-w3r3,1
2026-04-03T20:53:27.894745-07:00,read,key-4,55.489,5,false,leader-w3r3,1
2026-04-03T20:53:27.894693-07:00,read,key-1,55.602,5,false,leader-w3r3,1
2026-04-03T20:53:27.894538-07:00,read,key-2,55.761,1,false,leader-w3r3,1
2026-04-03T20:53:27.894615-07:00,read,key-8,55.742,1,false,leader-w3r3,1
2026-04-03T20:53:27.894538-07:00,read,key-0,55.820,1,false,leader-w3r3,1
2026-04-03T20:53:27.894843-07:00,read,key-0,55.563,1,false,leader-w3r3,1
2026-04-03T20:53:27.894791-07:00,read,key-6,55.620,3,false,leader-w3r3,1
2026-04-03T20:53:27.894889-07:00,read,key-5,55.561,1,false,leader-w3r3,1
2026-04-03T20:53:27.895155-07:00,read,key-8,55.308,1,false,leader-w3r3,1
2026-04-03T20:53:27.894613-07:00,read,key-2,55.889,1,false,leader-w3r3,1
2026-04-03T20:53:27.895221-07:00,read,key-6,56.586,3,false,leader-w3r3,1
2026-04-03T20:53:27.894912-07:00,read,key-7,57.106,0,false,leader-w3r3,1
2026-04-03T20:53:27.1602-07:00,write,key-2,821.318,1,false,leader-w3r3,1
2026-04-03T20:53:27.950297-07:00,read,key-0,54.523,1,false,leader-w3r3,1
2026-04-03T20:53:27.950412-07:00,read,key-3,54.548,1,false,leader-w3r3,1
2026-04-03T20:53:27.950236-07:00,read,key-5,54.736,1,false,leader-w3r3,1
2026-04-03T20:53:27.950408-07:00,read,key-6,54.621,3,false,leader-w3r3,1
2026-04-03T20:53:27.950302-07:00,read,key-6,54.747,3,false,leader-w3r3,1
2026-04-03T20:53:27.950361-07:00,read,key-5,54.741,1,false,leader-w3r3,1
2026-04-03T20:53:27.950179-07:00,read,key-0,55.388,1,false,leader-w3r3,1
2026-04-03T20:53:27.950465-07:00,read,key-2,55.179,1,false,leader-w3r3,1
2026-04-03T20:53:27.950359-07:00,read,key-1,55.352,5,false,leader-w3r3,1
2026-04-03T20:53:27.950503-07:00,read,key-3,55.314,1,false,leader-w3r3,1
2026-04-03T20:53:27.951809-07:00,read,key-5,54.089,1,false,leader-w3r3,1
2026-04-03T20:53:27.950452-07:00,read,key-7,55.466,0,false,leader-w3r3,1
2026-04-03T20:53:27.949977-07:00,read,key-4,57.238,5,false,leader-w3r3,1
2026-04-03T20:53:27.95202-07:00,read,key-1,55.280,5,false,leader-w3r3,1
2026-04-03T20:53:27.981519-07:00,read,key-7,58.397,0,false,leader-w3r3,1
2026-04-03T20:53:28.005712-07:00,read,key-5,55.258,1,false,leader-w3r3,1
2026-04-03T20:53:28.005899-07:00,read,key-8,55.093,1,false,leader-w3r3,1
2026-04-03T20:53:28.005568-07:00,read,key-5,55.486,1,false,leader-w3r3,1
2026-04-03T20:53:28.004974-07:00,read,key-5,56.092,1,false,leader-w3r3,1
2026-04-03T20:53:28.004962-07:00,read,key-1,56.165,5,false,leader-w3r3,1
2026-04-03T20:53:28.005645-07:00,read,key-2,55.630,1,false,leader-w3r3,1
2026-04-03T20:53:28.004824-07:00,read,key-8,56.492,1,false,leader-w3r3,1
2026-04-03T20:53:28.005919-07:00,read,key-9,57.417,3,false,leader-w3r3,1
2026-04-03T20:53:28.007218-07:00,read,key-5,56.187,1,false,leader-w3r3,1
2026-04-03T20:53:28.005818-07:00,read,key-3,57.678,1,false,leader-w3r3,1
2026-04-03T20:53:28.007301-07:00,read,key-6,56.250,3,false,leader-w3r3,1
2026-04-03T20:53:28.005103-07:00,read,key-4,58.489,5,false,leader-w3r3,1
2026-04-03T20:53:28.00505-07:00,read,key-2,58.614,1,false,leader-w3r3,1
2026-04-03T20:53:28.005031-07:00,read,key-2,60.470,1,false,leader-w3r3,1
2026-04-03T20:53:28.03992-07:00,read,key-6,53.318,3,false,leader-w3r3,1
2026-04-03T20:53:28.060994-07:00,read,key-1,59.950,5,false,leader-w3r3,1
2026-04-03T20:53:28.061128-07:00,read,key-5,59.950,1,false,leader-w3r3,1
2026-04-03T20:53:28.063666-07:00,read,key-4,57.614,5,false,leader-w3r3,1
2026-04-03T20:53:28.061318-07:00,read,key-6,60.015,3,false,leader-w3r3,1
2026-04-03T20:53:28.063498-07:00,read,key-6,57.886,3,false,leader-w3r3,1
2026-04-03T20:53:28.063594-07:00,read,key-6,57.985,3,false,leader-w3r3,1
2026-04-03T20:53:28.063339-07:00,read,key-4,58.274,5,false,leader-w3r3,1
2026-04-03T20:53:28.065503-07:00,read,key-3,56.283,1,false,leader-w3r3,1
2026-04-03T20:53:28.060973-07:00,read,key-2,60.899,1,false,leader-w3r3,1
2026-04-03T20:53:28.061276-07:00,read,key-3,60.656,1,false,leader-w3r3,1
2026-04-03T20:53:28.061055-07:00,read,key-1,60.925,5,false,leader-w3r3,1
2026-04-03T20:53:28.061068-07:00,read,key-3,60.964,1,false,leader-w3r3,1
2026-04-03T20:53:28.063553-07:00,read,key-8,58.523,1,false,leader-w3r3,1
2026-04-03T20:53:28.063406-07:00,read,key-6,58.698,3,false,leader-w3r3,1
2026-04-03T20:53:27.328049-07:00,write,key-9,803.179,2,false,leader-w3r3,1
2026-04-03T20:53:28.093242-07:00,read,key-1,58.842,5,false,leader-w3r3,1
2026-04-03T20:53:28.120948-07:00,read,key-2,60.416,1,false,leader-w3r3,1
2026-04-03T20:53:28.121981-07:00,read,key-8,59.395,1,false,leader-w3r3,1
2026-04-03T20:53:28.122105-07:00,read,key-2,59.318,1,false,leader-w3r3,1
2026-04-03T20:53:28.121615-07:00,read,key-7,59.816,0,false,leader-w3r3,1
2026-04-03T20:53:28.121334-07:00,read,key-4,60.099,5,false,leader-w3r3,1
2026-04-03T20:53:28.121934-07:00,read,key-0,59.506,1,false,leader-w3r3,1
2026-04-03T20:53:28.121874-07:00,read,key-6,59.568,3,false,leader-w3r3,1
2026-04-03T20:53:28.122077-07:00,read,key-6,59.374,3,false,leader-w3r3,1
2026-04-03T20:53:28.121386-07:00,read,key-5,60.069,1,false,leader-w3r3,1
2026-04-03T20:53:28.12108-07:00,read,key-0,60.378,1,false,leader-w3r3,1
2026-04-03T20:53:28.121581-07:00,read,key-6,59.892,3,false,leader-w3r3,1
2026-04-03T20:53:28.121282-07:00,read,key-0,60.193,1,false,leader-w3r3,1
2026-04-03T20:53:28.121788-07:00,read,key-7,59.696,0,false,leader-w3r3,1
2026-04-03T20:53:28.122033-07:00,read,key-5,59.477,1,false,leader-w3r3,1
2026-04-03T20:53:28.131239-07:00,read,key-5,51.488,1,false,leader-w3r3,1
2026-04-03T20:53:27.385918-07:00,write,key-1,807.333,5,false,leader-w3r3,1
2026-04-03T20:53:28.152089-07:00,read,key-8,57.974,1,false,leader-w3r3,1
2026-04-03T20:53:28.18146-07:00,read,key-0,57.082,1,false,leader-w3r3,1
2026-04-03T20:53:28.181453-07:00,read,key-1,57.198,5,false,leader-w3r3,1
2026-04-03T20:53:28.181476-07:00,read,key-0,57.265,1,false,leader-w3r3,1
2026-04-03T20:53:28.181368-07:00,read,key-5,57.427,1,false,leader-w3r3,1
2026-04-03T20:53:28.181457-07:00,read,key-0,57.387,1,false,leader-w3r3,1
2026-04-03T20:53:28.181484-07:00,read,key-6,57.412,3,false,leader-w3r3,1
2026-04-03T20:53:28.181443-07:00,read,key-2,57.499,1,false,leader-w3r3,1
2026-04-03T20:53:28.181475-07:00,read,key-2,57.514,1,false,leader-w3r3,1
2026-04-03T20:53:28.181442-07:00,read,key-7,57.746,0,false,leader-w3r3,1
2026-04-03T20:53:28.181378-07:00,read,key-7,57.866,0,false,leader-w3r3,1
2026-04-03T20:53:28.181435-07:00,read,key-6,57.876,3,false,leader-w3r3,1
2026-04-03T20:53:28.182729-07:00,read,key-9,56.713,3,false,leader-w3r3,1
2026-04-03T20:53:28.181433-07:00,read,key-8,58.047,1,false,leader-w3r3,1
2026-04-03T20:53:28.181511-07:00,read,key-3,58.001,1,false,leader-w3r3,1
2026-04-03T20:53:28.181424-07:00,read,key-7,58.119,0,false,leader-w3r3,1
2026-04-03T20:53:28.193251-07:00,read,key-7,51.793,0,false,leader-w3r3,1
2026-04-03T20:53:28.210068-07:00,read,key-5,52.971,1,false,leader-w3r3,1
2026-04-03T20:53:28.239514-07:00,read,key-1,55.374,5,false,leader-w3r3,1
2026-04-03T20:53:28.239444-07:00,read,key-8,55.549,1,false,leader-w3r3,1
2026-04-03T20:53:28.239544-07:00,read,key-8,55.518,1,false,leader-w3r3,1
2026-04-03T20:53:28.238653-07:00,read,key-0,56.447,1,false,leader-w3r3,1
2026-04-03T20:53:28.239481-07:00,read,key-1,55.705,5,false,leader-w3r3,1
2026-04-03T20:53:28.238796-07:00,read,key-5,56.421,1,false,leader-w3r3,1
2026-04-03T20:53:28.238545-07:00,read,key-4,56.684,5,false,leader-w3r3,1
2026-04-03T20:53:28.239246-07:00,read,key-7,56.011,0,false,leader-w3r3,1
2026-04-03T20:53:28.238742-07:00,read,key-4,56.535,5,false,leader-w3r3,1
2026-04-03T20:53:28.238844-07:00,read,key-3,56.466,1,false,leader-w3r3,1
2026-04-03T20:53:28.245047-07:00,read,key-2,51.924,1,false,leader-w3r3,1
2026-04-03T20:53:28.239313-07:00,read,key-4,57.730,5,false,leader-w3r3,1
2026-04-03T20:53:28.238898-07:00,read,key-2,58.172,1,false,leader-w3r3,1
2026-04-03T20:53:28.23899-07:00,read,key-0,58.098,1,false,leader-w3r3,1
2026-04-03T20:53:28.238944-07:00,read,key-2,58.158,1,false,leader-w3r3,1
2026-04-03T20:53:28.239189-07:00,read,key-1,57.930,5,false,leader-w3r3,1
2026-04-03T20:53:27.502992-07:00,write,key-0,805.829,1,false,leader-w3r3,1
2026-04-03T20:53:27.502927-07:00,write,key-6,806.780,3,false,leader-w3r3,1
2026-04-03T20:53:28.263043-07:00,read,key-9,54.247,3,false,leader-w3r3,1
2026-04-03T20:53:28.296973-07:00,read,key-6,57.082,3,false,leader-w3r3,1
2026-04-03T20:53:28.297103-07:00,read,key-0,57.013,1,false,leader-w3r3,1
2026-04-03T20:53:28.295278-07:00,read,key-6,58.878,3,false,leader-w3r3,1
2026-04-03T20:53:28.295188-07:00,read,key-6,58.988,3,false,leader-w3r3,1
2026-04-03T20:53:28.297044-07:00,read,key-7,57.149,0,false,leader-w3r3,1
2026-04-03T20:53:28.295312-07:00,read,key-5,58.881,1,false,leader-w3r3,1
2026-04-03T20:53:28.29489-07:00,read,key-4,59.365,5,false,leader-w3r3,1
2026-04-03T20:53:28.295258-07:00,read,key-7,59.027,0,false,leader-w3r3,1
2026-04-03T20:53:28.295063-07:00,read,key-0,59.227,1,false,leader-w3r3,1
2026-04-03T20:53:28.297121-07:00,read,key-1,57.181,5,false,leader-w3r3,1
2026-04-03T20:53:28.297089-07:00,read,key-5,57.239,1,false,leader-w3r3,1
2026-04-03T20:53:28.295101-07:00,read,key-0,59.295,1,false,leader-w3r3,1
2026-04-03T20:53:28.295219-07:00,read,key-9,59.251,3,false,leader-w3r3,1
2026-04-03T20:53:28.294994-07:00,read,key-7,59.498,0,false,leader-w3r3,1
2026-04-03T20:53:28.295231-07:00,read,key-7,59.284,0,false,leader-w3r3,1
2026-04-03T20:53:28.29707-07:00,read,key-6,57.453,3,false,leader-w3r3,1
2026-04-03T20:53:28.30882-07:00,read,key-7,52.123,0,false,leader-w3r3,1
2026-04-03T20:53:28.309706-07:00,read,key-8,54.304,1,false,leader-w3r3,1
2026-04-03T20:53:28.317293-07:00,read,key-3,53.756,1,false,leader-w3r3,1
2026-04-03T20:53:28.354516-07:00,read,key-4,62.396,5,false,leader-w3r3,1
2026-04-03T20:53:28.354304-07:00,read,key-4,62.608,5,false,leader-w3r3,1
2026-04-03T20:53:28.354329-07:00,read,key-3,62.583,1,false,leader-w3r3,1
2026-04-03T20:53:28.354397-07:00,read,key-8,62.560,1,false,leader-w3r3,1
2026-04-03T20:53:28.354291-07:00,read,key-4,62.689,5,false,leader-w3r3,1
2026-04-03T20:53:28.354119-07:00,read,key-7,62.901,0,false,leader-w3r3,1
2026-04-03T20:53:28.354526-07:00,read,key-4,62.503,5,false,leader-w3r3,1
2026-04-03T20:53:28.354177-07:00,read,key-9,62.972,3,false,leader-w3r3,1
2026-04-03T20:53:28.360945-07:00,read,key-2,56.214,1,false,leader-w3r3,1
2026-04-03T20:53:28.354057-07:00,read,key-2,63.186,1,false,leader-w3r3,1
2026-04-03T20:53:28.354471-07:00,read,key-6,62.780,3,false,leader-w3r3,1
2026-04-03T20:53:28.354195-07:00,read,key-0,63.079,1,false,leader-w3r3,1
2026-04-03T20:53:28.354493-07:00,read,key-6,62.784,3,false,leader-w3r3,1
2026-04-03T20:53:28.354194-07:00,read,key-6,63.100,3,false,leader-w3r3,1
2026-04-03T20:53:28.354286-07:00,read,key-5,63.022,1,false,leader-w3r3,1
2026-04-03T20:53:28.354257-07:00,read,key-6,63.058,3,false,leader-w3r3,1
2026-04-03T20:53:28.354158-07:00,read,key-1,63.168,5,false,leader-w3r3,1
2026-04-03T20:53:28.364012-07:00,read,key-1,54.660,5,false,leader-w3r3,1
2026-04-03T20:53:28.371052-07:00,read,key-8,51.255,1,false,leader-w3r3,1
2026-04-03T20:53:28.416913-07:00,read,key-4,58.914,5,false,leader-w3r3,1
2026-04-03T20:53:28.417295-07:00,read,key-6,58.555,3,false,leader-w3r3,1
2026-04-03T20:53:28.417245-07:00,read,key-5,58.673,1,false,leader-w3r3,1
2026-04-03T20:53:28.417309-07:00,read,key-8,58.624,1,false,leader-w3r3,1
2026-04-03T20:53:28.416914-07:00,read,key-1,59.072,5,false,leader-w3r3,1
2026-04-03T20:53:28.417021-07:00,read,key-5,58.981,1,false,leader-w3r3,1
2026-04-03T20:53:28.41715-07:00,read,key-4,58.896,5,false,leader-w3r3,1
2026-04-03T20:53:28.417315-07:00,read,key-4,58.754,5,false,leader-w3r3,1
2026-04-03T20:53:28.41703-07:00,read,key-3,59.083,1,false,leader-w3r3,1
2026-04-03T20:53:28.416982-07:00,read,key-0,59.160,1,false,leader-w3r3,1
2026-04-03T20:53:28.416958-07:00,read,key-5,59.269,1,false,leader-w3r3,1
2026-04-03T20:53:28.417275-07:00,read,key-3,59.041,1,false,leader-w3r3,1
2026-04-03T20:53:28.417278-07:00,read,key-9,59.068,3,false,leader-w3r3,1
2026-04-03T20:53:28.418675-07:00,read,key-7,57.697,0,false,leader-w3r3,1
2026-04-03T20:53:28.416913-07:00,read,key-7,59.513,0,false,leader-w3r3,1
2026-04-03T20:53:28.417162-07:00,read,key-6,59.282,3,false,leader-w3r3,1
2026-04-03T20:53:28.417252-07:00,read,key-4,59.229,5,false,leader-w3r3,1
2026-04-03T20:53:28.41737-07:00,read,key-0,59.137,1,false,leader-w3r3,1
2026-04-03T20:53:28.422309-07:00,read,key-8,57.653,1,false,leader-w3r3,1
2026-04-03T20:53:28.476509-07:00,read,key-9,58.441,3,false,leader-w3r3,1
2026-04-03T20:53:28.476228-07:00,read,key-1,58.721,5,false,leader-w3r3,1
2026-04-03T20:53:28.476346-07:00,read,key-5,58.729,1,false,leader-w3r3,1
2026-04-03T20:53:28.47583-07:00,read,key-8,59.292,1,false,leader-w3r3,1
2026-04-03T20:53:28.476427-07:00,read,key-8,58.724,1,false,leader-w3r3,1
2026-04-03T20:53:28.475919-07:00,read,key-8,59.277,1,false,leader-w3r3,1
2026-04-03T20:53:28.476374-07:00,read,key-5,58.839,1,false,leader-w3r3,1
2026-04-03T20:53:28.475988-07:00,read,key-7,59.314,0,false,leader-w3r3,1
2026-04-03T20:53:28.476446-07:00,read,key-8,58.858,1,false,leader-w3r3,1
2026-04-03T20:53:28.476316-07:00,read,key-6,59.072,3,false,leader-w3r3,1
2026-04-03T20:53:28.479965-07:00,read,key-5,55.552,1,false,leader-w3r3,1
2026-04-03T20:53:28.476114-07:00,read,key-5,59.468,1,false,leader-w3r3,1
2026-04-03T20:53:28.476003-07:00,read,key-1,59.626,5,false,leader-w3r3,1
2026-04-03T20:53:28.476047-07:00,read,key-3,59.630,1,false,leader-w3r3,1
2026-04-03T20:53:28.475935-07:00,read,key-3,59.802,1,false,leader-w3r3,1
2026-04-03T20:53:28.476143-07:00,read,key-4,59.650,5,false,leader-w3r3,1
2026-04-03T20:53:28.476071-07:00,read,key-7,59.809,0,false,leader-w3r3,1
2026-04-03T20:53:28.476482-07:00,read,key-5,59.443,1,false,leader-w3r3,1
2026-04-03T20:53:28.475852-07:00,read,key-3,60.088,1,false,leader-w3r3,1
2026-04-03T20:53:28.535306-07:00,read,key-1,56.571,5,false,leader-w3r3,1
2026-04-03T20:53:28.534956-07:00,read,key-0,56.924,1,false,leader-w3r3,1
2026-04-03T20:53:28.535077-07:00,read,key-4,56.799,5,false,leader-w3r3,1
2026-04-03T20:53:28.535125-07:00,read,key-7,56.969,0,false,leader-w3r3,1
2026-04-03T20:53:28.535214-07:00,read,key-6,56.945,3,false,leader-w3r3,1
2026-04-03T20:53:28.535152-07:00,read,key-4,57.025,5,false,leader-w3r3,1
2026-04-03T20:53:28.535795-07:00,read,key-0,56.436,1,false,leader-w3r3,1
2026-04-03T20:53:28.53579-07:00,read,key-8,56.464,1,false,leader-w3r3,1
2026-04-03T20:53:28.535941-07:00,read,key-5,56.373,1,false,leader-w3r3,1
2026-04-03T20:53:28.535197-07:00,read,key-3,57.175,1,false,leader-w3r3,1
2026-04-03T20:53:28.535519-07:00,read,key-2,56.895,1,false,leader-w3r3,1
2026-04-03T20:53:28.535738-07:00,read,key-7,56.704,0,false,leader-w3r3,1
2026-04-03T20:53:28.53563-07:00,read,key-7,56.834,1,false,leader-w3r3,1
2026-04-03T20:53:28.535679-07:00,read,key-4,56.809,5,false,leader-w3r3,1
2026-04-03T20:53:28.53539-07:00,read,key-4,57.101,5,false,leader-w3r3,1
2026-04-03T20:53:28.535303-07:00,read,key-3,57.270,1,false,leader-w3r3,1
2026-04-03T20:53:28.53588-07:00,read,key-7,56.695,0,false,leader-w3r3,1
2026-04-03T20:53:28.535583-07:00,read,key-9,57.018,3,false,leader-w3r3,1
2026-04-03T20:53:27.839638-07:00,write,key-9,805.850,3,false,leader-w3r3,1
2026-04-03T20:53:28.592162-07:00,read,key-9,54.783,4,false,leader-w3r3,1
2026-04-03T20:53:28.591912-07:00,read,key-9,55.122,3,false,leader-w3r3,1
2026-04-03T20:53:28.592492-07:00,read,key-4,54.598,5,false,leader-w3r3,1
2026-04-03T20:53:28.591883-07:00,read,key-7,55.229,0,false,leader-w3r3,1
2026-04-03T20:53:28.592489-07:00,read,key-9,54.676,3,false,leader-w3r3,1
2026-04-03T20:53:28.592233-07:00,read,key-6,54.954,3,false,leader-w3r3,1
2026-04-03T20:53:28.592465-07:00,read,key-1,54.773,5,false,leader-w3r3,1
2026-04-03T20:53:28.592415-07:00,read,key-1,54.865,5,false,leader-w3r3,1
2026-04-03T20:53:28.592179-07:00,read,key-7,55.151,1,false,leader-w3r3,1
2026-04-03T20:53:28.592574-07:00,read,key-1,54.816,5,false,leader-w3r3,1
2026-04-03T20:53:28.591882-07:00,read,key-0,55.509,1,false,leader-w3r3,1
2026-04-03T20:53:28.592373-07:00,read,key-9,55.243,4,false,leader-w3r3,1
2026-04-03T20:53:28.592316-07:00,read,key-0,55.358,1,false,leader-w3r3,1
2026-04-03T20:53:28.592444-07:00,read,key-1,55.287,5,false,leader-w3r3,1
2026-04-03T20:53:28.592256-07:00,read,key-3,55.527,1,false,leader-w3r3,1
2026-04-03T20:53:28.592603-07:00,read,key-9,55.256,4,false,leader-w3r3,1
2026-04-03T20:53:28.64549-07:00,read,key-8,55.211,1,false,leader-w3r3,1
2026-04-03T20:53:28.646947-07:00,read,key-8,53.938,1,false,leader-w3r3,1
2026-04-03T20:53:28.647675-07:00,read,key-8,53.261,1,false,leader-w3r3,1
2026-04-03T20:53:28.647166-07:00,read,key-1,53.882,6,false,leader-w3r3,1
2026-04-03T20:53:28.647035-07:00,read,key-3,54.066,1,false,leader-w3r3,1
2026-04-03T20:53:28.647732-07:00,read,key-6,55.425,3,false,leader-w3r3,1
2026-04-03T20:53:28.647189-07:00,read,key-6,56.091,3,false,leader-w3r3,1
2026-04-03T20:53:28.647392-07:00,read,key-9,55.901,4,false,leader-w3r3,1
2026-04-03T20:53:28.647331-07:00,read,key-8,56.013,1,false,leader-w3r3,1
2026-04-03T20:53:28.647113-07:00,read,key-4,56.274,5,false,leader-w3r3,1
2026-04-03T20:53:28.647281-07:00,read,key-5,56.112,1,false,leader-w3r3,1
2026-04-03T20:53:28.64786-07:00,read,key-3,55.580,1,false,leader-w3r3,1
2026-04-03T20:53:28.647092-07:00,read,key-8,56.379,1,false,leader-w3r3,1
2026-04-03T20:53:28.64724-07:00,read,key-1,56.262,6,false,leader-w3r3,1
2026-04-03T20:53:28.647618-07:00,read,key-8,55.932,1,false,leader-w3r3,1
2026-04-03T20:53:28.647784-07:00,read,key-1,55.905,5,false,leader-w3r3,1
2026-04-03T20:53:28.647393-07:00,read,key-6,56.326,3,false,leader-w3r3,1
2026-04-03T20:53:28.70316-07:00,read,key-8,57.089,1,false,leader-w3r3,1
2026-04-03T20:53:28.703691-07:00,read,key-8,56.680,1,false,leader-w3r3,1
2026-04-03T20:53:28.700706-07:00,read,key-4,59.683,5,false,leader-w3r3,1
2026-04-03T20:53:28.703551-07:00,read,key-4,56.924,5,false,leader-w3r3,1
2026-04-03T20:53:28.703295-07:00,read,key-9,57.206,4,false,leader-w3r3,1
2026-04-03T20:53:28.70372-07:00,read,key-2,56.809,1,false,leader-w3r3,1
2026-04-03T20:53:28.703503-07:00,read,key-2,57.052,1,false,leader-w3r3,1
2026-04-03T20:53:28.703473-07:00,read,key-6,57.108,3,false,leader-w3r3,1
2026-04-03T20:53:28.703441-07:00,read,key-0,57.188,1,false,leader-w3r3,1
2026-04-03T20:53:28.703389-07:00,read,key-7,57.298,1,false,leader-w3r3,1
2026-04-03T20:53:28.700938-07:00,read,key-7,59.814,1,false,leader-w3r3,1
2026-04-03T20:53:28.703345-07:00,read,key-1,57.423,6,false,leader-w3r3,1
2026-04-03T20:53:28.700887-07:00,read,key-2,59.900,1,false,leader-w3r3,1
2026-04-03T20:53:28.703281-07:00,read,key-8,57.511,1,false,leader-w3r3,1
2026-04-03T20:53:28.701103-07:00,read,key-8,59.711,1,false,leader-w3r3,1
2026-04-03T20:53:28.703395-07:00,read,key-9,57.440,4,false,leader-w3r3,1
2026-04-03T20:53:28.701049-07:00,read,key-6,59.834,3,false,leader-w3r3,1
2026-04-03T20:53:28.760391-07:00,read,key-6,57.155,3,false,leader-w3r3,1
2026-04-03T20:53:28.760253-07:00,read,key-4,57.404,5,false,leader-w3r3,1
2026-04-03T20:53:28.760789-07:00,read,key-9,56.939,4,false,leader-w3r3,1
2026-04-03T20:53:28.760689-07:00,read,key-9,57.073,4,false,leader-w3r3,1
2026-04-03T20:53:28.760753-07:00,read,key-2,57.025,1,false,leader-w3r3,1
2026-04-03T20:53:28.760372-07:00,read,key-5,57.444,1,false,leader-w3r3,1
2026-04-03T20:53:28.760502-07:00,read,key-0,57.322,1,false,leader-w3r3,1
2026-04-03T20:53:28.76063-07:00,read,key-7,57.214,1,false,leader-w3r3,1
2026-04-03T20:53:28.760816-07:00,read,key-5,57.053,1,false,leader-w3r3,1
2026-04-03T20:53:28.76053-07:00,read,key-4,57.349,5,false,leader-w3r3,1
2026-04-03T20:53:28.760836-07:00,read,key-6,57.054,3,false,leader-w3r3,1
2026-04-03T20:53:28.760557-07:00,read,key-3,57.366,1,false,leader-w3r3,1
2026-04-03T20:53:28.760476-07:00,read,key-0,57.466,1,false,leader-w3r3,1
2026-04-03T20:53:28.76077-07:00,read,key-4,58.133,5,false,leader-w3r3,1
2026-04-03T20:53:28.760582-07:00,read,key-8,58.340,1,false,leader-w3r3,1
2026-04-03T20:53:28.760793-07:00,read,key-5,58.186,1,false,leader-w3r3,1
2026-04-03T20:53:28.760884-07:00,read,key-0,58.113,1,false,leader-w3r3,1
2026-04-03T20:53:28.817943-07:00,read,key-7,61.932,1,false,leader-w3r3,1
2026-04-03T20:53:28.818998-07:00,read,key-8,60.920,1,false,leader-w3r3,1
2026-04-03T20:53:28.818924-07:00,read,key-8,61.064,1,false,leader-w3r3,1
2026-04-03T20:53:28.81787-07:00,read,key-3,62.213,1,false,leader-w3r3,1
2026-04-03T20:53:28.817763-07:00,read,key-8,62.542,1,false,leader-w3r3,1
2026-04-03T20:53:28.81766-07:00,read,key-0,62.757,1,false,leader-w3r3,1
2026-04-03T20:53:28.81755-07:00,read,key-4,62.867,5,false,leader-w3r3,1
2026-04-03T20:53:28.817925-07:00,read,key-6,62.573,3,false,leader-w3r3,1
2026-04-03T20:53:28.81778-07:00,read,key-1,62.720,6,false,leader-w3r3,1
2026-04-03T20:53:28.817846-07:00,read,key-5,62.693,1,false,leader-w3r3,1
2026-04-03T20:53:28.817818-07:00,read,key-8,62.744,1,false,leader-w3r3,1
2026-04-03T20:53:28.817881-07:00,read,key-9,62.715,4,false,leader-w3r3,1
2026-04-03T20:53:28.818981-07:00,read,key-2,61.629,1,false,leader-w3r3,1
2026-04-03T20:53:28.817891-07:00,read,key-9,62.762,4,false,leader-w3r3,1
2026-04-03T20:53:28.818905-07:00,read,key-7,61.753,1,false,leader-w3r3,1
2026-04-03T20:53:28.817729-07:00,read,key-7,62.958,1,false,leader-w3r3,1
2026-04-03T20:53:28.817826-07:00,read,key-3,62.889,1,false,leader-w3r3,1
2026-04-03T20:53:28.879883-07:00,read,key-6,55.893,3,false,leader-w3r3,1
2026-04-03T20:53:28.880085-07:00,read,key-2,55.760,1,false,leader-w3r3,1
2026-04-03T20:53:28.88042-07:00,read,key-0,55.467,1,false,leader-w3r3,1
2026-04-03T20:53:28.8805-07:00,read,key-6,55.483,3,false,leader-w3r3,1
2026-04-03T20:53:28.880563-07:00,read,key-1,55.422,6,false,leader-w3r3,1
2026-04-03T20:53:28.880612-07:00,read,key-2,55.414,1,false,leader-w3r3,1
2026-04-03T20:53:28.879989-07:00,read,key-8,56.056,1,false,leader-w3r3,1
2026-04-03T20:53:28.880502-07:00,read,key-7,55.559,1,false,leader-w3r3,1
2026-04-03T20:53:28.87992-07:00,read,key-1,56.254,6,false,leader-w3r3,1
2026-04-03T20:53:28.88054-07:00,read,key-5,55.640,1,false,leader-w3r3,1
2026-04-03T20:53:28.880307-07:00,read,key-5,55.878,1,false,leader-w3r3,1
2026-04-03T20:53:28.880419-07:00,read,key-6,55.796,3,false,leader-w3r3,1
2026-04-03T20:53:28.880597-07:00,read,key-0,57.609,1,false,leader-w3r3,1
2026-04-03T20:53:28.535926-07:00,write,key-7,812.456,1,false,leader-w3r3,1
2026-04-03T20:53:28.592576-07:00,write,key-1,808.670,6,false,leader-w3r3,1
2026-04-03T20:53:28.592095-07:00,write,key-9,809.151,4,false,leader-w3r3,1
