timestamp,type,key,latency_ms,version,stale_read,db_type,write_pct
2026-04-03T20:56:10.841888-07:00,read,key-1,8.216,1,false,leaderless,10
2026-04-03T20:56:10.841754-07:00,read,key-9,9.179,2,false,leaderless,10
2026-04-03T20:56:10.841942-07:00,read,key-3,9.040,2,false,leaderless,10
2026-04-03T20:56:10.842072-07:00,read,key-1,8.929,1,false,leaderless,10
2026-04-03T20:56:10.841898-07:00,read,key-8,9.153,2,false,leaderless,10
2026-04-03T20:56:10.841692-07:00,read,key-8,9.359,2,false,leaderless,10
2026-04-03T20:56:10.842089-07:00,read,key-1,8.988,1,false,leaderless,10
2026-04-03T20:56:10.841925-07:00,read,key-4,9.173,3,false,leaderless,10
2026-04-03T20:56:10.84195-07:00,read,key-5,9.169,4,false,leaderless,10
2026-04-03T20:56:10.841871-07:00,read,key-7,9.275,4,false,leaderless,10
2026-04-03T20:56:10.841766-07:00,read,key-0,9.382,2,false,leaderless,10
2026-04-03T20:56:10.841672-07:00,read,key-3,9.497,2,false,leaderless,10
2026-04-03T20:56:10.842064-07:00,read,key-7,9.120,4,false,leaderless,10
2026-04-03T20:56:10.841999-07:00,read,key-4,9.202,3,false,leaderless,10
2026-04-03T20:56:10.841866-07:00,read,key-5,9.338,4,false,leaderless,10
2026-04-03T20:56:10.851148-07:00,read,key-8,0.630,2,false,leaderless,10
2026-04-03T20:56:10.851098-07:00,read,key-2,0.698,3,false,leaderless,10
2026-04-03T20:56:10.851206-07:00,read,key-7,0.596,4,false,leaderless,10
2026-04-03T20:56:10.850935-07:00,read,key-2,0.885,3,false,leaderless,10
2026-04-03T20:56:10.851001-07:00,read,key-9,0.826,2,false,leaderless,10
2026-04-03T20:56:10.850984-07:00,read,key-1,0.864,2,false,leaderless,10
2026-04-03T20:56:10.850109-07:00,read,key-6,1.750,0,false,leaderless,10
2026-04-03T20:56:10.851069-07:00,read,key-2,0.794,3,false,leaderless,10
2026-04-03T20:56:10.851079-07:00,read,key-1,0.794,1,false,leaderless,10
2026-04-03T20:56:10.851185-07:00,read,key-1,1.599,1,false,leaderless,10
2026-04-03T20:56:10.851123-07:00,read,key-6,1.703,0,false,leaderless,10
2026-04-03T20:56:10.851849-07:00,read,key-3,0.986,2,false,leaderless,10
2026-04-03T20:56:10.85115-07:00,read,key-6,1.868,0,false,leaderless,10
2026-04-03T20:56:10.851864-07:00,read,key-4,1.166,3,false,leaderless,10
2026-04-03T20:56:10.85117-07:00,read,key-2,1.883,3,false,leaderless,10
2026-04-03T20:56:10.851806-07:00,read,key-4,2.006,3,false,leaderless,10
2026-04-03T20:56:10.851874-07:00,read,key-7,2.004,4,false,leaderless,10
2026-04-03T20:56:10.852828-07:00,read,key-2,1.100,3,false,leaderless,10
2026-04-03T20:56:10.852786-07:00,read,key-1,1.358,2,false,leaderless,10
2026-04-03T20:56:10.853055-07:00,read,key-1,1.390,1,false,leaderless,10
2026-04-03T20:56:10.853019-07:00,read,key-5,1.450,4,false,leaderless,10
2026-04-03T20:56:10.851204-07:00,read,key-9,3.578,2,false,leaderless,10
2026-04-03T20:56:10.853878-07:00,read,key-0,0.949,2,false,leaderless,10
2026-04-03T20:56:10.851828-07:00,read,key-9,3.020,2,false,leaderless,10
2026-04-03T20:56:10.85447-07:00,read,key-6,1.164,0,false,leaderless,10
2026-04-03T20:56:10.854849-07:00,read,key-6,0.823,0,false,leaderless,10
2026-04-03T20:56:10.852836-07:00,read,key-9,2.857,3,false,leaderless,10
2026-04-03T20:56:10.854145-07:00,read,key-8,1.580,2,false,leaderless,10
2026-04-03T20:56:10.854446-07:00,read,key-6,1.312,0,false,leaderless,10
2026-04-03T20:56:10.851797-07:00,read,key-1,3.964,1,false,leaderless,10
2026-04-03T20:56:10.853931-07:00,read,key-1,1.831,1,false,leaderless,10
2026-04-03T20:56:10.853031-07:00,read,key-4,2.746,3,false,leaderless,10
2026-04-03T20:56:10.851861-07:00,read,key-5,4.028,4,false,leaderless,10
2026-04-03T20:56:10.851779-07:00,read,key-6,4.129,0,false,leaderless,10
2026-04-03T20:56:10.851821-07:00,read,key-2,4.096,3,false,leaderless,10
2026-04-03T20:56:10.853812-07:00,read,key-0,2.125,2,false,leaderless,10
2026-04-03T20:56:10.855673-07:00,read,key-8,0.986,2,false,leaderless,10
2026-04-03T20:56:10.854828-07:00,read,key-4,1.892,3,false,leaderless,10
2026-04-03T20:56:10.855643-07:00,read,key-2,1.161,3,false,leaderless,10
2026-04-03T20:56:10.855765-07:00,read,key-4,1.073,3,false,leaderless,10
2026-04-03T20:56:10.854784-07:00,read,key-4,2.056,3,false,leaderless,10
2026-04-03T20:56:10.855694-07:00,read,key-2,1.169,3,false,leaderless,10
2026-04-03T20:56:10.855779-07:00,read,key-5,1.086,4,false,leaderless,10
2026-04-03T20:56:10.855759-07:00,read,key-7,1.122,4,false,leaderless,10
2026-04-03T20:56:10.855727-07:00,read,key-4,1.167,3,false,leaderless,10
2026-04-03T20:56:10.855909-07:00,read,key-3,0.997,2,false,leaderless,10
2026-04-03T20:56:10.855918-07:00,read,key-7,1.501,4,false,leaderless,10
2026-04-03T20:56:10.855938-07:00,read,key-3,1.511,2,false,leaderless,10
2026-04-03T20:56:10.856907-07:00,read,key-0,0.597,2,false,leaderless,10
2026-04-03T20:56:10.856721-07:00,read,key-7,0.785,4,false,leaderless,10
2026-04-03T20:56:10.856839-07:00,read,key-7,0.722,4,false,leaderless,10
2026-04-03T20:56:10.85666-07:00,read,key-2,0.942,3,false,leaderless,10
2026-04-03T20:56:10.856866-07:00,read,key-7,0.739,4,false,leaderless,10
2026-04-03T20:56:10.856895-07:00,read,key-1,0.736,1,false,leaderless,10
2026-04-03T20:56:10.85745-07:00,read,key-3,0.340,2,false,leaderless,10
2026-04-03T20:56:10.857604-07:00,read,key-5,0.420,4,false,leaderless,10
2026-04-03T20:56:10.857508-07:00,read,key-0,0.541,2,false,leaderless,10
2026-04-03T20:56:10.857562-07:00,read,key-9,0.540,2,false,leaderless,10
2026-04-03T20:56:10.857631-07:00,read,key-3,0.539,2,false,leaderless,10
2026-04-03T20:56:10.858172-07:00,read,key-9,0.302,2,false,leaderless,10
2026-04-03T20:56:10.858103-07:00,read,key-8,0.403,2,false,leaderless,10
2026-04-03T20:56:10.858049-07:00,read,key-3,0.529,2,false,leaderless,10
2026-04-03T20:56:10.857791-07:00,read,key-4,0.802,3,false,leaderless,10
2026-04-03T20:56:10.858506-07:00,read,key-5,0.565,4,false,leaderless,10
2026-04-03T20:56:10.858474-07:00,read,key-4,0.603,3,false,leaderless,10
2026-04-03T20:56:10.858579-07:00,read,key-3,0.503,2,false,leaderless,10
2026-04-03T20:56:10.858595-07:00,read,key-0,0.773,2,false,leaderless,10
2026-04-03T20:56:10.85937-07:00,read,key-1,0.466,1,false,leaderless,10
2026-04-03T20:56:10.859083-07:00,read,key-2,0.780,3,false,leaderless,10
2026-04-03T20:56:10.859075-07:00,read,key-6,1.494,0,false,leaderless,10
2026-04-03T20:56:10.858025-07:00,read,key-8,2.566,2,false,leaderless,10
2026-04-03T20:56:10.856882-07:00,read,key-5,3.767,7,false,leaderless,10
2026-04-03T20:56:10.859837-07:00,read,key-0,0.844,2,false,leaderless,10
2026-04-03T20:56:10.857607-07:00,read,key-0,3.076,3,false,leaderless,10
2026-04-03T20:56:10.856805-07:00,read,key-2,3.879,5,false,leaderless,10
2026-04-03T20:56:10.857505-07:00,read,key-4,3.195,3,false,leaderless,10
2026-04-03T20:56:10.859078-07:00,read,key-9,1.668,2,false,leaderless,10
2026-04-03T20:56:10.859864-07:00,read,key-2,0.989,3,false,leaderless,10
2026-04-03T20:56:10.860592-07:00,read,key-1,0.623,1,false,leaderless,10
2026-04-03T20:56:10.860571-07:00,read,key-8,0.731,2,false,leaderless,10
2026-04-03T20:56:10.860854-07:00,read,key-9,0.464,2,false,leaderless,10
2026-04-03T20:56:10.860686-07:00,read,key-6,0.638,0,false,leaderless,10
2026-04-03T20:56:10.860747-07:00,read,key-2,0.580,3,false,leaderless,10
2026-04-03T20:56:10.861303-07:00,read,key-1,0.776,1,false,leaderless,10
2026-04-03T20:56:10.861327-07:00,read,key-5,0.764,4,false,leaderless,10
2026-04-03T20:56:10.86065-07:00,read,key-9,1.449,2,false,leaderless,10
2026-04-03T20:56:10.861325-07:00,read,key-6,0.805,0,false,leaderless,10
2026-04-03T20:56:10.86132-07:00,read,key-6,0.810,0,false,leaderless,10
2026-04-03T20:56:10.862131-07:00,read,key-1,0.533,1,false,leaderless,10
2026-04-03T20:56:10.862093-07:00,read,key-5,0.599,4,false,leaderless,10
2026-04-03T20:56:10.8621-07:00,read,key-9,0.655,2,false,leaderless,10
2026-04-03T20:56:10.862693-07:00,read,key-3,0.500,2,false,leaderless,10
2026-04-03T20:56:10.862755-07:00,read,key-6,0.483,0,false,leaderless,10
2026-04-03T20:56:10.86324-07:00,read,key-6,0.553,0,false,leaderless,10
2026-04-03T20:56:10.860702-07:00,read,key-8,3.229,2,false,leaderless,10
2026-04-03T20:56:10.862132-07:00,read,key-5,1.803,8,false,leaderless,10
2026-04-03T20:56:10.863194-07:00,read,key-4,0.745,3,false,leaderless,10
2026-04-03T20:56:10.863794-07:00,read,key-1,0.513,1,false,leaderless,10
2026-04-03T20:56:10.863936-07:00,read,key-8,0.861,2,false,leaderless,10
2026-04-03T20:56:10.862665-07:00,read,key-8,2.843,2,false,leaderless,10
2026-04-03T20:56:10.863932-07:00,read,key-2,1.577,3,false,leaderless,10
2026-04-03T20:56:10.86551-07:00,read,key-3,0.313,2,false,leaderless,10
2026-04-03T20:56:10.865509-07:00,read,key-6,0.331,0,false,leaderless,10
2026-04-03T20:56:10.865825-07:00,read,key-9,1.489,5,false,leaderless,10
2026-04-03T20:56:10.867314-07:00,read,key-2,0.253,3,false,leaderless,10
2026-04-03T20:56:10.867568-07:00,read,key-5,0.284,4,false,leaderless,10
2026-04-03T20:56:10.867853-07:00,read,key-5,0.845,8,false,leaderless,10
2026-04-03T20:56:10.864798-07:00,write,key-4,808.544,6,false,leaderless,10
2026-04-03T20:56:10.841946-07:00,write,key-9,835.045,3,false,leaderless,10
2026-04-03T20:56:10.865841-07:00,write,key-4,812.352,5,false,leaderless,10
2026-04-03T20:56:10.856841-07:00,write,key-5,821.374,7,false,leaderless,10
2026-04-03T20:56:10.861217-07:00,write,key-7,817.006,6,false,leaderless,10
2026-04-03T20:56:10.84189-07:00,write,key-5,836.345,5,false,leaderless,10
2026-04-03T20:56:10.860685-07:00,write,key-5,817.554,8,false,leaderless,10
2026-04-03T20:56:10.860682-07:00,write,key-7,817.562,5,false,leaderless,10
2026-04-03T20:56:10.841697-07:00,write,key-1,836.552,2,false,leaderless,10
2026-04-03T20:56:10.862081-07:00,write,key-8,816.185,3,false,leaderless,10
2026-04-03T20:56:10.841987-07:00,write,key-2,836.281,4,false,leaderless,10
2026-04-03T20:56:10.841679-07:00,write,key-3,836.602,3,false,leaderless,10
2026-04-03T20:56:10.851056-07:00,write,key-0,827.230,3,false,leaderless,10
2026-04-03T20:56:10.86394-07:00,write,key-4,814.434,4,false,leaderless,10
2026-04-03T20:56:10.857421-07:00,write,key-1,820.980,3,false,leaderless,10
2026-04-03T20:56:10.856863-07:00,write,key-9,821.619,4,false,leaderless,10
2026-04-03T20:56:10.855762-07:00,write,key-2,822.745,5,false,leaderless,10
2026-04-03T20:56:10.864308-07:00,write,key-9,814.239,5,false,leaderless,10
2026-04-03T20:56:10.85589-07:00,write,key-5,822.679,6,false,leaderless,10
2026-04-03T20:56:10.868699-07:00,write,key-5,811.731,9,false,leaderless,10
2026-04-03T20:56:11.678245-07:00,read,key-5,3.343,9,false,leaderless,10
2026-04-03T20:56:11.678266-07:00,read,key-1,3.366,3,false,leaderless,10
2026-04-03T20:56:11.678374-07:00,read,key-5,3.265,9,false,leaderless,10
2026-04-03T20:56:11.676993-07:00,read,key-8,5.011,3,false,leaderless,10
2026-04-03T20:56:11.67335-07:00,read,key-0,8.854,3,false,leaderless,10
2026-04-03T20:56:11.678234-07:00,read,key-2,4.030,5,false,leaderless,10
2026-04-03T20:56:11.678508-07:00,read,key-2,3.775,5,false,leaderless,10
2026-04-03T20:56:11.678194-07:00,read,key-4,4.121,6,false,leaderless,10
2026-04-03T20:56:11.678282-07:00,read,key-7,4.048,7,false,leaderless,10
2026-04-03T20:56:11.678225-07:00,read,key-5,4.970,9,false,leaderless,10
2026-04-03T20:56:11.67825-07:00,read,key-3,5.272,3,false,leaderless,10
2026-04-03T20:56:11.678305-07:00,read,key-8,5.230,3,false,leaderless,10
2026-04-03T20:56:11.682316-07:00,read,key-2,1.224,5,false,leaderless,10
2026-04-03T20:56:11.682007-07:00,read,key-6,1.564,0,false,leaderless,10
2026-04-03T20:56:11.681635-07:00,read,key-2,2.229,5,false,leaderless,10
2026-04-03T20:56:11.68221-07:00,read,key-3,2.526,3,false,leaderless,10
2026-04-03T20:56:11.683524-07:00,read,key-0,1.219,3,false,leaderless,10
2026-04-03T20:56:11.681642-07:00,read,key-8,3.120,3,false,leaderless,10
2026-04-03T20:56:11.682284-07:00,read,key-3,2.686,3,false,leaderless,10
2026-04-03T20:56:11.678241-07:00,read,key-1,6.750,3,false,leaderless,10
2026-04-03T20:56:11.683537-07:00,read,key-4,1.457,6,false,leaderless,10
2026-04-03T20:56:11.683197-07:00,read,key-9,1.813,5,false,leaderless,10
2026-04-03T20:56:11.678481-07:00,read,key-1,6.545,3,false,leaderless,10
2026-04-03T20:56:11.678401-07:00,read,key-7,6.645,6,false,leaderless,10
2026-04-03T20:56:11.678569-07:00,read,key-9,6.480,5,false,leaderless,10
2026-04-03T20:56:11.682266-07:00,read,key-2,2.812,5,false,leaderless,10
2026-04-03T20:56:11.680431-07:00,read,key-1,4.656,3,false,leaderless,10
2026-04-03T20:56:11.67827-07:00,read,key-9,6.831,5,false,leaderless,10
2026-04-03T20:56:11.678548-07:00,read,key-8,6.558,3,false,leaderless,10
2026-04-03T20:56:11.684741-07:00,read,key-4,0.795,6,false,leaderless,10
2026-04-03T20:56:11.685011-07:00,read,key-1,1.444,3,false,leaderless,10
2026-04-03T20:56:11.684994-07:00,read,key-3,1.477,3,false,leaderless,10
2026-04-03T20:56:11.684971-07:00,read,key-9,1.511,5,false,leaderless,10
2026-04-03T20:56:11.683572-07:00,read,key-5,3.105,10,false,leaderless,10
2026-04-03T20:56:11.684766-07:00,read,key-5,2.033,9,false,leaderless,10
2026-04-03T20:56:11.684745-07:00,read,key-7,2.065,7,false,leaderless,10
2026-04-03T20:56:11.685047-07:00,read,key-8,1.768,3,false,leaderless,10
2026-04-03T20:56:11.685102-07:00,read,key-4,1.722,6,false,leaderless,10
2026-04-03T20:56:11.685536-07:00,read,key-9,1.294,5,false,leaderless,10
2026-04-03T20:56:11.683866-07:00,read,key-8,2.967,3,false,leaderless,10
2026-04-03T20:56:11.685028-07:00,read,key-3,1.824,3,false,leaderless,10
2026-04-03T20:56:11.686456-07:00,read,key-0,0.533,3,false,leaderless,10
2026-04-03T20:56:11.683541-07:00,read,key-4,3.478,6,false,leaderless,10
2026-04-03T20:56:11.685051-07:00,read,key-6,1.978,0,false,leaderless,10
2026-04-03T20:56:11.686483-07:00,read,key-6,1.004,0,false,leaderless,10
2026-04-03T20:56:11.686678-07:00,read,key-4,0.823,6,false,leaderless,10
2026-04-03T20:56:11.686834-07:00,read,key-0,0.674,3,false,leaderless,10
2026-04-03T20:56:11.686471-07:00,read,key-0,1.052,3,false,leaderless,10
2026-04-03T20:56:11.686831-07:00,read,key-5,0.701,9,false,leaderless,10
2026-04-03T20:56:11.687031-07:00,read,key-5,0.636,9,false,leaderless,10
2026-04-03T20:56:11.686989-07:00,read,key-2,0.722,5,false,leaderless,10
2026-04-03T20:56:11.685079-07:00,read,key-8,2.653,3,false,leaderless,10
2026-04-03T20:56:11.686816-07:00,read,key-8,0.928,3,false,leaderless,10
2026-04-03T20:56:11.686811-07:00,read,key-7,0.941,6,false,leaderless,10
2026-04-03T20:56:11.685089-07:00,read,key-5,2.892,9,false,leaderless,10
2026-04-03T20:56:11.685108-07:00,read,key-5,2.896,9,false,leaderless,10
2026-04-03T20:56:11.687509-07:00,read,key-8,0.720,3,false,leaderless,10
2026-04-03T20:56:11.687533-07:00,read,key-2,0.746,5,false,leaderless,10
2026-04-03T20:56:11.687022-07:00,read,key-1,1.260,3,false,leaderless,10
2026-04-03T20:56:11.687668-07:00,read,key-7,0.644,6,false,leaderless,10
2026-04-03T20:56:11.687745-07:00,read,key-7,0.570,6,false,leaderless,10
2026-04-03T20:56:11.687502-07:00,read,key-3,0.833,3,false,leaderless,10
2026-04-03T20:56:11.687488-07:00,read,key-8,1.139,3,false,leaderless,10
2026-04-03T20:56:11.687983-07:00,read,key-6,0.653,0,false,leaderless,10
2026-04-03T20:56:11.688005-07:00,read,key-3,0.640,3,false,leaderless,10
2026-04-03T20:56:11.687734-07:00,read,key-4,1.515,6,false,leaderless,10
2026-04-03T20:56:11.68823-07:00,read,key-1,1.047,3,false,leaderless,10
2026-04-03T20:56:11.688281-07:00,read,key-9,1.018,5,false,leaderless,10
2026-04-03T20:56:11.688283-07:00,read,key-0,1.028,3,false,leaderless,10
2026-04-03T20:56:11.689312-07:00,read,key-7,0.890,6,false,leaderless,10
2026-04-03T20:56:11.688638-07:00,read,key-4,1.571,6,false,leaderless,10
2026-04-03T20:56:11.688646-07:00,read,key-9,1.575,5,false,leaderless,10
2026-04-03T20:56:11.688313-07:00,read,key-4,2.078,6,false,leaderless,10
2026-04-03T20:56:11.689251-07:00,read,key-0,1.708,3,false,leaderless,10
2026-04-03T20:56:11.688628-07:00,read,key-7,2.517,7,false,leaderless,10
2026-04-03T20:56:11.6893-07:00,read,key-4,1.875,6,false,leaderless,10
2026-04-03T20:56:11.688338-07:00,read,key-2,2.910,5,false,leaderless,10
2026-04-03T20:56:11.688316-07:00,read,key-6,2.983,0,false,leaderless,10
2026-04-03T20:56:11.689279-07:00,read,key-3,2.037,3,false,leaderless,10
2026-04-03T20:56:11.690209-07:00,read,key-7,1.165,6,false,leaderless,10
2026-04-03T20:56:11.690203-07:00,read,key-4,1.300,6,false,leaderless,10
2026-04-03T20:56:11.69096-07:00,read,key-1,0.678,3,false,leaderless,10
2026-04-03T20:56:11.691376-07:00,read,key-8,0.561,3,false,leaderless,10
2026-04-03T20:56:11.691176-07:00,read,key-0,0.774,3,false,leaderless,10
2026-04-03T20:56:11.690393-07:00,read,key-1,1.592,3,false,leaderless,10
2026-04-03T20:56:11.691147-07:00,read,key-8,0.882,3,false,leaderless,10
2026-04-03T20:56:11.691318-07:00,read,key-3,0.758,3,false,leaderless,10
2026-04-03T20:56:11.69125-07:00,read,key-4,0.912,6,false,leaderless,10
2026-04-03T20:56:11.6913-07:00,read,key-7,0.866,6,false,leaderless,10
2026-04-03T20:56:11.691985-07:00,read,key-7,0.521,7,false,leaderless,10
2026-04-03T20:56:11.691504-07:00,read,key-4,1.032,6,false,leaderless,10
2026-04-03T20:56:11.692078-07:00,read,key-6,0.480,0,false,leaderless,10
2026-04-03T20:56:11.691938-07:00,read,key-1,0.625,3,false,leaderless,10
2026-04-03T20:56:11.691639-07:00,read,key-7,1.006,6,false,leaderless,10
2026-04-03T20:56:11.691951-07:00,read,key-1,0.726,3,false,leaderless,10
2026-04-03T20:56:11.692508-07:00,read,key-9,0.464,6,false,leaderless,10
2026-04-03T20:56:11.692168-07:00,read,key-2,0.824,5,false,leaderless,10
2026-04-03T20:56:11.692537-07:00,read,key-9,0.464,5,false,leaderless,10
2026-04-03T20:56:11.692163-07:00,read,key-5,0.876,9,false,leaderless,10
2026-04-03T20:56:11.692565-07:00,read,key-6,0.489,0,false,leaderless,10
2026-04-03T20:56:11.692558-07:00,read,key-4,0.862,6,false,leaderless,10
2026-04-03T20:56:11.693055-07:00,read,key-4,0.572,6,false,leaderless,10
2026-04-03T20:56:11.693003-07:00,read,key-8,0.689,3,false,leaderless,10
2026-04-03T20:56:11.693693-07:00,read,key-8,0.397,3,false,leaderless,10
2026-04-03T20:56:11.692647-07:00,read,key-9,1.853,5,false,leaderless,10
2026-04-03T20:56:11.693041-07:00,read,key-8,1.496,3,false,leaderless,10
2026-04-03T20:56:11.692679-07:00,read,key-4,1.887,6,false,leaderless,10
2026-04-03T20:56:11.694091-07:00,read,key-7,0.828,6,false,leaderless,10
2026-04-03T20:56:11.694568-07:00,read,key-8,0.362,3,false,leaderless,10
2026-04-03T20:56:11.693421-07:00,read,key-0,1.518,4,false,leaderless,10
2026-04-03T20:56:11.694501-07:00,read,key-0,0.451,3,false,leaderless,10
2026-04-03T20:56:11.694537-07:00,read,key-1,0.502,3,false,leaderless,10
2026-04-03T20:56:11.693629-07:00,read,key-4,1.632,7,false,leaderless,10
2026-04-03T20:56:11.69492-07:00,read,key-7,0.441,6,false,leaderless,10
2026-04-03T20:56:11.694953-07:00,read,key-4,0.537,6,false,leaderless,10
2026-04-03T20:56:11.69494-07:00,read,key-9,0.581,5,false,leaderless,10
2026-04-03T20:56:11.69493-07:00,read,key-2,0.693,5,false,leaderless,10
2026-04-03T20:56:11.695362-07:00,read,key-3,0.683,3,false,leaderless,10
2026-04-03T20:56:11.69504-07:00,read,key-4,1.038,7,false,leaderless,10
2026-04-03T20:56:11.695262-07:00,read,key-6,0.829,0,false,leaderless,10
2026-04-03T20:56:11.695624-07:00,read,key-3,0.853,3,false,leaderless,10
2026-04-03T20:56:11.695524-07:00,read,key-6,0.981,0,false,leaderless,10
2026-04-03T20:56:11.695491-07:00,read,key-5,1.078,9,false,leaderless,10
2026-04-03T20:56:11.696046-07:00,read,key-1,0.677,7,false,leaderless,10
2026-04-03T20:56:11.696092-07:00,read,key-8,0.632,3,false,leaderless,10
2026-04-03T20:56:11.69608-07:00,read,key-2,0.648,5,false,leaderless,10
2026-04-03T20:56:11.696478-07:00,read,key-6,0.475,0,false,leaderless,10
2026-04-03T20:56:11.696507-07:00,read,key-7,0.473,6,false,leaderless,10
2026-04-03T20:56:11.696571-07:00,read,key-9,0.420,6,false,leaderless,10
2026-04-03T20:56:11.696724-07:00,read,key-7,0.328,6,false,leaderless,10
2026-04-03T20:56:11.696729-07:00,read,key-4,0.423,6,false,leaderless,10
2026-04-03T20:56:11.696726-07:00,read,key-2,0.478,6,false,leaderless,10
2026-04-03T20:56:11.696993-07:00,read,key-6,0.536,0,false,leaderless,10
2026-04-03T20:56:11.696981-07:00,read,key-2,0.584,6,false,leaderless,10
2026-04-03T20:56:11.697154-07:00,read,key-2,0.471,5,false,leaderless,10
2026-04-03T20:56:11.697206-07:00,read,key-6,0.465,0,false,leaderless,10
2026-04-03T20:56:11.697566-07:00,read,key-9,0.417,5,false,leaderless,10
2026-04-03T20:56:11.697627-07:00,read,key-8,0.390,3,false,leaderless,10
2026-04-03T20:56:11.697672-07:00,read,key-5,0.360,9,false,leaderless,10
2026-04-03T20:56:11.697053-07:00,read,key-8,1.009,4,false,leaderless,10
2026-04-03T20:56:11.697529-07:00,read,key-1,0.542,7,false,leaderless,10
2026-04-03T20:56:11.697985-07:00,read,key-7,0.299,6,false,leaderless,10
2026-04-03T20:56:11.698018-07:00,read,key-7,0.346,6,false,leaderless,10
2026-04-03T20:56:11.698032-07:00,read,key-2,0.608,5,false,leaderless,10
2026-04-03T20:56:11.698285-07:00,read,key-7,0.374,6,false,leaderless,10
2026-04-03T20:56:11.698366-07:00,read,key-5,0.310,9,false,leaderless,10
2026-04-03T20:56:11.698642-07:00,read,key-9,0.398,5,false,leaderless,10
2026-04-03T20:56:11.69866-07:00,read,key-9,0.413,5,false,leaderless,10
2026-04-03T20:56:11.698677-07:00,read,key-1,0.417,3,false,leaderless,10
2026-04-03T20:56:11.69904-07:00,read,key-4,0.439,6,false,leaderless,10
2026-04-03T20:56:11.699074-07:00,read,key-5,0.408,9,false,leaderless,10
2026-04-03T20:56:11.699095-07:00,read,key-9,0.534,5,false,leaderless,10
2026-04-03T20:56:11.69948-07:00,read,key-0,0.364,3,false,leaderless,10
2026-04-03T20:56:11.699483-07:00,read,key-1,0.365,7,false,leaderless,10
2026-04-03T20:56:11.69963-07:00,read,key-7,0.298,6,false,leaderless,10
2026-04-03T20:56:11.69985-07:00,read,key-3,0.221,4,false,leaderless,10
2026-04-03T20:56:11.699845-07:00,read,key-0,0.272,3,false,leaderless,10
2026-04-03T20:56:11.699929-07:00,read,key-0,0.363,3,false,leaderless,10
2026-04-03T20:56:11.700118-07:00,read,key-8,0.235,3,false,leaderless,10
2026-04-03T20:56:11.700072-07:00,read,key-7,0.293,6,false,leaderless,10
2026-04-03T20:56:11.700293-07:00,read,key-7,0.264,6,false,leaderless,10
2026-04-03T20:56:11.700366-07:00,read,key-0,0.307,3,false,leaderless,10
2026-04-03T20:56:11.700354-07:00,read,key-1,0.321,3,false,leaderless,10
2026-04-03T20:56:11.700558-07:00,read,key-1,0.311,3,false,leaderless,10
2026-04-03T20:56:11.700677-07:00,read,key-5,0.307,9,false,leaderless,10
2026-04-03T20:56:11.700675-07:00,read,key-0,0.311,3,false,leaderless,10
2026-04-03T20:56:11.700985-07:00,read,key-8,0.302,4,false,leaderless,10
2026-04-03T20:56:11.700987-07:00,read,key-9,0.308,5,false,leaderless,10
2026-04-03T20:56:11.70087-07:00,read,key-2,0.471,5,false,leaderless,10
2026-04-03T20:56:11.701342-07:00,read,key-9,0.261,5,false,leaderless,10
2026-04-03T20:56:11.701296-07:00,read,key-4,0.337,6,false,leaderless,10
2026-04-03T20:56:11.701604-07:00,read,key-8,0.269,3,false,leaderless,10
2026-04-03T20:56:11.701634-07:00,read,key-0,0.287,3,false,leaderless,10
2026-04-03T20:56:11.701922-07:00,read,key-9,0.241,5,false,leaderless,10
2026-04-03T20:56:11.701875-07:00,read,key-7,0.361,6,false,leaderless,10
2026-04-03T20:56:11.702221-07:00,read,key-1,0.379,3,false,leaderless,10
2026-04-03T20:56:11.702237-07:00,read,key-0,0.404,3,false,leaderless,10
2026-04-03T20:56:11.702641-07:00,read,key-3,0.256,3,false,leaderless,10
2026-04-03T20:56:11.702601-07:00,read,key-2,0.311,5,false,leaderless,10
2026-04-03T20:56:11.702913-07:00,read,key-3,0.300,3,false,leaderless,10
2026-04-03T20:56:11.702898-07:00,read,key-6,0.395,0,false,leaderless,10
2026-04-03T20:56:11.703213-07:00,read,key-8,0.289,3,false,leaderless,10
2026-04-03T20:56:11.703294-07:00,read,key-8,0.229,3,false,leaderless,10
2026-04-03T20:56:11.703503-07:00,read,key-1,0.262,3,false,leaderless,10
2026-04-03T20:56:11.703766-07:00,read,key-2,0.229,5,false,leaderless,10
2026-04-03T20:56:11.703997-07:00,read,key-8,0.228,3,false,leaderless,10
2026-04-03T20:56:11.703524-07:00,read,key-0,2.279,5,false,leaderless,10
2026-04-03T20:56:11.704225-07:00,read,key-2,1.622,6,false,leaderless,10
2026-04-03T20:56:11.686801-07:00,write,key-1,811.886,5,false,leaderless,10
2026-04-03T20:56:11.686853-07:00,write,key-9,811.835,6,false,leaderless,10
2026-04-03T20:56:11.692992-07:00,write,key-5,805.970,13,false,leaderless,10
2026-04-03T20:56:11.687712-07:00,write,key-0,811.262,4,false,leaderless,10
2026-04-03T20:56:11.692032-07:00,write,key-1,807.047,7,false,leaderless,10
2026-04-03T20:56:11.684996-07:00,write,key-5,814.116,11,false,leaderless,10
2026-04-03T20:56:11.687753-07:00,write,key-5,811.392,12,false,leaderless,10
2026-04-03T20:56:11.686825-07:00,write,key-4,812.377,7,false,leaderless,10
2026-04-03T20:56:11.681591-07:00,write,key-5,817.669,10,false,leaderless,10
2026-04-03T20:56:11.687524-07:00,write,key-1,811.799,6,false,leaderless,10
2026-04-03T20:56:11.682332-07:00,write,key-1,817.111,4,false,leaderless,10
2026-04-03T20:56:11.690222-07:00,write,key-2,809.328,6,false,leaderless,10
2026-04-03T20:56:11.678215-07:00,write,key-7,821.365,7,false,leaderless,10
2026-04-03T20:56:11.692973-07:00,write,key-7,806.706,8,false,leaderless,10
2026-04-03T20:56:11.698063-07:00,write,key-3,803.079,4,false,leaderless,10
2026-04-03T20:56:11.696954-07:00,write,key-8,804.295,4,false,leaderless,10
2026-04-03T20:56:11.698072-07:00,write,key-9,803.290,7,false,leaderless,10
2026-04-03T20:56:12.498697-07:00,read,key-4,3.133,7,false,leaderless,10
2026-04-03T20:56:12.499581-07:00,read,key-4,2.393,7,false,leaderless,10
2026-04-03T20:56:12.499201-07:00,read,key-0,2.840,5,false,leaderless,10
2026-04-03T20:56:12.501143-07:00,read,key-8,0.998,5,false,leaderless,10
2026-04-03T20:56:12.501362-07:00,read,key-1,0.781,7,false,leaderless,10
2026-04-03T20:56:12.498964-07:00,read,key-3,3.192,4,false,leaderless,10
2026-04-03T20:56:12.498975-07:00,read,key-6,3.205,1,false,leaderless,10
2026-04-03T20:56:12.499111-07:00,read,key-2,3.070,6,false,leaderless,10
2026-04-03T20:56:12.499144-07:00,read,key-1,3.046,7,false,leaderless,10
2026-04-03T20:56:12.499443-07:00,read,key-4,2.798,7,false,leaderless,10
2026-04-03T20:56:12.499079-07:00,read,key-4,3.627,7,false,leaderless,10
2026-04-03T20:56:12.502043-07:00,read,key-1,1.007,7,false,leaderless,10
2026-04-03T20:56:12.501835-07:00,read,key-3,1.576,4,false,leaderless,10
2026-04-03T20:56:12.502184-07:00,read,key-3,1.252,4,false,leaderless,10
2026-04-03T20:56:12.50216-07:00,read,key-9,1.297,7,false,leaderless,10
2026-04-03T20:56:12.501977-07:00,read,key-2,1.478,6,false,leaderless,10
2026-04-03T20:56:12.502192-07:00,read,key-2,1.312,7,false,leaderless,10
2026-04-03T20:56:12.502708-07:00,read,key-2,0.935,6,false,leaderless,10
2026-04-03T20:56:12.49926-07:00,read,key-8,4.633,5,false,leaderless,10
2026-04-03T20:56:12.50346-07:00,read,key-6,1.105,1,false,leaderless,10
2026-04-03T20:56:11.701289-07:00,write,key-0,803.283,5,false,leaderless,10
2026-04-03T20:56:12.503054-07:00,read,key-6,1.671,1,false,leaderless,10
2026-04-03T20:56:12.502242-07:00,read,key-5,2.693,14,false,leaderless,10
2026-04-03T20:56:12.502185-07:00,read,key-5,3.193,13,false,leaderless,10
2026-04-03T20:56:12.504567-07:00,read,key-2,1.493,6,false,leaderless,10
2026-04-03T20:56:12.503459-07:00,read,key-6,2.644,1,false,leaderless,10
2026-04-03T20:56:12.503644-07:00,read,key-2,2.471,6,false,leaderless,10
2026-04-03T20:56:12.504571-07:00,read,key-4,1.545,7,false,leaderless,10
2026-04-03T20:56:12.503506-07:00,read,key-1,2.898,7,false,leaderless,10
2026-04-03T20:56:12.503896-07:00,read,key-2,3.081,6,false,leaderless,10
2026-04-03T20:56:12.499678-07:00,read,key-9,7.338,7,false,leaderless,10
2026-04-03T20:56:12.503414-07:00,read,key-2,3.623,7,false,leaderless,10
2026-04-03T20:56:12.504728-07:00,read,key-5,2.326,13,false,leaderless,10
2026-04-03T20:56:12.506103-07:00,read,key-3,0.968,4,false,leaderless,10
2026-04-03T20:56:12.501249-07:00,read,key-5,5.833,13,false,leaderless,10
2026-04-03T20:56:12.499323-07:00,read,key-9,7.781,7,false,leaderless,10
2026-04-03T20:56:12.502145-07:00,read,key-3,4.964,4,false,leaderless,10
2026-04-03T20:56:12.499551-07:00,read,key-1,7.570,7,false,leaderless,10
2026-04-03T20:56:12.506063-07:00,read,key-4,1.105,7,false,leaderless,10
2026-04-03T20:56:12.506117-07:00,read,key-5,1.092,14,false,leaderless,10
2026-04-03T20:56:12.505379-07:00,read,key-3,1.876,4,false,leaderless,10
2026-04-03T20:56:12.506406-07:00,read,key-1,1.021,7,false,leaderless,10
2026-04-03T20:56:12.506119-07:00,read,key-9,2.334,7,false,leaderless,10
2026-04-03T20:56:12.507084-07:00,read,key-0,1.410,5,false,leaderless,10
2026-04-03T20:56:12.507212-07:00,read,key-5,1.308,13,false,leaderless,10
2026-04-03T20:56:12.507169-07:00,read,key-9,1.356,7,false,leaderless,10
2026-04-03T20:56:12.507037-07:00,read,key-9,1.498,7,false,leaderless,10
2026-04-03T20:56:12.507055-07:00,read,key-4,1.496,7,false,leaderless,10
2026-04-03T20:56:12.506979-07:00,read,key-3,1.715,4,false,leaderless,10
2026-04-03T20:56:12.504937-07:00,read,key-0,3.861,5,false,leaderless,10
2026-04-03T20:56:12.507428-07:00,read,key-8,1.399,5,false,leaderless,10
2026-04-03T20:56:12.508495-07:00,read,key-8,0.650,5,false,leaderless,10
2026-04-03T20:56:12.508454-07:00,read,key-9,0.839,7,false,leaderless,10
2026-04-03T20:56:12.507072-07:00,read,key-5,2.310,15,false,leaderless,10
2026-04-03T20:56:12.507257-07:00,read,key-2,2.554,6,false,leaderless,10
2026-04-03T20:56:12.509146-07:00,read,key-1,0.681,7,false,leaderless,10
2026-04-03T20:56:12.508552-07:00,read,key-4,1.291,7,false,leaderless,10
2026-04-03T20:56:12.507111-07:00,read,key-8,2.737,5,false,leaderless,10
2026-04-03T20:56:12.507123-07:00,read,key-5,2.737,13,false,leaderless,10
2026-04-03T20:56:12.507106-07:00,read,key-2,2.790,7,false,leaderless,10
2026-04-03T20:56:12.508829-07:00,read,key-7,1.070,8,false,leaderless,10
2026-04-03T20:56:12.5088-07:00,read,key-2,1.104,6,false,leaderless,10
2026-04-03T20:56:12.508537-07:00,read,key-2,1.395,6,false,leaderless,10
2026-04-03T20:56:12.509295-07:00,read,key-4,0.639,8,false,leaderless,10
2026-04-03T20:56:12.508696-07:00,read,key-6,1.251,1,false,leaderless,10
2026-04-03T20:56:12.509933-07:00,read,key-0,0.760,5,false,leaderless,10
2026-04-03T20:56:12.509897-07:00,read,key-8,0.895,5,false,leaderless,10
2026-04-03T20:56:12.509829-07:00,read,key-6,0.976,1,false,leaderless,10
2026-04-03T20:56:12.50985-07:00,read,key-6,0.968,1,false,leaderless,10
2026-04-03T20:56:12.509845-07:00,read,key-2,0.987,6,false,leaderless,10
2026-04-03T20:56:12.509906-07:00,read,key-5,0.960,13,false,leaderless,10
2026-04-03T20:56:12.509813-07:00,read,key-8,1.123,5,false,leaderless,10
2026-04-03T20:56:12.509934-07:00,read,key-1,1.005,7,false,leaderless,10
2026-04-03T20:56:12.509862-07:00,read,key-5,1.174,13,false,leaderless,10
2026-04-03T20:56:12.510833-07:00,read,key-9,0.676,7,false,leaderless,10
2026-04-03T20:56:12.51082-07:00,read,key-1,0.711,7,false,leaderless,10
2026-04-03T20:56:12.510868-07:00,read,key-1,0.726,7,false,leaderless,10
2026-04-03T20:56:12.510807-07:00,read,key-4,0.790,8,false,leaderless,10
2026-04-03T20:56:11.705848-07:00,write,key-6,805.762,1,false,leaderless,10
2026-04-03T20:56:11.705803-07:00,write,key-8,805.809,5,false,leaderless,10
2026-04-03T20:56:12.510941-07:00,read,key-9,0.882,7,false,leaderless,10
2026-04-03T20:56:12.511036-07:00,read,key-4,0.987,7,false,leaderless,10
2026-04-03T20:56:12.509899-07:00,read,key-5,2.183,13,false,leaderless,10
2026-04-03T20:56:12.510694-07:00,read,key-1,1.425,7,false,leaderless,10
2026-04-03T20:56:12.511611-07:00,read,key-3,0.647,4,false,leaderless,10
2026-04-03T20:56:12.511598-07:00,read,key-2,0.699,6,false,leaderless,10
2026-04-03T20:56:12.511511-07:00,read,key-6,0.829,1,false,leaderless,10
2026-04-03T20:56:12.511609-07:00,read,key-1,0.744,7,false,leaderless,10
2026-04-03T20:56:12.512083-07:00,read,key-4,0.391,7,false,leaderless,10
2026-04-03T20:56:12.511824-07:00,read,key-6,0.686,1,false,leaderless,10
2026-04-03T20:56:12.511532-07:00,read,key-5,0.980,15,false,leaderless,10
2026-04-03T20:56:12.512259-07:00,read,key-9,0.537,7,false,leaderless,10
2026-04-03T20:56:12.512121-07:00,read,key-7,0.691,8,false,leaderless,10
2026-04-03T20:56:12.512025-07:00,read,key-9,0.816,7,false,leaderless,10
2026-04-03T20:56:12.512476-07:00,read,key-6,0.393,1,false,leaderless,10
2026-04-03T20:56:12.512341-07:00,read,key-1,0.534,7,false,leaderless,10
2026-04-03T20:56:12.512513-07:00,read,key-7,0.612,8,false,leaderless,10
2026-04-03T20:56:12.512511-07:00,read,key-6,0.620,1,false,leaderless,10
2026-04-03T20:56:12.512297-07:00,read,key-1,1.065,7,false,leaderless,10
2026-04-03T20:56:12.512354-07:00,read,key-0,1.075,5,false,leaderless,10
2026-04-03T20:56:12.512798-07:00,read,key-7,0.641,8,false,leaderless,10
2026-04-03T20:56:12.512876-07:00,read,key-2,0.768,6,false,leaderless,10
2026-04-03T20:56:12.513128-07:00,read,key-2,0.571,6,false,leaderless,10
2026-04-03T20:56:12.513133-07:00,read,key-4,0.704,8,false,leaderless,10
2026-04-03T20:56:12.513431-07:00,read,key-5,0.644,13,false,leaderless,10
2026-04-03T20:56:12.51287-07:00,read,key-7,1.373,8,false,leaderless,10
2026-04-03T20:56:12.513364-07:00,read,key-6,0.928,1,false,leaderless,10
2026-04-03T20:56:12.512814-07:00,read,key-0,1.512,5,false,leaderless,10
2026-04-03T20:56:12.513838-07:00,read,key-5,0.583,13,false,leaderless,10
2026-04-03T20:56:12.514295-07:00,read,key-7,0.510,8,false,leaderless,10
2026-04-03T20:56:12.514328-07:00,read,key-4,0.582,7,false,leaderless,10
2026-04-03T20:56:12.514422-07:00,read,key-4,0.653,7,false,leaderless,10
2026-04-03T20:56:12.514911-07:00,read,key-6,0.364,1,false,leaderless,10
2026-04-03T20:56:12.5137-07:00,read,key-0,1.595,5,false,leaderless,10
2026-04-03T20:56:12.513646-07:00,read,key-1,1.664,7,false,leaderless,10
2026-04-03T20:56:12.514076-07:00,read,key-0,1.272,5,false,leaderless,10
2026-04-03T20:56:12.514805-07:00,read,key-9,0.633,7,false,leaderless,10
2026-04-03T20:56:12.51531-07:00,read,key-7,0.409,8,false,leaderless,10
2026-04-03T20:56:12.515349-07:00,read,key-3,0.390,4,false,leaderless,10
2026-04-03T20:56:12.515297-07:00,read,key-0,0.444,5,false,leaderless,10
2026-04-03T20:56:12.515276-07:00,read,key-2,0.481,6,false,leaderless,10
2026-04-03T20:56:12.515075-07:00,read,key-5,0.701,13,false,leaderless,10
2026-04-03T20:56:12.51544-07:00,read,key-7,0.447,8,false,leaderless,10
2026-04-03T20:56:12.51574-07:00,read,key-6,0.545,2,false,leaderless,10
2026-04-03T20:56:12.515888-07:00,read,key-9,0.451,7,false,leaderless,10
2026-04-03T20:56:12.515742-07:00,read,key-6,0.836,2,false,leaderless,10
2026-04-03T20:56:12.51634-07:00,read,key-0,0.268,5,false,leaderless,10
2026-04-03T20:56:12.51572-07:00,read,key-2,1.048,6,false,leaderless,10
2026-04-03T20:56:12.515757-07:00,read,key-3,1.018,4,false,leaderless,10
2026-04-03T20:56:12.516609-07:00,read,key-8,0.331,5,false,leaderless,10
2026-04-03T20:56:12.516578-07:00,read,key-8,0.401,5,false,leaderless,10
2026-04-03T20:56:12.516287-07:00,read,key-1,0.810,7,false,leaderless,10
2026-04-03T20:56:12.516776-07:00,read,key-4,0.348,7,false,leaderless,10
2026-04-03T20:56:12.515779-07:00,read,key-7,1.492,8,false,leaderless,10
2026-04-03T20:56:12.51698-07:00,read,key-9,0.328,7,false,leaderless,10
2026-04-03T20:56:12.516942-07:00,read,key-2,0.438,6,false,leaderless,10
2026-04-03T20:56:12.517099-07:00,read,key-5,0.318,13,false,leaderless,10
2026-04-03T20:56:12.516769-07:00,read,key-2,0.754,6,false,leaderless,10
2026-04-03T20:56:12.517418-07:00,read,key-4,0.572,7,false,leaderless,10
2026-04-03T20:56:12.51731-07:00,read,key-7,0.686,8,false,leaderless,10
2026-04-03T20:56:12.517998-07:00,read,key-8,0.589,5,false,leaderless,10
2026-04-03T20:56:12.517991-07:00,read,key-4,0.751,7,false,leaderless,10
2026-04-03T20:56:12.517524-07:00,read,key-8,1.259,5,false,leaderless,10
2026-04-03T20:56:12.517381-07:00,read,key-5,1.517,17,false,leaderless,10
2026-04-03T20:56:12.517273-07:00,read,key-8,1.635,5,false,leaderless,10
2026-04-03T20:56:12.518743-07:00,read,key-7,0.342,8,false,leaderless,10
2026-04-03T20:56:12.518589-07:00,read,key-7,0.516,8,false,leaderless,10
2026-04-03T20:56:12.518784-07:00,read,key-5,0.348,17,false,leaderless,10
2026-04-03T20:56:12.518909-07:00,read,key-7,0.424,8,false,leaderless,10
2026-04-03T20:56:12.5189-07:00,read,key-5,0.599,13,false,leaderless,10
2026-04-03T20:56:12.519107-07:00,read,key-7,0.396,8,false,leaderless,10
2026-04-03T20:56:12.519087-07:00,read,key-4,0.489,7,false,leaderless,10
2026-04-03T20:56:12.519334-07:00,read,key-2,0.340,6,false,leaderless,10
2026-04-03T20:56:12.519504-07:00,read,key-3,0.309,4,false,leaderless,10
2026-04-03T20:56:12.519577-07:00,read,key-5,0.408,13,false,leaderless,10
2026-04-03T20:56:12.519815-07:00,read,key-2,0.327,6,false,leaderless,10
2026-04-03T20:56:12.519675-07:00,read,key-3,0.477,4,false,leaderless,10
2026-04-03T20:56:12.519501-07:00,read,key-5,0.794,13,false,leaderless,10
2026-04-03T20:56:12.519986-07:00,read,key-2,0.316,6,false,leaderless,10
2026-04-03T20:56:12.520153-07:00,read,key-6,0.306,1,false,leaderless,10
2026-04-03T20:56:12.520143-07:00,read,key-8,0.468,5,false,leaderless,10
2026-04-03T20:56:12.520298-07:00,read,key-3,0.360,4,false,leaderless,10
2026-04-03T20:56:12.520612-07:00,read,key-1,0.258,7,false,leaderless,10
2026-04-03T20:56:12.520871-07:00,read,key-1,0.535,7,false,leaderless,10
2026-04-03T20:56:12.52046-07:00,read,key-7,1.371,8,false,leaderless,10
2026-04-03T20:56:12.521408-07:00,read,key-9,0.448,7,false,leaderless,10
2026-04-03T20:56:12.520659-07:00,read,key-9,1.203,9,false,leaderless,10
2026-04-03T20:56:12.521857-07:00,read,key-8,0.253,5,false,leaderless,10
2026-04-03T20:56:12.521831-07:00,read,key-1,0.292,7,false,leaderless,10
2026-04-03T20:56:12.521864-07:00,read,key-3,0.269,4,false,leaderless,10
2026-04-03T20:56:12.522124-07:00,read,key-6,0.393,1,false,leaderless,10
2026-04-03T20:56:12.522111-07:00,read,key-0,0.451,5,false,leaderless,10
2026-04-03T20:56:12.522134-07:00,read,key-0,0.430,5,false,leaderless,10
2026-04-03T20:56:12.522563-07:00,read,key-3,0.247,5,false,leaderless,10
2026-04-03T20:56:12.522565-07:00,read,key-4,0.260,7,false,leaderless,10
2026-04-03T20:56:12.522519-07:00,read,key-2,0.336,6,false,leaderless,10
2026-04-03T20:56:12.522826-07:00,read,key-2,0.271,6,false,leaderless,10
2026-04-03T20:56:12.522811-07:00,read,key-9,0.291,7,false,leaderless,10
2026-04-03T20:56:12.522855-07:00,read,key-4,0.569,7,false,leaderless,10
2026-04-03T20:56:12.523098-07:00,read,key-1,0.349,7,false,leaderless,10
2026-04-03T20:56:12.523102-07:00,read,key-2,0.354,6,false,leaderless,10
2026-04-03T20:56:12.523448-07:00,read,key-6,0.235,1,false,leaderless,10
2026-04-03T20:56:12.523426-07:00,read,key-7,0.400,8,false,leaderless,10
2026-04-03T20:56:12.52347-07:00,read,key-5,0.375,13,false,leaderless,10
2026-04-03T20:56:12.523684-07:00,read,key-7,0.220,8,false,leaderless,10
2026-04-03T20:56:12.523847-07:00,read,key-2,0.238,6,false,leaderless,10
2026-04-03T20:56:12.523827-07:00,read,key-2,0.278,6,false,leaderless,10
2026-04-03T20:56:12.523905-07:00,read,key-3,0.343,4,false,leaderless,10
2026-04-03T20:56:12.524106-07:00,read,key-1,0.337,7,false,leaderless,10
2026-04-03T20:56:12.524086-07:00,read,key-7,0.361,8,false,leaderless,10
2026-04-03T20:56:12.524249-07:00,read,key-4,0.391,8,false,leaderless,10
2026-04-03T20:56:12.524444-07:00,read,key-2,0.313,6,false,leaderless,10
2026-04-03T20:56:12.524642-07:00,read,key-2,0.428,6,false,leaderless,10
2026-04-03T20:56:12.524448-07:00,read,key-1,0.640,7,false,leaderless,10
2026-04-03T20:56:12.524758-07:00,read,key-2,0.344,8,false,leaderless,10
2026-04-03T20:56:12.525071-07:00,read,key-0,0.437,8,false,leaderless,10
2026-04-03T20:56:12.525104-07:00,read,key-1,0.564,7,false,leaderless,10
2026-04-03T20:56:12.525509-07:00,read,key-2,0.362,6,false,leaderless,10
2026-04-03T20:56:12.525872-07:00,read,key-1,0.215,7,false,leaderless,10
2026-04-03T20:56:12.526088-07:00,read,key-2,2.313,8,false,leaderless,10
2026-04-03T20:56:12.528403-07:00,read,key-5,0.252,13,false,leaderless,10
2026-04-03T20:56:12.528657-07:00,read,key-4,0.237,7,false,leaderless,10
2026-04-03T20:56:12.528895-07:00,read,key-0,0.232,5,false,leaderless,10
2026-04-03T20:56:12.529128-07:00,read,key-9,0.227,7,false,leaderless,10
2026-04-03T20:56:12.529356-07:00,read,key-4,0.252,7,false,leaderless,10
2026-04-03T20:56:12.529609-07:00,read,key-5,0.216,17,false,leaderless,10
2026-04-03T20:56:12.529826-07:00,read,key-7,0.200,8,false,leaderless,10
2026-04-03T20:56:12.530027-07:00,read,key-4,0.253,7,false,leaderless,10
2026-04-03T20:56:12.530282-07:00,read,key-0,0.216,5,false,leaderless,10
2026-04-03T20:56:12.530499-07:00,read,key-6,0.201,4,false,leaderless,10
2026-04-03T20:56:12.530702-07:00,read,key-5,0.216,13,false,leaderless,10
2026-04-03T20:56:12.530918-07:00,read,key-9,0.200,7,false,leaderless,10
2026-04-03T20:56:12.531119-07:00,read,key-4,0.251,7,false,leaderless,10
2026-04-03T20:56:12.531371-07:00,read,key-7,0.229,8,false,leaderless,10
2026-04-03T20:56:12.531601-07:00,read,key-7,0.237,8,false,leaderless,10
2026-04-03T20:56:12.531839-07:00,read,key-8,0.268,5,false,leaderless,10
2026-04-03T20:56:12.532108-07:00,read,key-0,0.189,5,false,leaderless,10
2026-04-03T20:56:12.4989-07:00,write,key-2,820.870,7,false,leaderless,10
2026-04-03T20:56:12.509948-07:00,write,key-3,809.986,5,false,leaderless,10
2026-04-03T20:56:12.508526-07:00,write,key-9,811.244,8,false,leaderless,10
2026-04-03T20:56:12.511595-07:00,write,key-1,809.958,8,false,leaderless,10
2026-04-03T20:56:12.512842-07:00,write,key-5,808.880,16,false,leaderless,10
2026-04-03T20:56:12.508522-07:00,write,key-0,813.321,6,false,leaderless,10
2026-04-03T20:56:12.510793-07:00,write,key-0,811.303,7,false,leaderless,10
2026-04-03T20:56:12.510939-07:00,write,key-2,811.275,8,false,leaderless,10
2026-04-03T20:56:12.509384-07:00,write,key-9,812.870,9,false,leaderless,10
2026-04-03T20:56:12.503438-07:00,write,key-4,819.096,8,false,leaderless,10
2026-04-03T20:56:12.502215-07:00,write,key-5,820.442,14,false,leaderless,10
2026-04-03T20:56:12.507019-07:00,write,key-5,815.761,15,false,leaderless,10
2026-04-03T20:56:12.514244-07:00,write,key-6,808.702,2,false,leaderless,10
2026-04-03T20:56:12.51344-07:00,write,key-0,809.565,8,false,leaderless,10
2026-04-03T20:56:13.319796-07:00,read,key-5,3.350,17,false,leaderless,10
2026-04-03T20:56:12.519134-07:00,write,key-6,804.116,3,false,leaderless,10
2026-04-03T20:56:13.320024-07:00,read,key-5,3.383,17,false,leaderless,10
2026-04-03T20:56:12.520307-07:00,write,key-6,803.197,4,false,leaderless,10
2026-04-03T20:56:12.517126-07:00,write,key-5,806.412,17,false,leaderless,10
2026-04-03T20:56:13.321722-07:00,read,key-5,2.463,17,false,leaderless,10
2026-04-03T20:56:13.321556-07:00,read,key-8,2.695,5,false,leaderless,10
2026-04-03T20:56:13.322095-07:00,read,key-5,2.252,17,false,leaderless,10
2026-04-03T20:56:13.322657-07:00,read,key-4,1.731,8,false,leaderless,10
2026-04-03T20:56:13.322534-07:00,read,key-7,1.956,8,false,leaderless,10
2026-04-03T20:56:13.322254-07:00,read,key-6,2.391,4,false,leaderless,10
2026-04-03T20:56:13.321844-07:00,read,key-0,2.851,9,false,leaderless,10
2026-04-03T20:56:13.323503-07:00,read,key-7,1.233,8,false,leaderless,10
2026-04-03T20:56:13.322214-07:00,read,key-7,2.579,8,false,leaderless,10
2026-04-03T20:56:13.323155-07:00,read,key-0,1.650,9,false,leaderless,10
2026-04-03T20:56:13.322945-07:00,read,key-5,1.907,17,false,leaderless,10
2026-04-03T20:56:13.323413-07:00,read,key-0,1.440,9,false,leaderless,10
2026-04-03T20:56:13.322779-07:00,read,key-4,2.157,8,false,leaderless,10
2026-04-03T20:56:13.323004-07:00,read,key-8,2.468,5,false,leaderless,10
2026-04-03T20:56:13.323538-07:00,read,key-1,2.018,9,false,leaderless,10
2026-04-03T20:56:13.324351-07:00,read,key-1,1.311,9,false,leaderless,10
2026-04-03T20:56:13.324698-07:00,read,key-7,1.732,8,false,leaderless,10
2026-04-03T20:56:13.324808-07:00,read,key-2,1.711,8,false,leaderless,10
2026-04-03T20:56:13.32439-07:00,read,key-5,2.145,17,false,leaderless,10
2026-04-03T20:56:13.324189-07:00,read,key-1,2.410,9,false,leaderless,10
2026-04-03T20:56:13.32325-07:00,read,key-8,3.366,5,false,leaderless,10
2026-04-03T20:56:13.324855-07:00,read,key-4,1.831,8,false,leaderless,10
2026-04-03T20:56:13.324738-07:00,read,key-8,1.990,5,false,leaderless,10
2026-04-03T20:56:13.324254-07:00,read,key-9,2.512,10,false,leaderless,10
2026-04-03T20:56:13.324652-07:00,read,key-6,2.318,4,false,leaderless,10
2026-04-03T20:56:13.32556-07:00,read,key-8,2.518,5,false,leaderless,10
2026-04-03T20:56:13.324855-07:00,read,key-2,3.283,8,false,leaderless,10
2026-04-03T20:56:13.32494-07:00,read,key-4,3.217,8,false,leaderless,10
2026-04-03T20:56:13.324493-07:00,read,key-8,3.707,5,false,leaderless,10
2026-04-03T20:56:13.326433-07:00,read,key-5,1.805,17,false,leaderless,10
2026-04-03T20:56:13.324795-07:00,read,key-6,3.478,4,false,leaderless,10
2026-04-03T20:56:12.525089-07:00,write,key-9,805.240,10,false,leaderless,10
2026-04-03T20:56:12.525669-07:00,write,key-0,804.692,9,false,leaderless,10
2026-04-03T20:56:13.328139-07:00,read,key-3,2.736,5,false,leaderless,10
2026-04-03T20:56:13.326521-07:00,read,key-6,4.385,4,false,leaderless,10
2026-04-03T20:56:13.328082-07:00,read,key-4,3.012,8,false,leaderless,10
2026-04-03T20:56:13.328201-07:00,read,key-1,3.316,9,false,leaderless,10
2026-04-03T20:56:13.32824-07:00,read,key-6,3.302,4,false,leaderless,10
2026-04-03T20:56:13.326971-07:00,read,key-2,4.623,8,false,leaderless,10
2026-04-03T20:56:13.330329-07:00,read,key-9,1.278,10,false,leaderless,10
2026-04-03T20:56:13.326688-07:00,read,key-9,4.924,10,false,leaderless,10
2026-04-03T20:56:13.326767-07:00,read,key-3,5.815,7,false,leaderless,10
2026-04-03T20:56:13.328159-07:00,read,key-5,4.439,17,false,leaderless,10
2026-04-03T20:56:13.330361-07:00,read,key-1,2.261,9,false,leaderless,10
2026-04-03T20:56:13.330876-07:00,read,key-0,1.766,10,false,leaderless,10
2026-04-03T20:56:13.331608-07:00,read,key-8,1.046,5,false,leaderless,10
2026-04-03T20:56:13.326601-07:00,read,key-3,6.227,5,false,leaderless,10
2026-04-03T20:56:13.331596-07:00,read,key-1,1.242,9,false,leaderless,10
2026-04-03T20:56:13.328275-07:00,read,key-0,4.606,9,false,leaderless,10
2026-04-03T20:56:13.33152-07:00,read,key-2,1.387,8,false,leaderless,10
2026-04-03T20:56:13.331096-07:00,read,key-9,1.814,10,false,leaderless,10
2026-04-03T20:56:13.331543-07:00,read,key-3,1.377,7,false,leaderless,10
2026-04-03T20:56:13.325476-07:00,read,key-7,7.523,8,false,leaderless,10
2026-04-03T20:56:13.330908-07:00,read,key-2,2.135,8,false,leaderless,10
2026-04-03T20:56:13.332643-07:00,read,key-6,1.039,4,false,leaderless,10
2026-04-03T20:56:13.332624-07:00,read,key-3,1.115,5,false,leaderless,10
2026-04-03T20:56:13.332584-07:00,read,key-0,1.169,9,false,leaderless,10
2026-04-03T20:56:13.332602-07:00,read,key-1,1.155,9,false,leaderless,10
2026-04-03T20:56:13.331614-07:00,read,key-1,2.164,9,false,leaderless,10
2026-04-03T20:56:13.33285-07:00,read,key-7,0.934,8,false,leaderless,10
2026-04-03T20:56:13.332881-07:00,read,key-8,0.908,5,false,leaderless,10
2026-04-03T20:56:13.332656-07:00,read,key-3,1.159,5,false,leaderless,10
2026-04-03T20:56:13.33374-07:00,read,key-9,0.811,10,false,leaderless,10
2026-04-03T20:56:13.333785-07:00,read,key-5,0.861,17,false,leaderless,10
2026-04-03T20:56:13.332911-07:00,read,key-7,1.756,8,false,leaderless,10
2026-04-03T20:56:13.333683-07:00,read,key-2,0.996,8,false,leaderless,10
2026-04-03T20:56:13.333779-07:00,read,key-5,0.960,17,false,leaderless,10
2026-04-03T20:56:13.333791-07:00,read,key-5,0.982,17,false,leaderless,10
2026-04-03T20:56:13.332908-07:00,read,key-8,1.916,5,false,leaderless,10
2026-04-03T20:56:13.334552-07:00,read,key-1,0.618,9,false,leaderless,10
2026-04-03T20:56:13.33474-07:00,read,key-1,0.528,9,false,leaderless,10
2026-04-03T20:56:12.532298-07:00,write,key-1,803.002,9,false,leaderless,10
2026-04-03T20:56:13.334648-07:00,read,key-8,0.721,5,false,leaderless,10
2026-04-03T20:56:13.334774-07:00,read,key-0,1.141,9,false,leaderless,10
2026-04-03T20:56:13.334826-07:00,read,key-2,1.111,8,false,leaderless,10
2026-04-03T20:56:13.334668-07:00,read,key-5,1.322,18,false,leaderless,10
2026-04-03T20:56:13.335171-07:00,read,key-8,0.881,5,false,leaderless,10
2026-04-03T20:56:13.33537-07:00,read,key-0,0.688,9,false,leaderless,10
2026-04-03T20:56:13.335269-07:00,read,key-7,0.819,9,false,leaderless,10
2026-04-03T20:56:13.333816-07:00,read,key-9,2.354,10,false,leaderless,10
2026-04-03T20:56:13.335299-07:00,read,key-0,0.897,9,false,leaderless,10
2026-04-03T20:56:13.333044-07:00,read,key-7,3.153,9,false,leaderless,10
2026-04-03T20:56:13.334681-07:00,read,key-0,1.533,9,false,leaderless,10
2026-04-03T20:56:13.335938-07:00,read,key-1,0.825,9,false,leaderless,10
2026-04-03T20:56:13.335916-07:00,read,key-2,0.870,9,false,leaderless,10
2026-04-03T20:56:13.336059-07:00,read,key-6,0.741,4,false,leaderless,10
2026-04-03T20:56:13.336197-07:00,read,key-6,0.615,4,false,leaderless,10
2026-04-03T20:56:13.336171-07:00,read,key-8,0.647,5,false,leaderless,10
2026-04-03T20:56:13.335991-07:00,read,key-3,0.905,5,false,leaderless,10
2026-04-03T20:56:13.336215-07:00,read,key-9,0.695,10,false,leaderless,10
2026-04-03T20:56:13.336053-07:00,read,key-0,0.900,9,false,leaderless,10
2026-04-03T20:56:13.336198-07:00,read,key-4,1.008,8,false,leaderless,10
2026-04-03T20:56:13.3368-07:00,read,key-5,0.444,18,false,leaderless,10
2026-04-03T20:56:13.336089-07:00,read,key-5,1.186,17,false,leaderless,10
2026-04-03T20:56:13.336813-07:00,read,key-9,0.474,10,false,leaderless,10
2026-04-03T20:56:13.336764-07:00,read,key-2,0.529,8,false,leaderless,10
2026-04-03T20:56:13.336819-07:00,read,key-2,0.481,9,false,leaderless,10
2026-04-03T20:56:13.336897-07:00,read,key-4,0.414,8,false,leaderless,10
2026-04-03T20:56:13.336787-07:00,read,key-1,0.535,9,false,leaderless,10
2026-04-03T20:56:13.337313-07:00,read,key-6,0.485,6,false,leaderless,10
2026-04-03T20:56:13.336955-07:00,read,key-8,0.848,5,false,leaderless,10
2026-04-03T20:56:13.336911-07:00,read,key-6,0.924,4,false,leaderless,10
2026-04-03T20:56:13.337288-07:00,read,key-4,0.552,8,false,leaderless,10
2026-04-03T20:56:13.337207-07:00,read,key-4,0.635,8,false,leaderless,10
2026-04-03T20:56:13.337246-07:00,read,key-0,0.603,9,false,leaderless,10
2026-04-03T20:56:13.337327-07:00,read,key-0,0.530,9,false,leaderless,10
2026-04-03T20:56:13.337276-07:00,read,key-6,0.588,6,false,leaderless,10
2026-04-03T20:56:13.337866-07:00,read,key-9,0.511,10,false,leaderless,10
2026-04-03T20:56:13.33785-07:00,read,key-2,0.559,8,false,leaderless,10
2026-04-03T20:56:13.337805-07:00,read,key-6,0.621,4,false,leaderless,10
2026-04-03T20:56:13.337841-07:00,read,key-3,0.643,5,false,leaderless,10
2026-04-03T20:56:13.337843-07:00,read,key-1,0.658,10,false,leaderless,10
2026-04-03T20:56:13.337799-07:00,read,key-8,0.717,5,false,leaderless,10
2026-04-03T20:56:13.337294-07:00,read,key-4,1.228,8,false,leaderless,10
2026-04-03T20:56:13.337859-07:00,read,key-4,0.706,8,false,leaderless,10
2026-04-03T20:56:13.338378-07:00,read,key-0,0.732,9,false,leaderless,10
2026-04-03T20:56:13.338566-07:00,read,key-8,0.591,5,false,leaderless,10
2026-04-03T20:56:13.338502-07:00,read,key-0,0.816,9,false,leaderless,10
2026-04-03T20:56:13.337836-07:00,read,key-6,1.696,4,false,leaderless,10
2026-04-03T20:56:13.339158-07:00,read,key-9,0.526,10,false,leaderless,10
2026-04-03T20:56:13.33911-07:00,read,key-1,0.587,9,false,leaderless,10
2026-04-03T20:56:13.33841-07:00,read,key-3,1.309,7,false,leaderless,10
2026-04-03T20:56:13.338428-07:00,read,key-3,1.293,5,false,leaderless,10
2026-04-03T20:56:13.338518-07:00,read,key-8,1.411,5,false,leaderless,10
2026-04-03T20:56:13.339319-07:00,read,key-0,0.673,9,false,leaderless,10
2026-04-03T20:56:13.339533-07:00,read,key-1,0.483,9,false,leaderless,10
2026-04-03T20:56:13.338523-07:00,read,key-3,1.514,5,false,leaderless,10
2026-04-03T20:56:13.339685-07:00,read,key-8,0.472,5,false,leaderless,10
2026-04-03T20:56:13.339698-07:00,read,key-9,0.458,10,false,leaderless,10
2026-04-03T20:56:13.339722-07:00,read,key-8,0.558,5,false,leaderless,10
2026-04-03T20:56:13.33993-07:00,read,key-5,0.395,18,false,leaderless,10
2026-04-03T20:56:13.33972-07:00,read,key-6,0.608,4,false,leaderless,10
2026-04-03T20:56:13.340038-07:00,read,key-8,0.540,5,false,leaderless,10
2026-04-03T20:56:13.340281-07:00,read,key-7,0.517,8,false,leaderless,10
2026-04-03T20:56:13.340158-07:00,read,key-0,0.658,9,false,leaderless,10
2026-04-03T20:56:13.34033-07:00,read,key-3,0.582,5,false,leaderless,10
2026-04-03T20:56:13.340158-07:00,read,key-1,0.762,9,false,leaderless,10
2026-04-03T20:56:13.340817-07:00,read,key-8,0.389,5,false,leaderless,10
2026-04-03T20:56:13.340912-07:00,read,key-7,0.470,8,false,leaderless,10
2026-04-03T20:56:13.340581-07:00,read,key-5,0.806,18,false,leaderless,10
2026-04-03T20:56:13.340799-07:00,read,key-6,0.746,7,false,leaderless,10
2026-04-03T20:56:13.341207-07:00,read,key-1,0.367,9,false,leaderless,10
2026-04-03T20:56:13.341383-07:00,read,key-6,0.392,4,false,leaderless,10
2026-04-03T20:56:13.341389-07:00,read,key-5,0.390,17,false,leaderless,10
2026-04-03T20:56:13.34092-07:00,read,key-1,0.866,11,false,leaderless,10
2026-04-03T20:56:13.341546-07:00,read,key-1,0.359,9,false,leaderless,10
2026-04-03T20:56:13.341776-07:00,read,key-9,0.260,10,false,leaderless,10
2026-04-03T20:56:13.341781-07:00,read,key-5,0.372,17,false,leaderless,10
2026-04-03T20:56:13.341576-07:00,read,key-1,0.580,9,false,leaderless,10
2026-04-03T20:56:13.341788-07:00,read,key-6,0.373,4,false,leaderless,10
2026-04-03T20:56:13.342154-07:00,read,key-4,0.383,8,false,leaderless,10
2026-04-03T20:56:13.341906-07:00,read,key-2,0.666,8,false,leaderless,10
2026-04-03T20:56:13.342037-07:00,read,key-2,0.567,8,false,leaderless,10
2026-04-03T20:56:13.342162-07:00,read,key-7,0.442,10,false,leaderless,10
2026-04-03T20:56:13.342158-07:00,read,key-3,0.450,5,false,leaderless,10
2026-04-03T20:56:13.34261-07:00,read,key-3,0.341,5,false,leaderless,10
2026-04-03T20:56:13.342538-07:00,read,key-2,0.465,8,false,leaderless,10
2026-04-03T20:56:13.342605-07:00,read,key-3,0.414,5,false,leaderless,10
2026-04-03T20:56:13.343021-07:00,read,key-2,0.352,8,false,leaderless,10
2026-04-03T20:56:13.342951-07:00,read,key-7,0.458,8,false,leaderless,10
2026-04-03T20:56:13.342607-07:00,read,key-6,0.804,4,false,leaderless,10
2026-04-03T20:56:13.343005-07:00,read,key-0,0.411,9,false,leaderless,10
2026-04-03T20:56:13.343373-07:00,read,key-2,0.392,8,false,leaderless,10
2026-04-03T20:56:13.343417-07:00,read,key-6,0.366,4,false,leaderless,10
2026-04-03T20:56:13.34341-07:00,read,key-1,0.381,9,false,leaderless,10
2026-04-03T20:56:13.343767-07:00,read,key-7,0.237,8,false,leaderless,10
2026-04-03T20:56:13.343784-07:00,read,key-3,0.299,7,false,leaderless,10
2026-04-03T20:56:13.343792-07:00,read,key-6,0.312,4,false,leaderless,10
2026-04-03T20:56:13.344005-07:00,read,key-9,0.313,10,false,leaderless,10
2026-04-03T20:56:13.344085-07:00,read,key-3,0.285,5,false,leaderless,10
2026-04-03T20:56:13.344105-07:00,read,key-1,0.303,9,false,leaderless,10
2026-04-03T20:56:13.34437-07:00,read,key-7,0.222,8,false,leaderless,10
2026-04-03T20:56:13.344409-07:00,read,key-0,0.244,9,false,leaderless,10
2026-04-03T20:56:13.344593-07:00,read,key-7,2.519,10,false,leaderless,10
2026-04-03T20:56:13.347113-07:00,read,key-9,0.265,10,false,leaderless,10
2026-04-03T20:56:13.347379-07:00,read,key-7,0.236,8,false,leaderless,10
2026-04-03T20:56:13.347617-07:00,read,key-6,0.198,9,false,leaderless,10
2026-04-03T20:56:13.347816-07:00,read,key-6,0.208,4,false,leaderless,10
2026-04-03T20:56:13.326537-07:00,write,key-3,806.361,6,false,leaderless,10
2026-04-03T20:56:13.325664-07:00,write,key-0,807.320,10,false,leaderless,10
2026-04-03T20:56:13.326622-07:00,write,key-3,806.276,7,false,leaderless,10
2026-04-03T20:56:13.319935-07:00,write,key-4,813.203,9,false,leaderless,10
2026-04-03T20:56:14.13291-07:00,read,key-9,2.998,10,false,leaderless,10
2026-04-03T20:56:14.133072-07:00,read,key-0,2.952,11,false,leaderless,10
2026-04-03T20:56:13.32673-07:00,write,key-5,809.321,18,false,leaderless,10
2026-04-03T20:56:14.133139-07:00,read,key-6,2.969,9,false,leaderless,10
2026-04-03T20:56:14.132985-07:00,read,key-2,3.158,11,false,leaderless,10
2026-04-03T20:56:14.135915-07:00,read,key-7,2.462,10,false,leaderless,10
2026-04-03T20:56:14.136052-07:00,read,key-3,2.346,7,false,leaderless,10
2026-04-03T20:56:14.136112-07:00,read,key-2,2.363,11,false,leaderless,10
2026-04-03T20:56:14.136027-07:00,read,key-3,2.533,7,false,leaderless,10
2026-04-03T20:56:14.136146-07:00,read,key-9,2.499,10,false,leaderless,10
2026-04-03T20:56:13.333758-07:00,write,key-6,805.429,6,false,leaderless,10
2026-04-03T20:56:14.138648-07:00,read,key-2,0.607,12,false,leaderless,10
2026-04-03T20:56:14.138402-07:00,read,key-4,0.912,10,false,leaderless,10
2026-04-03T20:56:14.138562-07:00,read,key-4,0.831,10,false,leaderless,10
2026-04-03T20:56:14.138381-07:00,read,key-5,1.125,18,false,leaderless,10
2026-04-03T20:56:13.333001-07:00,write,key-2,806.808,9,false,leaderless,10
2026-04-03T20:56:13.33283-07:00,write,key-6,807.032,5,false,leaderless,10
2026-04-03T20:56:13.332922-07:00,write,key-1,806.991,10,false,leaderless,10
2026-04-03T20:56:13.337302-07:00,write,key-7,802.656,10,false,leaderless,10
2026-04-03T20:56:13.333754-07:00,write,key-7,806.257,9,false,leaderless,10
2026-04-03T20:56:14.139316-07:00,read,key-4,0.808,10,false,leaderless,10
2026-04-03T20:56:14.139509-07:00,read,key-0,0.686,11,false,leaderless,10
2026-04-03T20:56:14.139258-07:00,read,key-8,0.995,5,false,leaderless,10
2026-04-03T20:56:14.139188-07:00,read,key-2,1.133,11,false,leaderless,10
2026-04-03T20:56:13.338485-07:00,write,key-6,802.008,7,false,leaderless,10
2026-04-03T20:56:14.139862-07:00,read,key-8,0.736,5,false,leaderless,10
2026-04-03T20:56:14.139912-07:00,read,key-6,0.738,9,false,leaderless,10
2026-04-03T20:56:14.139809-07:00,read,key-6,1.024,9,false,leaderless,10
2026-04-03T20:56:14.140493-07:00,read,key-6,0.475,9,false,leaderless,10
2026-04-03T20:56:14.140197-07:00,read,key-2,0.779,12,false,leaderless,10
2026-04-03T20:56:14.140126-07:00,read,key-4,0.910,10,false,leaderless,10
2026-04-03T20:56:14.139395-07:00,read,key-6,1.662,9,false,leaderless,10
2026-04-03T20:56:14.140011-07:00,read,key-9,1.085,10,false,leaderless,10
2026-04-03T20:56:14.140256-07:00,read,key-5,1.075,18,false,leaderless,10
2026-04-03T20:56:14.140601-07:00,read,key-6,0.805,9,false,leaderless,10
2026-04-03T20:56:14.140976-07:00,read,key-6,0.513,9,false,leaderless,10
2026-04-03T20:56:14.14097-07:00,read,key-1,0.595,12,false,leaderless,10
2026-04-03T20:56:14.140652-07:00,read,key-5,0.961,18,false,leaderless,10
2026-04-03T20:56:14.141615-07:00,read,key-3,0.531,7,false,leaderless,10
2026-04-03T20:56:14.140323-07:00,read,key-2,1.881,11,false,leaderless,10
2026-04-03T20:56:14.141059-07:00,read,key-8,1.315,5,false,leaderless,10
2026-04-03T20:56:14.140836-07:00,read,key-9,1.603,10,false,leaderless,10
2026-04-03T20:56:14.141407-07:00,read,key-1,1.107,12,false,leaderless,10
2026-04-03T20:56:14.142148-07:00,read,key-5,0.480,18,false,leaderless,10
2026-04-03T20:56:14.141097-07:00,read,key-2,1.698,11,false,leaderless,10
2026-04-03T20:56:14.141038-07:00,read,key-6,1.772,9,false,leaderless,10
2026-04-03T20:56:14.142375-07:00,read,key-7,0.899,10,false,leaderless,10
2026-04-03T20:56:14.141332-07:00,read,key-2,2.001,11,false,leaderless,10
2026-04-03T20:56:14.142441-07:00,read,key-0,0.908,11,false,leaderless,10
2026-04-03T20:56:14.141566-07:00,read,key-2,1.813,11,false,leaderless,10
2026-04-03T20:56:14.142516-07:00,read,key-8,1.014,5,false,leaderless,10
2026-04-03T20:56:14.142812-07:00,read,key-3,1.009,7,false,leaderless,10
2026-04-03T20:56:14.142206-07:00,read,key-5,1.620,18,false,leaderless,10
2026-04-03T20:56:14.14338-07:00,read,key-7,1.068,10,false,leaderless,10
2026-04-03T20:56:14.14335-07:00,read,key-3,1.303,7,false,leaderless,10
2026-04-03T20:56:14.141491-07:00,read,key-4,3.206,10,false,leaderless,10
2026-04-03T20:56:14.143823-07:00,read,key-6,0.927,9,false,leaderless,10
2026-04-03T20:56:14.143336-07:00,read,key-6,1.416,9,false,leaderless,10
2026-04-03T20:56:14.142629-07:00,read,key-4,2.161,10,false,leaderless,10
2026-04-03T20:56:14.143531-07:00,read,key-8,1.262,5,false,leaderless,10
2026-04-03T20:56:14.143275-07:00,read,key-3,1.582,7,false,leaderless,10
2026-04-03T20:56:13.343413-07:00,write,key-0,802.061,11,false,leaderless,10
2026-04-03T20:56:13.340017-07:00,write,key-1,805.479,11,false,leaderless,10
2026-04-03T20:56:13.342573-07:00,write,key-6,802.931,8,false,leaderless,10
2026-04-03T20:56:13.339993-07:00,write,key-2,805.680,10,false,leaderless,10
2026-04-03T20:56:13.340326-07:00,write,key-2,805.370,11,false,leaderless,10
2026-04-03T20:56:14.142797-07:00,read,key-3,3.062,7,false,leaderless,10
2026-04-03T20:56:13.344319-07:00,write,key-4,802.005,10,false,leaderless,10
2026-04-03T20:56:14.144699-07:00,read,key-8,1.698,5,false,leaderless,10
2026-04-03T20:56:14.144451-07:00,read,key-6,1.970,9,false,leaderless,10
2026-04-03T20:56:14.144754-07:00,read,key-4,1.667,10,false,leaderless,10
2026-04-03T20:56:14.144794-07:00,read,key-9,1.639,11,false,leaderless,10
2026-04-03T20:56:14.144859-07:00,read,key-4,1.825,10,false,leaderless,10
2026-04-03T20:56:14.145671-07:00,read,key-3,1.423,7,false,leaderless,10
2026-04-03T20:56:14.14383-07:00,read,key-0,4.216,11,false,leaderless,10
2026-04-03T20:56:14.144792-07:00,read,key-0,3.303,11,false,leaderless,10
2026-04-03T20:56:14.146589-07:00,read,key-3,1.508,7,false,leaderless,10
2026-04-03T20:56:14.146434-07:00,read,key-2,1.687,11,false,leaderless,10
2026-04-03T20:56:14.144656-07:00,read,key-5,3.752,18,false,leaderless,10
2026-04-03T20:56:14.148123-07:00,read,key-4,0.343,10,false,leaderless,10
2026-04-03T20:56:14.145861-07:00,read,key-0,2.610,11,false,leaderless,10
2026-04-03T20:56:14.145495-07:00,read,key-0,2.988,11,false,leaderless,10
2026-04-03T20:56:14.146685-07:00,read,key-8,1.833,6,false,leaderless,10
2026-04-03T20:56:14.146398-07:00,read,key-0,2.131,11,false,leaderless,10
2026-04-03T20:56:14.145695-07:00,read,key-4,2.836,10,false,leaderless,10
2026-04-03T20:56:14.145474-07:00,read,key-7,3.064,10,false,leaderless,10
2026-04-03T20:56:14.146423-07:00,read,key-1,2.127,12,false,leaderless,10
2026-04-03T20:56:14.146323-07:00,read,key-1,2.276,12,false,leaderless,10
2026-04-03T20:56:14.148049-07:00,read,key-5,0.724,18,false,leaderless,10
2026-04-03T20:56:14.148409-07:00,read,key-7,0.624,10,false,leaderless,10
2026-04-03T20:56:14.148532-07:00,read,key-7,0.563,10,false,leaderless,10
2026-04-03T20:56:14.147096-07:00,read,key-8,2.017,6,false,leaderless,10
2026-04-03T20:56:14.148099-07:00,read,key-1,1.047,12,false,leaderless,10
2026-04-03T20:56:14.148471-07:00,read,key-7,0.694,10,false,leaderless,10
2026-04-03T20:56:14.148096-07:00,read,key-6,1.226,9,false,leaderless,10
2026-04-03T20:56:14.148531-07:00,read,key-4,1.334,10,false,leaderless,10
2026-04-03T20:56:14.149324-07:00,read,key-1,0.547,12,false,leaderless,10
2026-04-03T20:56:14.149034-07:00,read,key-9,0.841,10,false,leaderless,10
2026-04-03T20:56:13.348025-07:00,write,key-1,801.895,12,false,leaderless,10
2026-04-03T20:56:14.148467-07:00,read,key-1,1.459,12,false,leaderless,10
2026-04-03T20:56:14.149114-07:00,read,key-1,0.852,12,false,leaderless,10
2026-04-03T20:56:14.148601-07:00,read,key-8,1.369,5,false,leaderless,10
2026-04-03T20:56:14.14852-07:00,read,key-8,1.454,5,false,leaderless,10
2026-04-03T20:56:14.14854-07:00,read,key-7,1.435,10,false,leaderless,10
2026-04-03T20:56:13.344654-07:00,write,key-6,805.328,9,false,leaderless,10
2026-04-03T20:56:14.149967-07:00,read,key-1,0.665,12,false,leaderless,10
2026-04-03T20:56:14.149876-07:00,read,key-3,0.789,7,false,leaderless,10
2026-04-03T20:56:14.149147-07:00,read,key-8,1.520,7,false,leaderless,10
2026-04-03T20:56:14.149972-07:00,read,key-6,0.708,9,false,leaderless,10
2026-04-03T20:56:14.149927-07:00,read,key-1,0.767,12,false,leaderless,10
2026-04-03T20:56:14.149166-07:00,read,key-9,1.545,10,false,leaderless,10
2026-04-03T20:56:14.149919-07:00,read,key-2,0.970,11,false,leaderless,10
2026-04-03T20:56:14.149977-07:00,read,key-5,0.939,18,false,leaderless,10
2026-04-03T20:56:14.150711-07:00,read,key-9,0.795,10,false,leaderless,10
2026-04-03T20:56:14.150635-07:00,read,key-2,0.922,11,false,leaderless,10
2026-04-03T20:56:14.150668-07:00,read,key-7,0.900,10,false,leaderless,10
2026-04-03T20:56:14.150667-07:00,read,key-1,0.952,12,false,leaderless,10
2026-04-03T20:56:14.149981-07:00,read,key-6,1.740,9,false,leaderless,10
2026-04-03T20:56:14.150681-07:00,read,key-6,1.410,9,false,leaderless,10
2026-04-03T20:56:14.149872-07:00,read,key-6,2.238,10,false,leaderless,10
2026-04-03T20:56:14.151558-07:00,read,key-9,0.620,10,false,leaderless,10
2026-04-03T20:56:14.15157-07:00,read,key-9,0.620,10,false,leaderless,10
2026-04-03T20:56:14.151507-07:00,read,key-1,0.748,12,false,leaderless,10
2026-04-03T20:56:14.150695-07:00,read,key-0,1.561,11,false,leaderless,10
2026-04-03T20:56:14.152256-07:00,read,key-4,0.476,10,false,leaderless,10
2026-04-03T20:56:14.151723-07:00,read,key-1,1.050,13,false,leaderless,10
2026-04-03T20:56:14.15218-07:00,read,key-0,0.703,11,false,leaderless,10
2026-04-03T20:56:14.152257-07:00,read,key-1,0.769,12,false,leaderless,10
2026-04-03T20:56:14.152092-07:00,read,key-2,1.337,13,false,leaderless,10
2026-04-03T20:56:14.152733-07:00,read,key-4,0.712,10,false,leaderless,10
2026-04-03T20:56:14.153446-07:00,read,key-4,0.436,11,false,leaderless,10
2026-04-03T20:56:14.153027-07:00,read,key-5,0.878,20,false,leaderless,10
2026-04-03T20:56:14.153431-07:00,read,key-2,0.514,11,false,leaderless,10
2026-04-03T20:56:14.152191-07:00,read,key-0,1.793,11,false,leaderless,10
2026-04-03T20:56:14.152885-07:00,read,key-0,1.153,11,false,leaderless,10
2026-04-03T20:56:14.152776-07:00,read,key-3,1.276,7,false,leaderless,10
2026-04-03T20:56:14.153883-07:00,read,key-3,0.365,7,false,leaderless,10
2026-04-03T20:56:14.153906-07:00,read,key-9,0.419,10,false,leaderless,10
2026-04-03T20:56:14.153946-07:00,read,key-5,0.459,18,false,leaderless,10
2026-04-03T20:56:14.153985-07:00,read,key-5,0.531,18,false,leaderless,10
2026-04-03T20:56:14.154039-07:00,read,key-3,0.480,8,false,leaderless,10
2026-04-03T20:56:14.154053-07:00,read,key-7,0.520,10,false,leaderless,10
2026-04-03T20:56:14.154327-07:00,read,key-9,0.402,11,false,leaderless,10
2026-04-03T20:56:14.154518-07:00,read,key-2,0.230,13,false,leaderless,10
2026-04-03T20:56:14.154574-07:00,read,key-7,0.235,10,false,leaderless,10
2026-04-03T20:56:14.154406-07:00,read,key-4,0.446,10,false,leaderless,10
2026-04-03T20:56:14.154249-07:00,read,key-4,0.689,10,false,leaderless,10
2026-04-03T20:56:14.154749-07:00,read,key-4,0.291,11,false,leaderless,10
2026-04-03T20:56:14.15473-07:00,read,key-9,0.327,10,false,leaderless,10
2026-04-03T20:56:14.154809-07:00,read,key-0,0.351,11,false,leaderless,10
2026-04-03T20:56:14.15504-07:00,read,key-8,0.353,5,false,leaderless,10
2026-04-03T20:56:14.154939-07:00,read,key-7,0.478,10,false,leaderless,10
2026-04-03T20:56:14.154853-07:00,read,key-9,0.594,11,false,leaderless,10
2026-04-03T20:56:14.155161-07:00,read,key-5,0.429,18,false,leaderless,10
2026-04-03T20:56:14.155059-07:00,read,key-4,0.545,10,false,leaderless,10
2026-04-03T20:56:14.155418-07:00,read,key-8,0.370,5,false,leaderless,10
2026-04-03T20:56:14.155394-07:00,read,key-0,0.408,11,false,leaderless,10
2026-04-03T20:56:14.155448-07:00,read,key-8,0.494,5,false,leaderless,10
2026-04-03T20:56:14.155606-07:00,read,key-4,0.341,10,false,leaderless,10
2026-04-03T20:56:14.155592-07:00,read,key-4,0.490,10,false,leaderless,10
2026-04-03T20:56:14.155803-07:00,read,key-6,0.288,9,false,leaderless,10
2026-04-03T20:56:14.155948-07:00,read,key-1,0.503,12,false,leaderless,10
2026-04-03T20:56:14.155942-07:00,read,key-5,0.541,18,false,leaderless,10
2026-04-03T20:56:14.15579-07:00,read,key-3,0.703,7,false,leaderless,10
2026-04-03T20:56:14.156083-07:00,read,key-6,0.577,9,false,leaderless,10
2026-04-03T20:56:14.156452-07:00,read,key-4,0.671,10,false,leaderless,10
2026-04-03T20:56:14.156485-07:00,read,key-0,0.642,11,false,leaderless,10
2026-04-03T20:56:14.156494-07:00,read,key-7,0.676,10,false,leaderless,10
2026-04-03T20:56:14.156092-07:00,read,key-4,1.403,10,false,leaderless,10
2026-04-03T20:56:14.157173-07:00,read,key-5,0.351,18,false,leaderless,10
2026-04-03T20:56:14.157124-07:00,read,key-7,0.407,11,false,leaderless,10
2026-04-03T20:56:14.157129-07:00,read,key-2,0.435,11,false,leaderless,10
2026-04-03T20:56:14.157497-07:00,read,key-1,0.438,12,false,leaderless,10
2026-04-03T20:56:14.157526-07:00,read,key-2,0.458,14,false,leaderless,10
2026-04-03T20:56:14.157533-07:00,read,key-1,0.457,12,false,leaderless,10
2026-04-03T20:56:14.157565-07:00,read,key-9,0.468,10,false,leaderless,10
2026-04-03T20:56:14.157936-07:00,read,key-7,0.288,10,false,leaderless,10
2026-04-03T20:56:14.157992-07:00,read,key-4,0.303,10,false,leaderless,10
2026-04-03T20:56:14.157985-07:00,read,key-4,0.335,10,false,leaderless,10
2026-04-03T20:56:14.158034-07:00,read,key-6,0.393,12,false,leaderless,10
2026-04-03T20:56:14.158297-07:00,read,key-2,0.378,11,false,leaderless,10
2026-04-03T20:56:14.158428-07:00,read,key-4,0.268,10,false,leaderless,10
2026-04-03T20:56:14.158321-07:00,read,key-1,0.384,12,false,leaderless,10
2026-04-03T20:56:14.158225-07:00,read,key-8,0.491,5,false,leaderless,10
2026-04-03T20:56:14.158697-07:00,read,key-6,0.350,9,false,leaderless,10
2026-04-03T20:56:14.158717-07:00,read,key-1,0.341,12,false,leaderless,10
2026-04-03T20:56:14.158675-07:00,read,key-2,0.392,11,false,leaderless,10
2026-04-03T20:56:14.158707-07:00,read,key-7,0.454,10,false,leaderless,10
2026-04-03T20:56:14.159162-07:00,read,key-3,0.299,8,false,leaderless,10
2026-04-03T20:56:14.159048-07:00,read,key-7,0.415,11,false,leaderless,10
2026-04-03T20:56:14.159058-07:00,read,key-2,0.410,11,false,leaderless,10
2026-04-03T20:56:14.159068-07:00,read,key-8,0.410,5,false,leaderless,10
2026-04-03T20:56:14.159464-07:00,read,key-7,0.356,11,false,leaderless,10
2026-04-03T20:56:14.159462-07:00,read,key-7,0.377,11,false,leaderless,10
2026-04-03T20:56:14.159479-07:00,read,key-5,0.366,18,false,leaderless,10
2026-04-03T20:56:14.159846-07:00,read,key-5,0.345,20,false,leaderless,10
2026-04-03T20:56:14.159469-07:00,read,key-4,0.741,11,false,leaderless,10
2026-04-03T20:56:14.159822-07:00,read,key-9,0.402,10,false,leaderless,10
2026-04-03T20:56:14.15984-07:00,read,key-1,0.452,12,false,leaderless,10
2026-04-03T20:56:14.160294-07:00,read,key-3,0.413,7,false,leaderless,10
2026-04-03T20:56:14.160192-07:00,read,key-8,0.521,5,false,leaderless,10
2026-04-03T20:56:14.160225-07:00,read,key-5,0.495,18,false,leaderless,10
2026-04-03T20:56:14.160211-07:00,read,key-9,0.512,11,false,leaderless,10
2026-04-03T20:56:14.160708-07:00,read,key-4,0.374,10,false,leaderless,10
2026-04-03T20:56:14.160724-07:00,read,key-0,0.377,11,false,leaderless,10
2026-04-03T20:56:14.160715-07:00,read,key-6,0.423,9,false,leaderless,10
2026-04-03T20:56:14.160721-07:00,read,key-0,0.476,11,false,leaderless,10
2026-04-03T20:56:14.161102-07:00,read,key-9,0.416,10,false,leaderless,10
2026-04-03T20:56:14.161139-07:00,read,key-7,0.401,10,false,leaderless,10
2026-04-03T20:56:14.161199-07:00,read,key-6,0.358,9,false,leaderless,10
2026-04-03T20:56:14.161083-07:00,read,key-4,0.522,10,false,leaderless,10
2026-04-03T20:56:14.161519-07:00,read,key-1,0.255,13,false,leaderless,10
2026-04-03T20:56:14.161559-07:00,read,key-8,0.270,5,false,leaderless,10
2026-04-03T20:56:14.161541-07:00,read,key-1,0.319,12,false,leaderless,10
2026-04-03T20:56:14.161606-07:00,read,key-5,0.307,20,false,leaderless,10
2026-04-03T20:56:14.161862-07:00,read,key-1,0.336,12,false,leaderless,10
2026-04-03T20:56:14.161775-07:00,read,key-7,0.447,10,false,leaderless,10
2026-04-03T20:56:14.161915-07:00,read,key-4,0.318,11,false,leaderless,10
2026-04-03T20:56:14.16183-07:00,read,key-5,0.442,20,false,leaderless,10
2026-04-03T20:56:14.162224-07:00,read,key-0,0.344,11,false,leaderless,10
2026-04-03T20:56:14.162569-07:00,read,key-1,2.400,13,false,leaderless,10
2026-04-03T20:56:14.162273-07:00,read,key-3,2.754,8,false,leaderless,10
2026-04-03T20:56:14.16497-07:00,read,key-4,0.354,10,false,leaderless,10
2026-04-03T20:56:14.165028-07:00,read,key-2,0.360,11,false,leaderless,10
2026-04-03T20:56:14.165325-07:00,read,key-9,0.281,10,false,leaderless,10
2026-04-03T20:56:14.16539-07:00,read,key-8,0.255,5,false,leaderless,10
2026-04-03T20:56:14.165646-07:00,read,key-5,0.260,18,false,leaderless,10
2026-04-03T20:56:14.15089-07:00,write,key-1,804.350,13,false,leaderless,10
2026-04-03T20:56:14.145504-07:00,write,key-3,809.848,8,false,leaderless,10
2026-04-03T20:56:14.139957-07:00,write,key-9,815.494,11,false,leaderless,10
2026-04-03T20:56:14.138477-07:00,write,key-2,817.042,12,false,leaderless,10
2026-04-03T20:56:14.148551-07:00,write,key-2,807.649,13,false,leaderless,10
2026-04-03T20:56:14.150916-07:00,write,key-4,805.321,11,false,leaderless,10
2026-04-03T20:56:14.148774-07:00,write,key-5,807.492,20,false,leaderless,10
2026-04-03T20:56:14.149866-07:00,write,key-6,806.468,10,false,leaderless,10
2026-04-03T20:56:14.149975-07:00,write,key-6,806.386,11,false,leaderless,10
2026-04-03T20:56:14.149096-07:00,write,key-8,807.314,7,false,leaderless,10
2026-04-03T20:56:14.144755-07:00,write,key-8,811.691,6,false,leaderless,10
2026-04-03T20:56:14.148485-07:00,write,key-5,807.998,19,false,leaderless,10
2026-04-03T20:56:14.15162-07:00,write,key-6,804.901,12,false,leaderless,10
2026-04-03T20:56:14.956409-07:00,read,key-7,1.418,11,false,leaderless,10
2026-04-03T20:56:14.956482-07:00,read,key-1,1.360,13,false,leaderless,10
2026-04-03T20:56:14.152112-07:00,write,key-8,805.799,8,false,leaderless,10
2026-04-03T20:56:14.955352-07:00,read,key-7,2.604,11,false,leaderless,10
2026-04-03T20:56:14.956444-07:00,read,key-3,1.517,8,false,leaderless,10
2026-04-03T20:56:14.956361-07:00,read,key-4,1.642,11,false,leaderless,10
2026-04-03T20:56:14.956334-07:00,read,key-4,1.676,11,false,leaderless,10
2026-04-03T20:56:14.955243-07:00,read,key-8,2.812,9,false,leaderless,10
2026-04-03T20:56:14.955451-07:00,read,key-0,2.636,12,false,leaderless,10
2026-04-03T20:56:14.956521-07:00,read,key-6,1.773,12,false,leaderless,10
2026-04-03T20:56:14.15452-07:00,write,key-2,803.902,14,false,leaderless,10
2026-04-03T20:56:14.955519-07:00,read,key-9,2.973,12,false,leaderless,10
2026-04-03T20:56:14.956202-07:00,read,key-6,2.382,12,false,leaderless,10
2026-04-03T20:56:14.95791-07:00,read,key-7,0.681,11,false,leaderless,10
2026-04-03T20:56:14.957963-07:00,read,key-8,0.681,9,false,leaderless,10
2026-04-03T20:56:14.95783-07:00,read,key-9,0.815,12,false,leaderless,10
2026-04-03T20:56:14.957957-07:00,read,key-5,0.748,21,false,leaderless,10
2026-04-03T20:56:14.15666-07:00,write,key-7,802.060,11,false,leaderless,10
2026-04-03T20:56:14.958088-07:00,read,key-0,0.675,12,false,leaderless,10
2026-04-03T20:56:14.958296-07:00,read,key-0,0.471,12,false,leaderless,10
2026-04-03T20:56:14.958057-07:00,read,key-2,0.746,14,false,leaderless,10
2026-04-03T20:56:14.958004-07:00,read,key-0,0.840,12,false,leaderless,10
2026-04-03T20:56:14.958798-07:00,read,key-7,0.864,11,false,leaderless,10
2026-04-03T20:56:14.958846-07:00,read,key-2,0.860,14,false,leaderless,10
2026-04-03T20:56:14.958646-07:00,read,key-2,1.308,14,false,leaderless,10
2026-04-03T20:56:14.958011-07:00,read,key-2,1.970,14,false,leaderless,10
2026-04-03T20:56:14.958585-07:00,read,key-7,1.406,12,false,leaderless,10
2026-04-03T20:56:14.956237-07:00,read,key-9,3.775,12,false,leaderless,10
2026-04-03T20:56:14.956266-07:00,read,key-2,3.780,14,false,leaderless,10
2026-04-03T20:56:14.958494-07:00,read,key-5,1.554,21,false,leaderless,10
2026-04-03T20:56:14.959664-07:00,read,key-6,0.523,12,false,leaderless,10
2026-04-03T20:56:14.959982-07:00,read,key-1,1.007,13,false,leaderless,10
2026-04-03T20:56:14.958764-07:00,read,key-7,2.277,11,false,leaderless,10
2026-04-03T20:56:14.960188-07:00,read,key-4,0.912,11,false,leaderless,10
2026-04-03T20:56:14.960049-07:00,read,key-1,1.063,13,false,leaderless,10
2026-04-03T20:56:14.959993-07:00,read,key-4,1.154,11,false,leaderless,10
2026-04-03T20:56:14.958707-07:00,read,key-0,2.521,12,false,leaderless,10
2026-04-03T20:56:14.958647-07:00,read,key-0,2.642,12,false,leaderless,10
2026-04-03T20:56:14.960014-07:00,read,key-5,1.286,21,false,leaderless,10
2026-04-03T20:56:14.958804-07:00,read,key-4,2.533,11,false,leaderless,10
2026-04-03T20:56:14.959955-07:00,read,key-2,1.403,14,false,leaderless,10
2026-04-03T20:56:14.961102-07:00,read,key-3,0.489,8,false,leaderless,10
2026-04-03T20:56:14.960991-07:00,read,key-1,0.639,13,false,leaderless,10
2026-04-03T20:56:14.961043-07:00,read,key-5,0.591,21,false,leaderless,10
2026-04-03T20:56:14.961148-07:00,read,key-2,0.534,14,false,leaderless,10
2026-04-03T20:56:14.961114-07:00,read,key-8,0.590,9,false,leaderless,10
2026-04-03T20:56:14.961301-07:00,read,key-4,0.527,11,false,leaderless,10
2026-04-03T20:56:14.961229-07:00,read,key-2,0.666,14,false,leaderless,10
2026-04-03T20:56:14.96129-07:00,read,key-5,0.660,21,false,leaderless,10
2026-04-03T20:56:14.961359-07:00,read,key-3,0.716,8,false,leaderless,10
2026-04-03T20:56:14.961631-07:00,read,key-3,0.446,8,false,leaderless,10
2026-04-03T20:56:14.961338-07:00,read,key-3,0.795,8,false,leaderless,10
2026-04-03T20:56:14.961705-07:00,read,key-6,0.451,12,false,leaderless,10
2026-04-03T20:56:14.961896-07:00,read,key-4,0.528,11,false,leaderless,10
2026-04-03T20:56:14.961635-07:00,read,key-5,0.811,21,false,leaderless,10
2026-04-03T20:56:14.962079-07:00,read,key-5,0.409,21,false,leaderless,10
2026-04-03T20:56:14.96183-07:00,read,key-6,0.695,12,false,leaderless,10
2026-04-03T20:56:14.962158-07:00,read,key-2,0.390,14,false,leaderless,10
2026-04-03T20:56:14.962077-07:00,read,key-1,0.729,13,false,leaderless,10
2026-04-03T20:56:14.962425-07:00,read,key-7,0.398,11,false,leaderless,10
2026-04-03T20:56:14.96249-07:00,read,key-3,0.363,8,false,leaderless,10
2026-04-03T20:56:14.96255-07:00,read,key-9,0.408,12,false,leaderless,10
2026-04-03T20:56:14.962808-07:00,read,key-5,0.290,21,false,leaderless,10
2026-04-03T20:56:14.963099-07:00,read,key-2,0.912,14,false,leaderless,10
2026-04-03T20:56:14.162198-07:00,write,key-9,802.868,12,false,leaderless,10
2026-04-03T20:56:14.964013-07:00,read,key-5,1.090,21,false,leaderless,10
2026-04-03T20:56:14.162233-07:00,write,key-5,802.951,21,false,leaderless,10
2026-04-03T20:56:14.962959-07:00,read,key-2,2.283,14,false,leaderless,10
2026-04-03T20:56:14.965105-07:00,read,key-8,0.643,9,false,leaderless,10
2026-04-03T20:56:14.965066-07:00,read,key-9,0.687,12,false,leaderless,10
2026-04-03T20:56:14.962824-07:00,read,key-5,2.991,21,false,leaderless,10
2026-04-03T20:56:14.965184-07:00,read,key-2,0.649,14,false,leaderless,10
2026-04-03T20:56:14.962447-07:00,read,key-6,3.427,13,false,leaderless,10
2026-04-03T20:56:14.962526-07:00,read,key-2,3.369,14,false,leaderless,10
2026-04-03T20:56:14.961683-07:00,read,key-1,4.245,14,false,leaderless,10
2026-04-03T20:56:14.965243-07:00,read,key-8,0.740,9,false,leaderless,10
2026-04-03T20:56:14.96575-07:00,read,key-5,0.617,21,false,leaderless,10
2026-04-03T20:56:14.965754-07:00,read,key-3,0.685,8,false,leaderless,10
2026-04-03T20:56:14.965817-07:00,read,key-2,0.636,14,false,leaderless,10
2026-04-03T20:56:14.965875-07:00,read,key-5,0.606,21,false,leaderless,10
2026-04-03T20:56:14.96593-07:00,read,key-7,0.582,13,false,leaderless,10
2026-04-03T20:56:14.965985-07:00,read,key-2,0.538,14,false,leaderless,10
2026-04-03T20:56:14.965834-07:00,read,key-2,0.725,14,false,leaderless,10
2026-04-03T20:56:14.965896-07:00,read,key-0,0.664,12,false,leaderless,10
2026-04-03T20:56:14.966368-07:00,read,key-2,0.407,14,false,leaderless,10
2026-04-03T20:56:14.96644-07:00,read,key-3,0.353,8,false,leaderless,10
2026-04-03T20:56:14.966482-07:00,read,key-3,0.335,8,false,leaderless,10
2026-04-03T20:56:14.966524-07:00,read,key-0,0.447,12,false,leaderless,10
2026-04-03T20:56:14.966559-07:00,read,key-8,0.439,9,false,leaderless,10
2026-04-03T20:56:14.966454-07:00,read,key-7,0.560,11,false,leaderless,10
2026-04-03T20:56:14.966776-07:00,read,key-6,0.366,13,false,leaderless,10
2026-04-03T20:56:14.966795-07:00,read,key-7,0.387,11,false,leaderless,10
2026-04-03T20:56:14.966818-07:00,read,key-6,0.367,12,false,leaderless,10
2026-04-03T20:56:14.966971-07:00,read,key-0,0.350,12,false,leaderless,10
2026-04-03T20:56:14.967015-07:00,read,key-4,0.345,11,false,leaderless,10
2026-04-03T20:56:14.966999-07:00,read,key-5,0.365,21,false,leaderless,10
2026-04-03T20:56:14.967183-07:00,read,key-6,0.356,12,false,leaderless,10
2026-04-03T20:56:14.967143-07:00,read,key-1,0.434,13,false,leaderless,10
2026-04-03T20:56:14.967323-07:00,read,key-2,0.297,14,false,leaderless,10
2026-04-03T20:56:14.967187-07:00,read,key-0,0.473,12,false,leaderless,10
2026-04-03T20:56:14.967365-07:00,read,key-1,0.334,13,false,leaderless,10
2026-04-03T20:56:14.165607-07:00,write,key-0,802.612,12,false,leaderless,10
2026-04-03T20:56:14.96754-07:00,read,key-3,0.699,8,false,leaderless,10
2026-04-03T20:56:14.967621-07:00,read,key-5,0.663,21,false,leaderless,10
2026-04-03T20:56:14.165907-07:00,write,key-8,802.496,9,false,leaderless,10
2026-04-03T20:56:14.967701-07:00,read,key-9,0.731,12,false,leaderless,10
2026-04-03T20:56:14.968433-07:00,read,key-9,0.492,12,false,leaderless,10
2026-04-03T20:56:14.967578-07:00,read,key-2,1.395,14,false,leaderless,10
2026-04-03T20:56:14.968402-07:00,read,key-2,0.573,14,false,leaderless,10
2026-04-03T20:56:14.96824-07:00,read,key-8,0.815,9,false,leaderless,10
2026-04-03T20:56:14.968284-07:00,read,key-9,0.787,12,false,leaderless,10
2026-04-03T20:56:14.967662-07:00,read,key-4,1.433,14,false,leaderless,10
2026-04-03T20:56:14.968976-07:00,read,key-4,0.405,11,false,leaderless,10
2026-04-03T20:56:14.968926-07:00,read,key-5,0.491,21,false,leaderless,10
2026-04-03T20:56:14.968974-07:00,read,key-9,0.453,12,false,leaderless,10
2026-04-03T20:56:14.969073-07:00,read,key-7,0.463,13,false,leaderless,10
2026-04-03T20:56:14.969057-07:00,read,key-7,0.501,11,false,leaderless,10
2026-04-03T20:56:14.969096-07:00,read,key-5,0.488,21,false,leaderless,10
2026-04-03T20:56:14.969429-07:00,read,key-0,0.360,12,false,leaderless,10
2026-04-03T20:56:14.969585-07:00,read,key-5,0.304,21,false,leaderless,10
2026-04-03T20:56:14.969419-07:00,read,key-9,0.495,12,false,leaderless,10
2026-04-03T20:56:14.969559-07:00,read,key-7,0.449,11,false,leaderless,10
2026-04-03T20:56:14.969536-07:00,read,key-6,0.485,12,false,leaderless,10
2026-04-03T20:56:14.96989-07:00,read,key-0,0.310,12,false,leaderless,10
2026-04-03T20:56:14.969914-07:00,read,key-2,0.494,14,false,leaderless,10
2026-04-03T20:56:14.970009-07:00,read,key-5,0.423,21,false,leaderless,10
2026-04-03T20:56:14.96979-07:00,read,key-5,0.646,21,false,leaderless,10
2026-04-03T20:56:14.970202-07:00,read,key-2,0.382,14,false,leaderless,10
2026-04-03T20:56:14.970023-07:00,read,key-7,0.679,11,false,leaderless,10
2026-04-03T20:56:14.970438-07:00,read,key-3,0.423,8,false,leaderless,10
2026-04-03T20:56:14.970434-07:00,read,key-7,0.444,11,false,leaderless,10
2026-04-03T20:56:14.97041-07:00,read,key-6,0.469,12,false,leaderless,10
2026-04-03T20:56:14.970704-07:00,read,key-7,0.431,11,false,leaderless,10
2026-04-03T20:56:14.970881-07:00,read,key-9,0.335,12,false,leaderless,10
2026-04-03T20:56:14.970882-07:00,read,key-5,0.351,21,false,leaderless,10
2026-04-03T20:56:14.971234-07:00,read,key-7,0.313,11,false,leaderless,10
2026-04-03T20:56:14.970863-07:00,read,key-8,0.705,10,false,leaderless,10
2026-04-03T20:56:14.971216-07:00,read,key-3,0.389,8,false,leaderless,10
2026-04-03T20:56:14.971607-07:00,read,key-8,0.343,9,false,leaderless,10
2026-04-03T20:56:14.971136-07:00,read,key-0,0.832,14,false,leaderless,10
2026-04-03T20:56:14.971568-07:00,read,key-4,0.401,11,false,leaderless,10
2026-04-03T20:56:14.971549-07:00,read,key-4,0.439,11,false,leaderless,10
2026-04-03T20:56:14.971971-07:00,read,key-8,0.289,9,false,leaderless,10
2026-04-03T20:56:14.97195-07:00,read,key-7,0.330,13,false,leaderless,10
2026-04-03T20:56:14.971988-07:00,read,key-2,0.312,14,false,leaderless,10
2026-04-03T20:56:14.971969-07:00,read,key-8,0.444,9,false,leaderless,10
2026-04-03T20:56:14.972261-07:00,read,key-7,0.319,11,false,leaderless,10
2026-04-03T20:56:14.972282-07:00,read,key-7,0.309,11,false,leaderless,10
2026-04-03T20:56:14.972414-07:00,read,key-2,0.217,14,false,leaderless,10
2026-04-03T20:56:14.972301-07:00,read,key-5,0.569,21,false,leaderless,10
2026-04-03T20:56:14.972592-07:00,read,key-0,0.294,14,false,leaderless,10
2026-04-03T20:56:14.972581-07:00,read,key-6,0.379,12,false,leaderless,10
2026-04-03T20:56:14.972887-07:00,read,key-4,0.263,11,false,leaderless,10
2026-04-03T20:56:14.972872-07:00,read,key-0,0.379,12,false,leaderless,10
2026-04-03T20:56:14.972634-07:00,read,key-4,0.738,14,false,leaderless,10
2026-04-03T20:56:14.972961-07:00,read,key-7,0.540,11,false,leaderless,10
2026-04-03T20:56:14.973253-07:00,read,key-4,0.360,11,false,leaderless,10
2026-04-03T20:56:14.973373-07:00,read,key-5,0.401,21,false,leaderless,10
2026-04-03T20:56:14.973151-07:00,read,key-2,0.703,14,false,leaderless,10
2026-04-03T20:56:14.973615-07:00,read,key-7,0.300,13,false,leaderless,10
2026-04-03T20:56:14.973502-07:00,read,key-3,0.446,8,false,leaderless,10
2026-04-03T20:56:14.973855-07:00,read,key-6,0.308,12,false,leaderless,10
2026-04-03T20:56:14.973775-07:00,read,key-4,0.408,11,false,leaderless,10
2026-04-03T20:56:14.973916-07:00,read,key-5,0.409,21,false,leaderless,10
2026-04-03T20:56:14.973949-07:00,read,key-2,0.445,14,false,leaderless,10
2026-04-03T20:56:14.974184-07:00,read,key-6,0.345,12,false,leaderless,10
2026-04-03T20:56:14.974175-07:00,read,key-3,0.382,8,false,leaderless,10
2026-04-03T20:56:14.974326-07:00,read,key-0,0.240,12,false,leaderless,10
2026-04-03T20:56:14.974395-07:00,read,key-8,0.450,9,false,leaderless,10
2026-04-03T20:56:14.97453-07:00,read,key-0,0.328,12,false,leaderless,10
2026-04-03T20:56:14.974568-07:00,read,key-5,0.313,21,false,leaderless,10
2026-04-03T20:56:14.974557-07:00,read,key-2,0.351,14,false,leaderless,10
2026-04-03T20:56:14.974882-07:00,read,key-2,0.343,14,false,leaderless,10
2026-04-03T20:56:14.974859-07:00,read,key-8,0.381,9,false,leaderless,10
2026-04-03T20:56:14.974846-07:00,read,key-1,0.409,13,false,leaderless,10
2026-04-03T20:56:14.974909-07:00,read,key-2,0.350,14,false,leaderless,10
2026-04-03T20:56:14.975225-07:00,read,key-8,0.292,9,false,leaderless,10
2026-04-03T20:56:14.97526-07:00,read,key-7,0.284,11,false,leaderless,10
2026-04-03T20:56:14.975545-07:00,read,key-2,0.225,14,false,leaderless,10
2026-04-03T20:56:14.962854-07:00,write,key-9,815.377,14,false,leaderless,10
2026-04-03T20:56:14.962134-07:00,write,key-4,816.097,14,false,leaderless,10
2026-04-03T20:56:14.957844-07:00,write,key-9,820.688,13,false,leaderless,10
2026-04-03T20:56:14.960047-07:00,write,key-6,818.604,13,false,leaderless,10
2026-04-03T20:56:14.95872-07:00,write,key-1,820.050,14,false,leaderless,10
2026-04-03T20:56:14.958421-07:00,write,key-0,820.379,13,false,leaderless,10
2026-04-03T20:56:14.966513-07:00,write,key-0,812.443,14,false,leaderless,10
2026-04-03T20:56:14.966562-07:00,write,key-1,812.517,15,false,leaderless,10
2026-04-03T20:56:14.967362-07:00,write,key-6,811.731,14,false,leaderless,10
2026-04-03T20:56:14.961592-07:00,write,key-4,817.562,13,false,leaderless,10
2026-04-03T20:56:14.959707-07:00,write,key-4,819.491,12,false,leaderless,10
2026-04-03T20:56:14.970585-07:00,write,key-8,808.689,10,false,leaderless,10
2026-04-03T20:56:14.961951-07:00,write,key-7,817.379,13,false,leaderless,10
2026-04-03T20:56:14.969382-07:00,write,key-9,810.000,15,false,leaderless,10
2026-04-03T20:56:14.958593-07:00,write,key-7,820.832,12,false,leaderless,10
2026-04-03T20:56:14.968218-07:00,write,key-1,811.247,16,false,leaderless,10
2026-04-03T20:56:14.97577-07:00,write,key-0,805.167,15,false,leaderless,10
2026-04-03T20:56:14.975241-07:00,write,key-9,805.799,16,false,leaderless,10
2026-04-03T20:56:14.975519-07:00,write,key-5,805.624,22,false,leaderless,10
2026-04-03T20:56:14.975257-07:00,write,key-7,806.098,14,false,leaderless,10
2026-04-03T20:56:15.77824-07:00,read,key-3,3.212,8,false,leaderless,10
2026-04-03T20:56:15.778401-07:00,read,key-6,3.161,14,false,leaderless,10
2026-04-03T20:56:15.779079-07:00,read,key-6,2.488,14,false,leaderless,10
2026-04-03T20:56:15.778651-07:00,read,key-1,2.965,16,false,leaderless,10
2026-04-03T20:56:15.778956-07:00,read,key-7,2.694,14,false,leaderless,10
2026-04-03T20:56:15.778533-07:00,read,key-4,3.141,14,false,leaderless,10
2026-04-03T20:56:15.781355-07:00,read,key-5,0.748,22,false,leaderless,10
2026-04-03T20:56:15.78157-07:00,read,key-6,1.028,14,false,leaderless,10
2026-04-03T20:56:15.781677-07:00,read,key-4,0.950,15,false,leaderless,10
2026-04-03T20:56:15.779424-07:00,read,key-5,3.215,22,false,leaderless,10
2026-04-03T20:56:15.782105-07:00,read,key-7,0.539,14,false,leaderless,10
2026-04-03T20:56:15.781039-07:00,read,key-6,1.621,14,false,leaderless,10
2026-04-03T20:56:15.7788-07:00,read,key-9,3.865,16,false,leaderless,10
2026-04-03T20:56:15.77877-07:00,read,key-9,3.896,16,false,leaderless,10
2026-04-03T20:56:15.781565-07:00,read,key-4,1.136,14,false,leaderless,10
2026-04-03T20:56:15.782704-07:00,read,key-1,1.308,16,false,leaderless,10
2026-04-03T20:56:15.779153-07:00,read,key-1,4.870,16,false,leaderless,10
2026-04-03T20:56:15.781654-07:00,read,key-2,2.371,14,false,leaderless,10
2026-04-03T20:56:15.781142-07:00,read,key-1,2.898,16,false,leaderless,10
2026-04-03T20:56:15.782662-07:00,read,key-6,1.388,14,false,leaderless,10
2026-04-03T20:56:15.779093-07:00,read,key-0,4.961,15,false,leaderless,10
2026-04-03T20:56:15.782641-07:00,read,key-0,1.724,15,false,leaderless,10
2026-04-03T20:56:15.782668-07:00,read,key-9,1.768,16,false,leaderless,10
2026-04-03T20:56:15.784056-07:00,read,key-3,1.418,8,false,leaderless,10
2026-04-03T20:56:15.784051-07:00,read,key-3,1.492,8,false,leaderless,10
2026-04-03T20:56:15.784042-07:00,read,key-6,1.660,14,false,leaderless,10
2026-04-03T20:56:15.784025-07:00,read,key-3,1.740,8,false,leaderless,10
2026-04-03T20:56:15.784367-07:00,read,key-3,1.551,8,false,leaderless,10
2026-04-03T20:56:15.779274-07:00,read,key-6,6.671,14,false,leaderless,10
2026-04-03T20:56:15.779382-07:00,read,key-6,6.901,14,false,leaderless,10
2026-04-03T20:56:15.781459-07:00,read,key-8,4.852,10,false,leaderless,10
2026-04-03T20:56:15.784437-07:00,read,key-9,1.886,16,false,leaderless,10
2026-04-03T20:56:15.782599-07:00,read,key-5,3.779,22,false,leaderless,10
2026-04-03T20:56:15.782628-07:00,read,key-6,4.120,14,false,leaderless,10
2026-04-03T20:56:15.77933-07:00,read,key-9,7.452,16,false,leaderless,10
2026-04-03T20:56:15.784026-07:00,read,key-3,2.778,8,false,leaderless,10
2026-04-03T20:56:15.785919-07:00,read,key-3,0.890,8,false,leaderless,10
2026-04-03T20:56:15.782668-07:00,read,key-4,4.154,14,false,leaderless,10
2026-04-03T20:56:15.784013-07:00,read,key-9,2.885,16,false,leaderless,10
2026-04-03T20:56:15.781621-07:00,read,key-1,5.316,16,false,leaderless,10
2026-04-03T20:56:15.779464-07:00,read,key-2,7.498,14,false,leaderless,10
2026-04-03T20:56:15.785948-07:00,read,key-7,1.048,14,false,leaderless,10
2026-04-03T20:56:15.785479-07:00,read,key-3,1.562,8,false,leaderless,10
2026-04-03T20:56:15.782645-07:00,read,key-7,4.482,14,false,leaderless,10
2026-04-03T20:56:15.785545-07:00,read,key-5,1.589,22,false,leaderless,10
2026-04-03T20:56:15.785703-07:00,read,key-0,1.441,15,false,leaderless,10
2026-04-03T20:56:15.785768-07:00,read,key-0,1.385,15,false,leaderless,10
2026-04-03T20:56:15.786997-07:00,read,key-1,0.963,16,false,leaderless,10
2026-04-03T20:56:15.787128-07:00,read,key-5,0.852,22,false,leaderless,10
2026-04-03T20:56:15.787135-07:00,read,key-2,0.870,14,false,leaderless,10
2026-04-03T20:56:15.786928-07:00,read,key-3,1.158,8,false,leaderless,10
2026-04-03T20:56:15.786326-07:00,read,key-5,1.780,22,false,leaderless,10
2026-04-03T20:56:15.786312-07:00,read,key-1,1.801,16,false,leaderless,10
2026-04-03T20:56:15.786816-07:00,read,key-5,1.303,22,false,leaderless,10
2026-04-03T20:56:15.786784-07:00,read,key-1,1.342,16,false,leaderless,10
2026-04-03T20:56:15.786823-07:00,read,key-8,1.329,10,false,leaderless,10
2026-04-03T20:56:15.786285-07:00,read,key-6,2.046,14,false,leaderless,10
2026-04-03T20:56:15.786899-07:00,read,key-3,1.500,8,false,leaderless,10
2026-04-03T20:56:15.78675-07:00,read,key-9,1.923,16,false,leaderless,10
2026-04-03T20:56:15.78638-07:00,read,key-1,2.455,16,false,leaderless,10
2026-04-03T20:56:15.787981-07:00,read,key-2,0.976,14,false,leaderless,10
2026-04-03T20:56:15.786965-07:00,read,key-3,2.074,8,false,leaderless,10
2026-04-03T20:56:15.788153-07:00,read,key-6,0.918,14,false,leaderless,10
2026-04-03T20:56:15.787145-07:00,read,key-5,1.933,22,false,leaderless,10
2026-04-03T20:56:15.787154-07:00,read,key-8,1.957,10,false,leaderless,10
2026-04-03T20:56:15.787042-07:00,read,key-4,2.089,15,false,leaderless,10
2026-04-03T20:56:15.788128-07:00,read,key-4,1.016,14,false,leaderless,10
2026-04-03T20:56:15.788115-07:00,read,key-8,1.057,10,false,leaderless,10
2026-04-03T20:56:15.78796-07:00,read,key-2,1.215,14,false,leaderless,10
2026-04-03T20:56:15.788005-07:00,read,key-0,1.613,15,false,leaderless,10
2026-04-03T20:56:15.788401-07:00,read,key-7,1.322,14,false,leaderless,10
2026-04-03T20:56:15.78904-07:00,read,key-2,1.048,14,false,leaderless,10
2026-04-03T20:56:15.788958-07:00,read,key-9,1.355,16,false,leaderless,10
2026-04-03T20:56:15.788087-07:00,read,key-1,2.253,16,false,leaderless,10
2026-04-03T20:56:15.789073-07:00,read,key-4,1.341,14,false,leaderless,10
2026-04-03T20:56:15.78962-07:00,read,key-2,0.818,14,false,leaderless,10
2026-04-03T20:56:15.78908-07:00,read,key-0,1.397,15,false,leaderless,10
2026-04-03T20:56:15.789145-07:00,read,key-8,1.469,10,false,leaderless,10
2026-04-03T20:56:15.78812-07:00,read,key-7,2.626,14,false,leaderless,10
2026-04-03T20:56:15.789177-07:00,read,key-8,1.634,10,false,leaderless,10
2026-04-03T20:56:15.789724-07:00,read,key-3,1.634,8,false,leaderless,10
2026-04-03T20:56:15.789174-07:00,read,key-2,2.213,14,false,leaderless,10
2026-04-03T20:56:15.788108-07:00,read,key-9,3.317,16,false,leaderless,10
2026-04-03T20:56:15.790089-07:00,read,key-9,1.351,16,false,leaderless,10
2026-04-03T20:56:15.788674-07:00,read,key-1,2.785,16,false,leaderless,10
2026-04-03T20:56:15.790415-07:00,read,key-5,1.410,22,false,leaderless,10
2026-04-03T20:56:15.790439-07:00,read,key-8,1.487,10,false,leaderless,10
2026-04-03T20:56:15.788333-07:00,read,key-8,3.594,10,false,leaderless,10
2026-04-03T20:56:15.790342-07:00,read,key-4,1.609,14,false,leaderless,10
2026-04-03T20:56:15.790747-07:00,read,key-0,1.215,15,false,leaderless,10
2026-04-03T20:56:15.790478-07:00,read,key-2,1.490,14,false,leaderless,10
2026-04-03T20:56:15.790811-07:00,read,key-3,1.159,8,false,leaderless,10
2026-04-03T20:56:15.790315-07:00,read,key-7,1.657,14,false,leaderless,10
2026-04-03T20:56:15.79146-07:00,read,key-2,0.531,14,false,leaderless,10
2026-04-03T20:56:15.791388-07:00,read,key-5,0.618,22,false,leaderless,10
2026-04-03T20:56:15.791426-07:00,read,key-0,0.586,15,false,leaderless,10
2026-04-03T20:56:15.791973-07:00,read,key-2,0.677,14,false,leaderless,10
2026-04-03T20:56:15.790615-07:00,read,key-6,2.083,14,false,leaderless,10
2026-04-03T20:56:15.792014-07:00,read,key-3,0.748,8,false,leaderless,10
2026-04-03T20:56:15.791993-07:00,read,key-0,0.789,15,false,leaderless,10
2026-04-03T20:56:15.791969-07:00,read,key-3,0.815,8,false,leaderless,10
2026-04-03T20:56:15.791952-07:00,read,key-7,0.848,14,false,leaderless,10
2026-04-03T20:56:15.791928-07:00,read,key-9,0.877,16,false,leaderless,10
2026-04-03T20:56:15.791927-07:00,read,key-1,0.880,16,false,leaderless,10
2026-04-03T20:56:15.791964-07:00,read,key-4,0.956,16,false,leaderless,10
2026-04-03T20:56:15.79136-07:00,read,key-2,1.566,14,false,leaderless,10
2026-04-03T20:56:15.792008-07:00,read,key-9,0.938,16,false,leaderless,10
2026-04-03T20:56:15.792651-07:00,read,key-7,0.567,14,false,leaderless,10
2026-04-03T20:56:15.792785-07:00,read,key-7,0.553,14,false,leaderless,10
2026-04-03T20:56:15.792763-07:00,read,key-8,0.608,10,false,leaderless,10
2026-04-03T20:56:15.792947-07:00,read,key-3,0.441,8,false,leaderless,10
2026-04-03T20:56:15.792801-07:00,read,key-2,0.622,14,false,leaderless,10
2026-04-03T20:56:15.792805-07:00,read,key-1,0.630,16,false,leaderless,10
2026-04-03T20:56:15.793389-07:00,read,key-8,0.701,10,false,leaderless,10
2026-04-03T20:56:15.793219-07:00,read,key-5,0.889,22,false,leaderless,10
2026-04-03T20:56:15.793371-07:00,read,key-4,0.758,14,false,leaderless,10
2026-04-03T20:56:15.792927-07:00,read,key-6,1.209,14,false,leaderless,10
2026-04-03T20:56:15.793339-07:00,read,key-4,0.826,14,false,leaderless,10
2026-04-03T20:56:15.792782-07:00,read,key-0,2.062,15,false,leaderless,10
2026-04-03T20:56:15.793437-07:00,read,key-9,1.504,16,false,leaderless,10
2026-04-03T20:56:15.794138-07:00,read,key-7,1.100,14,false,leaderless,10
2026-04-03T20:56:15.794109-07:00,read,key-2,1.161,15,false,leaderless,10
2026-04-03T20:56:15.793423-07:00,read,key-9,1.872,16,false,leaderless,10
2026-04-03T20:56:15.792921-07:00,read,key-0,2.411,15,false,leaderless,10
2026-04-03T20:56:15.792808-07:00,read,key-0,2.546,15,false,leaderless,10
2026-04-03T20:56:15.795296-07:00,read,key-4,0.423,14,false,leaderless,10
2026-04-03T20:56:15.795271-07:00,read,key-4,0.465,17,false,leaderless,10
2026-04-03T20:56:15.794846-07:00,read,key-2,0.900,15,false,leaderless,10
2026-04-03T20:56:15.794942-07:00,read,key-9,0.808,16,false,leaderless,10
2026-04-03T20:56:15.795334-07:00,read,key-5,0.443,22,false,leaderless,10
2026-04-03T20:56:15.795239-07:00,read,key-6,0.648,14,false,leaderless,10
2026-04-03T20:56:15.795736-07:00,read,key-3,0.761,9,false,leaderless,10
2026-04-03T20:56:15.795747-07:00,read,key-3,0.772,8,false,leaderless,10
2026-04-03T20:56:15.79572-07:00,read,key-9,0.802,16,false,leaderless,10
2026-04-03T20:56:15.79575-07:00,read,key-0,0.788,15,false,leaderless,10
2026-04-03T20:56:15.795779-07:00,read,key-5,0.760,22,false,leaderless,10
2026-04-03T20:56:15.795356-07:00,read,key-8,1.253,10,false,leaderless,10
2026-04-03T20:56:15.795889-07:00,read,key-9,0.780,16,false,leaderless,10
2026-04-03T20:56:15.796523-07:00,read,key-5,0.438,22,false,leaderless,10
2026-04-03T20:56:15.796499-07:00,read,key-2,0.643,15,false,leaderless,10
2026-04-03T20:56:15.79654-07:00,read,key-0,0.602,15,false,leaderless,10
2026-04-03T20:56:15.79654-07:00,read,key-9,0.742,16,false,leaderless,10
2026-04-03T20:56:15.79661-07:00,read,key-3,0.719,9,false,leaderless,10
2026-04-03T20:56:15.79667-07:00,read,key-5,0.680,22,false,leaderless,10
2026-04-03T20:56:15.79652-07:00,read,key-9,0.892,16,false,leaderless,10
2026-04-03T20:56:15.796961-07:00,read,key-4,0.614,14,false,leaderless,10
2026-04-03T20:56:15.797144-07:00,read,key-4,0.520,14,false,leaderless,10
2026-04-03T20:56:15.797143-07:00,read,key-7,0.549,14,false,leaderless,10
2026-04-03T20:56:15.797283-07:00,read,key-3,0.414,8,false,leaderless,10
2026-04-03T20:56:15.797413-07:00,read,key-3,0.390,8,false,leaderless,10
2026-04-03T20:56:15.797698-07:00,read,key-2,0.340,14,false,leaderless,10
2026-04-03T20:56:15.797693-07:00,read,key-5,0.366,22,false,leaderless,10
2026-04-03T20:56:15.797577-07:00,read,key-8,0.504,10,false,leaderless,10
2026-04-03T20:56:15.797804-07:00,read,key-6,0.309,14,false,leaderless,10
2026-04-03T20:56:15.798039-07:00,read,key-2,0.377,14,false,leaderless,10
2026-04-03T20:56:15.798114-07:00,read,key-5,0.326,22,false,leaderless,10
2026-04-03T20:56:15.798418-07:00,read,key-7,0.248,14,false,leaderless,10
2026-04-03T20:56:15.798441-07:00,read,key-9,0.254,16,false,leaderless,10
2026-04-03T20:56:15.798667-07:00,read,key-7,0.272,14,false,leaderless,10
2026-04-03T20:56:15.798696-07:00,read,key-5,0.263,22,false,leaderless,10
2026-04-03T20:56:15.797665-07:00,read,key-7,2.610,14,false,leaderless,10
2026-04-03T20:56:15.79896-07:00,read,key-3,1.457,9,false,leaderless,10
2026-04-03T20:56:15.79806-07:00,read,key-6,2.466,16,false,leaderless,10
2026-04-03T20:56:15.800276-07:00,read,key-1,0.305,16,false,leaderless,10
2026-04-03T20:56:15.800527-07:00,read,key-5,0.321,22,false,leaderless,10
2026-04-03T20:56:15.800419-07:00,read,key-6,0.430,14,false,leaderless,10
2026-04-03T20:56:15.80085-07:00,read,key-6,0.222,14,false,leaderless,10
2026-04-03T20:56:15.801073-07:00,read,key-6,2.210,17,false,leaderless,10
2026-04-03T20:56:15.803285-07:00,read,key-7,0.210,15,false,leaderless,10
2026-04-03T20:56:15.803496-07:00,read,key-5,0.237,22,false,leaderless,10
2026-04-03T20:56:15.791826-07:00,write,key-5,806.359,24,false,leaderless,10
2026-04-03T20:56:15.789133-07:00,write,key-1,809.097,17,false,leaderless,10
2026-04-03T20:56:15.791972-07:00,write,key-4,806.432,17,false,leaderless,10
2026-04-03T20:56:15.791442-07:00,write,key-5,807.195,23,false,leaderless,10
2026-04-03T20:56:15.780937-07:00,write,key-2,817.813,15,false,leaderless,10
2026-04-03T20:56:15.792699-07:00,write,key-3,806.097,9,false,leaderless,10
2026-04-03T20:56:15.794131-07:00,write,key-5,804.695,25,false,leaderless,10
2026-04-03T20:56:15.794091-07:00,write,key-5,804.755,26,false,leaderless,10
2026-04-03T20:56:15.789112-07:00,write,key-6,809.795,16,false,leaderless,10
2026-04-03T20:56:15.786941-07:00,write,key-6,812.057,15,false,leaderless,10
2026-04-03T20:56:15.788836-07:00,write,key-4,810.213,16,false,leaderless,10
2026-04-03T20:56:15.794166-07:00,write,key-4,804.931,18,false,leaderless,10
2026-04-03T20:56:15.779198-07:00,write,key-4,819.941,15,false,leaderless,10
2026-04-03T20:56:16.59875-07:00,read,key-7,0.828,15,false,leaderless,10
2026-04-03T20:56:16.598525-07:00,read,key-5,1.099,26,false,leaderless,10
2026-04-03T20:56:16.598636-07:00,read,key-2,1.035,16,false,leaderless,10
2026-04-03T20:56:16.598825-07:00,read,key-7,0.963,15,false,leaderless,10
2026-04-03T20:56:16.598795-07:00,read,key-4,1.091,19,false,leaderless,10
2026-04-03T20:56:16.598194-07:00,read,key-7,1.764,15,false,leaderless,10
2026-04-03T20:56:16.599048-07:00,read,key-1,1.015,19,false,leaderless,10
2026-04-03T20:56:15.797351-07:00,write,key-0,802.859,16,false,leaderless,10
2026-04-03T20:56:15.79733-07:00,write,key-4,802.912,19,false,leaderless,10
2026-04-03T20:56:16.598998-07:00,read,key-2,1.250,16,false,leaderless,10
2026-04-03T20:56:16.598907-07:00,read,key-4,1.394,19,false,leaderless,10
2026-04-03T20:56:16.599626-07:00,read,key-4,0.681,19,false,leaderless,10
2026-04-03T20:56:16.598845-07:00,read,key-0,1.542,16,false,leaderless,10
2026-04-03T20:56:16.599097-07:00,read,key-4,1.404,19,false,leaderless,10
2026-04-03T20:56:16.599888-07:00,read,key-1,0.761,19,false,leaderless,10
2026-04-03T20:56:16.599673-07:00,read,key-0,1.104,16,false,leaderless,10
2026-04-03T20:56:16.600241-07:00,read,key-2,0.884,16,false,leaderless,10
2026-04-03T20:56:16.59979-07:00,read,key-5,1.341,26,false,leaderless,10
2026-04-03T20:56:16.59823-07:00,read,key-0,2.991,16,false,leaderless,10
2026-04-03T20:56:16.600249-07:00,read,key-8,1.004,10,false,leaderless,10
2026-04-03T20:56:16.599581-07:00,read,key-3,1.727,9,false,leaderless,10
2026-04-03T20:56:16.599963-07:00,read,key-1,1.397,19,false,leaderless,10
2026-04-03T20:56:16.600651-07:00,read,key-9,0.719,16,false,leaderless,10
2026-04-03T20:56:16.600389-07:00,read,key-6,1.094,17,false,leaderless,10
2026-04-03T20:56:16.600503-07:00,read,key-9,1.296,16,false,leaderless,10
2026-04-03T20:56:16.600064-07:00,read,key-8,1.750,10,false,leaderless,10
2026-04-03T20:56:16.600308-07:00,read,key-1,1.516,19,false,leaderless,10
2026-04-03T20:56:16.600303-07:00,read,key-1,1.550,19,false,leaderless,10
2026-04-03T20:56:16.601133-07:00,read,key-3,1.340,9,false,leaderless,10
2026-04-03T20:56:16.601255-07:00,read,key-4,1.253,19,false,leaderless,10
2026-04-03T20:56:15.798939-07:00,write,key-6,803.634,17,false,leaderless,10
2026-04-03T20:56:16.601372-07:00,read,key-1,1.508,19,false,leaderless,10
2026-04-03T20:56:15.80085-07:00,write,key-7,802.276,15,false,leaderless,10
2026-04-03T20:56:15.798082-07:00,write,key-1,805.061,18,false,leaderless,10
2026-04-03T20:56:16.601854-07:00,read,key-3,1.289,9,false,leaderless,10
2026-04-03T20:56:16.6018-07:00,read,key-4,1.351,19,false,leaderless,10
2026-04-03T20:56:15.800583-07:00,write,key-2,802.587,16,false,leaderless,10
2026-04-03T20:56:16.601127-07:00,read,key-9,2.050,16,false,leaderless,10
2026-04-03T20:56:16.601817-07:00,read,key-5,1.361,26,false,leaderless,10
2026-04-03T20:56:16.602509-07:00,read,key-1,1.178,19,false,leaderless,10
2026-04-03T20:56:16.602881-07:00,read,key-6,1.173,17,false,leaderless,10
2026-04-03T20:56:16.603179-07:00,read,key-9,0.900,16,false,leaderless,10
2026-04-03T20:56:16.603144-07:00,read,key-7,0.979,16,false,leaderless,10
2026-04-03T20:56:16.603153-07:00,read,key-8,1.010,10,false,leaderless,10
2026-04-03T20:56:16.603144-07:00,read,key-5,1.455,26,false,leaderless,10
2026-04-03T20:56:16.602475-07:00,read,key-6,2.234,17,false,leaderless,10
2026-04-03T20:56:16.602572-07:00,read,key-6,2.202,17,false,leaderless,10
2026-04-03T20:56:16.601825-07:00,read,key-3,3.243,9,false,leaderless,10
2026-04-03T20:56:16.601486-07:00,read,key-9,3.609,17,false,leaderless,10
2026-04-03T20:56:16.603127-07:00,read,key-0,2.003,16,false,leaderless,10
2026-04-03T20:56:16.603179-07:00,read,key-2,2.056,16,false,leaderless,10
2026-04-03T20:56:16.604165-07:00,read,key-0,1.075,16,false,leaderless,10
2026-04-03T20:56:16.6046-07:00,read,key-2,0.784,17,false,leaderless,10
2026-04-03T20:56:16.603169-07:00,read,key-7,2.228,15,false,leaderless,10
2026-04-03T20:56:16.604055-07:00,read,key-9,1.345,16,false,leaderless,10
2026-04-03T20:56:16.60507-07:00,read,key-4,0.576,19,false,leaderless,10
2026-04-03T20:56:16.603688-07:00,read,key-8,2.046,10,false,leaderless,10
2026-04-03T20:56:16.605236-07:00,read,key-3,0.521,9,false,leaderless,10
2026-04-03T20:56:16.605241-07:00,read,key-2,0.521,16,false,leaderless,10
2026-04-03T20:56:16.604711-07:00,read,key-8,1.052,10,false,leaderless,10
2026-04-03T20:56:16.604124-07:00,read,key-8,1.663,10,false,leaderless,10
2026-04-03T20:56:16.604776-07:00,read,key-7,1.075,18,false,leaderless,10
2026-04-03T20:56:16.605384-07:00,read,key-4,0.496,19,false,leaderless,10
2026-04-03T20:56:15.803735-07:00,write,key-1,802.164,19,false,leaderless,10
2026-04-03T20:56:16.605097-07:00,read,key-0,0.821,16,false,leaderless,10
2026-04-03T20:56:16.605788-07:00,read,key-1,0.722,19,false,leaderless,10
2026-04-03T20:56:16.605852-07:00,read,key-9,0.662,16,false,leaderless,10
2026-04-03T20:56:16.605647-07:00,read,key-2,0.896,16,false,leaderless,10
2026-04-03T20:56:16.605919-07:00,read,key-0,0.660,16,false,leaderless,10
2026-04-03T20:56:16.605758-07:00,read,key-5,0.842,26,false,leaderless,10
2026-04-03T20:56:16.605133-07:00,read,key-5,1.490,26,false,leaderless,10
2026-04-03T20:56:16.605765-07:00,read,key-8,0.942,10,false,leaderless,10
2026-04-03T20:56:16.605402-07:00,read,key-8,1.340,10,false,leaderless,10
2026-04-03T20:56:16.605764-07:00,read,key-3,1.001,9,false,leaderless,10
2026-04-03T20:56:16.606516-07:00,read,key-8,0.572,10,false,leaderless,10
2026-04-03T20:56:16.606581-07:00,read,key-3,0.583,9,false,leaderless,10
2026-04-03T20:56:16.606544-07:00,read,key-5,0.863,26,false,leaderless,10
2026-04-03T20:56:16.606601-07:00,read,key-2,0.825,16,false,leaderless,10
2026-04-03T20:56:16.606743-07:00,read,key-1,0.749,19,false,leaderless,10
2026-04-03T20:56:16.606624-07:00,read,key-7,0.931,15,false,leaderless,10
2026-04-03T20:56:16.607493-07:00,read,key-1,0.471,19,false,leaderless,10
2026-04-03T20:56:16.606512-07:00,read,key-4,1.494,20,false,leaderless,10
2026-04-03T20:56:16.606766-07:00,read,key-1,1.244,19,false,leaderless,10
2026-04-03T20:56:16.606708-07:00,read,key-5,1.330,26,false,leaderless,10
2026-04-03T20:56:16.607409-07:00,read,key-9,0.630,16,false,leaderless,10
2026-04-03T20:56:16.605898-07:00,read,key-5,2.162,26,false,leaderless,10
2026-04-03T20:56:16.607968-07:00,read,key-5,0.417,26,false,leaderless,10
2026-04-03T20:56:16.607427-07:00,read,key-4,0.992,20,false,leaderless,10
2026-04-03T20:56:16.608007-07:00,read,key-7,0.477,15,false,leaderless,10
2026-04-03T20:56:16.60804-07:00,read,key-9,0.467,16,false,leaderless,10
2026-04-03T20:56:16.607165-07:00,read,key-3,1.361,10,false,leaderless,10
2026-04-03T20:56:16.608011-07:00,read,key-9,0.547,16,false,leaderless,10
2026-04-03T20:56:16.608063-07:00,read,key-7,0.580,15,false,leaderless,10
2026-04-03T20:56:16.608386-07:00,read,key-2,0.497,16,false,leaderless,10
2026-04-03T20:56:16.608485-07:00,read,key-9,0.738,18,false,leaderless,10
2026-04-03T20:56:16.60842-07:00,read,key-8,0.857,10,false,leaderless,10
2026-04-03T20:56:16.608529-07:00,read,key-7,0.881,15,false,leaderless,10
2026-04-03T20:56:16.60804-07:00,read,key-3,1.685,10,false,leaderless,10
2026-04-03T20:56:16.60856-07:00,read,key-6,1.220,17,false,leaderless,10
2026-04-03T20:56:16.608644-07:00,read,key-3,1.162,9,false,leaderless,10
2026-04-03T20:56:16.609411-07:00,read,key-2,0.537,16,false,leaderless,10
2026-04-03T20:56:16.609279-07:00,read,key-8,0.685,10,false,leaderless,10
2026-04-03T20:56:16.609808-07:00,read,key-2,0.464,16,false,leaderless,10
2026-04-03T20:56:16.609781-07:00,read,key-1,0.517,19,false,leaderless,10
2026-04-03T20:56:16.609726-07:00,read,key-8,0.614,10,false,leaderless,10
2026-04-03T20:56:16.609949-07:00,read,key-6,0.472,17,false,leaderless,10
2026-04-03T20:56:16.610272-07:00,read,key-9,0.661,16,false,leaderless,10
2026-04-03T20:56:16.610341-07:00,read,key-4,0.603,21,false,leaderless,10
2026-04-03T20:56:16.6103-07:00,read,key-7,0.644,15,false,leaderless,10
2026-04-03T20:56:16.610935-07:00,read,key-0,0.441,16,false,leaderless,10
2026-04-03T20:56:16.610946-07:00,read,key-4,0.552,19,false,leaderless,10
2026-04-03T20:56:16.610947-07:00,read,key-2,0.586,16,false,leaderless,10
2026-04-03T20:56:16.610423-07:00,read,key-0,1.138,16,false,leaderless,10
2026-04-03T20:56:16.611499-07:00,read,key-5,0.361,26,false,leaderless,10
2026-04-03T20:56:16.611405-07:00,read,key-7,0.467,18,false,leaderless,10
2026-04-03T20:56:16.611562-07:00,read,key-1,0.329,19,false,leaderless,10
2026-04-03T20:56:16.611535-07:00,read,key-2,0.376,16,false,leaderless,10
2026-04-03T20:56:16.611873-07:00,read,key-4,0.308,19,false,leaderless,10
2026-04-03T20:56:16.611861-07:00,read,key-6,0.334,17,false,leaderless,10
2026-04-03T20:56:16.611892-07:00,read,key-7,0.351,15,false,leaderless,10
2026-04-03T20:56:16.611913-07:00,read,key-1,0.335,19,false,leaderless,10
2026-04-03T20:56:16.612196-07:00,read,key-6,0.421,17,false,leaderless,10
2026-04-03T20:56:16.612244-07:00,read,key-9,0.381,18,false,leaderless,10
2026-04-03T20:56:16.612182-07:00,read,key-4,0.444,21,false,leaderless,10
2026-04-03T20:56:16.612249-07:00,read,key-6,0.381,17,false,leaderless,10
2026-04-03T20:56:16.612632-07:00,read,key-2,0.255,18,false,leaderless,10
2026-04-03T20:56:16.612618-07:00,read,key-5,0.285,26,false,leaderless,10
2026-04-03T20:56:16.612627-07:00,read,key-2,0.290,16,false,leaderless,10
2026-04-03T20:56:16.612626-07:00,read,key-1,0.408,21,false,leaderless,10
2026-04-03T20:56:16.612918-07:00,read,key-2,0.351,16,false,leaderless,10
2026-04-03T20:56:16.612904-07:00,read,key-8,0.384,10,false,leaderless,10
2026-04-03T20:56:16.612888-07:00,read,key-6,0.403,17,false,leaderless,10
2026-04-03T20:56:16.613035-07:00,read,key-2,0.272,16,false,leaderless,10
2026-04-03T20:56:16.61327-07:00,read,key-4,0.225,19,false,leaderless,10
2026-04-03T20:56:16.613292-07:00,read,key-1,0.222,19,false,leaderless,10
2026-04-03T20:56:16.613288-07:00,read,key-6,0.369,17,false,leaderless,10
2026-04-03T20:56:16.613308-07:00,read,key-9,0.365,16,false,leaderless,10
2026-04-03T20:56:16.613496-07:00,read,key-6,0.311,17,false,leaderless,10
2026-04-03T20:56:16.613515-07:00,read,key-6,0.303,18,false,leaderless,10
2026-04-03T20:56:16.613675-07:00,read,key-6,0.290,17,false,leaderless,10
2026-04-03T20:56:16.613659-07:00,read,key-5,0.356,26,false,leaderless,10
2026-04-03T20:56:16.613807-07:00,read,key-0,0.244,16,false,leaderless,10
2026-04-03T20:56:16.613819-07:00,read,key-1,0.261,19,false,leaderless,10
2026-04-03T20:56:16.613966-07:00,read,key-0,0.290,16,false,leaderless,10
2026-04-03T20:56:16.614052-07:00,read,key-9,0.437,18,false,leaderless,10
2026-04-03T20:56:16.614082-07:00,read,key-7,0.423,15,false,leaderless,10
2026-04-03T20:56:16.614016-07:00,read,key-5,0.501,26,false,leaderless,10
2026-04-03T20:56:16.614257-07:00,read,key-8,0.261,11,false,leaderless,10
2026-04-03T20:56:16.614505-07:00,read,key-3,0.316,9,false,leaderless,10
2026-04-03T20:56:16.614519-07:00,read,key-1,0.327,19,false,leaderless,10
2026-04-03T20:56:16.614518-07:00,read,key-8,0.334,11,false,leaderless,10
2026-04-03T20:56:16.61449-07:00,read,key-5,0.399,26,false,leaderless,10
2026-04-03T20:56:16.614853-07:00,read,key-1,0.204,21,false,leaderless,10
2026-04-03T20:56:16.614823-07:00,read,key-2,0.256,16,false,leaderless,10
2026-04-03T20:56:16.61489-07:00,read,key-3,0.214,9,false,leaderless,10
2026-04-03T20:56:16.615105-07:00,read,key-7,0.354,15,false,leaderless,10
2026-04-03T20:56:16.615058-07:00,read,key-3,0.417,9,false,leaderless,10
2026-04-03T20:56:16.615461-07:00,read,key-0,0.245,16,false,leaderless,10
2026-04-03T20:56:16.615477-07:00,read,key-3,0.261,9,false,leaderless,10
2026-04-03T20:56:16.615707-07:00,read,key-3,0.301,9,false,leaderless,10
2026-04-03T20:56:16.615738-07:00,read,key-6,0.297,17,false,leaderless,10
2026-04-03T20:56:16.616009-07:00,read,key-9,0.274,16,false,leaderless,10
2026-04-03T20:56:16.616037-07:00,read,key-1,0.338,19,false,leaderless,10
2026-04-03T20:56:16.616284-07:00,read,key-8,0.270,10,false,leaderless,10
2026-04-03T20:56:16.616555-07:00,read,key-8,0.179,10,false,leaderless,10
2026-04-03T20:56:16.616734-07:00,read,key-2,2.060,18,false,leaderless,10
2026-04-03T20:56:16.600778-07:00,write,key-4,813.977,20,false,leaderless,10
2026-04-03T20:56:16.609224-07:00,write,key-2,805.530,18,false,leaderless,10
2026-04-03T20:56:16.609965-07:00,write,key-4,805.065,21,false,leaderless,10
2026-04-03T20:56:16.60021-07:00,write,key-9,814.936,17,false,leaderless,10
2026-04-03T20:56:16.599138-07:00,write,key-3,816.110,10,false,leaderless,10
2026-04-03T20:56:16.605398-07:00,write,key-0,809.874,17,false,leaderless,10
2026-04-03T20:56:16.60131-07:00,write,key-7,814.038,16,false,leaderless,10
2026-04-03T20:56:16.608508-07:00,write,key-8,806.912,11,false,leaderless,10
2026-04-03T20:56:16.608885-07:00,write,key-6,806.585,18,false,leaderless,10
2026-04-03T20:56:16.605735-07:00,write,key-9,809.803,18,false,leaderless,10
2026-04-03T20:56:16.60408-07:00,write,key-7,811.507,18,false,leaderless,10
2026-04-03T20:56:16.605881-07:00,write,key-5,809.735,27,false,leaderless,10
2026-04-03T20:56:16.607089-07:00,write,key-1,808.540,20,false,leaderless,10
2026-04-03T20:56:16.601224-07:00,write,key-7,814.488,17,false,leaderless,10
2026-04-03T20:56:16.607556-07:00,write,key-1,808.164,21,false,leaderless,10
2026-04-03T20:56:16.601362-07:00,write,key-2,815.534,17,false,leaderless,10
2026-04-03T20:56:16.61508-07:00,write,key-1,804.048,22,false,leaderless,10
2026-04-03T20:56:16.614848-07:00,write,key-4,804.383,22,false,leaderless,10
2026-04-03T20:56:17.415629-07:00,read,key-4,4.337,22,false,leaderless,10
2026-04-03T20:56:17.415616-07:00,read,key-5,4.462,28,false,leaderless,10
2026-04-03T20:56:17.414763-07:00,read,key-3,5.521,10,false,leaderless,10
2026-04-03T20:56:17.41503-07:00,read,key-1,5.279,22,false,leaderless,10
2026-04-03T20:56:17.415248-07:00,read,key-6,5.088,18,false,leaderless,10
2026-04-03T20:56:17.414965-07:00,read,key-3,5.380,10,false,leaderless,10
2026-04-03T20:56:17.415347-07:00,read,key-6,5.025,18,false,leaderless,10
2026-04-03T20:56:17.415147-07:00,read,key-4,5.241,22,false,leaderless,10
2026-04-03T20:56:17.416895-07:00,read,key-1,3.793,23,false,leaderless,10
2026-04-03T20:56:17.419969-07:00,read,key-9,1.778,18,false,leaderless,10
2026-04-03T20:56:17.415273-07:00,read,key-8,6.566,12,false,leaderless,10
2026-04-03T20:56:16.618795-07:00,write,key-5,803.144,28,false,leaderless,10
2026-04-03T20:56:17.42069-07:00,read,key-3,1.321,10,false,leaderless,10
2026-04-03T20:56:17.420349-07:00,read,key-3,1.715,10,false,leaderless,10
2026-04-03T20:56:17.419129-07:00,read,key-1,2.963,22,false,leaderless,10
2026-04-03T20:56:17.420338-07:00,read,key-4,1.800,22,false,leaderless,10
2026-04-03T20:56:17.420375-07:00,read,key-9,1.784,18,false,leaderless,10
2026-04-03T20:56:16.616376-07:00,write,key-8,805.785,12,false,leaderless,10
2026-04-03T20:56:17.420311-07:00,read,key-5,3.012,28,false,leaderless,10
2026-04-03T20:56:17.42214-07:00,read,key-7,1.291,18,false,leaderless,10
2026-04-03T20:56:17.422065-07:00,read,key-3,1.410,10,false,leaderless,10
2026-04-03T20:56:17.41542-07:00,read,key-0,8.058,17,false,leaderless,10
2026-04-03T20:56:17.415587-07:00,read,key-4,7.918,22,false,leaderless,10
2026-04-03T20:56:17.420392-07:00,read,key-8,3.122,12,false,leaderless,10
2026-04-03T20:56:17.422014-07:00,read,key-8,1.529,12,false,leaderless,10
2026-04-03T20:56:17.421749-07:00,read,key-4,1.803,22,false,leaderless,10
2026-04-03T20:56:17.421938-07:00,read,key-3,1.645,10,false,leaderless,10
2026-04-03T20:56:17.422093-07:00,read,key-6,1.569,18,false,leaderless,10
2026-04-03T20:56:17.42216-07:00,read,key-8,1.530,12,false,leaderless,10
2026-04-03T20:56:17.423507-07:00,read,key-9,1.393,18,false,leaderless,10
2026-04-03T20:56:17.423477-07:00,read,key-9,1.510,18,false,leaderless,10
2026-04-03T20:56:17.423434-07:00,read,key-7,1.690,18,false,leaderless,10
2026-04-03T20:56:17.423481-07:00,read,key-2,1.665,18,false,leaderless,10
2026-04-03T20:56:17.423691-07:00,read,key-5,1.457,28,false,leaderless,10
2026-04-03T20:56:17.423546-07:00,read,key-1,1.608,22,false,leaderless,10
2026-04-03T20:56:17.423663-07:00,read,key-3,1.542,10,false,leaderless,10
2026-04-03T20:56:17.422159-07:00,read,key-5,3.838,28,false,leaderless,10
2026-04-03T20:56:17.423516-07:00,read,key-8,2.492,12,false,leaderless,10
2026-04-03T20:56:17.425155-07:00,read,key-3,0.891,10,false,leaderless,10
2026-04-03T20:56:17.425207-07:00,read,key-8,0.850,12,false,leaderless,10
2026-04-03T20:56:17.424988-07:00,read,key-6,1.087,18,false,leaderless,10
2026-04-03T20:56:17.423554-07:00,read,key-6,2.535,18,false,leaderless,10
2026-04-03T20:56:17.424901-07:00,read,key-9,1.201,18,false,leaderless,10
2026-04-03T20:56:17.421841-07:00,read,key-1,4.281,22,false,leaderless,10
2026-04-03T20:56:17.426009-07:00,read,key-3,0.670,10,false,leaderless,10
2026-04-03T20:56:17.425149-07:00,read,key-6,1.543,18,false,leaderless,10
2026-04-03T20:56:17.426048-07:00,read,key-4,0.678,24,false,leaderless,10
2026-04-03T20:56:17.425125-07:00,read,key-9,1.615,18,false,leaderless,10
2026-04-03T20:56:17.425998-07:00,read,key-9,0.749,18,false,leaderless,10
2026-04-03T20:56:17.426748-07:00,read,key-9,0.917,18,false,leaderless,10
2026-04-03T20:56:17.426058-07:00,read,key-9,1.626,18,false,leaderless,10
2026-04-03T20:56:17.426089-07:00,read,key-1,1.594,22,false,leaderless,10
2026-04-03T20:56:17.426075-07:00,read,key-3,1.612,11,false,leaderless,10
2026-04-03T20:56:17.426742-07:00,read,key-8,0.961,12,false,leaderless,10
2026-04-03T20:56:17.426681-07:00,read,key-9,1.071,18,false,leaderless,10
2026-04-03T20:56:17.426124-07:00,read,key-1,2.082,25,false,leaderless,10
2026-04-03T20:56:17.427686-07:00,read,key-8,0.542,12,false,leaderless,10
2026-04-03T20:56:17.427704-07:00,read,key-0,0.540,17,false,leaderless,10
2026-04-03T20:56:17.426104-07:00,read,key-8,2.141,12,false,leaderless,10
2026-04-03T20:56:17.427689-07:00,read,key-8,0.582,12,false,leaderless,10
2026-04-03T20:56:17.426696-07:00,read,key-4,1.604,22,false,leaderless,10
2026-04-03T20:56:17.427695-07:00,read,key-4,0.828,22,false,leaderless,10
2026-04-03T20:56:17.428302-07:00,read,key-9,0.493,18,false,leaderless,10
2026-04-03T20:56:17.428229-07:00,read,key-7,0.567,18,false,leaderless,10
2026-04-03T20:56:17.428247-07:00,read,key-5,0.550,29,false,leaderless,10
2026-04-03T20:56:17.428247-07:00,read,key-7,0.557,18,false,leaderless,10
2026-04-03T20:56:17.428208-07:00,read,key-1,0.617,22,false,leaderless,10
2026-04-03T20:56:17.427754-07:00,read,key-6,1.106,18,false,leaderless,10
2026-04-03T20:56:17.428806-07:00,read,key-8,0.594,12,false,leaderless,10
2026-04-03T20:56:17.428525-07:00,read,key-9,0.931,18,false,leaderless,10
2026-04-03T20:56:17.428272-07:00,read,key-4,1.191,22,false,leaderless,10
2026-04-03T20:56:17.428796-07:00,read,key-4,0.787,22,false,leaderless,10
2026-04-03T20:56:17.429403-07:00,read,key-7,0.500,18,false,leaderless,10
2026-04-03T20:56:17.428797-07:00,read,key-5,1.118,28,false,leaderless,10
2026-04-03T20:56:17.429463-07:00,read,key-3,0.465,10,false,leaderless,10
2026-04-03T20:56:17.429584-07:00,read,key-7,0.417,18,false,leaderless,10
2026-04-03T20:56:17.428861-07:00,read,key-8,1.150,12,false,leaderless,10
2026-04-03T20:56:17.428826-07:00,read,key-6,1.192,18,false,leaderless,10
2026-04-03T20:56:17.42993-07:00,read,key-1,0.508,22,false,leaderless,10
2026-04-03T20:56:17.429916-07:00,read,key-5,0.549,28,false,leaderless,10
2026-04-03T20:56:17.429903-07:00,read,key-5,0.568,28,false,leaderless,10
2026-04-03T20:56:17.430019-07:00,read,key-2,0.466,18,false,leaderless,10
2026-04-03T20:56:17.430013-07:00,read,key-5,0.473,30,false,leaderless,10
2026-04-03T20:56:17.430439-07:00,read,key-1,0.342,25,false,leaderless,10
2026-04-03T20:56:17.430003-07:00,read,key-6,0.870,18,false,leaderless,10
2026-04-03T20:56:17.430487-07:00,read,key-8,0.424,12,false,leaderless,10
2026-04-03T20:56:17.430466-07:00,read,key-4,0.501,22,false,leaderless,10
2026-04-03T20:56:17.430472-07:00,read,key-3,0.952,10,false,leaderless,10
2026-04-03T20:56:17.430912-07:00,read,key-3,0.939,10,false,leaderless,10
2026-04-03T20:56:17.430486-07:00,read,key-8,1.383,12,false,leaderless,10
2026-04-03T20:56:17.431426-07:00,read,key-4,0.459,22,false,leaderless,10
2026-04-03T20:56:17.431852-07:00,read,key-6,0.424,18,false,leaderless,10
2026-04-03T20:56:17.43187-07:00,read,key-0,0.424,17,false,leaderless,10
2026-04-03T20:56:17.431887-07:00,read,key-6,0.429,18,false,leaderless,10
2026-04-03T20:56:17.432295-07:00,read,key-0,0.298,17,false,leaderless,10
2026-04-03T20:56:17.432317-07:00,read,key-4,0.282,22,false,leaderless,10
2026-04-03T20:56:17.432278-07:00,read,key-0,0.325,20,false,leaderless,10
2026-04-03T20:56:17.432594-07:00,read,key-8,0.433,12,false,leaderless,10
2026-04-03T20:56:17.432604-07:00,read,key-3,0.428,10,false,leaderless,10
2026-04-03T20:56:17.433033-07:00,read,key-2,0.313,18,false,leaderless,10
2026-04-03T20:56:17.433347-07:00,read,key-7,1.906,20,false,leaderless,10
2026-04-03T20:56:17.433028-07:00,read,key-5,2.291,31,false,leaderless,10
2026-04-03T20:56:17.43532-07:00,read,key-5,0.240,28,false,leaderless,10
2026-04-03T20:56:17.435255-07:00,read,key-8,0.308,12,false,leaderless,10
2026-04-03T20:56:17.435561-07:00,read,key-0,0.271,17,false,leaderless,10
2026-04-03T20:56:17.435564-07:00,read,key-7,0.269,18,false,leaderless,10
2026-04-03T20:56:17.435835-07:00,read,key-3,0.249,11,false,leaderless,10
2026-04-03T20:56:17.435833-07:00,read,key-4,0.276,22,false,leaderless,10
2026-04-03T20:56:17.436085-07:00,read,key-2,0.258,18,false,leaderless,10
2026-04-03T20:56:17.436111-07:00,read,key-4,0.253,22,false,leaderless,10
2026-04-03T20:56:17.436365-07:00,read,key-1,0.248,22,false,leaderless,10
2026-04-03T20:56:17.436344-07:00,read,key-5,0.281,28,false,leaderless,10
2026-04-03T20:56:17.436626-07:00,read,key-2,0.249,20,false,leaderless,10
2026-04-03T20:56:17.436615-07:00,read,key-7,0.277,18,false,leaderless,10
2026-04-03T20:56:17.436892-07:00,read,key-0,0.252,17,false,leaderless,10
2026-04-03T20:56:17.436876-07:00,read,key-8,0.282,12,false,leaderless,10
2026-04-03T20:56:17.437146-07:00,read,key-8,0.280,12,false,leaderless,10
2026-04-03T20:56:17.437426-07:00,read,key-9,0.261,20,false,leaderless,10
2026-04-03T20:56:17.437688-07:00,read,key-8,0.214,12,false,leaderless,10
2026-04-03T20:56:17.437902-07:00,read,key-8,0.165,12,false,leaderless,10
2026-04-03T20:56:17.438068-07:00,read,key-7,0.227,18,false,leaderless,10
2026-04-03T20:56:17.438295-07:00,read,key-6,0.188,18,false,leaderless,10
2026-04-03T20:56:17.419233-07:00,write,key-4,819.174,23,false,leaderless,10
2026-04-03T20:56:17.423326-07:00,write,key-7,815.185,20,false,leaderless,10
2026-04-03T20:56:17.427668-07:00,write,key-0,810.925,18,false,leaderless,10
2026-04-03T20:56:17.415537-07:00,write,key-3,823.096,11,false,leaderless,10
2026-04-03T20:56:17.420082-07:00,write,key-1,818.670,24,false,leaderless,10
2026-04-03T20:56:17.426728-07:00,write,key-0,812.136,19,false,leaderless,10
2026-04-03T20:56:17.415469-07:00,write,key-7,822.938,19,false,leaderless,10
2026-04-03T20:56:17.429457-07:00,write,key-5,809.537,30,false,leaderless,10
2026-04-03T20:56:17.420289-07:00,write,key-4,818.728,24,false,leaderless,10
2026-04-03T20:56:17.4326-07:00,write,key-5,806.613,31,false,leaderless,10
2026-04-03T20:56:17.428798-07:00,write,key-9,810.468,19,false,leaderless,10
2026-04-03T20:56:17.430968-07:00,write,key-0,808.323,20,false,leaderless,10
2026-04-03T20:56:17.423584-07:00,write,key-1,815.718,25,false,leaderless,10
2026-04-03T20:56:17.430782-07:00,write,key-2,808.601,20,false,leaderless,10
2026-04-03T20:56:17.415711-07:00,write,key-2,823.794,19,false,leaderless,10
2026-04-03T20:56:17.425147-07:00,write,key-5,814.418,29,false,leaderless,10
2026-04-03T20:56:17.430875-07:00,write,key-4,808.728,25,false,leaderless,10
2026-04-03T20:56:17.41572-07:00,write,key-1,824.024,23,false,leaderless,10
2026-04-03T20:56:17.437159-07:00,write,key-9,805.190,20,false,leaderless,10
2026-04-03T20:56:18.238863-07:00,read,key-8,5.579,13,false,leaderless,10
2026-04-03T20:56:18.238415-07:00,read,key-8,6.553,13,false,leaderless,10
2026-04-03T20:56:18.238593-07:00,read,key-2,6.575,20,false,leaderless,10
2026-04-03T20:56:18.238751-07:00,read,key-7,6.496,20,false,leaderless,10
2026-04-03T20:56:18.238633-07:00,read,key-4,6.726,25,false,leaderless,10
2026-04-03T20:56:18.239302-07:00,read,key-9,6.121,20,false,leaderless,10
2026-04-03T20:56:18.238994-07:00,read,key-3,6.435,11,false,leaderless,10
2026-04-03T20:56:18.239743-07:00,read,key-8,5.761,13,false,leaderless,10
2026-04-03T20:56:17.438485-07:00,write,key-8,807.069,13,false,leaderless,10
2026-04-03T20:56:18.239214-07:00,read,key-3,6.717,11,false,leaderless,10
2026-04-03T20:56:18.239291-07:00,read,key-6,6.676,18,false,leaderless,10
2026-04-03T20:56:18.239603-07:00,read,key-4,6.401,25,false,leaderless,10
2026-04-03T20:56:18.239017-07:00,read,key-0,6.994,20,false,leaderless,10
2026-04-03T20:56:18.239564-07:00,read,key-5,6.457,31,false,leaderless,10
2026-04-03T20:56:18.244972-07:00,read,key-6,1.704,18,false,leaderless,10
2026-04-03T20:56:18.245426-07:00,read,key-7,1.240,20,false,leaderless,10
2026-04-03T20:56:18.244446-07:00,read,key-5,2.249,31,false,leaderless,10
2026-04-03T20:56:18.245432-07:00,read,key-2,1.297,20,false,leaderless,10
2026-04-03T20:56:18.245507-07:00,read,key-9,1.224,20,false,leaderless,10
2026-04-03T20:56:18.245172-07:00,read,key-6,1.590,18,false,leaderless,10
2026-04-03T20:56:18.242351-07:00,read,key-3,4.568,11,false,leaderless,10
2026-04-03T20:56:18.245971-07:00,read,key-6,1.067,18,false,leaderless,10
2026-04-03T20:56:18.245932-07:00,read,key-4,1.161,26,false,leaderless,10
2026-04-03T20:56:18.24525-07:00,read,key-4,1.851,25,false,leaderless,10
2026-04-03T20:56:18.239382-07:00,read,key-5,8.460,31,false,leaderless,10
2026-04-03T20:56:18.246764-07:00,read,key-8,1.085,13,false,leaderless,10
2026-04-03T20:56:18.246923-07:00,read,key-8,0.978,13,false,leaderless,10
2026-04-03T20:56:18.246697-07:00,read,key-7,1.232,20,false,leaderless,10
2026-04-03T20:56:18.246013-07:00,read,key-6,1.929,18,false,leaderless,10
2026-04-03T20:56:18.246005-07:00,read,key-8,1.957,13,false,leaderless,10
2026-04-03T20:56:18.245363-07:00,read,key-0,2.607,20,false,leaderless,10
2026-04-03T20:56:18.246684-07:00,read,key-7,1.330,20,false,leaderless,10
2026-04-03T20:56:18.246025-07:00,read,key-8,1.998,13,false,leaderless,10
2026-04-03T20:56:18.246731-07:00,read,key-8,1.307,13,false,leaderless,10
2026-04-03T20:56:18.247103-07:00,read,key-6,0.961,18,false,leaderless,10
2026-04-03T20:56:18.246679-07:00,read,key-1,1.388,25,false,leaderless,10
2026-04-03T20:56:18.246732-07:00,read,key-2,1.337,20,false,leaderless,10
2026-04-03T20:56:18.239266-07:00,read,key-5,8.844,31,false,leaderless,10
2026-04-03T20:56:18.247095-07:00,read,key-8,1.064,13,false,leaderless,10
2026-04-03T20:56:18.247039-07:00,read,key-7,1.126,20,false,leaderless,10
2026-04-03T20:56:18.24804-07:00,read,key-7,1.162,20,false,leaderless,10
2026-04-03T20:56:18.247846-07:00,read,key-4,1.414,26,false,leaderless,10
2026-04-03T20:56:18.247945-07:00,read,key-2,1.341,20,false,leaderless,10
2026-04-03T20:56:18.247965-07:00,read,key-8,1.322,13,false,leaderless,10
2026-04-03T20:56:18.248161-07:00,read,key-6,1.146,18,false,leaderless,10
2026-04-03T20:56:18.248016-07:00,read,key-4,1.343,25,false,leaderless,10
2026-04-03T20:56:18.247932-07:00,read,key-9,1.440,20,false,leaderless,10
2026-04-03T20:56:18.247852-07:00,read,key-7,1.528,20,false,leaderless,10
2026-04-03T20:56:18.247903-07:00,read,key-6,1.510,18,false,leaderless,10
2026-04-03T20:56:18.247973-07:00,read,key-8,1.472,13,false,leaderless,10
2026-04-03T20:56:18.248098-07:00,read,key-8,1.362,13,false,leaderless,10
2026-04-03T20:56:18.248065-07:00,read,key-5,1.401,31,false,leaderless,10
2026-04-03T20:56:18.249373-07:00,read,key-4,0.846,25,false,leaderless,10
2026-04-03T20:56:18.249287-07:00,read,key-7,0.993,20,false,leaderless,10
2026-04-03T20:56:18.248072-07:00,read,key-7,2.233,20,false,leaderless,10
2026-04-03T20:56:18.249467-07:00,read,key-7,0.927,20,false,leaderless,10
2026-04-03T20:56:18.249381-07:00,read,key-5,1.025,31,false,leaderless,10
2026-04-03T20:56:18.249288-07:00,read,key-8,1.128,13,false,leaderless,10
2026-04-03T20:56:18.248166-07:00,read,key-8,2.279,13,false,leaderless,10
2026-04-03T20:56:18.249263-07:00,read,key-2,1.192,20,false,leaderless,10
2026-04-03T20:56:18.249447-07:00,read,key-0,1.025,20,false,leaderless,10
2026-04-03T20:56:18.24936-07:00,read,key-3,1.117,12,false,leaderless,10
2026-04-03T20:56:18.249203-07:00,read,key-4,1.290,26,false,leaderless,10
2026-04-03T20:56:18.249416-07:00,read,key-6,1.084,18,false,leaderless,10
2026-04-03T20:56:18.248112-07:00,read,key-3,2.416,11,false,leaderless,10
2026-04-03T20:56:18.249309-07:00,read,key-9,1.242,20,false,leaderless,10
2026-04-03T20:56:18.250552-07:00,read,key-7,0.942,20,false,leaderless,10
2026-04-03T20:56:18.250307-07:00,read,key-8,1.209,13,false,leaderless,10
2026-04-03T20:56:18.250418-07:00,read,key-3,1.120,12,false,leaderless,10
2026-04-03T20:56:18.250407-07:00,read,key-6,1.141,18,false,leaderless,10
2026-04-03T20:56:18.250478-07:00,read,key-2,1.076,20,false,leaderless,10
2026-04-03T20:56:18.250396-07:00,read,key-0,1.170,20,false,leaderless,10
2026-04-03T20:56:18.250456-07:00,read,key-6,1.135,18,false,leaderless,10
2026-04-03T20:56:18.250474-07:00,read,key-2,1.125,20,false,leaderless,10
2026-04-03T20:56:18.250447-07:00,read,key-9,1.194,20,false,leaderless,10
2026-04-03T20:56:18.251517-07:00,read,key-6,0.605,18,false,leaderless,10
2026-04-03T20:56:18.24946-07:00,read,key-1,2.690,26,false,leaderless,10
2026-04-03T20:56:18.251591-07:00,read,key-9,0.559,20,false,leaderless,10
2026-04-03T20:56:18.250529-07:00,read,key-3,1.655,11,false,leaderless,10
2026-04-03T20:56:18.251496-07:00,read,key-7,0.692,20,false,leaderless,10
2026-04-03T20:56:18.25155-07:00,read,key-5,0.641,31,false,leaderless,10
2026-04-03T20:56:18.250281-07:00,read,key-8,1.934,13,false,leaderless,10
2026-04-03T20:56:18.250502-07:00,read,key-5,1.715,32,false,leaderless,10
2026-04-03T20:56:18.250494-07:00,read,key-3,1.862,11,false,leaderless,10
2026-04-03T20:56:18.252217-07:00,read,key-6,1.163,18,false,leaderless,10
2026-04-03T20:56:18.251567-07:00,read,key-3,2.004,11,false,leaderless,10
2026-04-03T20:56:18.252152-07:00,read,key-8,1.425,13,false,leaderless,10
2026-04-03T20:56:18.251556-07:00,read,key-7,2.024,20,false,leaderless,10
2026-04-03T20:56:18.251599-07:00,read,key-3,1.991,12,false,leaderless,10
2026-04-03T20:56:18.253571-07:00,read,key-2,0.567,20,false,leaderless,10
2026-04-03T20:56:18.252357-07:00,read,key-0,2.290,20,false,leaderless,10
2026-04-03T20:56:18.252189-07:00,read,key-7,2.485,20,false,leaderless,10
2026-04-03T20:56:18.252192-07:00,read,key-3,2.518,12,false,leaderless,10
2026-04-03T20:56:18.253581-07:00,read,key-4,1.131,27,false,leaderless,10
2026-04-03T20:56:18.253578-07:00,read,key-2,1.139,20,false,leaderless,10
2026-04-03T20:56:18.252151-07:00,read,key-8,2.604,15,false,leaderless,10
2026-04-03T20:56:18.253592-07:00,read,key-3,1.156,11,false,leaderless,10
2026-04-03T20:56:18.25338-07:00,read,key-3,1.393,11,false,leaderless,10
2026-04-03T20:56:18.25222-07:00,read,key-2,2.564,20,false,leaderless,10
2026-04-03T20:56:18.254649-07:00,read,key-1,0.649,26,false,leaderless,10
2026-04-03T20:56:18.254711-07:00,read,key-7,0.615,20,false,leaderless,10
2026-04-03T20:56:18.254714-07:00,read,key-8,0.617,16,false,leaderless,10
2026-04-03T20:56:18.254676-07:00,read,key-7,0.656,20,false,leaderless,10
2026-04-03T20:56:18.254759-07:00,read,key-5,0.574,31,false,leaderless,10
2026-04-03T20:56:18.254718-07:00,read,key-3,0.758,11,false,leaderless,10
2026-04-03T20:56:18.255334-07:00,read,key-6,0.329,18,false,leaderless,10
2026-04-03T20:56:18.255299-07:00,read,key-2,0.427,21,false,leaderless,10
2026-04-03T20:56:18.255327-07:00,read,key-2,0.425,21,false,leaderless,10
2026-04-03T20:56:18.255334-07:00,read,key-7,0.478,20,false,leaderless,10
2026-04-03T20:56:18.255478-07:00,read,key-0,0.422,20,false,leaderless,10
2026-04-03T20:56:18.254786-07:00,read,key-6,1.118,18,false,leaderless,10
2026-04-03T20:56:18.255333-07:00,read,key-2,0.579,20,false,leaderless,10
2026-04-03T20:56:18.255754-07:00,read,key-1,0.337,25,false,leaderless,10
2026-04-03T20:56:18.255726-07:00,read,key-0,0.471,20,false,leaderless,10
2026-04-03T20:56:18.255665-07:00,read,key-8,0.550,16,false,leaderless,10
2026-04-03T20:56:18.255905-07:00,read,key-5,0.470,31,false,leaderless,10
2026-04-03T20:56:18.255901-07:00,read,key-8,0.486,13,false,leaderless,10
2026-04-03T20:56:18.255924-07:00,read,key-8,0.507,13,false,leaderless,10
2026-04-03T20:56:18.256093-07:00,read,key-8,0.434,13,false,leaderless,10
2026-04-03T20:56:18.255813-07:00,read,key-0,0.720,20,false,leaderless,10
2026-04-03T20:56:18.256198-07:00,read,key-8,0.350,13,false,leaderless,10
2026-04-03T20:56:18.256387-07:00,read,key-5,0.446,32,false,leaderless,10
2026-04-03T20:56:18.256376-07:00,read,key-7,0.469,20,false,leaderless,10
2026-04-03T20:56:18.256434-07:00,read,key-2,0.596,20,false,leaderless,10
2026-04-03T20:56:18.256528-07:00,read,key-3,0.625,11,false,leaderless,10
2026-04-03T20:56:18.256216-07:00,read,key-9,0.989,20,false,leaderless,10
2026-04-03T20:56:18.256846-07:00,read,key-4,0.544,25,false,leaderless,10
2026-04-03T20:56:18.257032-07:00,read,key-3,0.530,11,false,leaderless,10
2026-04-03T20:56:18.257206-07:00,read,key-8,0.552,13,false,leaderless,10
2026-04-03T20:56:18.256534-07:00,read,key-9,1.392,20,false,leaderless,10
2026-04-03T20:56:18.257562-07:00,read,key-6,0.369,18,false,leaderless,10
2026-04-03T20:56:18.257154-07:00,read,key-2,0.785,20,false,leaderless,10
2026-04-03T20:56:18.257392-07:00,read,key-6,0.655,18,false,leaderless,10
2026-04-03T20:56:18.25776-07:00,read,key-0,0.386,20,false,leaderless,10
2026-04-03T20:56:18.257933-07:00,read,key-9,0.379,20,false,leaderless,10
2026-04-03T20:56:18.257927-07:00,read,key-4,0.412,25,false,leaderless,10
2026-04-03T20:56:18.25794-07:00,read,key-5,0.412,31,false,leaderless,10
2026-04-03T20:56:18.258048-07:00,read,key-0,0.375,20,false,leaderless,10
2026-04-03T20:56:18.258147-07:00,read,key-0,0.372,20,false,leaderless,10
2026-04-03T20:56:18.258353-07:00,read,key-7,0.277,20,false,leaderless,10
2026-04-03T20:56:18.25834-07:00,read,key-9,0.410,20,false,leaderless,10
2026-04-03T20:56:18.258631-07:00,read,key-4,0.305,25,false,leaderless,10
2026-04-03T20:56:18.258751-07:00,read,key-5,0.373,31,false,leaderless,10
2026-04-03T20:56:18.258938-07:00,read,key-7,0.403,20,false,leaderless,10
2026-04-03T20:56:18.259125-07:00,read,key-6,0.236,18,false,leaderless,10
2026-04-03T20:56:18.259362-07:00,read,key-9,0.267,20,false,leaderless,10
2026-04-03T20:56:18.259342-07:00,read,key-2,0.293,20,false,leaderless,10
2026-04-03T20:56:18.25963-07:00,read,key-8,0.250,13,false,leaderless,10
2026-04-03T20:56:18.259637-07:00,read,key-4,1.308,28,false,leaderless,10
2026-04-03T20:56:18.259884-07:00,read,key-3,1.245,13,false,leaderless,10
2026-04-03T20:56:18.258521-07:00,read,key-9,2.615,20,false,leaderless,10
2026-04-03T20:56:18.261129-07:00,read,key-9,0.254,20,false,leaderless,10
2026-04-03T20:56:18.260946-07:00,read,key-8,0.449,16,false,leaderless,10
2026-04-03T20:56:18.261139-07:00,read,key-8,0.402,13,false,leaderless,10
2026-04-03T20:56:18.261384-07:00,read,key-3,0.353,11,false,leaderless,10
2026-04-03T20:56:18.261396-07:00,read,key-5,0.358,31,false,leaderless,10
2026-04-03T20:56:18.261542-07:00,read,key-9,0.248,20,false,leaderless,10
2026-04-03T20:56:18.261756-07:00,read,key-9,0.263,20,false,leaderless,10
2026-04-03T20:56:18.261791-07:00,read,key-5,0.284,31,false,leaderless,10
2026-04-03T20:56:18.262076-07:00,read,key-9,0.324,20,false,leaderless,10
2026-04-03T20:56:18.26202-07:00,read,key-8,0.391,13,false,leaderless,10
2026-04-03T20:56:18.262413-07:00,read,key-1,0.216,25,false,leaderless,10
2026-04-03T20:56:18.262401-07:00,read,key-2,0.289,20,false,leaderless,10
2026-04-03T20:56:18.26263-07:00,read,key-2,0.240,21,false,leaderless,10
2026-04-03T20:56:18.262692-07:00,read,key-0,0.190,20,false,leaderless,10
2026-04-03T20:56:18.262883-07:00,read,key-0,0.268,23,false,leaderless,10
2026-04-03T20:56:18.262871-07:00,read,key-6,0.284,18,false,leaderless,10
2026-04-03T20:56:18.263156-07:00,read,key-5,0.251,31,false,leaderless,10
2026-04-03T20:56:18.263153-07:00,read,key-2,0.267,20,false,leaderless,10
2026-04-03T20:56:18.263421-07:00,read,key-5,0.251,31,false,leaderless,10
2026-04-03T20:56:18.263408-07:00,read,key-0,0.284,20,false,leaderless,10
2026-04-03T20:56:18.263673-07:00,read,key-6,0.261,18,false,leaderless,10
2026-04-03T20:56:18.263693-07:00,read,key-2,0.267,20,false,leaderless,10
2026-04-03T20:56:18.263935-07:00,read,key-7,0.245,20,false,leaderless,10
2026-04-03T20:56:18.264181-07:00,read,key-8,0.245,13,false,leaderless,10
2026-04-03T20:56:18.263962-07:00,read,key-2,0.494,21,false,leaderless,10
2026-04-03T20:56:18.264456-07:00,read,key-0,0.247,20,false,leaderless,10
2026-04-03T20:56:18.264427-07:00,read,key-9,0.309,20,false,leaderless,10
2026-04-03T20:56:18.264737-07:00,read,key-7,0.199,20,false,leaderless,10
2026-04-03T20:56:18.264704-07:00,read,key-7,0.267,20,false,leaderless,10
2026-04-03T20:56:18.264973-07:00,read,key-2,0.244,21,false,leaderless,10
2026-04-03T20:56:18.264937-07:00,read,key-7,0.299,20,false,leaderless,10
2026-04-03T20:56:18.265238-07:00,read,key-1,0.212,25,false,leaderless,10
2026-04-03T20:56:18.265218-07:00,read,key-6,0.245,18,false,leaderless,10
2026-04-03T20:56:18.26545-07:00,read,key-1,0.228,25,false,leaderless,10
2026-04-03T20:56:18.265679-07:00,read,key-6,0.799,19,false,leaderless,10
2026-04-03T20:56:18.266479-07:00,read,key-1,0.228,25,false,leaderless,10
2026-04-03T20:56:18.266709-07:00,read,key-9,0.215,20,false,leaderless,10
2026-04-03T20:56:18.266925-07:00,read,key-2,0.210,21,false,leaderless,10
2026-04-03T20:56:18.267136-07:00,read,key-6,0.251,18,false,leaderless,10
2026-04-03T20:56:18.267388-07:00,read,key-6,0.228,19,false,leaderless,10
2026-04-03T20:56:18.267617-07:00,read,key-9,0.229,20,false,leaderless,10
2026-04-03T20:56:18.267847-07:00,read,key-7,0.179,20,false,leaderless,10
2026-04-03T20:56:18.268027-07:00,read,key-1,0.221,25,false,leaderless,10
2026-04-03T20:56:18.268249-07:00,read,key-7,0.215,20,false,leaderless,10
2026-04-03T20:56:18.268464-07:00,read,key-3,0.198,11,false,leaderless,10
2026-04-03T20:56:18.268663-07:00,read,key-8,0.262,13,false,leaderless,10
2026-04-03T20:56:18.268926-07:00,read,key-3,0.235,13,false,leaderless,10
2026-04-03T20:56:18.269163-07:00,read,key-7,0.264,20,false,leaderless,10
2026-04-03T20:56:18.269427-07:00,read,key-7,0.216,20,false,leaderless,10
2026-04-03T20:56:18.269645-07:00,read,key-0,0.206,23,false,leaderless,10
2026-04-03T20:56:18.269852-07:00,read,key-9,0.208,20,false,leaderless,10
2026-04-03T20:56:18.270061-07:00,read,key-3,0.266,11,false,leaderless,10
2026-04-03T20:56:18.270328-07:00,read,key-5,0.239,31,false,leaderless,10
2026-04-03T20:56:18.270568-07:00,read,key-0,0.197,20,false,leaderless,10
2026-04-03T20:56:18.270766-07:00,read,key-0,0.160,20,false,leaderless,10
2026-04-03T20:56:18.238957-07:00,write,key-4,818.202,26,false,leaderless,10
2026-04-03T20:56:18.238512-07:00,write,key-3,818.683,12,false,leaderless,10
2026-04-03T20:56:18.239505-07:00,write,key-1,817.856,26,false,leaderless,10
2026-04-03T20:56:19.057167-07:00,read,key-2,3.406,21,false,leaderless,10
2026-04-03T20:56:18.25022-07:00,write,key-4,810.506,27,false,leaderless,10
2026-04-03T20:56:19.057361-07:00,read,key-4,3.380,28,false,leaderless,10
2026-04-03T20:56:18.248024-07:00,write,key-8,813.261,14,false,leaderless,10
2026-04-03T20:56:18.254774-07:00,write,key-3,806.548,13,false,leaderless,10
2026-04-03T20:56:18.245557-07:00,write,key-5,816.045,32,false,leaderless,10
2026-04-03T20:56:18.251539-07:00,write,key-8,810.108,15,false,leaderless,10
2026-04-03T20:56:19.060581-07:00,read,key-6,1.109,19,false,leaderless,10
2026-04-03T20:56:18.254757-07:00,write,key-0,806.981,22,false,leaderless,10
2026-04-03T20:56:18.258314-07:00,write,key-4,803.477,28,false,leaderless,10
2026-04-03T20:56:18.252123-07:00,write,key-6,809.751,19,false,leaderless,10
2026-04-03T20:56:18.251642-07:00,write,key-2,810.250,21,false,leaderless,10
2026-04-03T20:56:19.060745-07:00,read,key-0,1.217,23,false,leaderless,10
2026-04-03T20:56:18.252185-07:00,write,key-0,809.782,21,false,leaderless,10
2026-04-03T20:56:19.060726-07:00,read,key-7,1.307,20,false,leaderless,10
2026-04-03T20:56:18.25414-07:00,write,key-8,807.924,16,false,leaderless,10
2026-04-03T20:56:18.256834-07:00,write,key-0,805.549,23,false,leaderless,10
2026-04-03T20:56:19.061322-07:00,read,key-5,1.083,35,false,leaderless,10
2026-04-03T20:56:18.256551-07:00,write,key-5,805.908,33,false,leaderless,10
2026-04-03T20:56:19.061692-07:00,read,key-2,0.845,21,false,leaderless,10
2026-04-03T20:56:19.061737-07:00,read,key-7,0.807,20,false,leaderless,10
2026-04-03T20:56:19.061873-07:00,read,key-4,0.861,28,false,leaderless,10
2026-04-03T20:56:19.061646-07:00,read,key-4,1.199,28,false,leaderless,10
2026-04-03T20:56:19.06179-07:00,read,key-9,1.141,20,false,leaderless,10
2026-04-03T20:56:18.258424-07:00,write,key-1,805.027,27,false,leaderless,10
2026-04-03T20:56:19.062546-07:00,read,key-9,0.915,20,false,leaderless,10
2026-04-03T20:56:19.062384-07:00,read,key-8,1.151,16,false,leaderless,10
2026-04-03T20:56:19.062539-07:00,read,key-4,1.020,28,false,leaderless,10
2026-04-03T20:56:19.061967-07:00,read,key-4,1.626,28,false,leaderless,10
2026-04-03T20:56:19.062407-07:00,read,key-8,1.243,16,false,leaderless,10
2026-04-03T20:56:19.061604-07:00,read,key-1,2.056,28,false,leaderless,10
2026-04-03T20:56:19.061285-07:00,read,key-7,2.462,20,false,leaderless,10
2026-04-03T20:56:19.06345-07:00,read,key-6,0.428,19,false,leaderless,10
2026-04-03T20:56:19.063537-07:00,read,key-8,0.515,17,false,leaderless,10
2026-04-03T20:56:19.062847-07:00,read,key-5,1.324,35,false,leaderless,10
2026-04-03T20:56:19.063652-07:00,read,key-8,0.869,16,false,leaderless,10
2026-04-03T20:56:19.063662-07:00,read,key-6,0.928,19,false,leaderless,10
2026-04-03T20:56:19.061892-07:00,read,key-6,3.565,19,false,leaderless,10
2026-04-03T20:56:19.06375-07:00,read,key-3,1.827,13,false,leaderless,10
2026-04-03T20:56:19.064522-07:00,read,key-9,1.186,20,false,leaderless,10
2026-04-03T20:56:19.06571-07:00,read,key-1,0.778,28,false,leaderless,10
2026-04-03T20:56:19.064172-07:00,read,key-4,2.458,28,false,leaderless,10
2026-04-03T20:56:18.261738-07:00,write,key-5,804.975,34,false,leaderless,10
2026-04-03T20:56:19.063595-07:00,read,key-2,3.658,22,false,leaderless,10
2026-04-03T20:56:19.062933-07:00,read,key-3,4.370,13,false,leaderless,10
2026-04-03T20:56:19.065579-07:00,read,key-2,1.797,21,false,leaderless,10
2026-04-03T20:56:19.063881-07:00,read,key-7,3.768,20,false,leaderless,10
2026-04-03T20:56:19.067255-07:00,read,key-4,0.784,28,false,leaderless,10
2026-04-03T20:56:19.064591-07:00,read,key-2,3.831,21,false,leaderless,10
2026-04-03T20:56:19.067304-07:00,read,key-0,1.183,23,false,leaderless,10
2026-04-03T20:56:19.063561-07:00,read,key-0,5.009,23,false,leaderless,10
2026-04-03T20:56:19.064054-07:00,read,key-6,4.571,19,false,leaderless,10
2026-04-03T20:56:19.063462-07:00,read,key-3,5.176,13,false,leaderless,10
2026-04-03T20:56:19.067377-07:00,read,key-3,1.281,13,false,leaderless,10
2026-04-03T20:56:19.06765-07:00,read,key-5,1.175,35,false,leaderless,10
2026-04-03T20:56:19.068041-07:00,read,key-0,0.823,23,false,leaderless,10
2026-04-03T20:56:19.06649-07:00,read,key-5,2.955,37,false,leaderless,10
2026-04-03T20:56:19.066713-07:00,read,key-6,2.737,19,false,leaderless,10
2026-04-03T20:56:19.068424-07:00,read,key-0,1.270,23,false,leaderless,10
2026-04-03T20:56:19.06864-07:00,read,key-6,1.055,19,false,leaderless,10
2026-04-03T20:56:19.068626-07:00,read,key-3,1.090,13,false,leaderless,10
2026-04-03T20:56:19.068488-07:00,read,key-9,1.235,20,false,leaderless,10
2026-04-03T20:56:19.066632-07:00,read,key-7,3.180,20,false,leaderless,10
2026-04-03T20:56:19.068865-07:00,read,key-6,1.151,19,false,leaderless,10
2026-04-03T20:56:19.068659-07:00,read,key-7,1.438,20,false,leaderless,10
2026-04-03T20:56:19.068572-07:00,read,key-2,1.549,21,false,leaderless,10
2026-04-03T20:56:18.265464-07:00,write,key-1,804.661,28,false,leaderless,10
2026-04-03T20:56:19.069452-07:00,read,key-9,0.717,20,false,leaderless,10
2026-04-03T20:56:19.069447-07:00,read,key-1,0.755,28,false,leaderless,10
2026-04-03T20:56:19.068828-07:00,read,key-9,1.919,20,false,leaderless,10
2026-04-03T20:56:19.069696-07:00,read,key-1,1.053,28,false,leaderless,10
2026-04-03T20:56:18.270927-07:00,write,key-5,801.576,35,false,leaderless,10
2026-04-03T20:56:19.057197-07:00,write,key-1,819.494,29,false,leaderless,10
2026-04-03T20:56:19.062459-07:00,write,key-5,814.278,36,false,leaderless,10
2026-04-03T20:56:19.062736-07:00,write,key-1,814.077,30,false,leaderless,10
2026-04-03T20:56:19.062035-07:00,write,key-5,814.805,37,false,leaderless,10
2026-04-03T20:56:19.062063-07:00,write,key-8,814.853,17,false,leaderless,10
2026-04-03T20:56:19.061964-07:00,write,key-2,814.961,22,false,leaderless,10
2026-04-03T20:56:19.06546-07:00,write,key-9,811.550,21,false,leaderless,10
