timestamp,type,key,latency_ms,version,stale_read,db_type,write_pct
2026-04-03T20:52:38.670218-07:00,read,key-3,75.401,0,false,leader-w1r5,1
2026-04-03T20:52:38.669239-07:00,read,key-4,76.411,0,false,leader-w1r5,1
2026-04-03T20:52:38.669083-07:00,read,key-8,76.588,0,false,leader-w1r5,1
2026-04-03T20:52:38.67029-07:00,read,key-1,75.383,0,false,leader-w1r5,1
2026-04-03T20:52:38.669174-07:00,read,key-5,76.643,0,false,leader-w1r5,1
2026-04-03T20:52:38.670164-07:00,read,key-7,75.670,0,false,leader-w1r5,1
2026-04-03T20:52:38.670246-07:00,read,key-2,75.604,0,false,leader-w1r5,1
2026-04-03T20:52:38.670193-07:00,read,key-0,75.663,0,false,leader-w1r5,1
2026-04-03T20:52:38.670318-07:00,read,key-5,75.542,0,false,leader-w1r5,1
2026-04-03T20:52:38.670198-07:00,read,key-3,76.067,0,false,leader-w1r5,1
2026-04-03T20:52:38.669575-07:00,read,key-6,76.734,0,false,leader-w1r5,1
2026-04-03T20:52:38.670179-07:00,read,key-8,76.131,0,false,leader-w1r5,1
2026-04-03T20:52:38.670167-07:00,read,key-4,76.163,0,false,leader-w1r5,1
2026-04-03T20:52:38.670232-07:00,read,key-6,76.109,0,false,leader-w1r5,1
2026-04-03T20:52:38.669089-07:00,read,key-6,77.262,0,false,leader-w1r5,1
2026-04-03T20:52:38.669503-07:00,read,key-5,76.893,0,false,leader-w1r5,1
2026-04-03T20:52:38.670142-07:00,read,key-6,76.266,0,false,leader-w1r5,1
2026-04-03T20:52:38.670264-07:00,read,key-9,76.155,0,false,leader-w1r5,1
2026-04-03T20:52:38.669113-07:00,read,key-0,77.380,0,false,leader-w1r5,1
2026-04-03T20:52:38.669077-07:00,read,key-3,77.441,0,false,leader-w1r5,1
2026-04-03T20:52:38.745858-07:00,read,key-1,64.045,0,false,leader-w1r5,1
2026-04-03T20:52:38.745863-07:00,read,key-3,64.056,0,false,leader-w1r5,1
2026-04-03T20:52:38.746397-07:00,read,key-3,63.534,0,false,leader-w1r5,1
2026-04-03T20:52:38.746421-07:00,read,key-9,63.567,0,false,leader-w1r5,1
2026-04-03T20:52:38.746331-07:00,read,key-4,63.695,0,false,leader-w1r5,1
2026-04-03T20:52:38.746342-07:00,read,key-1,63.773,0,false,leader-w1r5,1
2026-04-03T20:52:38.745682-07:00,read,key-1,64.439,0,false,leader-w1r5,1
2026-04-03T20:52:38.745689-07:00,read,key-3,64.437,0,false,leader-w1r5,1
2026-04-03T20:52:38.74652-07:00,read,key-4,63.616,0,false,leader-w1r5,1
2026-04-03T20:52:38.746494-07:00,read,key-7,63.648,0,false,leader-w1r5,1
2026-04-03T20:52:38.746409-07:00,read,key-5,63.743,0,false,leader-w1r5,1
2026-04-03T20:52:38.745851-07:00,read,key-4,64.314,0,false,leader-w1r5,1
2026-04-03T20:52:38.745834-07:00,read,key-3,64.331,0,false,leader-w1r5,1
2026-04-03T20:52:38.746352-07:00,read,key-0,63.825,0,false,leader-w1r5,1
2026-04-03T20:52:38.746311-07:00,read,key-7,63.876,0,false,leader-w1r5,1
2026-04-03T20:52:38.746312-07:00,read,key-6,63.878,0,false,leader-w1r5,1
2026-04-03T20:52:38.745651-07:00,read,key-9,64.544,0,false,leader-w1r5,1
2026-04-03T20:52:38.74562-07:00,read,key-5,64.589,0,false,leader-w1r5,1
2026-04-03T20:52:38.745823-07:00,read,key-4,64.386,0,false,leader-w1r5,1
2026-04-03T20:52:38.746266-07:00,read,key-3,64.024,0,false,leader-w1r5,1
2026-04-03T20:52:38.809932-07:00,read,key-5,62.306,0,false,leader-w1r5,1
2026-04-03T20:52:38.810138-07:00,read,key-5,62.109,0,false,leader-w1r5,1
2026-04-03T20:52:38.81021-07:00,read,key-6,62.187,0,false,leader-w1r5,1
2026-04-03T20:52:38.810166-07:00,read,key-2,62.233,0,false,leader-w1r5,1
2026-04-03T20:52:38.810154-07:00,read,key-6,62.246,0,false,leader-w1r5,1
2026-04-03T20:52:38.810117-07:00,read,key-9,62.340,0,false,leader-w1r5,1
2026-04-03T20:52:38.810028-07:00,read,key-4,62.439,0,false,leader-w1r5,1
2026-04-03T20:52:38.810127-07:00,read,key-6,62.365,0,false,leader-w1r5,1
2026-04-03T20:52:38.810196-07:00,read,key-4,62.322,0,false,leader-w1r5,1
2026-04-03T20:52:38.810212-07:00,read,key-8,62.322,0,false,leader-w1r5,1
2026-04-03T20:52:38.810328-07:00,read,key-9,62.213,0,false,leader-w1r5,1
2026-04-03T20:52:38.809919-07:00,read,key-5,62.624,0,false,leader-w1r5,1
2026-04-03T20:52:38.809989-07:00,read,key-3,63.155,0,false,leader-w1r5,1
2026-04-03T20:52:38.810122-07:00,read,key-3,63.066,0,false,leader-w1r5,1
2026-04-03T20:52:38.810166-07:00,read,key-0,63.040,0,false,leader-w1r5,1
2026-04-03T20:52:38.810187-07:00,read,key-7,63.031,0,false,leader-w1r5,1
2026-04-03T20:52:38.810145-07:00,read,key-7,63.081,0,false,leader-w1r5,1
2026-04-03T20:52:38.81019-07:00,read,key-1,63.050,0,false,leader-w1r5,1
2026-04-03T20:52:38.810177-07:00,read,key-1,63.072,0,false,leader-w1r5,1
2026-04-03T20:52:38.809904-07:00,read,key-3,63.349,0,false,leader-w1r5,1
2026-04-03T20:52:38.873219-07:00,read,key-7,67.530,0,false,leader-w1r5,1
2026-04-03T20:52:38.872544-07:00,read,key-3,68.880,0,false,leader-w1r5,1
2026-04-03T20:52:38.872536-07:00,read,key-0,68.976,0,false,leader-w1r5,1
2026-04-03T20:52:38.872241-07:00,read,key-2,69.317,0,false,leader-w1r5,1
2026-04-03T20:52:38.872543-07:00,read,key-2,69.065,0,false,leader-w1r5,1
2026-04-03T20:52:38.873229-07:00,read,key-4,68.381,0,false,leader-w1r5,1
2026-04-03T20:52:38.873251-07:00,read,key-9,68.391,0,false,leader-w1r5,1
2026-04-03T20:52:38.873146-07:00,read,key-7,68.530,0,false,leader-w1r5,1
2026-04-03T20:52:38.872405-07:00,read,key-8,69.286,0,false,leader-w1r5,1
2026-04-03T20:52:38.872469-07:00,read,key-0,69.289,0,false,leader-w1r5,1
2026-04-03T20:52:38.872458-07:00,read,key-6,69.314,0,false,leader-w1r5,1
2026-04-03T20:52:38.872518-07:00,read,key-8,69.270,0,false,leader-w1r5,1
2026-04-03T20:52:38.873242-07:00,read,key-8,68.578,0,false,leader-w1r5,1
2026-04-03T20:52:38.872399-07:00,read,key-9,69.424,0,false,leader-w1r5,1
2026-04-03T20:52:38.872248-07:00,read,key-8,69.605,0,false,leader-w1r5,1
2026-04-03T20:52:38.873208-07:00,read,key-9,68.651,0,false,leader-w1r5,1
2026-04-03T20:52:38.873189-07:00,read,key-1,68.694,0,false,leader-w1r5,1
2026-04-03T20:52:38.872548-07:00,read,key-6,69.344,0,false,leader-w1r5,1
2026-04-03T20:52:38.873255-07:00,read,key-2,68.658,0,false,leader-w1r5,1
2026-04-03T20:52:38.872494-07:00,read,key-8,68.255,0,false,leader-w1r5,1
2026-04-03T20:52:38.94186-07:00,read,key-7,65.523,0,false,leader-w1r5,1
2026-04-03T20:52:38.941694-07:00,read,key-8,65.867,0,false,leader-w1r5,1
2026-04-03T20:52:38.941514-07:00,read,key-1,66.115,0,false,leader-w1r5,1
2026-04-03T20:52:38.941609-07:00,read,key-9,66.045,0,false,leader-w1r5,1
2026-04-03T20:52:38.94179-07:00,read,key-0,65.894,0,false,leader-w1r5,1
2026-04-03T20:52:38.940755-07:00,read,key-9,66.940,0,false,leader-w1r5,1
2026-04-03T20:52:38.941611-07:00,read,key-7,66.127,0,false,leader-w1r5,1
2026-04-03T20:52:38.941824-07:00,read,key-5,65.940,0,false,leader-w1r5,1
2026-04-03T20:52:38.941885-07:00,read,key-0,65.881,0,false,leader-w1r5,1
2026-04-03T20:52:38.941759-07:00,read,key-3,66.064,0,false,leader-w1r5,1
2026-04-03T20:52:38.941425-07:00,read,key-6,66.405,0,false,leader-w1r5,1
2026-04-03T20:52:38.941677-07:00,read,key-3,66.197,0,false,leader-w1r5,1
2026-04-03T20:52:38.941561-07:00,read,key-0,66.435,0,false,leader-w1r5,1
2026-04-03T20:52:38.94182-07:00,read,key-8,66.198,0,false,leader-w1r5,1
2026-04-03T20:52:38.941855-07:00,read,key-3,66.171,0,false,leader-w1r5,1
2026-04-03T20:52:38.941926-07:00,read,key-4,66.112,0,false,leader-w1r5,1
2026-04-03T20:52:38.941894-07:00,read,key-3,66.154,0,false,leader-w1r5,1
2026-04-03T20:52:38.941926-07:00,read,key-5,66.135,0,false,leader-w1r5,1
2026-04-03T20:52:38.941644-07:00,read,key-0,66.425,0,false,leader-w1r5,1
2026-04-03T20:52:38.941775-07:00,read,key-5,66.300,0,false,leader-w1r5,1
2026-04-03T20:52:39.007833-07:00,read,key-1,63.622,0,false,leader-w1r5,1
2026-04-03T20:52:39.007876-07:00,read,key-2,63.591,0,false,leader-w1r5,1
2026-04-03T20:52:39.00774-07:00,read,key-2,63.778,0,false,leader-w1r5,1
2026-04-03T20:52:39.007563-07:00,read,key-3,64.028,0,false,leader-w1r5,1
2026-04-03T20:52:39.00807-07:00,read,key-5,64.249,0,false,leader-w1r5,1
2026-04-03T20:52:39.008062-07:00,read,key-5,64.290,0,false,leader-w1r5,1
2026-04-03T20:52:39.00802-07:00,read,key-1,64.366,0,false,leader-w1r5,1
2026-04-03T20:52:39.007825-07:00,read,key-1,64.587,0,false,leader-w1r5,1
2026-04-03T20:52:39.007631-07:00,read,key-1,64.809,0,false,leader-w1r5,1
2026-04-03T20:52:39.007998-07:00,read,key-5,64.471,0,false,leader-w1r5,1
2026-04-03T20:52:39.008076-07:00,read,key-1,64.467,0,false,leader-w1r5,1
2026-04-03T20:52:39.007686-07:00,read,key-4,64.888,0,false,leader-w1r5,1
2026-04-03T20:52:39.00804-07:00,read,key-4,64.564,0,false,leader-w1r5,1
2026-04-03T20:52:39.007656-07:00,read,key-3,65.380,0,false,leader-w1r5,1
2026-04-03T20:52:39.007386-07:00,read,key-9,65.692,0,false,leader-w1r5,1
2026-04-03T20:52:39.007765-07:00,read,key-9,65.340,0,false,leader-w1r5,1
2026-04-03T20:52:39.008049-07:00,read,key-4,65.081,0,false,leader-w1r5,1
2026-04-03T20:52:39.007767-07:00,read,key-4,65.456,0,false,leader-w1r5,1
2026-04-03T20:52:39.008027-07:00,read,key-4,65.287,0,false,leader-w1r5,1
2026-04-03T20:52:39.007699-07:00,read,key-8,66.061,0,false,leader-w1r5,1
2026-04-03T20:52:39.071469-07:00,read,key-6,66.359,0,false,leader-w1r5,1
2026-04-03T20:52:39.073762-07:00,read,key-1,64.088,0,false,leader-w1r5,1
2026-04-03T20:52:39.073107-07:00,read,key-7,64.783,0,false,leader-w1r5,1
2026-04-03T20:52:39.072576-07:00,read,key-0,65.864,0,false,leader-w1r5,1
2026-04-03T20:52:39.072413-07:00,read,key-2,66.114,0,false,leader-w1r5,1
2026-04-03T20:52:39.073225-07:00,read,key-2,65.348,0,false,leader-w1r5,1
2026-04-03T20:52:39.071593-07:00,read,key-1,67.000,0,false,leader-w1r5,1
2026-04-03T20:52:39.071519-07:00,read,key-0,67.132,0,false,leader-w1r5,1
2026-04-03T20:52:39.073316-07:00,read,key-7,65.485,0,false,leader-w1r5,1
2026-04-03T20:52:39.073081-07:00,read,key-0,65.734,0,false,leader-w1r5,1
2026-04-03T20:52:39.072442-07:00,read,key-2,66.386,0,false,leader-w1r5,1
2026-04-03T20:52:39.071459-07:00,read,key-0,67.387,0,false,leader-w1r5,1
2026-04-03T20:52:39.07232-07:00,read,key-8,66.531,0,false,leader-w1r5,1
2026-04-03T20:52:39.072605-07:00,read,key-6,66.266,0,false,leader-w1r5,1
2026-04-03T20:52:39.073132-07:00,read,key-6,65.741,0,false,leader-w1r5,1
2026-04-03T20:52:39.072354-07:00,read,key-8,66.537,0,false,leader-w1r5,1
2026-04-03T20:52:39.072386-07:00,read,key-9,66.505,0,false,leader-w1r5,1
2026-04-03T20:52:39.072545-07:00,read,key-2,66.367,0,false,leader-w1r5,1
2026-04-03T20:52:39.07247-07:00,read,key-8,66.447,0,false,leader-w1r5,1
2026-04-03T20:52:39.073038-07:00,read,key-7,66.001,0,false,leader-w1r5,1
2026-04-03T20:52:39.138575-07:00,read,key-6,64.137,0,false,leader-w1r5,1
2026-04-03T20:52:39.138875-07:00,read,key-1,63.863,0,false,leader-w1r5,1
2026-04-03T20:52:39.138441-07:00,read,key-5,64.522,0,false,leader-w1r5,1
2026-04-03T20:52:39.13883-07:00,read,key-0,64.258,0,false,leader-w1r5,1
2026-04-03T20:52:39.13853-07:00,read,key-5,64.586,0,false,leader-w1r5,1
2026-04-03T20:52:39.138849-07:00,read,key-2,64.294,0,false,leader-w1r5,1
2026-04-03T20:52:39.138653-07:00,read,key-6,64.494,0,false,leader-w1r5,1
2026-04-03T20:52:39.137834-07:00,read,key-3,65.513,0,false,leader-w1r5,1
2026-04-03T20:52:39.138893-07:00,read,key-3,64.561,0,false,leader-w1r5,1
2026-04-03T20:52:39.139041-07:00,read,key-0,64.436,0,false,leader-w1r5,1
2026-04-03T20:52:39.138913-07:00,read,key-1,64.569,0,false,leader-w1r5,1
2026-04-03T20:52:39.138919-07:00,read,key-4,64.606,0,false,leader-w1r5,1
2026-04-03T20:52:39.137892-07:00,read,key-6,65.646,0,false,leader-w1r5,1
2026-04-03T20:52:39.138594-07:00,read,key-6,64.983,0,false,leader-w1r5,1
2026-04-03T20:52:39.138853-07:00,read,key-9,64.734,0,false,leader-w1r5,1
2026-04-03T20:52:39.138893-07:00,read,key-5,64.776,0,false,leader-w1r5,1
2026-04-03T20:52:39.138872-07:00,read,key-0,64.815,0,false,leader-w1r5,1
2026-04-03T20:52:39.137851-07:00,read,key-5,65.845,0,false,leader-w1r5,1
2026-04-03T20:52:39.138802-07:00,read,key-6,64.903,0,false,leader-w1r5,1
2026-04-03T20:52:39.138816-07:00,read,key-3,64.904,0,false,leader-w1r5,1
2026-04-03T20:52:39.203144-07:00,read,key-0,68.179,0,false,leader-w1r5,1
2026-04-03T20:52:39.203702-07:00,read,key-0,68.748,0,false,leader-w1r5,1
2026-04-03T20:52:39.203722-07:00,read,key-3,68.815,0,false,leader-w1r5,1
2026-04-03T20:52:39.203351-07:00,read,key-8,69.286,0,false,leader-w1r5,1
2026-04-03T20:52:39.203149-07:00,read,key-9,69.708,0,false,leader-w1r5,1
2026-04-03T20:52:39.203539-07:00,read,key-0,69.380,0,false,leader-w1r5,1
2026-04-03T20:52:39.203527-07:00,read,key-2,69.449,0,false,leader-w1r5,1
2026-04-03T20:52:39.203579-07:00,read,key-4,69.465,0,false,leader-w1r5,1
2026-04-03T20:52:39.203707-07:00,read,key-3,69.354,0,false,leader-w1r5,1
2026-04-03T20:52:39.203689-07:00,read,key-7,69.383,0,false,leader-w1r5,1
2026-04-03T20:52:39.203588-07:00,read,key-7,69.496,0,false,leader-w1r5,1
2026-04-03T20:52:39.203671-07:00,read,key-6,69.425,0,false,leader-w1r5,1
2026-04-03T20:52:39.203478-07:00,read,key-0,69.625,0,false,leader-w1r5,1
2026-04-03T20:52:39.203484-07:00,read,key-5,69.632,0,false,leader-w1r5,1
2026-04-03T20:52:39.202965-07:00,read,key-2,70.161,0,false,leader-w1r5,1
2026-04-03T20:52:39.20309-07:00,read,key-5,70.045,0,false,leader-w1r5,1
2026-04-03T20:52:39.203117-07:00,read,key-2,70.038,0,false,leader-w1r5,1
2026-04-03T20:52:39.202739-07:00,read,key-7,70.421,0,false,leader-w1r5,1
2026-04-03T20:52:39.203455-07:00,read,key-4,69.722,0,false,leader-w1r5,1
2026-04-03T20:52:39.202717-07:00,read,key-2,70.462,0,false,leader-w1r5,1
2026-04-03T20:52:39.272638-07:00,read,key-0,61.661,0,false,leader-w1r5,1
2026-04-03T20:52:39.273117-07:00,read,key-8,61.218,0,false,leader-w1r5,1
2026-04-03T20:52:39.272859-07:00,read,key-7,61.579,0,false,leader-w1r5,1
2026-04-03T20:52:39.273182-07:00,read,key-8,61.309,0,false,leader-w1r5,1
2026-04-03T20:52:39.272453-07:00,read,key-7,62.048,0,false,leader-w1r5,1
2026-04-03T20:52:39.272977-07:00,read,key-5,61.578,0,false,leader-w1r5,1
2026-04-03T20:52:39.273156-07:00,read,key-9,61.451,0,false,leader-w1r5,1
2026-04-03T20:52:39.273063-07:00,read,key-9,61.568,0,false,leader-w1r5,1
2026-04-03T20:52:39.273162-07:00,read,key-2,61.137,0,false,leader-w1r5,1
2026-04-03T20:52:39.273137-07:00,read,key-1,62.656,0,false,leader-w1r5,1
2026-04-03T20:52:39.273097-07:00,read,key-2,62.740,0,false,leader-w1r5,1
2026-04-03T20:52:39.273179-07:00,read,key-8,62.614,0,false,leader-w1r5,1
2026-04-03T20:52:39.272538-07:00,read,key-7,63.365,0,false,leader-w1r5,1
2026-04-03T20:52:39.273073-07:00,read,key-0,62.845,0,false,leader-w1r5,1
2026-04-03T20:52:39.273045-07:00,read,key-2,62.893,0,false,leader-w1r5,1
2026-04-03T20:52:39.271326-07:00,read,key-9,64.632,0,false,leader-w1r5,1
2026-04-03T20:52:39.272921-07:00,read,key-2,63.126,0,false,leader-w1r5,1
2026-04-03T20:52:39.273104-07:00,read,key-0,62.970,0,false,leader-w1r5,1
2026-04-03T20:52:39.273085-07:00,read,key-1,63.011,0,false,leader-w1r5,1
2026-04-03T20:52:39.273127-07:00,read,key-5,62.991,0,false,leader-w1r5,1
2026-04-03T20:52:39.336075-07:00,write,key-7,5.286,1,false,leader-w1r5,1
2026-04-03T20:52:39.334502-07:00,read,key-0,63.322,0,false,leader-w1r5,1
2026-04-03T20:52:39.336098-07:00,read,key-9,62.090,0,false,leader-w1r5,1
2026-04-03T20:52:39.335961-07:00,read,key-7,62.238,1,false,leader-w1r5,1
2026-04-03T20:52:39.334302-07:00,read,key-5,63.955,0,false,leader-w1r5,1
2026-04-03T20:52:39.334439-07:00,read,key-9,63.873,0,false,leader-w1r5,1
2026-04-03T20:52:39.334556-07:00,read,key-5,63.815,0,false,leader-w1r5,1
2026-04-03T20:52:39.33592-07:00,read,key-3,62.477,0,false,leader-w1r5,1
2026-04-03T20:52:39.335939-07:00,read,key-0,62.483,0,false,leader-w1r5,1
2026-04-03T20:52:39.334336-07:00,read,key-3,64.091,0,false,leader-w1r5,1
2026-04-03T20:52:39.341366-07:00,read,key-8,57.084,0,false,leader-w1r5,1
2026-04-03T20:52:39.335795-07:00,read,key-9,62.675,0,false,leader-w1r5,1
2026-04-03T20:52:39.335858-07:00,read,key-2,62.628,0,false,leader-w1r5,1
2026-04-03T20:52:39.335904-07:00,read,key-9,62.599,0,false,leader-w1r5,1
2026-04-03T20:52:39.335839-07:00,read,key-0,62.682,0,false,leader-w1r5,1
2026-04-03T20:52:39.334609-07:00,read,key-2,63.930,0,false,leader-w1r5,1
2026-04-03T20:52:39.334492-07:00,read,key-2,64.068,0,false,leader-w1r5,1
2026-04-03T20:52:39.336048-07:00,read,key-0,61.780,0,false,leader-w1r5,1
2026-04-03T20:52:39.334654-07:00,read,key-3,63.927,0,false,leader-w1r5,1
2026-04-03T20:52:39.334632-07:00,read,key-0,63.956,0,false,leader-w1r5,1
2026-04-03T20:52:39.336119-07:00,read,key-3,62.474,0,false,leader-w1r5,1
2026-04-03T20:52:39.398201-07:00,read,key-4,54.135,0,false,leader-w1r5,1
2026-04-03T20:52:39.398561-07:00,read,key-6,61.688,0,false,leader-w1r5,1
2026-04-03T20:52:39.398471-07:00,read,key-2,61.778,0,false,leader-w1r5,1
2026-04-03T20:52:39.398563-07:00,read,key-4,61.750,0,false,leader-w1r5,1
2026-04-03T20:52:39.398594-07:00,read,key-9,61.802,0,false,leader-w1r5,1
2026-04-03T20:52:39.398189-07:00,read,key-2,62.234,0,false,leader-w1r5,1
2026-04-03T20:52:39.397845-07:00,read,key-5,62.604,0,false,leader-w1r5,1
2026-04-03T20:52:39.398504-07:00,read,key-2,61.980,0,false,leader-w1r5,1
2026-04-03T20:52:39.398522-07:00,read,key-3,61.981,0,false,leader-w1r5,1
2026-04-03T20:52:39.398589-07:00,read,key-9,62.291,0,false,leader-w1r5,1
2026-04-03T20:52:39.39854-07:00,read,key-6,62.700,0,false,leader-w1r5,1
2026-04-03T20:52:39.398313-07:00,read,key-7,65.420,1,false,leader-w1r5,1
2026-04-03T20:52:39.398451-07:00,read,key-6,65.980,0,false,leader-w1r5,1
2026-04-03T20:52:39.398373-07:00,read,key-6,66.126,0,false,leader-w1r5,1
2026-04-03T20:52:39.398428-07:00,read,key-7,66.075,1,false,leader-w1r5,1
2026-04-03T20:52:39.398259-07:00,read,key-3,66.249,0,false,leader-w1r5,1
2026-04-03T20:52:39.398398-07:00,read,key-8,66.126,0,false,leader-w1r5,1
2026-04-03T20:52:39.398582-07:00,read,key-4,67.948,0,false,leader-w1r5,1
2026-04-03T20:52:39.398423-07:00,read,key-4,68.340,0,false,leader-w1r5,1
2026-04-03T20:52:39.460486-07:00,write,key-5,6.353,1,false,leader-w1r5,1
2026-04-03T20:52:39.398488-07:00,read,key-8,68.467,0,false,leader-w1r5,1
2026-04-03T20:52:39.452341-07:00,read,key-1,56.144,0,false,leader-w1r5,1
2026-04-03T20:52:39.460504-07:00,read,key-3,57.538,0,false,leader-w1r5,1
2026-04-03T20:52:39.460252-07:00,read,key-4,57.790,0,false,leader-w1r5,1
2026-04-03T20:52:39.460314-07:00,read,key-9,58.119,0,false,leader-w1r5,1
2026-04-03T20:52:39.461242-07:00,read,key-3,57.254,0,false,leader-w1r5,1
2026-04-03T20:52:39.464433-07:00,read,key-3,54.357,0,false,leader-w1r5,1
2026-04-03T20:52:39.460453-07:00,read,key-6,59.061,0,false,leader-w1r5,1
2026-04-03T20:52:39.460426-07:00,read,key-8,59.117,0,false,leader-w1r5,1
2026-04-03T20:52:39.460252-07:00,read,key-4,59.714,0,false,leader-w1r5,1
2026-04-03T20:52:39.460398-07:00,read,key-5,59.638,1,false,leader-w1r5,1
2026-04-03T20:52:39.460881-07:00,read,key-7,59.274,1,false,leader-w1r5,1
2026-04-03T20:52:39.463737-07:00,read,key-4,56.507,0,false,leader-w1r5,1
2026-04-03T20:52:39.464506-07:00,read,key-0,56.732,0,false,leader-w1r5,1
2026-04-03T20:52:39.464501-07:00,read,key-4,56.966,0,false,leader-w1r5,1
2026-04-03T20:52:39.464527-07:00,read,key-8,57.059,0,false,leader-w1r5,1
2026-04-03T20:52:39.466841-07:00,read,key-0,54.822,0,false,leader-w1r5,1
2026-04-03T20:52:39.466955-07:00,read,key-6,54.763,0,false,leader-w1r5,1
2026-04-03T20:52:39.466765-07:00,read,key-4,55.000,0,false,leader-w1r5,1
2026-04-03T20:52:39.464509-07:00,read,key-3,57.304,0,false,leader-w1r5,1
2026-04-03T20:52:39.466531-07:00,read,key-8,56.808,0,false,leader-w1r5,1
2026-04-03T20:52:39.518045-07:00,read,key-7,54.530,1,false,leader-w1r5,1
2026-04-03T20:52:39.518497-07:00,read,key-6,54.084,0,false,leader-w1r5,1
2026-04-03T20:52:39.508488-07:00,read,key-5,64.144,1,false,leader-w1r5,1
2026-04-03T20:52:39.520038-07:00,read,key-6,52.676,0,false,leader-w1r5,1
2026-04-03T20:52:39.519969-07:00,read,key-5,53.921,1,false,leader-w1r5,1
2026-04-03T20:52:39.521719-07:00,read,key-6,54.189,0,false,leader-w1r5,1
2026-04-03T20:52:39.518792-07:00,read,key-8,57.117,0,false,leader-w1r5,1
2026-04-03T20:52:39.521814-07:00,read,key-9,54.152,0,false,leader-w1r5,1
2026-04-03T20:52:39.520245-07:00,read,key-9,55.776,0,false,leader-w1r5,1
2026-04-03T20:52:39.519514-07:00,read,key-8,56.524,0,false,leader-w1r5,1
2026-04-03T20:52:39.521468-07:00,read,key-0,54.614,0,false,leader-w1r5,1
2026-04-03T20:52:39.521765-07:00,read,key-0,54.333,0,false,leader-w1r5,1
2026-04-03T20:52:39.521586-07:00,read,key-3,54.558,0,false,leader-w1r5,1
2026-04-03T20:52:39.519544-07:00,read,key-4,56.649,0,false,leader-w1r5,1
2026-04-03T20:52:39.52124-07:00,read,key-9,55.049,0,false,leader-w1r5,1
2026-04-03T20:52:39.520156-07:00,read,key-3,56.158,0,false,leader-w1r5,1
2026-04-03T20:52:39.518435-07:00,read,key-1,57.896,0,false,leader-w1r5,1
2026-04-03T20:52:39.521664-07:00,read,key-6,54.683,0,false,leader-w1r5,1
2026-04-03T20:52:39.518044-07:00,read,key-0,58.332,0,false,leader-w1r5,1
2026-04-03T20:52:39.523341-07:00,read,key-2,53.968,0,false,leader-w1r5,1
2026-04-03T20:52:39.572582-07:00,read,key-7,54.583,1,false,leader-w1r5,1
2026-04-03T20:52:39.572634-07:00,read,key-4,54.536,0,false,leader-w1r5,1
2026-04-03T20:52:39.573892-07:00,read,key-4,55.094,0,false,leader-w1r5,1
2026-04-03T20:52:39.572716-07:00,read,key-4,56.352,0,false,leader-w1r5,1
2026-04-03T20:52:39.576083-07:00,read,key-6,53.177,0,false,leader-w1r5,1
2026-04-03T20:52:39.572578-07:00,read,key-1,56.740,0,false,leader-w1r5,1
2026-04-03T20:52:39.57591-07:00,read,key-6,55.620,0,false,leader-w1r5,1
2026-04-03T20:52:39.57731-07:00,read,key-1,54.281,0,false,leader-w1r5,1
2026-04-03T20:52:39.576022-07:00,read,key-5,55.640,1,false,leader-w1r5,1
2026-04-03T20:52:39.57591-07:00,read,key-9,55.764,0,false,leader-w1r5,1
2026-04-03T20:52:39.576332-07:00,read,key-5,56.120,1,false,leader-w1r5,1
2026-04-03T20:52:39.575967-07:00,read,key-8,56.496,0,false,leader-w1r5,1
2026-04-03T20:52:39.576378-07:00,read,key-1,56.158,0,false,leader-w1r5,1
2026-04-03T20:52:39.576145-07:00,read,key-0,56.391,0,false,leader-w1r5,1
2026-04-03T20:52:39.576291-07:00,read,key-4,56.282,0,false,leader-w1r5,1
2026-04-03T20:52:39.5761-07:00,read,key-7,56.492,1,false,leader-w1r5,1
2026-04-03T20:52:39.576194-07:00,read,key-6,56.624,0,false,leader-w1r5,1
2026-04-03T20:52:39.57604-07:00,read,key-2,57.764,0,false,leader-w1r5,1
2026-04-03T20:52:39.576315-07:00,read,key-6,57.594,0,false,leader-w1r5,1
2026-04-03T20:52:39.576348-07:00,read,key-3,57.633,0,false,leader-w1r5,1
2026-04-03T20:52:39.628988-07:00,read,key-4,53.421,0,false,leader-w1r5,1
2026-04-03T20:52:39.629262-07:00,read,key-8,55.842,0,false,leader-w1r5,1
2026-04-03T20:52:39.62932-07:00,read,key-9,55.799,0,false,leader-w1r5,1
2026-04-03T20:52:39.627172-07:00,read,key-8,57.951,0,false,leader-w1r5,1
2026-04-03T20:52:39.627169-07:00,read,key-8,57.999,0,false,leader-w1r5,1
2026-04-03T20:52:39.631532-07:00,read,key-5,53.639,1,false,leader-w1r5,1
2026-04-03T20:52:39.629069-07:00,read,key-8,56.110,0,false,leader-w1r5,1
2026-04-03T20:52:39.631676-07:00,read,key-5,53.518,1,false,leader-w1r5,1
2026-04-03T20:52:39.632465-07:00,read,key-1,56.012,0,false,leader-w1r5,1
2026-04-03T20:52:39.633983-07:00,read,key-5,54.536,1,false,leader-w1r5,1
2026-04-03T20:52:39.632537-07:00,read,key-0,56.213,0,false,leader-w1r5,1
2026-04-03T20:52:39.63391-07:00,read,key-0,55.400,0,false,leader-w1r5,1
2026-04-03T20:52:39.632454-07:00,read,key-4,56.881,0,false,leader-w1r5,1
2026-04-03T20:52:39.631593-07:00,read,key-5,57.778,1,false,leader-w1r5,1
2026-04-03T20:52:39.632593-07:00,read,key-1,56.795,0,false,leader-w1r5,1
2026-04-03T20:52:39.632819-07:00,read,key-3,56.560,0,false,leader-w1r5,1
2026-04-03T20:52:39.632574-07:00,read,key-5,56.872,1,false,leader-w1r5,1
2026-04-03T20:52:39.633806-07:00,read,key-5,55.679,1,false,leader-w1r5,1
2026-04-03T20:52:39.632538-07:00,read,key-2,57.267,0,false,leader-w1r5,1
2026-04-03T20:52:39.631664-07:00,read,key-0,58.196,0,false,leader-w1r5,1
2026-04-03T20:52:39.682411-07:00,read,key-9,55.336,0,false,leader-w1r5,1
2026-04-03T20:52:39.685181-07:00,read,key-0,52.568,0,false,leader-w1r5,1
2026-04-03T20:52:39.685169-07:00,read,key-0,52.670,0,false,leader-w1r5,1
2026-04-03T20:52:39.689806-07:00,read,key-6,54.032,0,false,leader-w1r5,1
2026-04-03T20:52:39.688752-07:00,read,key-9,55.453,0,false,leader-w1r5,1
2026-04-03T20:52:39.689402-07:00,read,key-9,54.868,0,false,leader-w1r5,1
2026-04-03T20:52:39.685196-07:00,read,key-5,59.078,1,false,leader-w1r5,1
2026-04-03T20:52:39.685124-07:00,read,key-3,59.198,0,false,leader-w1r5,1
2026-04-03T20:52:39.689336-07:00,read,key-7,55.093,1,false,leader-w1r5,1
2026-04-03T20:52:39.689487-07:00,read,key-9,54.986,0,false,leader-w1r5,1
2026-04-03T20:52:39.68852-07:00,read,key-4,56.007,0,false,leader-w1r5,1
2026-04-03T20:52:39.689389-07:00,read,key-1,55.202,0,false,leader-w1r5,1
2026-04-03T20:52:39.689862-07:00,read,key-2,54.815,0,false,leader-w1r5,1
2026-04-03T20:52:39.685105-07:00,read,key-3,59.580,0,false,leader-w1r5,1
2026-04-03T20:52:39.685173-07:00,read,key-0,59.519,0,false,leader-w1r5,1
2026-04-03T20:52:39.689389-07:00,read,key-4,55.311,0,false,leader-w1r5,1
2026-04-03T20:52:39.68512-07:00,read,key-7,59.618,1,false,leader-w1r5,1
2026-04-03T20:52:39.688479-07:00,read,key-5,57.030,1,false,leader-w1r5,1
2026-04-03T20:52:39.689447-07:00,read,key-5,56.151,1,false,leader-w1r5,1
2026-04-03T20:52:39.689312-07:00,read,key-7,56.354,1,false,leader-w1r5,1
2026-04-03T20:52:39.745511-07:00,write,key-8,3.837,1,false,leader-w1r5,1
2026-04-03T20:52:39.737782-07:00,read,key-5,53.710,1,false,leader-w1r5,1
2026-04-03T20:52:39.737751-07:00,read,key-4,56.899,0,false,leader-w1r5,1
2026-04-03T20:52:39.737895-07:00,read,key-9,56.756,0,false,leader-w1r5,1
2026-04-03T20:52:39.74384-07:00,read,key-9,52.061,0,false,leader-w1r5,1
2026-04-03T20:52:39.74474-07:00,read,key-5,53.106,1,false,leader-w1r5,1
2026-04-03T20:52:39.744431-07:00,read,key-8,53.446,0,false,leader-w1r5,1
2026-04-03T20:52:39.744277-07:00,read,key-0,53.645,0,false,leader-w1r5,1
2026-04-03T20:52:39.744528-07:00,read,key-7,53.416,1,false,leader-w1r5,1
2026-04-03T20:52:39.797878-07:00,write,key-6,0.751,1,false,leader-w1r5,1
2026-04-03T20:52:39.744271-07:00,read,key-7,57.094,1,false,leader-w1r5,1
2026-04-03T20:52:39.744693-07:00,read,key-2,56.678,0,false,leader-w1r5,1
2026-04-03T20:52:39.744701-07:00,read,key-4,56.749,0,false,leader-w1r5,1
2026-04-03T20:52:39.745599-07:00,read,key-1,55.858,0,false,leader-w1r5,1
2026-04-03T20:52:39.744592-07:00,read,key-7,56.945,1,false,leader-w1r5,1
2026-04-03T20:52:39.744687-07:00,read,key-6,56.900,1,false,leader-w1r5,1
2026-04-03T20:52:39.744474-07:00,read,key-8,57.119,1,false,leader-w1r5,1
2026-04-03T20:52:39.744323-07:00,read,key-5,57.349,1,false,leader-w1r5,1
2026-04-03T20:52:39.744207-07:00,read,key-3,57.473,0,false,leader-w1r5,1
2026-04-03T20:52:39.745667-07:00,read,key-3,56.045,0,false,leader-w1r5,1
2026-04-03T20:52:39.744678-07:00,read,key-0,57.056,0,false,leader-w1r5,1
2026-04-03T20:52:39.801368-07:00,write,key-6,1.448,2,false,leader-w1r5,1
2026-04-03T20:52:39.749351-07:00,read,key-5,54.198,1,false,leader-w1r5,1
2026-04-03T20:52:39.795903-07:00,read,key-1,51.552,0,false,leader-w1r5,1
2026-04-03T20:52:39.791495-07:00,read,key-8,56.091,1,false,leader-w1r5,1
2026-04-03T20:52:39.794654-07:00,read,key-1,53.016,0,false,leader-w1r5,1
2026-04-03T20:52:39.797849-07:00,read,key-4,52.437,0,false,leader-w1r5,1
2026-04-03T20:52:39.794654-07:00,read,key-5,55.668,1,false,leader-w1r5,1
2026-04-03T20:52:39.801458-07:00,read,key-5,52.836,1,false,leader-w1r5,1
2026-04-03T20:52:39.801594-07:00,read,key-5,52.792,1,false,leader-w1r5,1
2026-04-03T20:52:39.797924-07:00,read,key-3,56.917,0,false,leader-w1r5,1
2026-04-03T20:52:39.797946-07:00,read,key-0,57.032,0,false,leader-w1r5,1
2026-04-03T20:52:39.801451-07:00,read,key-2,53.590,0,false,leader-w1r5,1
2026-04-03T20:52:39.798631-07:00,read,key-6,56.469,2,false,leader-w1r5,1
2026-04-03T20:52:39.801539-07:00,read,key-1,53.656,0,false,leader-w1r5,1
2026-04-03T20:52:39.801372-07:00,read,key-4,53.822,0,false,leader-w1r5,1
2026-04-03T20:52:39.801681-07:00,read,key-6,53.568,2,false,leader-w1r5,1
2026-04-03T20:52:39.801588-07:00,read,key-3,53.673,0,false,leader-w1r5,1
2026-04-03T20:52:39.802818-07:00,read,key-2,53.577,0,false,leader-w1r5,1
2026-04-03T20:52:39.801673-07:00,read,key-9,54.763,0,false,leader-w1r5,1
2026-04-03T20:52:39.801735-07:00,read,key-3,54.756,0,false,leader-w1r5,1
2026-04-03T20:52:39.803552-07:00,read,key-2,52.945,0,false,leader-w1r5,1
2026-04-03T20:52:39.801712-07:00,read,key-8,54.843,1,false,leader-w1r5,1
2026-04-03T20:52:39.847671-07:00,read,key-9,55.773,0,false,leader-w1r5,1
2026-04-03T20:52:39.847589-07:00,read,key-7,56.003,1,false,leader-w1r5,1
2026-04-03T20:52:39.847458-07:00,read,key-4,56.172,0,false,leader-w1r5,1
2026-04-03T20:52:39.850288-07:00,read,key-3,55.765,0,false,leader-w1r5,1
2026-04-03T20:52:39.850325-07:00,read,key-7,56.384,1,false,leader-w1r5,1
2026-04-03T20:52:39.854843-07:00,read,key-5,52.295,1,false,leader-w1r5,1
2026-04-03T20:52:39.855102-07:00,read,key-3,52.131,0,false,leader-w1r5,1
2026-04-03T20:52:39.855043-07:00,read,key-3,52.277,0,false,leader-w1r5,1
2026-04-03T20:52:39.854297-07:00,read,key-7,53.122,1,false,leader-w1r5,1
2026-04-03T20:52:39.85498-07:00,read,key-6,52.471,2,false,leader-w1r5,1
2026-04-03T20:52:39.855262-07:00,read,key-3,52.834,0,false,leader-w1r5,1
2026-04-03T20:52:39.856493-07:00,read,key-6,51.719,2,false,leader-w1r5,1
2026-04-03T20:52:39.854388-07:00,read,key-5,58.842,1,false,leader-w1r5,1
2026-04-03T20:52:39.856499-07:00,read,key-2,56.879,0,false,leader-w1r5,1
2026-04-03T20:52:39.85525-07:00,read,key-7,58.180,1,false,leader-w1r5,1
2026-04-03T20:52:39.856557-07:00,read,key-3,56.929,0,false,leader-w1r5,1
2026-04-03T20:52:39.856398-07:00,read,key-8,57.134,1,false,leader-w1r5,1
2026-04-03T20:52:39.855196-07:00,read,key-6,58.867,2,false,leader-w1r5,1
2026-04-03T20:52:39.856438-07:00,read,key-8,57.695,1,false,leader-w1r5,1
2026-04-03T20:52:39.855197-07:00,read,key-6,58.985,2,false,leader-w1r5,1
2026-04-03T20:52:39.903447-07:00,read,key-8,53.862,1,false,leader-w1r5,1
2026-04-03T20:52:39.903594-07:00,read,key-9,54.782,0,false,leader-w1r5,1
2026-04-03T20:52:39.903633-07:00,read,key-2,54.774,0,false,leader-w1r5,1
2026-04-03T20:52:39.906056-07:00,read,key-4,52.547,0,false,leader-w1r5,1
2026-04-03T20:52:39.906711-07:00,read,key-4,52.528,0,false,leader-w1r5,1
2026-04-03T20:52:39.907234-07:00,read,key-0,52.628,0,false,leader-w1r5,1
2026-04-03T20:52:39.90714-07:00,read,key-0,52.751,0,false,leader-w1r5,1
2026-04-03T20:52:39.907453-07:00,read,key-3,52.477,0,false,leader-w1r5,1
2026-04-03T20:52:39.908213-07:00,read,key-4,53.952,0,false,leader-w1r5,1
2026-04-03T20:52:39.908098-07:00,read,key-2,54.548,0,false,leader-w1r5,1
2026-04-03T20:52:39.907421-07:00,read,key-2,55.297,0,false,leader-w1r5,1
2026-04-03T20:52:39.907321-07:00,read,key-7,55.460,1,false,leader-w1r5,1
2026-04-03T20:52:39.913432-07:00,read,key-4,51.996,0,false,leader-w1r5,1
2026-04-03T20:52:39.913379-07:00,read,key-6,52.226,2,false,leader-w1r5,1
2026-04-03T20:52:39.913233-07:00,read,key-1,52.463,0,false,leader-w1r5,1
2026-04-03T20:52:39.913488-07:00,read,key-3,52.211,0,false,leader-w1r5,1
2026-04-03T20:52:39.962719-07:00,write,key-6,3.022,3,false,leader-w1r5,1
2026-04-03T20:52:39.914065-07:00,read,key-2,52.529,0,false,leader-w1r5,1
2026-04-03T20:52:39.913534-07:00,read,key-7,53.097,1,false,leader-w1r5,1
2026-04-03T20:52:39.914134-07:00,read,key-4,52.930,0,false,leader-w1r5,1
2026-04-03T20:52:39.914183-07:00,read,key-3,57.991,0,false,leader-w1r5,1
2026-04-03T20:52:39.957313-07:00,read,key-4,51.988,0,false,leader-w1r5,1
2026-04-03T20:52:39.958604-07:00,read,key-8,51.694,1,false,leader-w1r5,1
2026-04-03T20:52:39.959241-07:00,read,key-3,51.104,0,false,leader-w1r5,1
2026-04-03T20:52:39.959863-07:00,read,key-1,53.335,0,false,leader-w1r5,1
2026-04-03T20:52:39.959931-07:00,read,key-7,53.385,1,false,leader-w1r5,1
2026-04-03T20:52:39.958378-07:00,read,key-2,55.017,0,false,leader-w1r5,1
2026-04-03T20:52:39.958408-07:00,read,key-1,55.065,0,false,leader-w1r5,1
2026-04-03T20:52:39.959892-07:00,read,key-6,53.634,3,false,leader-w1r5,1
2026-04-03T20:52:39.962647-07:00,read,key-9,51.428,0,false,leader-w1r5,1
2026-04-03T20:52:39.962783-07:00,read,key-2,51.325,0,false,leader-w1r5,1
2026-04-03T20:52:39.962167-07:00,read,key-5,55.027,1,false,leader-w1r5,1
2026-04-03T20:52:39.96543-07:00,read,key-2,52.149,0,false,leader-w1r5,1
2026-04-03T20:52:39.965624-07:00,read,key-2,51.986,0,false,leader-w1r5,1
2026-04-03T20:52:39.965698-07:00,read,key-4,54.739,0,false,leader-w1r5,1
2026-04-03T20:52:39.967065-07:00,read,key-5,53.783,1,false,leader-w1r5,1
2026-04-03T20:52:39.966632-07:00,read,key-6,54.262,3,false,leader-w1r5,1
2026-04-03T20:52:39.965743-07:00,read,key-8,55.245,1,false,leader-w1r5,1
2026-04-03T20:52:39.966596-07:00,read,key-0,54.449,0,false,leader-w1r5,1
2026-04-03T20:52:39.9657-07:00,read,key-2,55.419,0,false,leader-w1r5,1
2026-04-03T20:52:39.972176-07:00,read,key-0,54.948,0,false,leader-w1r5,1
2026-04-03T20:52:40.010346-07:00,read,key-1,52.864,0,false,leader-w1r5,1
2026-04-03T20:52:40.009305-07:00,read,key-4,53.948,0,false,leader-w1r5,1
2026-04-03T20:52:40.010301-07:00,read,key-5,56.842,1,false,leader-w1r5,1
2026-04-03T20:52:40.013318-07:00,read,key-0,53.992,0,false,leader-w1r5,1
2026-04-03T20:52:40.0132-07:00,read,key-5,54.364,1,false,leader-w1r5,1
2026-04-03T20:52:40.013396-07:00,read,key-0,54.742,0,false,leader-w1r5,1
2026-04-03T20:52:40.013475-07:00,read,key-8,54.748,1,false,leader-w1r5,1
2026-04-03T20:52:40.013528-07:00,read,key-5,54.762,1,false,leader-w1r5,1
2026-04-03T20:52:40.017197-07:00,read,key-8,51.141,1,false,leader-w1r5,1
2026-04-03T20:52:40.014109-07:00,read,key-5,54.318,1,false,leader-w1r5,1
2026-04-03T20:52:40.014077-07:00,read,key-3,54.929,0,false,leader-w1r5,1
2026-04-03T20:52:40.020851-07:00,read,key-0,51.356,0,false,leader-w1r5,1
2026-04-03T20:52:40.01758-07:00,read,key-0,54.627,0,false,leader-w1r5,1
2026-04-03T20:52:40.020896-07:00,read,key-1,51.369,0,false,leader-w1r5,1
2026-04-03T20:52:40.017612-07:00,read,key-9,54.689,0,false,leader-w1r5,1
2026-04-03T20:52:40.020439-07:00,read,key-8,54.868,1,false,leader-w1r5,1
2026-04-03T20:52:40.021121-07:00,read,key-8,54.209,1,false,leader-w1r5,1
2026-04-03T20:52:40.020989-07:00,read,key-0,54.595,0,false,leader-w1r5,1
2026-04-03T20:52:40.021047-07:00,read,key-9,54.567,0,false,leader-w1r5,1
2026-04-03T20:52:40.027126-07:00,read,key-3,51.409,0,false,leader-w1r5,1
2026-04-03T20:52:40.067146-07:00,read,key-9,55.170,0,false,leader-w1r5,1
2026-04-03T20:52:40.063212-07:00,read,key-3,59.104,0,false,leader-w1r5,1
2026-04-03T20:52:40.068339-07:00,read,key-3,54.034,0,false,leader-w1r5,1
2026-04-03T20:52:40.063255-07:00,read,key-7,59.410,1,false,leader-w1r5,1
2026-04-03T20:52:40.068291-07:00,read,key-4,54.466,0,false,leader-w1r5,1
2026-04-03T20:52:40.069007-07:00,read,key-9,53.805,0,false,leader-w1r5,1
2026-04-03T20:52:40.068429-07:00,read,key-0,54.435,0,false,leader-w1r5,1
2026-04-03T20:52:40.067312-07:00,read,key-5,56.328,1,false,leader-w1r5,1
2026-04-03T20:52:40.068139-07:00,read,key-2,55.569,0,false,leader-w1r5,1
2026-04-03T20:52:40.068225-07:00,read,key-2,55.513,0,false,leader-w1r5,1
2026-04-03T20:52:40.067566-07:00,read,key-6,56.191,3,false,leader-w1r5,1
2026-04-03T20:52:40.072208-07:00,read,key-6,51.689,3,false,leader-w1r5,1
2026-04-03T20:52:40.072208-07:00,read,key-7,51.841,1,false,leader-w1r5,1
2026-04-03T20:52:40.072266-07:00,read,key-5,54.561,1,false,leader-w1r5,1
2026-04-03T20:52:40.075309-07:00,read,key-7,51.543,1,false,leader-w1r5,1
2026-04-03T20:52:40.072302-07:00,read,key-3,54.771,0,false,leader-w1r5,1
2026-04-03T20:52:40.075615-07:00,read,key-9,51.458,0,false,leader-w1r5,1
2026-04-03T20:52:40.127075-07:00,write,key-5,0.499,2,false,leader-w1r5,1
2026-04-03T20:52:40.075332-07:00,read,key-6,54.683,3,false,leader-w1r5,1
2026-04-03T20:52:40.075586-07:00,read,key-4,54.444,0,false,leader-w1r5,1
2026-04-03T20:52:40.078537-07:00,read,key-4,77.629,0,false,leader-w1r5,1
2026-04-03T20:52:40.122667-07:00,read,key-9,54.281,0,false,leader-w1r5,1
2026-04-03T20:52:40.122375-07:00,read,key-1,54.939,0,false,leader-w1r5,1
2026-04-03T20:52:40.124051-07:00,read,key-6,55.738,3,false,leader-w1r5,1
2026-04-03T20:52:40.127074-07:00,read,key-4,52.746,0,false,leader-w1r5,1
2026-04-03T20:52:40.12374-07:00,read,key-0,56.113,0,false,leader-w1r5,1
2026-04-03T20:52:40.122758-07:00,read,key-3,57.123,0,false,leader-w1r5,1
2026-04-03T20:52:40.122318-07:00,read,key-6,57.655,3,false,leader-w1r5,1
2026-04-03T20:52:40.122866-07:00,read,key-2,57.140,0,false,leader-w1r5,1
2026-04-03T20:52:40.126854-07:00,read,key-5,53.160,2,false,leader-w1r5,1
2026-04-03T20:52:40.126829-07:00,read,key-3,53.225,0,false,leader-w1r5,1
2026-04-03T20:52:40.12371-07:00,read,key-6,56.387,3,false,leader-w1r5,1
2026-04-03T20:52:40.123758-07:00,read,key-9,56.344,0,false,leader-w1r5,1
2026-04-03T20:52:40.123899-07:00,read,key-9,56.244,0,false,leader-w1r5,1
2026-04-03T20:52:40.122813-07:00,read,key-9,57.366,0,false,leader-w1r5,1
2026-04-03T20:52:40.123643-07:00,read,key-7,56.548,1,false,leader-w1r5,1
2026-04-03T20:52:40.122318-07:00,read,key-4,57.882,0,false,leader-w1r5,1
2026-04-03T20:52:40.127575-07:00,read,key-1,53.332,0,false,leader-w1r5,1
2026-04-03T20:52:40.130017-07:00,read,key-2,51.680,0,false,leader-w1r5,1
2026-04-03T20:52:40.13003-07:00,read,key-0,54.102,0,false,leader-w1r5,1
2026-04-03T20:52:40.156169-07:00,read,key-7,56.827,1,false,leader-w1r5,1
2026-04-03T20:52:40.180145-07:00,read,key-8,56.053,1,false,leader-w1r5,1
2026-04-03T20:52:40.180099-07:00,read,key-2,56.242,0,false,leader-w1r5,1
2026-04-03T20:52:40.180103-07:00,read,key-5,56.264,2,false,leader-w1r5,1
2026-04-03T20:52:40.180016-07:00,read,key-0,56.390,0,false,leader-w1r5,1
2026-04-03T20:52:40.17695-07:00,read,key-2,59.456,0,false,leader-w1r5,1
2026-04-03T20:52:40.179792-07:00,read,key-4,56.680,0,false,leader-w1r5,1
2026-04-03T20:52:40.177315-07:00,read,key-2,59.213,0,false,leader-w1r5,1
2026-04-03T20:52:40.179882-07:00,read,key-1,56.701,0,false,leader-w1r5,1
2026-04-03T20:52:40.181699-07:00,read,key-7,54.897,1,false,leader-w1r5,1
2026-04-03T20:52:40.179975-07:00,read,key-5,56.665,2,false,leader-w1r5,1
2026-04-03T20:52:40.180202-07:00,read,key-8,56.554,1,false,leader-w1r5,1
2026-04-03T20:52:40.180192-07:00,read,key-2,56.597,0,false,leader-w1r5,1
2026-04-03T20:52:40.179853-07:00,read,key-6,56.948,3,false,leader-w1r5,1
2026-04-03T20:52:40.180909-07:00,read,key-0,55.904,0,false,leader-w1r5,1
2026-04-03T20:52:40.180008-07:00,read,key-1,56.833,0,false,leader-w1r5,1
2026-04-03T20:52:40.180056-07:00,read,key-3,56.794,0,false,leader-w1r5,1
2026-04-03T20:52:40.184134-07:00,read,key-9,52.725,0,false,leader-w1r5,1
2026-04-03T20:52:40.179822-07:00,read,key-1,57.048,0,false,leader-w1r5,1
2026-04-03T20:52:40.18018-07:00,read,key-0,56.707,0,false,leader-w1r5,1
2026-04-03T20:52:40.213001-07:00,read,key-5,58.266,2,false,leader-w1r5,1
2026-04-03T20:52:40.236369-07:00,read,key-6,55.380,3,false,leader-w1r5,1
2026-04-03T20:52:40.236408-07:00,read,key-5,55.438,2,false,leader-w1r5,1
2026-04-03T20:52:40.236871-07:00,read,key-2,55.619,0,false,leader-w1r5,1
2026-04-03T20:52:40.236814-07:00,read,key-3,55.795,0,false,leader-w1r5,1
2026-04-03T20:52:40.2362-07:00,read,key-1,56.505,0,false,leader-w1r5,1
2026-04-03T20:52:40.236757-07:00,read,key-4,55.989,0,false,leader-w1r5,1
2026-04-03T20:52:40.236597-07:00,read,key-6,56.176,3,false,leader-w1r5,1
2026-04-03T20:52:40.236529-07:00,read,key-1,56.284,0,false,leader-w1r5,1
2026-04-03T20:52:40.236889-07:00,read,key-3,55.942,0,false,leader-w1r5,1
2026-04-03T20:52:40.236642-07:00,read,key-5,56.223,2,false,leader-w1r5,1
2026-04-03T20:52:40.236584-07:00,read,key-4,56.424,0,false,leader-w1r5,1
2026-04-03T20:52:40.236473-07:00,read,key-0,56.567,0,false,leader-w1r5,1
2026-04-03T20:52:40.23686-07:00,read,key-7,56.191,1,false,leader-w1r5,1
2026-04-03T20:52:40.236407-07:00,read,key-1,56.653,0,false,leader-w1r5,1
2026-04-03T20:52:40.236842-07:00,read,key-9,56.235,0,false,leader-w1r5,1
2026-04-03T20:52:40.236851-07:00,read,key-9,56.227,0,false,leader-w1r5,1
2026-04-03T20:52:40.23679-07:00,read,key-1,56.304,0,false,leader-w1r5,1
2026-04-03T20:52:40.236803-07:00,read,key-2,56.292,0,false,leader-w1r5,1
2026-04-03T20:52:40.236342-07:00,read,key-0,56.768,0,false,leader-w1r5,1
2026-04-03T20:52:40.292814-07:00,write,key-9,1.009,1,false,leader-w1r5,1
2026-04-03T20:52:40.271272-07:00,read,key-1,52.892,0,false,leader-w1r5,1
2026-04-03T20:52:40.292832-07:00,read,key-3,59.314,0,false,leader-w1r5,1
2026-04-03T20:52:40.29301-07:00,read,key-4,59.208,0,false,leader-w1r5,1
2026-04-03T20:52:40.292747-07:00,read,key-8,59.600,1,false,leader-w1r5,1
2026-04-03T20:52:40.293077-07:00,read,key-5,59.440,2,false,leader-w1r5,1
2026-04-03T20:52:40.29261-07:00,read,key-6,59.979,3,false,leader-w1r5,1
2026-04-03T20:52:40.292491-07:00,read,key-7,60.152,1,false,leader-w1r5,1
2026-04-03T20:52:40.292706-07:00,read,key-8,59.944,1,false,leader-w1r5,1
2026-04-03T20:52:40.292775-07:00,read,key-4,60.505,0,false,leader-w1r5,1
2026-04-03T20:52:40.293111-07:00,read,key-2,60.315,0,false,leader-w1r5,1
2026-04-03T20:52:40.293826-07:00,read,key-0,59.688,0,false,leader-w1r5,1
2026-04-03T20:52:40.291847-07:00,read,key-7,61.766,1,false,leader-w1r5,1
2026-04-03T20:52:40.292866-07:00,read,key-2,60.863,0,false,leader-w1r5,1
2026-04-03T20:52:40.293041-07:00,read,key-1,60.690,0,false,leader-w1r5,1
2026-04-03T20:52:40.29308-07:00,read,key-9,60.712,1,false,leader-w1r5,1
2026-04-03T20:52:40.293061-07:00,read,key-6,60.756,3,false,leader-w1r5,1
2026-04-03T20:52:40.291752-07:00,read,key-2,62.133,0,false,leader-w1r5,1
2026-04-03T20:52:40.293095-07:00,read,key-2,61.380,0,false,leader-w1r5,1
2026-04-03T20:52:40.293096-07:00,read,key-0,61.430,0,false,leader-w1r5,1
2026-04-03T20:52:40.293052-07:00,read,key-0,64.463,0,false,leader-w1r5,1
2026-04-03T20:52:40.324166-07:00,read,key-9,51.269,1,false,leader-w1r5,1
2026-04-03T20:52:40.354528-07:00,read,key-8,63.441,1,false,leader-w1r5,1
2026-04-03T20:52:40.352652-07:00,read,key-7,65.368,1,false,leader-w1r5,1
2026-04-03T20:52:40.35373-07:00,read,key-7,64.336,1,false,leader-w1r5,1
2026-04-03T20:52:40.353515-07:00,read,key-2,64.608,0,false,leader-w1r5,1
2026-04-03T20:52:40.352645-07:00,read,key-9,65.540,1,false,leader-w1r5,1
2026-04-03T20:52:40.353886-07:00,read,key-9,64.379,1,false,leader-w1r5,1
2026-04-03T20:52:40.353794-07:00,read,key-5,64.547,2,false,leader-w1r5,1
2026-04-03T20:52:40.354476-07:00,read,key-2,63.893,0,false,leader-w1r5,1
2026-04-03T20:52:40.35252-07:00,read,key-1,65.872,0,false,leader-w1r5,1
2026-04-03T20:52:40.353615-07:00,read,key-0,64.795,0,false,leader-w1r5,1
2026-04-03T20:52:40.35215-07:00,read,key-4,66.293,0,false,leader-w1r5,1
2026-04-03T20:52:40.353427-07:00,read,key-9,65.034,1,false,leader-w1r5,1
2026-04-03T20:52:40.352351-07:00,read,key-2,66.110,0,false,leader-w1r5,1
2026-04-03T20:52:40.352219-07:00,read,key-4,66.271,0,false,leader-w1r5,1
2026-04-03T20:52:40.353818-07:00,read,key-2,64.692,0,false,leader-w1r5,1
2026-04-03T20:52:40.353281-07:00,read,key-2,65.239,0,false,leader-w1r5,1
2026-04-03T20:52:40.353732-07:00,read,key-4,64.833,0,false,leader-w1r5,1
2026-04-03T20:52:40.357516-07:00,read,key-5,61.054,2,false,leader-w1r5,1
2026-04-03T20:52:40.352591-07:00,read,key-7,66.018,1,false,leader-w1r5,1
2026-04-03T20:52:40.375439-07:00,read,key-7,52.982,1,false,leader-w1r5,1
2026-04-03T20:52:40.418342-07:00,read,key-8,55.243,1,false,leader-w1r5,1
2026-04-03T20:52:40.418512-07:00,read,key-6,55.215,3,false,leader-w1r5,1
2026-04-03T20:52:40.418124-07:00,read,key-8,56.005,1,false,leader-w1r5,1
2026-04-03T20:52:40.417976-07:00,read,key-4,56.221,0,false,leader-w1r5,1
2026-04-03T20:52:40.418393-07:00,read,key-6,55.870,3,false,leader-w1r5,1
2026-04-03T20:52:40.418464-07:00,read,key-8,55.856,1,false,leader-w1r5,1
2026-04-03T20:52:40.418572-07:00,read,key-4,55.817,0,false,leader-w1r5,1
2026-04-03T20:52:40.418267-07:00,read,key-1,56.174,0,false,leader-w1r5,1
2026-04-03T20:52:40.418445-07:00,read,key-9,56.053,1,false,leader-w1r5,1
2026-04-03T20:52:40.418463-07:00,read,key-7,56.191,1,false,leader-w1r5,1
2026-04-03T20:52:40.418611-07:00,read,key-7,56.109,1,false,leader-w1r5,1
2026-04-03T20:52:40.41837-07:00,read,key-0,56.396,0,false,leader-w1r5,1
2026-04-03T20:52:40.418492-07:00,read,key-7,56.298,1,false,leader-w1r5,1
2026-04-03T20:52:40.418566-07:00,read,key-0,56.241,0,false,leader-w1r5,1
2026-04-03T20:52:40.418522-07:00,read,key-3,56.302,0,false,leader-w1r5,1
2026-04-03T20:52:40.418023-07:00,read,key-1,56.912,0,false,leader-w1r5,1
2026-04-03T20:52:40.418068-07:00,read,key-3,56.894,0,false,leader-w1r5,1
2026-04-03T20:52:40.418186-07:00,read,key-9,56.818,1,false,leader-w1r5,1
2026-04-03T20:52:40.418411-07:00,read,key-2,56.686,0,false,leader-w1r5,1
2026-04-03T20:52:40.428426-07:00,read,key-7,55.799,1,false,leader-w1r5,1
2026-04-03T20:52:40.473588-07:00,read,key-5,56.112,2,false,leader-w1r5,1
2026-04-03T20:52:40.474131-07:00,read,key-3,55.696,0,false,leader-w1r5,1
2026-04-03T20:52:40.474937-07:00,read,key-3,54.892,0,false,leader-w1r5,1
2026-04-03T20:52:40.47439-07:00,read,key-7,55.520,1,false,leader-w1r5,1
2026-04-03T20:52:40.474722-07:00,read,key-8,55.247,1,false,leader-w1r5,1
2026-04-03T20:52:40.474809-07:00,read,key-1,55.220,0,false,leader-w1r5,1
2026-04-03T20:52:40.474199-07:00,read,key-7,55.871,1,false,leader-w1r5,1
2026-04-03T20:52:40.474264-07:00,read,key-6,55.815,3,false,leader-w1r5,1
2026-04-03T20:52:40.473728-07:00,read,key-9,56.409,1,false,leader-w1r5,1
2026-04-03T20:52:40.474964-07:00,read,key-5,55.614,2,false,leader-w1r5,1
2026-04-03T20:52:40.474825-07:00,read,key-9,55.834,1,false,leader-w1r5,1
2026-04-03T20:52:40.474655-07:00,read,key-9,56.086,1,false,leader-w1r5,1
2026-04-03T20:52:40.475098-07:00,read,key-0,55.984,0,false,leader-w1r5,1
2026-04-03T20:52:40.474442-07:00,read,key-8,56.647,1,false,leader-w1r5,1
2026-04-03T20:52:40.474499-07:00,read,key-8,56.622,1,false,leader-w1r5,1
2026-04-03T20:52:40.474791-07:00,read,key-5,56.357,2,false,leader-w1r5,1
2026-04-03T20:52:40.475006-07:00,read,key-9,56.159,1,false,leader-w1r5,1
2026-04-03T20:52:40.474321-07:00,read,key-2,56.892,0,false,leader-w1r5,1
2026-04-03T20:52:40.474767-07:00,read,key-6,56.752,3,false,leader-w1r5,1
2026-04-03T20:52:40.484228-07:00,read,key-4,52.087,0,false,leader-w1r5,1
2026-04-03T20:52:40.529704-07:00,read,key-8,55.632,1,false,leader-w1r5,1
2026-04-03T20:52:40.530081-07:00,read,key-3,55.280,0,false,leader-w1r5,1
2026-04-03T20:52:40.52997-07:00,read,key-7,56.154,1,false,leader-w1r5,1
2026-04-03T20:52:40.529912-07:00,read,key-5,56.269,2,false,leader-w1r5,1
2026-04-03T20:52:40.531083-07:00,read,key-8,55.050,1,false,leader-w1r5,1
2026-04-03T20:52:40.531166-07:00,read,key-0,55.070,0,false,leader-w1r5,1
2026-04-03T20:52:40.530743-07:00,read,key-6,55.563,3,false,leader-w1r5,1
2026-04-03T20:52:40.530071-07:00,read,key-1,56.286,0,false,leader-w1r5,1
2026-04-03T20:52:40.53003-07:00,read,key-7,56.332,1,false,leader-w1r5,1
2026-04-03T20:52:40.531214-07:00,read,key-9,55.219,1,false,leader-w1r5,1
2026-04-03T20:52:40.531521-07:00,read,key-7,55.005,1,false,leader-w1r5,1
2026-04-03T20:52:40.53109-07:00,read,key-8,55.482,1,false,leader-w1r5,1
2026-04-03T20:52:40.529828-07:00,read,key-7,56.771,1,false,leader-w1r5,1
2026-04-03T20:52:40.531149-07:00,read,key-6,55.465,3,false,leader-w1r5,1
2026-04-03T20:52:40.530138-07:00,read,key-5,56.508,2,false,leader-w1r5,1
2026-04-03T20:52:40.52983-07:00,read,key-2,56.831,0,false,leader-w1r5,1
2026-04-03T20:52:40.530659-07:00,read,key-3,56.035,0,false,leader-w1r5,1
2026-04-03T20:52:40.531123-07:00,read,key-0,55.590,0,false,leader-w1r5,1
2026-04-03T20:52:40.53058-07:00,read,key-7,56.163,1,false,leader-w1r5,1
2026-04-03T20:52:40.536317-07:00,read,key-1,52.180,0,false,leader-w1r5,1
2026-04-03T20:52:40.586363-07:00,read,key-4,55.900,0,false,leader-w1r5,1
2026-04-03T20:52:40.586696-07:00,read,key-3,55.568,0,false,leader-w1r5,1
2026-04-03T20:52:40.58619-07:00,read,key-3,56.163,0,false,leader-w1r5,1
2026-04-03T20:52:40.586151-07:00,read,key-2,56.262,0,false,leader-w1r5,1
2026-04-03T20:52:40.586573-07:00,read,key-8,55.917,1,false,leader-w1r5,1
2026-04-03T20:52:40.586237-07:00,read,key-2,56.322,0,false,leader-w1r5,1
2026-04-03T20:52:40.586435-07:00,read,key-9,56.144,1,false,leader-w1r5,1
2026-04-03T20:52:40.586358-07:00,read,key-6,56.293,3,false,leader-w1r5,1
2026-04-03T20:52:40.585362-07:00,read,key-7,57.341,1,false,leader-w1r5,1
2026-04-03T20:52:40.586308-07:00,read,key-2,56.415,0,false,leader-w1r5,1
2026-04-03T20:52:40.585341-07:00,read,key-0,57.388,0,false,leader-w1r5,1
2026-04-03T20:52:40.586744-07:00,read,key-1,56.005,0,false,leader-w1r5,1
2026-04-03T20:52:40.586616-07:00,read,key-2,56.136,0,false,leader-w1r5,1
2026-04-03T20:52:40.586527-07:00,read,key-6,56.425,3,false,leader-w1r5,1
2026-04-03T20:52:40.586183-07:00,read,key-7,57.180,1,false,leader-w1r5,1
2026-04-03T20:52:40.586662-07:00,read,key-4,56.796,0,false,leader-w1r5,1
2026-04-03T20:52:40.586714-07:00,read,key-1,56.783,0,false,leader-w1r5,1
2026-04-03T20:52:40.586601-07:00,read,key-9,57.392,1,false,leader-w1r5,1
2026-04-03T20:52:40.586647-07:00,read,key-6,57.580,3,false,leader-w1r5,1
2026-04-03T20:52:40.588499-07:00,read,key-4,55.761,0,false,leader-w1r5,1
2026-04-03T20:52:40.642724-07:00,read,key-7,58.584,1,false,leader-w1r5,1
2026-04-03T20:52:40.642653-07:00,read,key-3,58.680,0,false,leader-w1r5,1
2026-04-03T20:52:40.644261-07:00,read,key-7,57.122,1,false,leader-w1r5,1
2026-04-03T20:52:40.64275-07:00,read,key-9,58.647,1,false,leader-w1r5,1
2026-04-03T20:52:40.642266-07:00,read,key-4,59.256,0,false,leader-w1r5,1
2026-04-03T20:52:40.642581-07:00,read,key-5,59.009,2,false,leader-w1r5,1
2026-04-03T20:52:40.642492-07:00,read,key-5,59.104,2,false,leader-w1r5,1
2026-04-03T20:52:40.642732-07:00,read,key-7,58.913,1,false,leader-w1r5,1
2026-04-03T20:52:40.643365-07:00,read,key-3,58.336,0,false,leader-w1r5,1
2026-04-03T20:52:40.64256-07:00,read,key-4,59.180,0,false,leader-w1r5,1
2026-04-03T20:52:40.642705-07:00,read,key-2,59.045,0,false,leader-w1r5,1
2026-04-03T20:52:40.642266-07:00,read,key-5,59.535,2,false,leader-w1r5,1
2026-04-03T20:52:40.642414-07:00,read,key-2,59.389,0,false,leader-w1r5,1
2026-04-03T20:52:40.643498-07:00,read,key-2,58.337,0,false,leader-w1r5,1
2026-04-03T20:52:40.642753-07:00,read,key-6,59.101,3,false,leader-w1r5,1
2026-04-03T20:52:40.643994-07:00,read,key-1,57.878,0,false,leader-w1r5,1
2026-04-03T20:52:40.644229-07:00,read,key-7,57.744,1,false,leader-w1r5,1
2026-04-03T20:52:40.642953-07:00,read,key-8,59.532,1,false,leader-w1r5,1
2026-04-03T20:52:40.642354-07:00,read,key-1,60.187,0,false,leader-w1r5,1
2026-04-03T20:52:40.643459-07:00,read,key-7,59.149,1,false,leader-w1r5,1
2026-04-03T20:52:40.701524-07:00,read,key-4,57.451,0,false,leader-w1r5,1
2026-04-03T20:52:40.701804-07:00,read,key-2,57.189,0,false,leader-w1r5,1
2026-04-03T20:52:40.701856-07:00,read,key-3,57.187,0,false,leader-w1r5,1
2026-04-03T20:52:40.701646-07:00,read,key-6,57.504,3,false,leader-w1r5,1
2026-04-03T20:52:40.701399-07:00,read,key-5,57.804,2,false,leader-w1r5,1
2026-04-03T20:52:40.701874-07:00,read,key-9,57.361,1,false,leader-w1r5,1
2026-04-03T20:52:40.701836-07:00,read,key-6,57.423,3,false,leader-w1r5,1
2026-04-03T20:52:40.702487-07:00,read,key-7,56.827,1,false,leader-w1r5,1
2026-04-03T20:52:40.701311-07:00,read,key-1,58.027,0,false,leader-w1r5,1
2026-04-03T20:52:40.701974-07:00,read,key-6,57.385,3,false,leader-w1r5,1
2026-04-03T20:52:40.702609-07:00,read,key-7,56.877,1,false,leader-w1r5,1
2026-04-03T20:52:40.701592-07:00,read,key-0,57.896,0,false,leader-w1r5,1
2026-04-03T20:52:40.701598-07:00,read,key-3,57.911,0,false,leader-w1r5,1
2026-04-03T20:52:40.701384-07:00,read,key-9,58.131,1,false,leader-w1r5,1
2026-04-03T20:52:40.701742-07:00,read,key-8,57.788,1,false,leader-w1r5,1
2026-04-03T20:52:40.701702-07:00,read,key-7,57.848,1,false,leader-w1r5,1
2026-04-03T20:52:40.701805-07:00,read,key-9,57.751,1,false,leader-w1r5,1
2026-04-03T20:52:40.701335-07:00,read,key-4,58.240,0,false,leader-w1r5,1
2026-04-03T20:52:40.701752-07:00,read,key-3,57.841,0,false,leader-w1r5,1
2026-04-03T20:52:40.702543-07:00,read,key-6,74.964,3,false,leader-w1r5,1
2026-04-03T20:52:40.759153-07:00,read,key-1,55.719,0,false,leader-w1r5,1
2026-04-03T20:52:40.758994-07:00,read,key-7,55.898,1,false,leader-w1r5,1
2026-04-03T20:52:40.759045-07:00,read,key-9,55.921,1,false,leader-w1r5,1
2026-04-03T20:52:40.759204-07:00,read,key-2,55.771,0,false,leader-w1r5,1
2026-04-03T20:52:40.759261-07:00,read,key-7,56.021,1,false,leader-w1r5,1
2026-04-03T20:52:40.759517-07:00,read,key-4,56.081,0,false,leader-w1r5,1
2026-04-03T20:52:40.758977-07:00,read,key-7,56.637,1,false,leader-w1r5,1
2026-04-03T20:52:40.759531-07:00,read,key-6,56.125,3,false,leader-w1r5,1
2026-04-03T20:52:40.75936-07:00,read,key-6,56.372,3,false,leader-w1r5,1
2026-04-03T20:52:40.759558-07:00,read,key-9,56.211,1,false,leader-w1r5,1
2026-04-03T20:52:40.759237-07:00,read,key-6,56.547,3,false,leader-w1r5,1
2026-04-03T20:52:40.75934-07:00,read,key-6,56.478,3,false,leader-w1r5,1
2026-04-03T20:52:40.759487-07:00,read,key-7,56.621,1,false,leader-w1r5,1
2026-04-03T20:52:40.759593-07:00,read,key-3,56.582,0,false,leader-w1r5,1
2026-04-03T20:52:40.75951-07:00,read,key-0,56.725,0,false,leader-w1r5,1
2026-04-03T20:52:40.759551-07:00,read,key-4,56.739,0,false,leader-w1r5,1
2026-04-03T20:52:40.759489-07:00,read,key-4,56.863,0,false,leader-w1r5,1
2026-04-03T20:52:40.759315-07:00,read,key-7,57.090,1,false,leader-w1r5,1
2026-04-03T20:52:40.759575-07:00,read,key-5,57.290,2,false,leader-w1r5,1
2026-04-03T20:52:40.77751-07:00,read,key-9,52.770,1,false,leader-w1r5,1
2026-04-03T20:52:40.815658-07:00,read,key-0,54.843,0,false,leader-w1r5,1
2026-04-03T20:52:40.816354-07:00,read,key-6,54.296,3,false,leader-w1r5,1
2026-04-03T20:52:40.814968-07:00,read,key-5,55.725,2,false,leader-w1r5,1
2026-04-03T20:52:40.81577-07:00,read,key-6,55.182,3,false,leader-w1r5,1
2026-04-03T20:52:40.814976-07:00,read,key-6,56.049,3,false,leader-w1r5,1
2026-04-03T20:52:40.81611-07:00,read,key-9,54.979,1,false,leader-w1r5,1
2026-04-03T20:52:40.815733-07:00,read,key-9,55.408,1,false,leader-w1r5,1
2026-04-03T20:52:40.81582-07:00,read,key-9,55.396,1,false,leader-w1r5,1
2026-04-03T20:52:40.815617-07:00,read,key-7,55.667,1,false,leader-w1r5,1
2026-04-03T20:52:40.814874-07:00,read,key-5,56.411,2,false,leader-w1r5,1
2026-04-03T20:52:40.815785-07:00,read,key-8,55.548,1,false,leader-w1r5,1
2026-04-03T20:52:40.816236-07:00,read,key-6,55.122,3,false,leader-w1r5,1
2026-04-03T20:52:40.816291-07:00,read,key-3,55.176,0,false,leader-w1r5,1
2026-04-03T20:52:40.815599-07:00,read,key-9,55.887,1,false,leader-w1r5,1
2026-04-03T20:52:40.815284-07:00,read,key-2,56.205,0,false,leader-w1r5,1
2026-04-03T20:52:40.816867-07:00,read,key-7,54.645,1,false,leader-w1r5,1
2026-04-03T20:52:40.816177-07:00,read,key-5,55.350,2,false,leader-w1r5,1
2026-04-03T20:52:40.814894-07:00,read,key-7,56.648,1,false,leader-w1r5,1
2026-04-03T20:52:40.816409-07:00,read,key-8,55.140,1,false,leader-w1r5,1
2026-04-03T20:52:40.830284-07:00,read,key-6,51.930,3,false,leader-w1r5,1
2026-04-03T20:52:40.871142-07:00,read,key-8,54.996,1,false,leader-w1r5,1
2026-04-03T20:52:40.871217-07:00,read,key-2,54.940,0,false,leader-w1r5,1
2026-04-03T20:52:40.871488-07:00,read,key-5,54.755,2,false,leader-w1r5,1
2026-04-03T20:52:40.87149-07:00,read,key-5,54.813,2,false,leader-w1r5,1
2026-04-03T20:52:40.871026-07:00,read,key-2,55.286,0,false,leader-w1r5,1
2026-04-03T20:52:40.871544-07:00,read,key-9,54.820,1,false,leader-w1r5,1
2026-04-03T20:52:40.871359-07:00,read,key-7,55.070,1,false,leader-w1r5,1
2026-04-03T20:52:40.870954-07:00,read,key-5,55.500,2,false,leader-w1r5,1
2026-04-03T20:52:40.871286-07:00,read,key-9,55.220,1,false,leader-w1r5,1
2026-04-03T20:52:40.870504-07:00,read,key-8,56.052,1,false,leader-w1r5,1
2026-04-03T20:52:40.870695-07:00,read,key-7,55.894,1,false,leader-w1r5,1
2026-04-03T20:52:40.871514-07:00,read,key-9,55.116,1,false,leader-w1r5,1
2026-04-03T20:52:40.871334-07:00,read,key-6,55.302,3,false,leader-w1r5,1
2026-04-03T20:52:40.870652-07:00,read,key-1,56.010,0,false,leader-w1r5,1
2026-04-03T20:52:40.87155-07:00,read,key-0,55.166,0,false,leader-w1r5,1
2026-04-03T20:52:40.871528-07:00,read,key-1,55.189,0,false,leader-w1r5,1
2026-04-03T20:52:40.871091-07:00,read,key-4,55.647,0,false,leader-w1r5,1
2026-04-03T20:52:40.871467-07:00,read,key-1,55.275,0,false,leader-w1r5,1
2026-04-03T20:52:40.871288-07:00,read,key-3,55.479,0,false,leader-w1r5,1
2026-04-03T20:52:40.882218-07:00,read,key-1,52.880,0,false,leader-w1r5,1
2026-04-03T20:52:40.926591-07:00,read,key-8,57.641,1,false,leader-w1r5,1
2026-04-03T20:52:40.926141-07:00,read,key-2,58.104,0,false,leader-w1r5,1
2026-04-03T20:52:40.926768-07:00,read,key-8,57.572,1,false,leader-w1r5,1
2026-04-03T20:52:40.926366-07:00,read,key-5,58.053,2,false,leader-w1r5,1
2026-04-03T20:52:40.92663-07:00,read,key-8,57.846,1,false,leader-w1r5,1
2026-04-03T20:52:40.926663-07:00,read,key-8,57.821,1,false,leader-w1r5,1
2026-04-03T20:52:40.926638-07:00,read,key-1,57.910,0,false,leader-w1r5,1
2026-04-03T20:52:40.926507-07:00,read,key-7,58.097,1,false,leader-w1r5,1
2026-04-03T20:52:40.92643-07:00,read,key-7,58.180,1,false,leader-w1r5,1
2026-04-03T20:52:40.92674-07:00,read,key-8,57.924,1,false,leader-w1r5,1
2026-04-03T20:52:40.926558-07:00,read,key-0,58.178,0,false,leader-w1r5,1
2026-04-03T20:52:40.926716-07:00,read,key-4,58.052,0,false,leader-w1r5,1
2026-04-03T20:52:40.926456-07:00,read,key-2,58.335,0,false,leader-w1r5,1
2026-04-03T20:52:40.926304-07:00,read,key-9,58.491,1,false,leader-w1r5,1
2026-04-03T20:52:40.926245-07:00,read,key-0,58.570,0,false,leader-w1r5,1
2026-04-03T20:52:40.926718-07:00,read,key-1,58.101,0,false,leader-w1r5,1
2026-04-03T20:52:40.926314-07:00,read,key-3,58.520,0,false,leader-w1r5,1
2026-04-03T20:52:40.926159-07:00,read,key-3,58.681,0,false,leader-w1r5,1
2026-04-03T20:52:40.926744-07:00,read,key-5,67.434,2,false,leader-w1r5,1
2026-04-03T20:52:40.935101-07:00,read,key-9,59.140,1,false,leader-w1r5,1
2026-04-03T20:52:40.984605-07:00,read,key-5,56.509,2,false,leader-w1r5,1
2026-04-03T20:52:40.984792-07:00,read,key-8,56.382,1,false,leader-w1r5,1
2026-04-03T20:52:40.984235-07:00,read,key-0,57.007,0,false,leader-w1r5,1
2026-04-03T20:52:40.984797-07:00,read,key-6,56.528,3,false,leader-w1r5,1
2026-04-03T20:52:40.984549-07:00,read,key-0,56.783,0,false,leader-w1r5,1
2026-04-03T20:52:40.984486-07:00,read,key-4,56.929,0,false,leader-w1r5,1
2026-04-03T20:52:40.984665-07:00,read,key-7,56.814,1,false,leader-w1r5,1
2026-04-03T20:52:40.984478-07:00,read,key-1,57.092,0,false,leader-w1r5,1
2026-04-03T20:52:40.98442-07:00,read,key-2,57.184,0,false,leader-w1r5,1
2026-04-03T20:52:40.984816-07:00,read,key-0,56.799,0,false,leader-w1r5,1
2026-04-03T20:52:40.984247-07:00,read,key-4,57.412,0,false,leader-w1r5,1
2026-04-03T20:52:40.984835-07:00,read,key-4,56.906,0,false,leader-w1r5,1
2026-04-03T20:52:40.984841-07:00,read,key-4,56.903,0,false,leader-w1r5,1
2026-04-03T20:52:40.984341-07:00,read,key-1,57.429,0,false,leader-w1r5,1
2026-04-03T20:52:40.98482-07:00,read,key-2,57.003,0,false,leader-w1r5,1
2026-04-03T20:52:40.984737-07:00,read,key-4,57.116,0,false,leader-w1r5,1
2026-04-03T20:52:40.984611-07:00,read,key-9,58.718,1,false,leader-w1r5,1
2026-04-03T20:52:40.984769-07:00,read,key-5,58.586,2,false,leader-w1r5,1
2026-04-03T20:52:40.994243-07:00,read,key-0,52.721,0,false,leader-w1r5,1
2026-04-03T20:52:40.994181-07:00,read,key-5,53.894,2,false,leader-w1r5,1
2026-04-03T20:52:41.04148-07:00,read,key-7,59.165,1,false,leader-w1r5,1
2026-04-03T20:52:41.041121-07:00,read,key-7,59.521,1,false,leader-w1r5,1
2026-04-03T20:52:41.041616-07:00,read,key-5,59.556,2,false,leader-w1r5,1
2026-04-03T20:52:41.041326-07:00,read,key-6,59.863,3,false,leader-w1r5,1
2026-04-03T20:52:41.046971-07:00,read,key-4,54.452,0,false,leader-w1r5,1
2026-04-03T20:52:41.041742-07:00,read,key-2,59.718,0,false,leader-w1r5,1
2026-04-03T20:52:41.041824-07:00,read,key-7,59.643,1,false,leader-w1r5,1
2026-04-03T20:52:41.041607-07:00,read,key-1,59.924,0,false,leader-w1r5,1
2026-04-03T20:52:41.041745-07:00,read,key-4,59.841,0,false,leader-w1r5,1
2026-04-03T20:52:41.041855-07:00,read,key-6,59.749,3,false,leader-w1r5,1
2026-04-03T20:52:41.041416-07:00,read,key-8,60.232,1,false,leader-w1r5,1
2026-04-03T20:52:41.043333-07:00,read,key-7,58.370,1,false,leader-w1r5,1
2026-04-03T20:52:41.041661-07:00,read,key-1,60.152,0,false,leader-w1r5,1
2026-04-03T20:52:41.041176-07:00,read,key-3,60.660,0,false,leader-w1r5,1
2026-04-03T20:52:41.041245-07:00,read,key-1,60.600,0,false,leader-w1r5,1
2026-04-03T20:52:41.041334-07:00,read,key-4,60.527,0,false,leader-w1r5,1
2026-04-03T20:52:41.043357-07:00,read,key-8,58.525,1,false,leader-w1r5,1
2026-04-03T20:52:41.041771-07:00,read,key-1,60.293,0,false,leader-w1r5,1
2026-04-03T20:52:41.041571-07:00,read,key-7,60.702,1,false,leader-w1r5,1
2026-04-03T20:52:41.048078-07:00,read,key-9,54.288,1,false,leader-w1r5,1
2026-04-03T20:52:41.10165-07:00,read,key-2,58.931,0,false,leader-w1r5,1
2026-04-03T20:52:41.101848-07:00,read,key-8,58.910,1,false,leader-w1r5,1
2026-04-03T20:52:41.101533-07:00,read,key-3,59.477,0,false,leader-w1r5,1
2026-04-03T20:52:41.101462-07:00,read,key-0,59.600,0,false,leader-w1r5,1
2026-04-03T20:52:41.101606-07:00,read,key-1,59.549,0,false,leader-w1r5,1
2026-04-03T20:52:41.101191-07:00,read,key-9,60.036,1,false,leader-w1r5,1
2026-04-03T20:52:41.102369-07:00,read,key-5,58.911,2,false,leader-w1r5,1
2026-04-03T20:52:41.100652-07:00,read,key-8,60.629,1,false,leader-w1r5,1
2026-04-03T20:52:41.101469-07:00,read,key-3,59.885,0,false,leader-w1r5,1
2026-04-03T20:52:41.100813-07:00,read,key-3,60.587,0,false,leader-w1r5,1
2026-04-03T20:52:41.101175-07:00,read,key-5,60.340,2,false,leader-w1r5,1
2026-04-03T20:52:41.101884-07:00,read,key-5,59.820,2,false,leader-w1r5,1
2026-04-03T20:52:41.101705-07:00,read,key-0,60.049,0,false,leader-w1r5,1
2026-04-03T20:52:41.101814-07:00,read,key-0,59.973,0,false,leader-w1r5,1
2026-04-03T20:52:41.102066-07:00,read,key-2,59.750,0,false,leader-w1r5,1
2026-04-03T20:52:41.101425-07:00,read,key-0,60.399,0,false,leader-w1r5,1
2026-04-03T20:52:41.101838-07:00,read,key-6,59.995,3,false,leader-w1r5,1
2026-04-03T20:52:41.101588-07:00,read,key-4,60.278,0,false,leader-w1r5,1
2026-04-03T20:52:41.102275-07:00,read,key-2,59.634,0,false,leader-w1r5,1
2026-04-03T20:52:41.101862-07:00,read,key-6,60.097,3,false,leader-w1r5,1
2026-04-03T20:52:41.161356-07:00,read,key-6,55.381,3,false,leader-w1r5,1
2026-04-03T20:52:41.160586-07:00,read,key-4,56.189,0,false,leader-w1r5,1
2026-04-03T20:52:41.161517-07:00,read,key-7,55.390,1,false,leader-w1r5,1
2026-04-03T20:52:41.16123-07:00,read,key-3,55.821,0,false,leader-w1r5,1
2026-04-03T20:52:41.161012-07:00,read,key-8,56.099,1,false,leader-w1r5,1
2026-04-03T20:52:41.160762-07:00,read,key-7,56.366,1,false,leader-w1r5,1
2026-04-03T20:52:41.161063-07:00,read,key-5,56.131,2,false,leader-w1r5,1
2026-04-03T20:52:41.161282-07:00,read,key-2,55.958,0,false,leader-w1r5,1
2026-04-03T20:52:41.161826-07:00,read,key-9,55.655,1,false,leader-w1r5,1
2026-04-03T20:52:41.161867-07:00,read,key-1,55.650,0,false,leader-w1r5,1
2026-04-03T20:52:41.161706-07:00,read,key-4,55.837,0,false,leader-w1r5,1
2026-04-03T20:52:41.161402-07:00,read,key-4,56.170,0,false,leader-w1r5,1
2026-04-03T20:52:41.161818-07:00,read,key-3,57.511,0,false,leader-w1r5,1
2026-04-03T20:52:41.16196-07:00,read,key-5,57.399,2,false,leader-w1r5,1
2026-04-03T20:52:41.161835-07:00,read,key-3,57.629,0,false,leader-w1r5,1
2026-04-03T20:52:41.161157-07:00,read,key-2,58.346,0,false,leader-w1r5,1
2026-04-03T20:52:41.161756-07:00,read,key-9,57.820,1,false,leader-w1r5,1
2026-04-03T20:52:41.16191-07:00,read,key-3,57.672,0,false,leader-w1r5,1
2026-04-03T20:52:41.161284-07:00,read,key-4,58.372,0,false,leader-w1r5,1
2026-04-03T20:52:41.161789-07:00,read,key-5,59.129,2,false,leader-w1r5,1
2026-04-03T20:52:41.217196-07:00,read,key-4,57.879,0,false,leader-w1r5,1
2026-04-03T20:52:41.21678-07:00,read,key-1,58.306,0,false,leader-w1r5,1
2026-04-03T20:52:41.219332-07:00,read,key-5,55.895,2,false,leader-w1r5,1
2026-04-03T20:52:41.217242-07:00,read,key-7,58.028,1,false,leader-w1r5,1
2026-04-03T20:52:41.219658-07:00,read,key-5,55.722,2,false,leader-w1r5,1
2026-04-03T20:52:41.217544-07:00,read,key-7,57.923,1,false,leader-w1r5,1
2026-04-03T20:52:41.216909-07:00,read,key-0,58.652,0,false,leader-w1r5,1
2026-04-03T20:52:41.216744-07:00,read,key-5,59.008,2,false,leader-w1r5,1
2026-04-03T20:52:41.219578-07:00,read,key-8,56.236,1,false,leader-w1r5,1
2026-04-03T20:52:41.217484-07:00,read,key-9,58.358,1,false,leader-w1r5,1
2026-04-03T20:52:41.219362-07:00,read,key-2,56.573,0,false,leader-w1r5,1
2026-04-03T20:52:41.217519-07:00,read,key-3,58.451,0,false,leader-w1r5,1
2026-04-03T20:52:41.217131-07:00,read,key-1,58.898,0,false,leader-w1r5,1
2026-04-03T20:52:41.219583-07:00,read,key-4,56.494,0,false,leader-w1r5,1
2026-04-03T20:52:41.219466-07:00,read,key-2,56.630,0,false,leader-w1r5,1
2026-04-03T20:52:41.219505-07:00,read,key-4,56.621,0,false,leader-w1r5,1
2026-04-03T20:52:41.217053-07:00,read,key-2,59.075,0,false,leader-w1r5,1
2026-04-03T20:52:41.217573-07:00,read,key-1,58.566,0,false,leader-w1r5,1
2026-04-03T20:52:41.217113-07:00,read,key-8,59.060,1,false,leader-w1r5,1
2026-04-03T20:52:41.220921-07:00,read,key-0,55.529,0,false,leader-w1r5,1
2026-04-03T20:52:41.275382-07:00,read,key-0,57.259,0,false,leader-w1r5,1
2026-04-03T20:52:41.275972-07:00,read,key-8,56.691,1,false,leader-w1r5,1
2026-04-03T20:52:41.276128-07:00,read,key-8,56.596,1,false,leader-w1r5,1
2026-04-03T20:52:41.276129-07:00,read,key-8,56.702,1,false,leader-w1r5,1
2026-04-03T20:52:41.276141-07:00,read,key-3,56.822,0,false,leader-w1r5,1
2026-04-03T20:52:41.275081-07:00,read,key-7,57.890,1,false,leader-w1r5,1
2026-04-03T20:52:41.276175-07:00,read,key-0,56.876,0,false,leader-w1r5,1
2026-04-03T20:52:41.275757-07:00,read,key-4,57.312,0,false,leader-w1r5,1
2026-04-03T20:52:41.275088-07:00,read,key-2,58.025,0,false,leader-w1r5,1
2026-04-03T20:52:41.275233-07:00,read,key-9,57.965,1,false,leader-w1r5,1
2026-04-03T20:52:41.27603-07:00,read,key-5,57.207,2,false,leader-w1r5,1
2026-04-03T20:52:41.275272-07:00,read,key-8,58.001,1,false,leader-w1r5,1
2026-04-03T20:52:41.27608-07:00,read,key-1,57.220,0,false,leader-w1r5,1
2026-04-03T20:52:41.276098-07:00,read,key-0,57.231,0,false,leader-w1r5,1
2026-04-03T20:52:41.275937-07:00,read,key-3,57.432,0,false,leader-w1r5,1
2026-04-03T20:52:41.275816-07:00,read,key-2,58.357,0,false,leader-w1r5,1
2026-04-03T20:52:41.27547-07:00,read,key-5,58.775,2,false,leader-w1r5,1
2026-04-03T20:52:41.275846-07:00,read,key-4,58.534,0,false,leader-w1r5,1
2026-04-03T20:52:41.276452-07:00,read,key-9,57.993,1,false,leader-w1r5,1
2026-04-03T20:52:41.275563-07:00,read,key-6,58.924,3,false,leader-w1r5,1
2026-04-03T20:52:41.332726-07:00,read,key-2,58.765,0,false,leader-w1r5,1
2026-04-03T20:52:41.333201-07:00,read,key-6,58.325,3,false,leader-w1r5,1
2026-04-03T20:52:41.332965-07:00,read,key-1,58.641,0,false,leader-w1r5,1
2026-04-03T20:52:41.334382-07:00,read,key-8,57.303,1,false,leader-w1r5,1
2026-04-03T20:52:41.333275-07:00,read,key-6,58.574,3,false,leader-w1r5,1
2026-04-03T20:52:41.333371-07:00,read,key-5,58.640,2,false,leader-w1r5,1
2026-04-03T20:52:41.332646-07:00,read,key-6,59.394,3,false,leader-w1r5,1
2026-04-03T20:52:41.333115-07:00,read,key-4,58.989,0,false,leader-w1r5,1
2026-04-03T20:52:41.332834-07:00,read,key-5,59.322,2,false,leader-w1r5,1
2026-04-03T20:52:41.33449-07:00,read,key-8,57.672,1,false,leader-w1r5,1
2026-04-03T20:52:41.333053-07:00,read,key-8,59.172,1,false,leader-w1r5,1
2026-04-03T20:52:41.333239-07:00,read,key-2,58.991,0,false,leader-w1r5,1
2026-04-03T20:52:41.334248-07:00,read,key-0,58.019,0,false,leader-w1r5,1
2026-04-03T20:52:41.334175-07:00,read,key-8,58.096,1,false,leader-w1r5,1
2026-04-03T20:52:41.332975-07:00,read,key-7,59.788,1,false,leader-w1r5,1
2026-04-03T20:52:41.332668-07:00,read,key-8,60.159,1,false,leader-w1r5,1
2026-04-03T20:52:41.333331-07:00,read,key-7,59.580,1,false,leader-w1r5,1
2026-04-03T20:52:41.333071-07:00,read,key-7,59.929,1,false,leader-w1r5,1
2026-04-03T20:52:41.333302-07:00,read,key-0,59.796,0,false,leader-w1r5,1
2026-04-03T20:52:41.334447-07:00,read,key-1,58.722,0,false,leader-w1r5,1
2026-04-03T20:52:41.392046-07:00,write,key-7,6.641,2,false,leader-w1r5,1
2026-04-03T20:52:41.391686-07:00,read,key-8,55.905,1,false,leader-w1r5,1
2026-04-03T20:52:41.391608-07:00,read,key-3,56.129,0,false,leader-w1r5,1
2026-04-03T20:52:41.392231-07:00,read,key-9,55.739,1,false,leader-w1r5,1
2026-04-03T20:52:41.392158-07:00,read,key-9,55.901,1,false,leader-w1r5,1
2026-04-03T20:52:41.392273-07:00,read,key-3,55.859,0,false,leader-w1r5,1
2026-04-03T20:52:41.392227-07:00,read,key-9,55.955,1,false,leader-w1r5,1
2026-04-03T20:52:41.391851-07:00,read,key-1,56.406,0,false,leader-w1r5,1
2026-04-03T20:52:41.391531-07:00,read,key-8,56.761,1,false,leader-w1r5,1
2026-04-03T20:52:41.393002-07:00,read,key-5,56.281,2,false,leader-w1r5,1
2026-04-03T20:52:41.392164-07:00,read,key-1,57.213,0,false,leader-w1r5,1
2026-04-03T20:52:41.392765-07:00,read,key-3,57.437,0,false,leader-w1r5,1
2026-04-03T20:52:41.392014-07:00,read,key-5,58.253,2,false,leader-w1r5,1
2026-04-03T20:52:41.391497-07:00,read,key-6,58.874,3,false,leader-w1r5,1
2026-04-03T20:52:41.392268-07:00,read,key-6,58.148,3,false,leader-w1r5,1
2026-04-03T20:52:41.393171-07:00,read,key-0,57.311,0,false,leader-w1r5,1
2026-04-03T20:52:41.393099-07:00,read,key-1,57.431,0,false,leader-w1r5,1
2026-04-03T20:52:41.398688-07:00,read,key-5,51.890,2,false,leader-w1r5,1
2026-04-03T20:52:41.392912-07:00,read,key-9,57.714,1,false,leader-w1r5,1
2026-04-03T20:52:41.392106-07:00,read,key-4,58.567,0,false,leader-w1r5,1
2026-04-03T20:52:41.392829-07:00,read,key-8,59.153,1,false,leader-w1r5,1
2026-04-03T20:52:41.447595-07:00,read,key-1,56.379,0,false,leader-w1r5,1
2026-04-03T20:52:41.450418-07:00,read,key-3,53.573,0,false,leader-w1r5,1
2026-04-03T20:52:41.448258-07:00,read,key-8,55.778,1,false,leader-w1r5,1
2026-04-03T20:52:41.448293-07:00,read,key-2,55.750,0,false,leader-w1r5,1
2026-04-03T20:52:41.449379-07:00,read,key-3,54.677,0,false,leader-w1r5,1
2026-04-03T20:52:41.449286-07:00,read,key-7,54.775,2,false,leader-w1r5,1
2026-04-03T20:52:41.450674-07:00,read,key-2,53.401,0,false,leader-w1r5,1
2026-04-03T20:52:41.450376-07:00,read,key-0,53.720,0,false,leader-w1r5,1
2026-04-03T20:52:41.450531-07:00,read,key-5,53.635,2,false,leader-w1r5,1
2026-04-03T20:52:41.447739-07:00,read,key-0,56.500,0,false,leader-w1r5,1
2026-04-03T20:52:41.448184-07:00,read,key-3,56.060,0,false,leader-w1r5,1
2026-04-03T20:52:41.448133-07:00,read,key-3,56.112,0,false,leader-w1r5,1
2026-04-03T20:52:41.451983-07:00,read,key-4,52.278,0,false,leader-w1r5,1
2026-04-03T20:52:41.448062-07:00,read,key-4,56.207,0,false,leader-w1r5,1
2026-04-03T20:52:41.447972-07:00,read,key-2,56.300,0,false,leader-w1r5,1
2026-04-03T20:52:41.450204-07:00,read,key-5,54.262,2,false,leader-w1r5,1
2026-04-03T20:52:41.450581-07:00,read,key-3,53.890,0,false,leader-w1r5,1
2026-04-03T20:52:41.450629-07:00,read,key-3,53.853,0,false,leader-w1r5,1
2026-04-03T20:52:41.45027-07:00,read,key-9,55.040,1,false,leader-w1r5,1
2026-04-03T20:52:41.450484-07:00,read,key-4,55.042,0,false,leader-w1r5,1
2026-04-03T20:52:41.504168-07:00,read,key-7,55.289,2,false,leader-w1r5,1
2026-04-03T20:52:41.504062-07:00,read,key-9,55.629,1,false,leader-w1r5,1
2026-04-03T20:52:41.504058-07:00,read,key-1,55.667,0,false,leader-w1r5,1
2026-04-03T20:52:41.504262-07:00,read,key-1,55.532,0,false,leader-w1r5,1
2026-04-03T20:52:41.503976-07:00,read,key-9,55.886,1,false,leader-w1r5,1
2026-04-03T20:52:41.504467-07:00,read,key-3,55.608,0,false,leader-w1r5,1
2026-04-03T20:52:41.504061-07:00,read,key-8,56.032,1,false,leader-w1r5,1
2026-04-03T20:52:41.505528-07:00,read,key-7,54.578,2,false,leader-w1r5,1
2026-04-03T20:52:41.504077-07:00,read,key-4,56.039,0,false,leader-w1r5,1
2026-04-03T20:52:41.504471-07:00,read,key-9,55.656,1,false,leader-w1r5,1
2026-04-03T20:52:41.504038-07:00,read,key-8,56.102,1,false,leader-w1r5,1
2026-04-03T20:52:41.505311-07:00,read,key-2,54.842,0,false,leader-w1r5,1
2026-04-03T20:52:41.504245-07:00,read,key-9,55.917,1,false,leader-w1r5,1
2026-04-03T20:52:41.504097-07:00,read,key-8,56.066,1,false,leader-w1r5,1
2026-04-03T20:52:41.504273-07:00,read,key-5,55.898,2,false,leader-w1r5,1
2026-04-03T20:52:41.503992-07:00,read,key-2,56.202,0,false,leader-w1r5,1
2026-04-03T20:52:41.50427-07:00,read,key-6,55.929,3,false,leader-w1r5,1
2026-04-03T20:52:41.504241-07:00,read,key-8,55.970,1,false,leader-w1r5,1
2026-04-03T20:52:41.504247-07:00,read,key-1,55.977,0,false,leader-w1r5,1
2026-04-03T20:52:41.504482-07:00,read,key-0,55.860,0,false,leader-w1r5,1
2026-04-03T20:52:41.560195-07:00,read,key-5,52.429,2,false,leader-w1r5,1
2026-04-03T20:52:41.560141-07:00,read,key-0,52.540,0,false,leader-w1r5,1
2026-04-03T20:52:41.559725-07:00,read,key-9,52.998,1,false,leader-w1r5,1
2026-04-03T20:52:41.560226-07:00,read,key-6,52.550,3,false,leader-w1r5,1
2026-04-03T20:52:41.560343-07:00,read,key-0,52.517,0,false,leader-w1r5,1
2026-04-03T20:52:41.559459-07:00,read,key-8,53.445,1,false,leader-w1r5,1
2026-04-03T20:52:41.560107-07:00,read,key-1,52.823,0,false,leader-w1r5,1
2026-04-03T20:52:41.559692-07:00,read,key-4,53.269,0,false,leader-w1r5,1
2026-04-03T20:52:41.560076-07:00,read,key-6,52.914,3,false,leader-w1r5,1
2026-04-03T20:52:41.559795-07:00,read,key-9,53.339,1,false,leader-w1r5,1
2026-04-03T20:52:41.560172-07:00,read,key-0,53.134,0,false,leader-w1r5,1
2026-04-03T20:52:41.5602-07:00,read,key-7,55.087,2,false,leader-w1r5,1
2026-04-03T20:52:41.560129-07:00,read,key-5,55.419,2,false,leader-w1r5,1
2026-04-03T20:52:41.560163-07:00,read,key-3,55.391,0,false,leader-w1r5,1
2026-04-03T20:52:41.560214-07:00,read,key-5,55.388,2,false,leader-w1r5,1
2026-04-03T20:52:41.560154-07:00,read,key-4,55.492,0,false,leader-w1r5,1
2026-04-03T20:52:41.560095-07:00,read,key-0,55.603,0,false,leader-w1r5,1
2026-04-03T20:52:41.559864-07:00,read,key-8,55.834,1,false,leader-w1r5,1
2026-04-03T20:52:41.560164-07:00,read,key-2,55.563,0,false,leader-w1r5,1
2026-04-03T20:52:41.560118-07:00,read,key-9,61.964,1,false,leader-w1r5,1
2026-04-03T20:52:41.612906-07:00,read,key-4,56.079,0,false,leader-w1r5,1
2026-04-03T20:52:41.612627-07:00,read,key-0,56.371,0,false,leader-w1r5,1
2026-04-03T20:52:41.612725-07:00,read,key-1,56.315,0,false,leader-w1r5,1
2026-04-03T20:52:41.615289-07:00,read,key-5,53.805,2,false,leader-w1r5,1
2026-04-03T20:52:41.612777-07:00,read,key-6,56.364,3,false,leader-w1r5,1
2026-04-03T20:52:41.612931-07:00,read,key-6,56.269,3,false,leader-w1r5,1
2026-04-03T20:52:41.615699-07:00,read,key-5,53.540,2,false,leader-w1r5,1
2026-04-03T20:52:41.615699-07:00,read,key-0,53.559,0,false,leader-w1r5,1
2026-04-03T20:52:41.612682-07:00,read,key-6,56.639,3,false,leader-w1r5,1
2026-04-03T20:52:41.615604-07:00,read,key-5,53.932,2,false,leader-w1r5,1
2026-04-03T20:52:41.61555-07:00,read,key-7,54.046,2,false,leader-w1r5,1
2026-04-03T20:52:41.615556-07:00,read,key-0,54.112,0,false,leader-w1r5,1
2026-04-03T20:52:41.612861-07:00,read,key-2,56.877,0,false,leader-w1r5,1
2026-04-03T20:52:41.612962-07:00,read,key-2,57.086,0,false,leader-w1r5,1
2026-04-03T20:52:41.613135-07:00,read,key-3,56.939,0,false,leader-w1r5,1
2026-04-03T20:52:41.612992-07:00,read,key-4,57.130,0,false,leader-w1r5,1
2026-04-03T20:52:41.613307-07:00,read,key-4,56.848,0,false,leader-w1r5,1
2026-04-03T20:52:41.615728-07:00,read,key-8,54.398,1,false,leader-w1r5,1
2026-04-03T20:52:41.615647-07:00,read,key-4,54.554,0,false,leader-w1r5,1
2026-04-03T20:52:41.67005-07:00,write,key-4,3.396,1,false,leader-w1r5,1
2026-04-03T20:52:41.622084-07:00,read,key-2,61.974,0,false,leader-w1r5,1
2026-04-03T20:52:41.669202-07:00,read,key-9,56.980,1,false,leader-w1r5,1
2026-04-03T20:52:41.669042-07:00,read,key-8,57.153,1,false,leader-w1r5,1
2026-04-03T20:52:41.669537-07:00,read,key-7,56.686,2,false,leader-w1r5,1
2026-04-03T20:52:41.669597-07:00,read,key-9,56.631,1,false,leader-w1r5,1
2026-04-03T20:52:41.669096-07:00,read,key-6,57.150,3,false,leader-w1r5,1
2026-04-03T20:52:41.669669-07:00,read,key-8,56.605,1,false,leader-w1r5,1
2026-04-03T20:52:41.669739-07:00,read,key-9,56.533,1,false,leader-w1r5,1
2026-04-03T20:52:41.670156-07:00,read,key-6,56.122,3,false,leader-w1r5,1
2026-04-03T20:52:41.669142-07:00,read,key-9,57.152,1,false,leader-w1r5,1
2026-04-03T20:52:41.669241-07:00,read,key-8,57.066,1,false,leader-w1r5,1
2026-04-03T20:52:41.669323-07:00,read,key-0,56.985,0,false,leader-w1r5,1
2026-04-03T20:52:41.669-07:00,read,key-9,57.308,1,false,leader-w1r5,1
2026-04-03T20:52:41.670203-07:00,read,key-0,56.118,0,false,leader-w1r5,1
2026-04-03T20:52:41.668987-07:00,read,key-0,57.348,0,false,leader-w1r5,1
2026-04-03T20:52:41.669258-07:00,read,key-8,57.082,1,false,leader-w1r5,1
2026-04-03T20:52:41.670187-07:00,read,key-6,56.207,3,false,leader-w1r5,1
2026-04-03T20:52:41.670076-07:00,read,key-3,56.389,0,false,leader-w1r5,1
2026-04-03T20:52:41.670157-07:00,read,key-9,56.310,1,false,leader-w1r5,1
2026-04-03T20:52:41.673448-07:00,read,key-4,64.815,1,false,leader-w1r5,1
2026-04-03T20:52:41.684061-07:00,read,key-8,55.061,1,false,leader-w1r5,1
2026-04-03T20:52:41.72631-07:00,read,key-8,57.648,1,false,leader-w1r5,1
2026-04-03T20:52:41.726336-07:00,read,key-0,57.637,0,false,leader-w1r5,1
2026-04-03T20:52:41.72628-07:00,read,key-8,57.841,1,false,leader-w1r5,1
2026-04-03T20:52:41.726342-07:00,read,key-6,57.833,3,false,leader-w1r5,1
2026-04-03T20:52:41.726295-07:00,read,key-7,57.932,2,false,leader-w1r5,1
2026-04-03T20:52:41.726184-07:00,read,key-7,58.068,2,false,leader-w1r5,1
2026-04-03T20:52:41.726308-07:00,read,key-3,57.980,0,false,leader-w1r5,1
2026-04-03T20:52:41.726197-07:00,read,key-0,58.117,0,false,leader-w1r5,1
2026-04-03T20:52:41.726248-07:00,read,key-1,58.080,0,false,leader-w1r5,1
2026-04-03T20:52:41.726275-07:00,read,key-6,58.094,3,false,leader-w1r5,1
2026-04-03T20:52:41.726225-07:00,read,key-4,58.272,1,false,leader-w1r5,1
2026-04-03T20:52:41.726274-07:00,read,key-8,58.231,1,false,leader-w1r5,1
2026-04-03T20:52:41.726466-07:00,read,key-8,58.131,1,false,leader-w1r5,1
2026-04-03T20:52:41.726309-07:00,read,key-8,58.328,1,false,leader-w1r5,1
2026-04-03T20:52:41.726229-07:00,read,key-4,58.453,1,false,leader-w1r5,1
2026-04-03T20:52:41.726468-07:00,read,key-9,58.261,1,false,leader-w1r5,1
2026-04-03T20:52:41.726396-07:00,read,key-2,58.360,0,false,leader-w1r5,1
2026-04-03T20:52:41.726322-07:00,read,key-0,58.479,0,false,leader-w1r5,1
2026-04-03T20:52:41.738266-07:00,read,key-5,52.949,2,false,leader-w1r5,1
2026-04-03T20:52:41.739123-07:00,read,key-0,52.186,0,false,leader-w1r5,1
2026-04-03T20:52:41.784731-07:00,read,key-5,61.449,2,false,leader-w1r5,1
2026-04-03T20:52:41.783975-07:00,read,key-4,63.193,1,false,leader-w1r5,1
2026-04-03T20:52:41.784254-07:00,read,key-1,62.997,0,false,leader-w1r5,1
2026-04-03T20:52:41.784683-07:00,read,key-5,62.586,2,false,leader-w1r5,1
2026-04-03T20:52:41.783961-07:00,read,key-6,63.369,3,false,leader-w1r5,1
2026-04-03T20:52:41.784598-07:00,read,key-7,63.372,2,false,leader-w1r5,1
2026-04-03T20:52:41.784756-07:00,read,key-4,64.140,1,false,leader-w1r5,1
2026-04-03T20:52:41.784123-07:00,read,key-5,64.919,2,false,leader-w1r5,1
2026-04-03T20:52:41.784289-07:00,read,key-2,64.917,0,false,leader-w1r5,1
2026-04-03T20:52:41.784803-07:00,read,key-5,64.446,2,false,leader-w1r5,1
2026-04-03T20:52:41.784315-07:00,read,key-9,65.007,1,false,leader-w1r5,1
2026-04-03T20:52:41.791311-07:00,read,key-8,58.054,1,false,leader-w1r5,1
2026-04-03T20:52:41.784328-07:00,read,key-3,65.145,0,false,leader-w1r5,1
2026-04-03T20:52:41.784498-07:00,read,key-1,65.006,0,false,leader-w1r5,1
2026-04-03T20:52:41.784638-07:00,read,key-5,64.951,2,false,leader-w1r5,1
2026-04-03T20:52:41.784372-07:00,read,key-2,65.234,0,false,leader-w1r5,1
2026-04-03T20:52:41.791219-07:00,read,key-5,58.403,2,false,leader-w1r5,1
2026-04-03T20:52:41.784229-07:00,read,key-9,65.426,1,false,leader-w1r5,1
2026-04-03T20:52:41.784176-07:00,read,key-7,65.483,2,false,leader-w1r5,1
2026-04-03T20:52:41.784507-07:00,read,key-1,65.349,0,false,leader-w1r5,1
2026-04-03T20:52:41.847971-07:00,read,key-4,57.116,1,false,leader-w1r5,1
2026-04-03T20:52:41.849323-07:00,read,key-6,55.764,3,false,leader-w1r5,1
2026-04-03T20:52:41.849207-07:00,read,key-3,55.897,0,false,leader-w1r5,1
2026-04-03T20:52:41.847332-07:00,read,key-5,57.773,2,false,leader-w1r5,1
2026-04-03T20:52:41.847273-07:00,read,key-7,57.853,2,false,leader-w1r5,1
2026-04-03T20:52:41.847252-07:00,read,key-5,57.881,2,false,leader-w1r5,1
2026-04-03T20:52:41.846182-07:00,read,key-7,65.210,2,false,leader-w1r5,1
2026-04-03T20:52:41.849475-07:00,read,key-1,62.783,0,false,leader-w1r5,1
2026-04-03T20:52:41.849858-07:00,read,key-2,62.727,0,false,leader-w1r5,1
2026-04-03T20:52:41.847169-07:00,read,key-8,65.525,1,false,leader-w1r5,1
2026-04-03T20:52:41.848897-07:00,read,key-0,64.365,0,false,leader-w1r5,1
2026-04-03T20:52:41.84959-07:00,read,key-9,64.044,1,false,leader-w1r5,1
2026-04-03T20:52:41.84925-07:00,read,key-0,64.481,0,false,leader-w1r5,1
2026-04-03T20:52:41.849606-07:00,read,key-3,64.167,0,false,leader-w1r5,1
2026-04-03T20:52:41.849623-07:00,read,key-8,64.532,1,false,leader-w1r5,1
2026-04-03T20:52:41.849366-07:00,read,key-4,65.979,1,false,leader-w1r5,1
2026-04-03T20:52:41.849661-07:00,read,key-9,65.718,1,false,leader-w1r5,1
2026-04-03T20:52:41.849505-07:00,read,key-6,65.940,3,false,leader-w1r5,1
2026-04-03T20:52:41.849043-07:00,read,key-1,66.406,0,false,leader-w1r5,1
2026-04-03T20:52:41.849656-07:00,read,key-1,67.441,0,false,leader-w1r5,1
2026-04-03T20:52:41.905106-07:00,read,key-1,52.342,0,false,leader-w1r5,1
2026-04-03T20:52:41.905089-07:00,read,key-0,52.360,0,false,leader-w1r5,1
2026-04-03T20:52:41.905128-07:00,read,key-5,52.820,2,false,leader-w1r5,1
2026-04-03T20:52:41.905089-07:00,read,key-3,55.153,0,false,leader-w1r5,1
2026-04-03T20:52:41.905134-07:00,read,key-0,55.136,0,false,leader-w1r5,1
2026-04-03T20:52:41.905105-07:00,read,key-3,55.306,0,false,leader-w1r5,1
2026-04-03T20:52:41.911395-07:00,read,key-1,52.015,0,false,leader-w1r5,1
2026-04-03T20:52:41.912697-07:00,read,key-7,51.836,2,false,leader-w1r5,1
2026-04-03T20:52:41.912585-07:00,read,key-8,52.653,1,false,leader-w1r5,1
2026-04-03T20:52:41.914158-07:00,read,key-6,51.081,3,false,leader-w1r5,1
2026-04-03T20:52:41.912258-07:00,read,key-4,53.000,1,false,leader-w1r5,1
2026-04-03T20:52:41.913264-07:00,read,key-6,52.744,3,false,leader-w1r5,1
2026-04-03T20:52:41.915346-07:00,read,key-5,52.669,2,false,leader-w1r5,1
2026-04-03T20:52:41.913775-07:00,read,key-9,54.531,1,false,leader-w1r5,1
2026-04-03T20:52:41.915381-07:00,read,key-8,52.955,1,false,leader-w1r5,1
2026-04-03T20:52:41.917098-07:00,read,key-7,51.384,2,false,leader-w1r5,1
2026-04-03T20:52:41.913635-07:00,read,key-6,55.757,3,false,leader-w1r5,1
2026-04-03T20:52:41.913733-07:00,read,key-8,55.665,1,false,leader-w1r5,1
2026-04-03T20:52:41.91545-07:00,read,key-1,54.005,0,false,leader-w1r5,1
2026-04-03T20:52:41.915447-07:00,read,key-1,54.569,0,false,leader-w1r5,1
2026-04-03T20:52:41.957451-07:00,read,key-5,52.718,2,false,leader-w1r5,1
2026-04-03T20:52:41.95795-07:00,read,key-6,52.515,3,false,leader-w1r5,1
2026-04-03T20:52:41.960243-07:00,read,key-8,51.818,1,false,leader-w1r5,1
2026-04-03T20:52:41.957451-07:00,read,key-9,54.668,1,false,leader-w1r5,1
2026-04-03T20:52:41.960271-07:00,read,key-8,52.348,1,false,leader-w1r5,1
2026-04-03T20:52:41.960413-07:00,read,key-8,55.666,1,false,leader-w1r5,1
2026-04-03T20:52:41.964535-07:00,read,key-4,51.565,1,false,leader-w1r5,1
2026-04-03T20:52:41.96524-07:00,read,key-6,51.449,3,false,leader-w1r5,1
2026-04-03T20:52:41.96524-07:00,read,key-1,51.470,0,false,leader-w1r5,1
2026-04-03T20:52:41.96526-07:00,read,key-1,52.913,0,false,leader-w1r5,1
2026-04-03T20:52:41.963412-07:00,read,key-2,55.516,0,false,leader-w1r5,1
2026-04-03T20:52:41.966009-07:00,read,key-4,54.036,1,false,leader-w1r5,1
2026-04-03T20:52:41.968307-07:00,read,key-8,51.757,1,false,leader-w1r5,1
2026-04-03T20:52:41.968337-07:00,read,key-3,51.805,0,false,leader-w1r5,1
2026-04-03T20:52:41.968018-07:00,read,key-7,52.130,2,false,leader-w1r5,1
2026-04-03T20:52:41.9694-07:00,read,key-5,50.801,2,false,leader-w1r5,1
2026-04-03T20:52:42.020047-07:00,write,key-9,0.316,2,false,leader-w1r5,1
2026-04-03T20:52:41.970018-07:00,read,key-8,52.157,1,false,leader-w1r5,1
2026-04-03T20:52:41.969394-07:00,read,key-8,53.347,1,false,leader-w1r5,1
2026-04-03T20:52:41.968483-07:00,read,key-7,54.315,2,false,leader-w1r5,1
2026-04-03T20:52:41.969456-07:00,read,key-3,53.423,0,false,leader-w1r5,1
2026-04-03T20:52:42.012621-07:00,read,key-2,54.156,0,false,leader-w1r5,1
2026-04-03T20:52:42.010466-07:00,read,key-3,56.311,0,false,leader-w1r5,1
2026-04-03T20:52:42.010174-07:00,read,key-9,56.682,1,true,leader-w1r5,1
2026-04-03T20:52:42.012122-07:00,read,key-3,54.817,0,false,leader-w1r5,1
2026-04-03T20:52:42.012064-07:00,read,key-6,55.409,3,false,leader-w1r5,1
2026-04-03T20:52:42.01608-07:00,read,key-9,51.488,2,false,leader-w1r5,1
2026-04-03T20:52:42.016102-07:00,read,key-7,51.478,2,false,leader-w1r5,1
2026-04-03T20:52:42.020143-07:00,read,key-4,51.010,1,false,leader-w1r5,1
2026-04-03T20:52:42.020066-07:00,read,key-0,51.143,0,false,leader-w1r5,1
2026-04-03T20:52:42.016712-07:00,read,key-8,54.532,1,false,leader-w1r5,1
2026-04-03T20:52:42.016691-07:00,read,key-7,54.618,2,false,leader-w1r5,1
2026-04-03T20:52:42.018174-07:00,read,key-0,53.191,0,false,leader-w1r5,1
2026-04-03T20:52:42.020202-07:00,read,key-6,51.228,3,false,leader-w1r5,1
2026-04-03T20:52:42.01893-07:00,read,key-7,52.591,2,false,leader-w1r5,1
2026-04-03T20:52:42.020365-07:00,read,key-3,51.607,0,false,leader-w1r5,1
2026-04-03T20:52:42.022177-07:00,read,key-6,51.888,3,false,leader-w1r5,1
2026-04-03T20:52:42.020149-07:00,read,key-4,54.034,1,false,leader-w1r5,1
2026-04-03T20:52:42.022743-07:00,read,key-4,51.548,1,false,leader-w1r5,1
2026-04-03T20:52:42.02288-07:00,read,key-2,51.587,0,false,leader-w1r5,1
2026-04-03T20:52:42.0228-07:00,read,key-0,54.001,0,false,leader-w1r5,1
2026-04-03T20:52:42.067475-07:00,read,key-7,53.976,2,false,leader-w1r5,1
2026-04-03T20:52:42.06694-07:00,read,key-8,54.520,1,false,leader-w1r5,1
2026-04-03T20:52:42.066859-07:00,read,key-6,54.648,3,false,leader-w1r5,1
2026-04-03T20:52:42.071366-07:00,read,key-6,51.880,3,false,leader-w1r5,1
2026-04-03T20:52:42.071522-07:00,read,key-2,51.743,0,false,leader-w1r5,1
2026-04-03T20:52:42.067581-07:00,read,key-6,55.773,3,false,leader-w1r5,1
2026-04-03T20:52:42.071155-07:00,read,key-8,52.221,1,false,leader-w1r5,1
2026-04-03T20:52:42.066779-07:00,read,key-8,56.681,1,false,leader-w1r5,1
2026-04-03T20:52:42.066779-07:00,read,key-8,56.730,1,false,leader-w1r5,1
2026-04-03T20:52:42.071245-07:00,read,key-0,52.318,0,false,leader-w1r5,1
2026-04-03T20:52:42.06757-07:00,read,key-5,55.997,2,false,leader-w1r5,1
2026-04-03T20:52:42.074068-07:00,read,key-1,53.399,0,false,leader-w1r5,1
2026-04-03T20:52:42.074185-07:00,read,key-1,53.284,0,false,leader-w1r5,1
2026-04-03T20:52:42.07131-07:00,read,key-0,56.766,0,false,leader-w1r5,1
2026-04-03T20:52:42.076803-07:00,read,key-4,51.372,1,false,leader-w1r5,1
2026-04-03T20:52:42.071432-07:00,read,key-4,56.744,1,false,leader-w1r5,1
2026-04-03T20:52:42.071973-07:00,read,key-2,56.325,0,false,leader-w1r5,1
2026-04-03T20:52:42.074468-07:00,read,key-2,54.778,0,false,leader-w1r5,1
2026-04-03T20:52:42.071211-07:00,read,key-9,58.093,2,false,leader-w1r5,1
2026-04-03T20:52:42.074292-07:00,read,key-3,55.065,0,false,leader-w1r5,1
2026-04-03T20:52:42.121462-07:00,read,key-5,58.544,2,false,leader-w1r5,1
2026-04-03T20:52:42.123355-07:00,read,key-2,56.669,0,false,leader-w1r5,1
2026-04-03T20:52:42.123249-07:00,read,key-3,56.857,0,false,leader-w1r5,1
2026-04-03T20:52:42.123511-07:00,read,key-0,56.596,0,false,leader-w1r5,1
2026-04-03T20:52:42.121509-07:00,read,key-8,58.678,1,false,leader-w1r5,1
2026-04-03T20:52:42.123379-07:00,read,key-6,56.860,3,false,leader-w1r5,1
2026-04-03T20:52:42.123266-07:00,read,key-1,57.031,0,false,leader-w1r5,1
2026-04-03T20:52:42.123568-07:00,read,key-1,56.754,0,false,leader-w1r5,1
2026-04-03T20:52:42.123462-07:00,read,key-3,57.013,0,false,leader-w1r5,1
2026-04-03T20:52:42.121454-07:00,read,key-0,59.063,0,false,leader-w1r5,1
2026-04-03T20:52:42.128178-07:00,read,key-0,52.361,0,false,leader-w1r5,1
2026-04-03T20:52:42.127469-07:00,read,key-3,53.100,0,false,leader-w1r5,1
2026-04-03T20:52:42.12747-07:00,read,key-0,53.123,0,false,leader-w1r5,1
2026-04-03T20:52:42.128178-07:00,read,key-7,52.458,2,false,leader-w1r5,1
2026-04-03T20:52:42.128077-07:00,read,key-3,52.702,0,false,leader-w1r5,1
2026-04-03T20:52:42.123564-07:00,read,key-5,57.274,2,false,leader-w1r5,1
2026-04-03T20:52:42.129248-07:00,read,key-1,52.796,0,false,leader-w1r5,1
2026-04-03T20:52:42.129359-07:00,read,key-7,52.713,2,false,leader-w1r5,1
2026-04-03T20:52:42.129305-07:00,read,key-4,52.800,1,false,leader-w1r5,1
2026-04-03T20:52:42.1283-07:00,read,key-2,53.845,0,false,leader-w1r5,1
2026-04-03T20:52:42.180239-07:00,write,key-4,3.628,2,false,leader-w1r5,1
2026-04-03T20:52:42.180519-07:00,read,key-9,58.699,2,false,leader-w1r5,1
2026-04-03T20:52:42.180323-07:00,read,key-1,59.523,0,false,leader-w1r5,1
2026-04-03T20:52:42.180026-07:00,read,key-7,59.957,2,false,leader-w1r5,1
2026-04-03T20:52:42.180108-07:00,read,key-1,59.958,0,false,leader-w1r5,1
2026-04-03T20:52:42.18054-07:00,read,key-4,59.587,2,false,leader-w1r5,1
2026-04-03T20:52:42.182107-07:00,read,key-2,58.125,0,false,leader-w1r5,1
2026-04-03T20:52:42.180299-07:00,read,key-5,60.073,2,false,leader-w1r5,1
2026-04-03T20:52:42.180107-07:00,read,key-6,60.362,3,false,leader-w1r5,1
2026-04-03T20:52:42.180781-07:00,read,key-7,59.738,2,false,leader-w1r5,1
2026-04-03T20:52:42.183869-07:00,read,key-6,56.665,3,false,leader-w1r5,1
2026-04-03T20:52:42.182074-07:00,read,key-4,58.546,2,false,leader-w1r5,1
2026-04-03T20:52:42.180188-07:00,read,key-9,60.441,2,false,leader-w1r5,1
2026-04-03T20:52:42.182046-07:00,read,key-1,58.608,0,false,leader-w1r5,1
2026-04-03T20:52:42.18057-07:00,read,key-3,60.119,0,false,leader-w1r5,1
2026-04-03T20:52:42.182146-07:00,read,key-5,58.543,2,false,leader-w1r5,1
2026-04-03T20:52:42.180637-07:00,read,key-1,60.080,0,false,leader-w1r5,1
2026-04-03T20:52:42.180476-07:00,read,key-8,60.274,1,false,leader-w1r5,1
2026-04-03T20:52:42.180595-07:00,read,key-3,60.161,0,false,leader-w1r5,1
2026-04-03T20:52:42.180009-07:00,read,key-3,60.773,0,false,leader-w1r5,1
2026-04-03T20:52:42.180839-07:00,read,key-9,59.962,2,false,leader-w1r5,1
2026-04-03T20:52:42.240622-07:00,write,key-6,1.803,4,false,leader-w1r5,1
2026-04-03T20:52:42.24069-07:00,write,key-0,1.934,1,false,leader-w1r5,1
2026-04-03T20:52:42.240234-07:00,read,key-7,54.297,2,false,leader-w1r5,1
2026-04-03T20:52:42.239223-07:00,read,key-2,55.431,0,false,leader-w1r5,1
2026-04-03T20:52:42.240655-07:00,read,key-9,54.040,2,false,leader-w1r5,1
2026-04-03T20:52:42.240718-07:00,read,key-0,54.004,1,false,leader-w1r5,1
2026-04-03T20:52:42.239848-07:00,read,key-2,54.906,0,false,leader-w1r5,1
2026-04-03T20:52:42.24063-07:00,read,key-1,54.188,0,false,leader-w1r5,1
2026-04-03T20:52:42.240128-07:00,read,key-5,54.692,2,false,leader-w1r5,1
2026-04-03T20:52:42.239984-07:00,read,key-5,54.884,2,false,leader-w1r5,1
2026-04-03T20:52:42.240802-07:00,read,key-4,55.014,2,false,leader-w1r5,1
2026-04-03T20:52:42.240752-07:00,read,key-1,55.332,0,false,leader-w1r5,1
2026-04-03T20:52:42.240689-07:00,read,key-5,55.518,2,false,leader-w1r5,1
2026-04-03T20:52:42.240757-07:00,read,key-7,55.532,2,false,leader-w1r5,1
2026-04-03T20:52:42.242428-07:00,read,key-3,54.116,0,false,leader-w1r5,1
2026-04-03T20:52:42.240784-07:00,read,key-9,57.530,2,false,leader-w1r5,1
2026-04-03T20:52:42.240521-07:00,read,key-0,57.961,1,false,leader-w1r5,1
2026-04-03T20:52:42.240471-07:00,read,key-5,58.054,2,false,leader-w1r5,1
2026-04-03T20:52:42.240374-07:00,read,key-0,58.260,1,false,leader-w1r5,1
2026-04-03T20:52:42.242626-07:00,read,key-1,56.043,0,false,leader-w1r5,1
2026-04-03T20:52:42.240536-07:00,read,key-1,58.160,0,false,leader-w1r5,1
2026-04-03T20:52:42.240068-07:00,read,key-4,58.648,2,false,leader-w1r5,1
2026-04-03T20:52:42.298635-07:00,read,key-9,53.441,2,false,leader-w1r5,1
2026-04-03T20:52:42.294822-07:00,read,key-5,57.706,2,false,leader-w1r5,1
2026-04-03T20:52:42.298717-07:00,read,key-9,53.936,2,false,leader-w1r5,1
2026-04-03T20:52:42.29487-07:00,read,key-5,57.814,2,false,leader-w1r5,1
2026-04-03T20:52:42.29629-07:00,read,key-5,56.432,2,false,leader-w1r5,1
2026-04-03T20:52:42.298527-07:00,read,key-7,54.268,2,false,leader-w1r5,1
2026-04-03T20:52:42.29621-07:00,read,key-6,56.586,4,false,leader-w1r5,1
2026-04-03T20:52:42.294756-07:00,read,key-3,58.125,0,false,leader-w1r5,1
2026-04-03T20:52:42.296546-07:00,read,key-2,56.481,0,false,leader-w1r5,1
2026-04-03T20:52:42.294819-07:00,read,key-2,58.208,0,false,leader-w1r5,1
2026-04-03T20:52:42.294723-07:00,read,key-9,58.320,2,false,leader-w1r5,1
2026-04-03T20:52:42.294657-07:00,read,key-1,58.406,0,false,leader-w1r5,1
2026-04-03T20:52:42.294696-07:00,read,key-2,58.375,0,false,leader-w1r5,1
2026-04-03T20:52:42.296086-07:00,read,key-5,57.118,2,false,leader-w1r5,1
2026-04-03T20:52:42.298697-07:00,read,key-7,54.525,2,false,leader-w1r5,1
2026-04-03T20:52:42.294535-07:00,read,key-9,58.760,2,false,leader-w1r5,1
2026-04-03T20:52:42.295819-07:00,read,key-2,57.485,0,false,leader-w1r5,1
2026-04-03T20:52:42.298484-07:00,read,key-3,55.062,0,false,leader-w1r5,1
2026-04-03T20:52:42.298317-07:00,read,key-7,55.242,2,false,leader-w1r5,1
2026-04-03T20:52:42.298671-07:00,read,key-9,54.940,2,false,leader-w1r5,1
2026-04-03T20:52:42.35253-07:00,read,key-7,60.972,2,false,leader-w1r5,1
2026-04-03T20:52:42.353613-07:00,read,key-3,59.976,0,false,leader-w1r5,1
2026-04-03T20:52:42.353205-07:00,read,key-4,60.497,2,false,leader-w1r5,1
2026-04-03T20:52:42.353224-07:00,read,key-7,60.741,2,false,leader-w1r5,1
2026-04-03T20:52:42.353296-07:00,read,key-4,60.809,2,false,leader-w1r5,1
2026-04-03T20:52:42.352723-07:00,read,key-1,61.403,0,false,leader-w1r5,1
2026-04-03T20:52:42.352085-07:00,read,key-7,62.126,2,false,leader-w1r5,1
2026-04-03T20:52:42.353072-07:00,read,key-1,61.192,0,false,leader-w1r5,1
2026-04-03T20:52:42.352796-07:00,read,key-4,61.558,2,false,leader-w1r5,1
2026-04-03T20:52:42.35356-07:00,read,key-3,60.829,0,false,leader-w1r5,1
2026-04-03T20:52:42.353547-07:00,read,key-0,60.902,1,false,leader-w1r5,1
2026-04-03T20:52:42.352686-07:00,read,key-4,61.839,2,false,leader-w1r5,1
2026-04-03T20:52:42.353029-07:00,read,key-6,61.542,4,false,leader-w1r5,1
2026-04-03T20:52:42.41351-07:00,write,key-2,5.057,1,false,leader-w1r5,1
2026-04-03T20:52:42.353064-07:00,read,key-0,65.667,1,false,leader-w1r5,1
2026-04-03T20:52:42.353305-07:00,read,key-0,65.507,1,false,leader-w1r5,1
2026-04-03T20:52:42.352882-07:00,read,key-4,65.948,2,false,leader-w1r5,1
2026-04-03T20:52:42.353029-07:00,read,key-3,65.801,0,false,leader-w1r5,1
2026-04-03T20:52:42.353045-07:00,read,key-3,65.793,0,false,leader-w1r5,1
2026-04-03T20:52:42.352798-07:00,read,key-6,66.563,4,false,leader-w1r5,1
2026-04-03T20:52:42.352655-07:00,read,key-8,66.804,1,false,leader-w1r5,1
2026-04-03T20:52:42.414215-07:00,read,key-8,54.502,1,false,leader-w1r5,1
2026-04-03T20:52:42.413967-07:00,read,key-5,54.928,2,false,leader-w1r5,1
2026-04-03T20:52:42.414391-07:00,read,key-9,54.603,2,false,leader-w1r5,1
2026-04-03T20:52:42.41359-07:00,read,key-3,55.463,0,false,leader-w1r5,1
2026-04-03T20:52:42.414266-07:00,read,key-8,54.853,1,false,leader-w1r5,1
2026-04-03T20:52:42.414108-07:00,read,key-7,55.054,2,false,leader-w1r5,1
2026-04-03T20:52:42.414452-07:00,read,key-6,55.911,4,false,leader-w1r5,1
2026-04-03T20:52:42.413706-07:00,read,key-4,58.372,2,false,leader-w1r5,1
2026-04-03T20:52:42.418579-07:00,read,key-4,53.582,2,false,leader-w1r5,1
2026-04-03T20:52:42.419362-07:00,read,key-7,52.828,2,false,leader-w1r5,1
2026-04-03T20:52:42.419461-07:00,read,key-9,52.764,2,false,leader-w1r5,1
2026-04-03T20:52:42.414573-07:00,read,key-3,59.141,0,false,leader-w1r5,1
2026-04-03T20:52:42.414356-07:00,read,key-4,59.461,2,false,leader-w1r5,1
2026-04-03T20:52:42.418832-07:00,read,key-4,55.065,2,false,leader-w1r5,1
2026-04-03T20:52:42.414527-07:00,read,key-5,59.425,2,false,leader-w1r5,1
2026-04-03T20:52:42.414128-07:00,read,key-0,59.862,1,false,leader-w1r5,1
2026-04-03T20:52:42.418839-07:00,read,key-6,55.219,4,false,leader-w1r5,1
2026-04-03T20:52:42.418815-07:00,read,key-8,55.306,1,false,leader-w1r5,1
2026-04-03T20:52:42.418733-07:00,read,key-9,55.867,2,false,leader-w1r5,1
2026-04-03T20:52:42.418831-07:00,read,key-3,55.839,0,false,leader-w1r5,1
2026-04-03T20:52:42.468897-07:00,read,key-5,54.560,2,false,leader-w1r5,1
2026-04-03T20:52:42.469164-07:00,read,key-4,54.373,2,false,leader-w1r5,1
2026-04-03T20:52:42.469057-07:00,read,key-5,54.583,2,false,leader-w1r5,1
2026-04-03T20:52:42.470365-07:00,read,key-1,53.291,0,false,leader-w1r5,1
2026-04-03T20:52:42.468996-07:00,read,key-5,54.694,2,false,leader-w1r5,1
2026-04-03T20:52:42.468721-07:00,read,key-8,55.354,1,false,leader-w1r5,1
2026-04-03T20:52:42.46912-07:00,read,key-8,55.046,1,false,leader-w1r5,1
2026-04-03T20:52:42.472192-07:00,read,key-3,52.044,0,false,leader-w1r5,1
2026-04-03T20:52:42.472083-07:00,read,key-6,52.182,4,false,leader-w1r5,1
2026-04-03T20:52:42.472164-07:00,read,key-6,52.216,4,false,leader-w1r5,1
2026-04-03T20:52:42.473716-07:00,read,key-5,50.919,2,false,leader-w1r5,1
2026-04-03T20:52:42.47406-07:00,read,key-4,51.502,2,false,leader-w1r5,1
2026-04-03T20:52:42.473819-07:00,read,key-4,51.803,2,false,leader-w1r5,1
2026-04-03T20:52:42.473992-07:00,read,key-5,51.717,2,false,leader-w1r5,1
2026-04-03T20:52:42.474603-07:00,read,key-6,51.814,4,false,leader-w1r5,1
2026-04-03T20:52:42.473898-07:00,read,key-1,52.967,0,false,leader-w1r5,1
2026-04-03T20:52:42.474672-07:00,read,key-5,52.375,2,false,leader-w1r5,1
2026-04-03T20:52:42.472227-07:00,read,key-3,54.822,0,false,leader-w1r5,1
2026-04-03T20:52:42.473953-07:00,read,key-1,53.156,0,false,leader-w1r5,1
2026-04-03T20:52:42.474123-07:00,read,key-3,53.118,0,false,leader-w1r5,1
2026-04-03T20:52:42.527048-07:00,read,key-1,55.959,0,false,leader-w1r5,1
2026-04-03T20:52:42.525711-07:00,read,key-4,57.373,2,false,leader-w1r5,1
2026-04-03T20:52:42.52346-07:00,read,key-9,59.715,2,false,leader-w1r5,1
2026-04-03T20:52:42.524637-07:00,read,key-4,58.561,2,false,leader-w1r5,1
2026-04-03T20:52:42.526419-07:00,read,key-0,56.812,1,false,leader-w1r5,1
2026-04-03T20:52:42.524267-07:00,read,key-7,59.017,2,false,leader-w1r5,1
2026-04-03T20:52:42.526867-07:00,read,key-2,56.433,1,false,leader-w1r5,1
2026-04-03T20:52:42.523657-07:00,read,key-9,59.705,2,false,leader-w1r5,1
2026-04-03T20:52:42.525623-07:00,read,key-2,57.743,1,false,leader-w1r5,1
2026-04-03T20:52:42.527242-07:00,read,key-7,56.188,2,false,leader-w1r5,1
2026-04-03T20:52:42.524381-07:00,read,key-2,59.073,1,false,leader-w1r5,1
2026-04-03T20:52:42.52711-07:00,read,key-5,56.373,2,false,leader-w1r5,1
2026-04-03T20:52:42.52705-07:00,read,key-7,56.504,2,false,leader-w1r5,1
2026-04-03T20:52:42.523539-07:00,read,key-4,60.298,2,false,leader-w1r5,1
2026-04-03T20:52:42.524237-07:00,read,key-3,59.611,0,false,leader-w1r5,1
2026-04-03T20:52:42.525563-07:00,read,key-1,58.318,0,false,leader-w1r5,1
2026-04-03T20:52:42.524168-07:00,read,key-8,59.752,1,false,leader-w1r5,1
2026-04-03T20:52:42.523692-07:00,read,key-0,60.239,1,false,leader-w1r5,1
2026-04-03T20:52:42.524077-07:00,read,key-1,59.884,0,false,leader-w1r5,1
2026-04-03T20:52:42.523641-07:00,read,key-5,60.345,2,false,leader-w1r5,1
2026-04-03T20:52:42.583233-07:00,read,key-1,55.724,0,false,leader-w1r5,1
2026-04-03T20:52:42.583178-07:00,read,key-9,55.801,2,false,leader-w1r5,1
2026-04-03T20:52:42.583485-07:00,read,key-0,55.572,1,false,leader-w1r5,1
2026-04-03T20:52:42.583364-07:00,read,key-6,55.722,4,false,leader-w1r5,1
2026-04-03T20:52:42.583199-07:00,read,key-9,55.948,2,false,leader-w1r5,1
2026-04-03T20:52:42.583456-07:00,read,key-3,55.758,0,false,leader-w1r5,1
2026-04-03T20:52:42.583089-07:00,read,key-8,56.143,1,false,leader-w1r5,1
2026-04-03T20:52:42.583302-07:00,read,key-0,55.969,1,false,leader-w1r5,1
2026-04-03T20:52:42.583921-07:00,read,key-1,55.357,0,false,leader-w1r5,1
2026-04-03T20:52:42.583432-07:00,read,key-7,55.884,2,false,leader-w1r5,1
2026-04-03T20:52:42.583368-07:00,read,key-7,55.964,2,false,leader-w1r5,1
2026-04-03T20:52:42.583012-07:00,read,key-4,56.345,2,false,leader-w1r5,1
2026-04-03T20:52:42.583882-07:00,read,key-0,55.520,1,false,leader-w1r5,1
2026-04-03T20:52:42.583285-07:00,read,key-2,56.161,1,false,leader-w1r5,1
2026-04-03T20:52:42.583839-07:00,read,key-9,55.652,2,false,leader-w1r5,1
2026-04-03T20:52:42.583961-07:00,read,key-1,55.551,0,false,leader-w1r5,1
2026-04-03T20:52:42.583849-07:00,read,key-2,56.233,1,false,leader-w1r5,1
2026-04-03T20:52:42.583932-07:00,read,key-3,56.228,0,false,leader-w1r5,1
2026-04-03T20:52:42.583988-07:00,read,key-5,56.233,2,false,leader-w1r5,1
2026-04-03T20:52:42.583556-07:00,read,key-6,57.635,4,false,leader-w1r5,1
2026-04-03T20:52:42.63928-07:00,read,key-8,53.001,1,false,leader-w1r5,1
2026-04-03T20:52:42.639148-07:00,read,key-5,53.524,2,false,leader-w1r5,1
2026-04-03T20:52:42.63896-07:00,read,key-4,53.730,2,false,leader-w1r5,1
2026-04-03T20:52:42.639216-07:00,read,key-3,53.520,0,false,leader-w1r5,1
2026-04-03T20:52:42.639403-07:00,read,key-8,53.494,1,false,leader-w1r5,1
2026-04-03T20:52:42.640161-07:00,read,key-7,52.816,2,false,leader-w1r5,1
2026-04-03T20:52:42.639334-07:00,read,key-7,53.734,2,false,leader-w1r5,1
2026-04-03T20:52:42.638982-07:00,read,key-1,54.109,0,false,leader-w1r5,1
2026-04-03T20:52:42.63936-07:00,read,key-3,53.809,0,false,leader-w1r5,1
2026-04-03T20:52:42.639318-07:00,read,key-5,53.899,2,false,leader-w1r5,1
2026-04-03T20:52:42.639058-07:00,read,key-2,54.166,1,false,leader-w1r5,1
2026-04-03T20:52:42.640222-07:00,read,key-4,53.047,2,false,leader-w1r5,1
2026-04-03T20:52:42.639448-07:00,read,key-2,55.987,1,false,leader-w1r5,1
2026-04-03T20:52:42.639272-07:00,read,key-5,56.355,2,false,leader-w1r5,1
2026-04-03T20:52:42.639088-07:00,read,key-4,56.614,2,false,leader-w1r5,1
2026-04-03T20:52:42.640084-07:00,read,key-3,55.703,0,false,leader-w1r5,1
2026-04-03T20:52:42.641193-07:00,read,key-7,54.690,2,false,leader-w1r5,1
2026-04-03T20:52:42.639234-07:00,read,key-5,56.688,2,false,leader-w1r5,1
2026-04-03T20:52:42.639493-07:00,read,key-1,56.522,0,false,leader-w1r5,1
2026-04-03T20:52:42.639513-07:00,read,key-8,56.553,1,false,leader-w1r5,1
2026-04-03T20:52:42.695704-07:00,read,key-4,55.537,2,false,leader-w1r5,1
2026-04-03T20:52:42.692979-07:00,read,key-9,58.303,2,false,leader-w1r5,1
2026-04-03T20:52:42.693226-07:00,read,key-0,58.115,1,false,leader-w1r5,1
2026-04-03T20:52:42.692899-07:00,read,key-7,58.508,2,false,leader-w1r5,1
2026-04-03T20:52:42.693171-07:00,read,key-7,60.254,2,false,leader-w1r5,1
2026-04-03T20:52:42.696017-07:00,read,key-0,57.867,1,false,leader-w1r5,1
2026-04-03T20:52:42.693219-07:00,read,key-2,60.853,1,false,leader-w1r5,1
2026-04-03T20:52:42.692284-07:00,read,key-9,61.863,2,false,leader-w1r5,1
2026-04-03T20:52:42.695884-07:00,read,key-2,58.332,1,false,leader-w1r5,1
2026-04-03T20:52:42.692693-07:00,read,key-4,61.633,2,false,leader-w1r5,1
2026-04-03T20:52:42.693092-07:00,read,key-4,61.300,2,false,leader-w1r5,1
2026-04-03T20:52:42.69327-07:00,read,key-2,61.124,1,false,leader-w1r5,1
2026-04-03T20:52:42.695788-07:00,read,key-0,58.645,1,false,leader-w1r5,1
2026-04-03T20:52:42.696067-07:00,read,key-5,58.367,2,false,leader-w1r5,1
2026-04-03T20:52:42.693069-07:00,read,key-2,61.401,1,false,leader-w1r5,1
2026-04-03T20:52:42.692674-07:00,read,key-0,61.856,1,false,leader-w1r5,1
2026-04-03T20:52:42.695628-07:00,read,key-6,58.919,4,false,leader-w1r5,1
2026-04-03T20:52:42.692737-07:00,read,key-8,61.862,1,false,leader-w1r5,1
2026-04-03T20:52:42.695438-07:00,read,key-4,59.181,2,false,leader-w1r5,1
2026-04-03T20:52:42.695923-07:00,read,key-3,58.722,0,false,leader-w1r5,1
2026-04-03T20:52:42.751342-07:00,read,key-2,54.090,1,false,leader-w1r5,1
2026-04-03T20:52:42.751248-07:00,read,key-5,54.231,2,false,leader-w1r5,1
2026-04-03T20:52:42.751409-07:00,read,key-4,54.367,2,false,leader-w1r5,1
2026-04-03T20:52:42.753886-07:00,read,key-0,51.944,1,false,leader-w1r5,1
2026-04-03T20:52:42.751284-07:00,read,key-2,54.620,1,false,leader-w1r5,1
2026-04-03T20:52:42.754074-07:00,read,key-5,52.012,2,false,leader-w1r5,1
2026-04-03T20:52:42.754434-07:00,read,key-5,52.313,2,false,leader-w1r5,1
2026-04-03T20:52:42.754531-07:00,read,key-6,52.217,4,false,leader-w1r5,1
2026-04-03T20:52:42.754396-07:00,read,key-2,52.387,1,false,leader-w1r5,1
2026-04-03T20:52:42.754436-07:00,read,key-9,52.386,2,false,leader-w1r5,1
2026-04-03T20:52:42.754218-07:00,read,key-7,52.632,2,false,leader-w1r5,1
2026-04-03T20:52:42.753428-07:00,read,key-5,53.457,2,false,leader-w1r5,1
2026-04-03T20:52:42.75415-07:00,read,key-9,52.754,2,false,leader-w1r5,1
2026-04-03T20:52:42.754394-07:00,read,key-2,52.715,1,false,leader-w1r5,1
2026-04-03T20:52:42.754646-07:00,read,key-4,55.322,2,false,leader-w1r5,1
2026-04-03T20:52:42.7546-07:00,read,key-8,55.585,1,false,leader-w1r5,1
2026-04-03T20:52:42.754327-07:00,read,key-6,55.934,4,false,leader-w1r5,1
2026-04-03T20:52:42.75462-07:00,read,key-3,55.773,0,false,leader-w1r5,1
2026-04-03T20:52:42.754548-07:00,read,key-7,56.076,2,false,leader-w1r5,1
2026-04-03T20:52:42.754472-07:00,read,key-6,56.433,4,false,leader-w1r5,1
2026-04-03T20:52:42.80711-07:00,read,key-6,58.476,4,false,leader-w1r5,1
2026-04-03T20:52:42.805906-07:00,read,key-0,60.313,1,false,leader-w1r5,1
2026-04-03T20:52:42.806905-07:00,read,key-6,59.506,4,false,leader-w1r5,1
2026-04-03T20:52:42.810395-07:00,read,key-6,56.017,4,false,leader-w1r5,1
2026-04-03T20:52:42.806749-07:00,read,key-1,59.682,0,false,leader-w1r5,1
2026-04-03T20:52:42.80997-07:00,read,key-6,56.480,4,false,leader-w1r5,1
2026-04-03T20:52:42.810906-07:00,read,key-0,55.596,1,false,leader-w1r5,1
2026-04-03T20:52:42.806749-07:00,read,key-6,59.767,4,false,leader-w1r5,1
2026-04-03T20:52:42.810187-07:00,read,key-8,56.367,1,false,leader-w1r5,1
2026-04-03T20:52:42.810263-07:00,read,key-7,56.304,2,false,leader-w1r5,1
2026-04-03T20:52:42.805484-07:00,read,key-0,61.096,1,false,leader-w1r5,1
2026-04-03T20:52:42.806851-07:00,read,key-3,59.931,0,false,leader-w1r5,1
2026-04-03T20:52:42.805436-07:00,read,key-2,61.441,1,false,leader-w1r5,1
2026-04-03T20:52:42.805831-07:00,read,key-1,61.247,0,false,leader-w1r5,1
2026-04-03T20:52:42.806825-07:00,read,key-3,60.280,0,false,leader-w1r5,1
2026-04-03T20:52:42.806088-07:00,read,key-9,61.039,2,false,leader-w1r5,1
2026-04-03T20:52:42.805777-07:00,read,key-2,61.376,1,false,leader-w1r5,1
2026-04-03T20:52:42.806888-07:00,read,key-0,60.268,1,false,leader-w1r5,1
2026-04-03T20:52:42.806784-07:00,read,key-5,60.374,2,false,leader-w1r5,1
2026-04-03T20:52:42.810626-07:00,read,key-0,56.550,1,false,leader-w1r5,1
2026-04-03T20:52:42.866413-07:00,read,key-8,57.667,1,false,leader-w1r5,1
2026-04-03T20:52:42.866452-07:00,read,key-7,57.691,2,false,leader-w1r5,1
2026-04-03T20:52:42.866433-07:00,read,key-3,57.762,0,false,leader-w1r5,1
2026-04-03T20:52:42.867157-07:00,read,key-6,57.083,4,false,leader-w1r5,1
2026-04-03T20:52:42.866784-07:00,read,key-5,57.468,2,false,leader-w1r5,1
2026-04-03T20:52:42.866517-07:00,read,key-2,57.846,1,false,leader-w1r5,1
2026-04-03T20:52:42.866568-07:00,read,key-8,57.856,1,false,leader-w1r5,1
2026-04-03T20:52:42.866412-07:00,read,key-1,58.039,0,false,leader-w1r5,1
2026-04-03T20:52:42.865591-07:00,read,key-8,58.889,1,false,leader-w1r5,1
2026-04-03T20:52:42.866221-07:00,read,key-9,58.276,2,false,leader-w1r5,1
2026-04-03T20:52:42.866503-07:00,read,key-1,57.998,0,false,leader-w1r5,1
2026-04-03T20:52:42.866555-07:00,read,key-3,57.992,0,false,leader-w1r5,1
2026-04-03T20:52:42.867177-07:00,read,key-8,57.390,1,false,leader-w1r5,1
2026-04-03T20:52:42.86708-07:00,read,key-3,57.515,0,false,leader-w1r5,1
2026-04-03T20:52:42.867106-07:00,read,key-8,57.545,1,false,leader-w1r5,1
2026-04-03T20:52:42.867155-07:00,read,key-5,57.539,2,false,leader-w1r5,1
2026-04-03T20:52:42.866581-07:00,read,key-9,58.113,2,false,leader-w1r5,1
2026-04-03T20:52:42.86716-07:00,read,key-1,59.122,0,false,leader-w1r5,1
2026-04-03T20:52:42.866879-07:00,read,key-0,59.412,1,false,leader-w1r5,1
2026-04-03T20:52:42.867128-07:00,read,key-8,59.230,1,false,leader-w1r5,1
2026-04-03T20:52:42.924652-07:00,read,key-9,58.467,2,false,leader-w1r5,1
2026-04-03T20:52:42.924255-07:00,read,key-5,58.931,2,false,leader-w1r5,1
2026-04-03T20:52:42.924364-07:00,read,key-2,59.036,1,false,leader-w1r5,1
2026-04-03T20:52:42.924482-07:00,read,key-8,58.994,1,false,leader-w1r5,1
2026-04-03T20:52:42.924196-07:00,read,key-6,59.286,4,false,leader-w1r5,1
2026-04-03T20:52:42.924498-07:00,read,key-2,59.072,1,false,leader-w1r5,1
2026-04-03T20:52:42.924453-07:00,read,key-2,59.135,1,false,leader-w1r5,1
2026-04-03T20:52:42.924695-07:00,read,key-0,60.945,1,false,leader-w1r5,1
2026-04-03T20:52:42.924501-07:00,read,key-3,61.579,0,false,leader-w1r5,1
2026-04-03T20:52:42.924426-07:00,read,key-7,61.772,2,false,leader-w1r5,1
2026-04-03T20:52:42.926293-07:00,read,key-6,59.925,4,false,leader-w1r5,1
2026-04-03T20:52:42.926284-07:00,read,key-4,59.980,2,false,leader-w1r5,1
2026-04-03T20:52:42.924084-07:00,read,key-7,62.244,2,false,leader-w1r5,1
2026-04-03T20:52:42.924695-07:00,read,key-1,61.656,0,false,leader-w1r5,1
2026-04-03T20:52:42.924548-07:00,read,key-5,61.834,2,false,leader-w1r5,1
2026-04-03T20:52:42.924144-07:00,read,key-3,62.307,0,false,leader-w1r5,1
2026-04-03T20:52:42.924241-07:00,read,key-3,62.221,0,false,leader-w1r5,1
2026-04-03T20:52:42.926359-07:00,read,key-0,60.262,1,false,leader-w1r5,1
2026-04-03T20:52:42.924569-07:00,read,key-2,62.734,1,false,leader-w1r5,1
2026-04-03T20:52:42.924596-07:00,read,key-5,62.817,2,false,leader-w1r5,1
2026-04-03T20:52:42.983479-07:00,read,key-2,56.250,1,false,leader-w1r5,1
2026-04-03T20:52:42.983484-07:00,read,key-9,56.540,2,false,leader-w1r5,1
2026-04-03T20:52:42.983128-07:00,read,key-9,56.896,2,false,leader-w1r5,1
2026-04-03T20:52:42.986266-07:00,read,key-7,53.883,2,false,leader-w1r5,1
2026-04-03T20:52:42.983189-07:00,read,key-3,56.871,0,false,leader-w1r5,1
2026-04-03T20:52:42.983403-07:00,read,key-2,56.782,1,false,leader-w1r5,1
2026-04-03T20:52:42.986384-07:00,read,key-0,53.811,1,false,leader-w1r5,1
2026-04-03T20:52:42.987414-07:00,read,key-5,52.826,2,false,leader-w1r5,1
2026-04-03T20:52:42.986331-07:00,read,key-4,53.920,2,false,leader-w1r5,1
2026-04-03T20:52:42.986622-07:00,read,key-2,53.665,1,false,leader-w1r5,1
2026-04-03T20:52:42.983572-07:00,read,key-7,56.743,2,false,leader-w1r5,1
2026-04-03T20:52:42.986452-07:00,read,key-3,53.884,0,false,leader-w1r5,1
2026-04-03T20:52:42.986082-07:00,read,key-0,54.271,1,false,leader-w1r5,1
2026-04-03T20:52:42.98359-07:00,read,key-1,56.771,0,false,leader-w1r5,1
2026-04-03T20:52:42.98622-07:00,read,key-3,55.508,0,false,leader-w1r5,1
2026-04-03T20:52:42.987305-07:00,read,key-8,54.436,1,false,leader-w1r5,1
2026-04-03T20:52:42.986464-07:00,read,key-0,55.489,1,false,leader-w1r5,1
2026-04-03T20:52:42.986199-07:00,read,key-7,55.808,2,false,leader-w1r5,1
2026-04-03T20:52:42.986352-07:00,read,key-9,55.713,2,false,leader-w1r5,1
2026-04-03T20:52:42.985643-07:00,read,key-2,56.475,1,false,leader-w1r5,1
2026-04-03T20:52:43.040187-07:00,read,key-3,57.455,0,false,leader-w1r5,1
2026-04-03T20:52:43.040151-07:00,read,key-9,57.527,2,false,leader-w1r5,1
2026-04-03T20:52:43.040242-07:00,read,key-1,57.465,0,false,leader-w1r5,1
2026-04-03T20:52:43.040355-07:00,read,key-2,57.453,1,false,leader-w1r5,1
2026-04-03T20:52:43.040252-07:00,read,key-5,57.727,2,false,leader-w1r5,1
2026-04-03T20:52:43.040122-07:00,read,key-0,57.989,1,false,leader-w1r5,1
2026-04-03T20:52:43.042068-07:00,read,key-4,56.069,2,false,leader-w1r5,1
2026-04-03T20:52:43.040337-07:00,read,key-7,57.842,2,false,leader-w1r5,1
2026-04-03T20:52:43.040316-07:00,read,key-8,57.933,1,false,leader-w1r5,1
2026-04-03T20:52:43.042009-07:00,read,key-4,56.248,2,false,leader-w1r5,1
2026-04-03T20:52:43.041743-07:00,read,key-6,56.560,4,false,leader-w1r5,1
2026-04-03T20:52:43.04015-07:00,read,key-0,58.195,1,false,leader-w1r5,1
2026-04-03T20:52:43.040197-07:00,read,key-3,58.149,0,false,leader-w1r5,1
2026-04-03T20:52:43.04212-07:00,read,key-7,56.240,2,false,leader-w1r5,1
2026-04-03T20:52:43.040364-07:00,read,key-4,58.140,2,false,leader-w1r5,1
2026-04-03T20:52:43.04173-07:00,read,key-6,56.887,4,false,leader-w1r5,1
2026-04-03T20:52:43.039733-07:00,read,key-1,58.893,0,false,leader-w1r5,1
2026-04-03T20:52:43.041954-07:00,read,key-3,56.734,0,false,leader-w1r5,1
2026-04-03T20:52:43.040075-07:00,read,key-9,58.658,2,false,leader-w1r5,1
2026-04-03T20:52:43.040294-07:00,read,key-4,58.498,2,false,leader-w1r5,1
2026-04-03T20:52:43.09869-07:00,write,key-0,5.197,2,false,leader-w1r5,1
2026-04-03T20:52:43.098793-07:00,read,key-4,58.013,2,false,leader-w1r5,1
2026-04-03T20:52:43.098505-07:00,read,key-0,58.352,2,false,leader-w1r5,1
2026-04-03T20:52:43.097683-07:00,read,key-5,59.292,2,false,leader-w1r5,1
2026-04-03T20:52:43.098139-07:00,read,key-2,58.867,1,false,leader-w1r5,1
2026-04-03T20:52:43.098348-07:00,read,key-8,58.809,1,false,leader-w1r5,1
2026-04-03T20:52:43.098619-07:00,read,key-9,58.610,2,false,leader-w1r5,1
2026-04-03T20:52:43.098628-07:00,read,key-0,58.638,2,false,leader-w1r5,1
2026-04-03T20:52:43.103899-07:00,read,key-2,53.457,1,false,leader-w1r5,1
2026-04-03T20:52:43.098259-07:00,read,key-1,59.127,0,false,leader-w1r5,1
2026-04-03T20:52:43.098361-07:00,read,key-2,59.057,1,false,leader-w1r5,1
2026-04-03T20:52:43.098735-07:00,read,key-1,58.740,0,false,leader-w1r5,1
2026-04-03T20:52:43.098113-07:00,read,key-0,59.415,1,true,leader-w1r5,1
2026-04-03T20:52:43.098252-07:00,read,key-3,59.291,0,false,leader-w1r5,1
2026-04-03T20:52:43.097646-07:00,read,key-9,59.944,2,false,leader-w1r5,1
2026-04-03T20:52:43.097982-07:00,read,key-5,59.638,2,false,leader-w1r5,1
2026-04-03T20:52:43.097811-07:00,read,key-3,59.857,0,false,leader-w1r5,1
2026-04-03T20:52:43.097708-07:00,read,key-6,59.975,4,false,leader-w1r5,1
2026-04-03T20:52:43.098347-07:00,read,key-8,59.395,1,false,leader-w1r5,1
2026-04-03T20:52:43.098304-07:00,read,key-3,59.461,0,false,leader-w1r5,1
2026-04-03T20:52:43.098181-07:00,read,key-3,59.905,0,false,leader-w1r5,1
2026-04-03T20:52:43.157008-07:00,write,key-7,1.325,3,false,leader-w1r5,1
2026-04-03T20:52:43.157477-07:00,read,key-9,55.657,2,false,leader-w1r5,1
2026-04-03T20:52:43.15742-07:00,read,key-1,55.742,0,false,leader-w1r5,1
2026-04-03T20:52:43.156861-07:00,read,key-4,56.407,2,false,leader-w1r5,1
2026-04-03T20:52:43.157545-07:00,read,key-8,55.778,1,false,leader-w1r5,1
2026-04-03T20:52:43.157231-07:00,read,key-8,56.141,1,false,leader-w1r5,1
2026-04-03T20:52:43.157357-07:00,read,key-6,56.035,4,false,leader-w1r5,1
2026-04-03T20:52:43.157159-07:00,read,key-3,56.289,0,false,leader-w1r5,1
2026-04-03T20:52:43.157593-07:00,read,key-7,55.855,3,false,leader-w1r5,1
2026-04-03T20:52:43.157268-07:00,read,key-2,56.217,1,false,leader-w1r5,1
2026-04-03T20:52:43.156978-07:00,read,key-2,56.542,1,false,leader-w1r5,1
2026-04-03T20:52:43.157388-07:00,read,key-2,56.187,1,false,leader-w1r5,1
2026-04-03T20:52:43.157686-07:00,read,key-1,56.555,0,false,leader-w1r5,1
2026-04-03T20:52:43.158336-07:00,read,key-8,56.127,1,false,leader-w1r5,1
2026-04-03T20:52:43.157744-07:00,read,key-1,56.754,0,false,leader-w1r5,1
2026-04-03T20:52:43.15767-07:00,read,key-7,56.867,3,false,leader-w1r5,1
2026-04-03T20:52:43.15753-07:00,read,key-9,57.023,2,false,leader-w1r5,1
2026-04-03T20:52:43.158088-07:00,read,key-8,57.544,1,false,leader-w1r5,1
2026-04-03T20:52:43.156815-07:00,read,key-3,58.940,0,false,leader-w1r5,1
2026-04-03T20:52:43.157767-07:00,read,key-0,58.037,2,false,leader-w1r5,1
2026-04-03T20:52:43.157622-07:00,read,key-4,58.240,2,false,leader-w1r5,1
2026-04-03T20:52:43.21345-07:00,read,key-9,51.700,2,false,leader-w1r5,1
2026-04-03T20:52:43.21345-07:00,read,key-1,52.055,0,false,leader-w1r5,1
2026-04-03T20:52:43.213164-07:00,read,key-0,52.405,2,false,leader-w1r5,1
2026-04-03T20:52:43.213271-07:00,read,key-3,52.336,0,false,leader-w1r5,1
2026-04-03T20:52:43.213486-07:00,read,key-3,52.227,0,false,leader-w1r5,1
2026-04-03T20:52:43.214242-07:00,read,key-1,51.677,0,false,leader-w1r5,1
2026-04-03T20:52:43.213137-07:00,read,key-7,52.787,3,false,leader-w1r5,1
2026-04-03T20:52:43.214538-07:00,read,key-8,52.051,1,false,leader-w1r5,1
2026-04-03T20:52:43.213394-07:00,read,key-9,53.336,2,false,leader-w1r5,1
2026-04-03T20:52:43.213374-07:00,read,key-8,53.528,1,false,leader-w1r5,1
2026-04-03T20:52:43.213325-07:00,read,key-9,53.592,2,false,leader-w1r5,1
2026-04-03T20:52:43.214499-07:00,read,key-3,53.002,0,false,leader-w1r5,1
2026-04-03T20:52:43.214466-07:00,read,key-1,53.035,0,false,leader-w1r5,1
2026-04-03T20:52:43.215806-07:00,read,key-7,51.878,3,false,leader-w1r5,1
2026-04-03T20:52:43.214554-07:00,read,key-4,54.411,2,false,leader-w1r5,1
2026-04-03T20:52:43.213522-07:00,read,key-7,55.461,3,false,leader-w1r5,1
2026-04-03T20:52:43.213577-07:00,read,key-1,55.563,0,false,leader-w1r5,1
2026-04-03T20:52:43.215864-07:00,read,key-5,53.279,2,false,leader-w1r5,1
2026-04-03T20:52:43.215634-07:00,read,key-6,54.305,4,false,leader-w1r5,1
2026-04-03T20:52:43.215758-07:00,read,key-3,54.215,0,false,leader-w1r5,1
2026-04-03T20:52:43.265507-07:00,read,key-5,55.977,2,false,leader-w1r5,1
2026-04-03T20:52:43.265156-07:00,read,key-9,56.331,2,false,leader-w1r5,1
2026-04-03T20:52:43.266731-07:00,read,key-5,54.865,2,false,leader-w1r5,1
2026-04-03T20:52:43.267503-07:00,read,key-0,54.130,2,false,leader-w1r5,1
2026-04-03T20:52:43.26557-07:00,read,key-7,56.103,3,false,leader-w1r5,1
2026-04-03T20:52:43.266591-07:00,read,key-6,55.147,4,false,leader-w1r5,1
2026-04-03T20:52:43.265608-07:00,read,key-7,56.174,3,false,leader-w1r5,1
2026-04-03T20:52:43.267502-07:00,read,key-2,56.031,1,false,leader-w1r5,1
2026-04-03T20:52:43.267685-07:00,read,key-8,55.917,1,false,leader-w1r5,1
2026-04-03T20:52:43.266919-07:00,read,key-6,56.749,4,false,leader-w1r5,1
2026-04-03T20:52:43.269975-07:00,read,key-9,53.755,2,false,leader-w1r5,1
2026-04-03T20:52:43.269144-07:00,read,key-8,54.797,1,false,leader-w1r5,1
2026-04-03T20:52:43.268984-07:00,read,key-9,55.031,2,false,leader-w1r5,1
2026-04-03T20:52:43.269141-07:00,read,key-3,55.065,0,false,leader-w1r5,1
2026-04-03T20:52:43.265715-07:00,read,key-7,58.517,3,false,leader-w1r5,1
2026-04-03T20:52:43.269941-07:00,read,key-2,54.300,1,false,leader-w1r5,1
2026-04-03T20:52:43.268967-07:00,read,key-3,55.299,0,false,leader-w1r5,1
2026-04-03T20:52:43.266904-07:00,read,key-9,57.370,2,false,leader-w1r5,1
2026-04-03T20:52:43.265927-07:00,read,key-7,58.370,3,false,leader-w1r5,1
2026-04-03T20:52:43.265921-07:00,read,key-7,58.400,3,false,leader-w1r5,1
2026-04-03T20:52:43.323943-07:00,read,key-8,55.413,1,false,leader-w1r5,1
2026-04-03T20:52:43.32174-07:00,read,key-3,57.649,0,false,leader-w1r5,1
2026-04-03T20:52:43.321675-07:00,read,key-2,57.804,1,false,leader-w1r5,1
2026-04-03T20:52:43.323604-07:00,read,key-9,56.207,2,false,leader-w1r5,1
2026-04-03T20:52:43.324322-07:00,read,key-6,55.674,4,false,leader-w1r5,1
2026-04-03T20:52:43.32149-07:00,read,key-2,58.603,1,false,leader-w1r5,1
2026-04-03T20:52:43.323537-07:00,read,key-5,56.700,2,false,leader-w1r5,1
2026-04-03T20:52:43.324276-07:00,read,key-5,56.035,2,false,leader-w1r5,1
2026-04-03T20:52:43.321634-07:00,read,key-0,58.836,2,false,leader-w1r5,1
2026-04-03T20:52:43.32367-07:00,read,key-5,56.840,2,false,leader-w1r5,1
2026-04-03T20:52:43.324234-07:00,read,key-1,56.309,0,false,leader-w1r5,1
2026-04-03T20:52:43.324207-07:00,read,key-6,56.406,4,false,leader-w1r5,1
2026-04-03T20:52:43.321491-07:00,read,key-3,59.223,0,false,leader-w1r5,1
2026-04-03T20:52:43.321785-07:00,read,key-6,58.985,4,false,leader-w1r5,1
2026-04-03T20:52:43.324268-07:00,read,key-6,56.546,4,false,leader-w1r5,1
2026-04-03T20:52:43.324243-07:00,read,key-6,57.392,4,false,leader-w1r5,1
2026-04-03T20:52:43.323732-07:00,read,key-7,57.917,3,false,leader-w1r5,1
2026-04-03T20:52:43.324299-07:00,read,key-3,57.506,0,false,leader-w1r5,1
2026-04-03T20:52:43.324017-07:00,read,key-8,57.846,1,false,leader-w1r5,1
2026-04-03T20:52:43.321599-07:00,read,key-8,61.106,1,false,leader-w1r5,1
2026-04-03T20:52:43.380545-07:00,read,key-4,63.626,2,false,leader-w1r5,1
2026-04-03T20:52:43.380816-07:00,read,key-0,63.375,2,false,leader-w1r5,1
2026-04-03T20:52:43.379482-07:00,read,key-9,64.689,2,false,leader-w1r5,1
2026-04-03T20:52:43.381638-07:00,read,key-2,62.681,1,false,leader-w1r5,1
2026-04-03T20:52:43.380513-07:00,read,key-8,64.019,1,false,leader-w1r5,1
2026-04-03T20:52:43.380616-07:00,read,key-0,64.003,2,false,leader-w1r5,1
2026-04-03T20:52:43.380472-07:00,read,key-6,64.168,4,false,leader-w1r5,1
2026-04-03T20:52:43.379815-07:00,read,key-0,64.879,2,false,leader-w1r5,1
2026-04-03T20:52:43.380312-07:00,read,key-3,64.425,0,false,leader-w1r5,1
2026-04-03T20:52:43.379999-07:00,read,key-4,64.766,2,false,leader-w1r5,1
2026-04-03T20:52:43.379364-07:00,read,key-0,65.442,2,false,leader-w1r5,1
2026-04-03T20:52:43.381866-07:00,read,key-0,62.945,2,false,leader-w1r5,1
2026-04-03T20:52:43.380097-07:00,read,key-9,64.751,2,false,leader-w1r5,1
2026-04-03T20:52:43.380771-07:00,read,key-6,64.172,4,false,leader-w1r5,1
2026-04-03T20:52:43.379391-07:00,read,key-8,65.615,1,false,leader-w1r5,1
2026-04-03T20:52:43.381806-07:00,read,key-0,63.263,2,false,leader-w1r5,1
2026-04-03T20:52:43.381651-07:00,read,key-4,63.550,2,false,leader-w1r5,1
2026-04-03T20:52:43.380716-07:00,read,key-6,64.736,4,false,leader-w1r5,1
2026-04-03T20:52:43.380241-07:00,read,key-3,65.222,0,false,leader-w1r5,1
2026-04-03T20:52:43.382707-07:00,read,key-9,63.329,2,false,leader-w1r5,1
2026-04-03T20:52:43.444313-07:00,read,key-9,59.758,2,false,leader-w1r5,1
2026-04-03T20:52:43.445454-07:00,read,key-6,58.848,4,false,leader-w1r5,1
2026-04-03T20:52:43.445203-07:00,read,key-5,59.183,2,false,leader-w1r5,1
2026-04-03T20:52:43.444695-07:00,read,key-9,59.840,2,false,leader-w1r5,1
2026-04-03T20:52:43.444179-07:00,read,key-9,60.438,2,false,leader-w1r5,1
2026-04-03T20:52:43.444767-07:00,read,key-7,59.929,3,false,leader-w1r5,1
2026-04-03T20:52:43.446038-07:00,read,key-0,58.792,2,false,leader-w1r5,1
2026-04-03T20:52:43.444534-07:00,read,key-6,60.369,4,false,leader-w1r5,1
2026-04-03T20:52:43.444641-07:00,read,key-6,60.328,4,false,leader-w1r5,1
2026-04-03T20:52:43.44462-07:00,read,key-8,60.416,1,false,leader-w1r5,1
2026-04-03T20:52:43.444813-07:00,read,key-8,60.224,1,false,leader-w1r5,1
2026-04-03T20:52:43.444739-07:00,read,key-2,60.367,1,false,leader-w1r5,1
2026-04-03T20:52:43.44485-07:00,read,key-9,60.301,2,false,leader-w1r5,1
2026-04-03T20:52:43.444945-07:00,read,key-8,60.240,1,false,leader-w1r5,1
2026-04-03T20:52:43.444322-07:00,read,key-4,60.865,2,false,leader-w1r5,1
2026-04-03T20:52:43.445465-07:00,read,key-1,59.752,0,false,leader-w1r5,1
2026-04-03T20:52:43.445008-07:00,read,key-1,60.244,0,false,leader-w1r5,1
2026-04-03T20:52:43.444194-07:00,read,key-2,61.071,1,false,leader-w1r5,1
2026-04-03T20:52:43.444809-07:00,read,key-0,60.507,2,false,leader-w1r5,1
2026-04-03T20:52:43.44507-07:00,read,key-4,60.288,2,false,leader-w1r5,1
2026-04-03T20:52:43.504971-07:00,read,key-1,55.717,0,false,leader-w1r5,1
2026-04-03T20:52:43.504832-07:00,read,key-0,55.924,2,false,leader-w1r5,1
2026-04-03T20:52:43.504389-07:00,read,key-2,56.391,1,false,leader-w1r5,1
2026-04-03T20:52:43.504079-07:00,read,key-8,56.758,1,false,leader-w1r5,1
2026-04-03T20:52:43.505361-07:00,read,key-3,55.506,0,false,leader-w1r5,1
2026-04-03T20:52:43.505039-07:00,read,key-9,55.873,2,false,leader-w1r5,1
2026-04-03T20:52:43.50462-07:00,read,key-2,56.319,1,false,leader-w1r5,1
2026-04-03T20:52:43.505254-07:00,read,key-8,55.710,1,false,leader-w1r5,1
2026-04-03T20:52:43.504304-07:00,read,key-8,56.677,1,false,leader-w1r5,1
2026-04-03T20:52:43.50519-07:00,read,key-9,55.908,2,false,leader-w1r5,1
2026-04-03T20:52:43.505153-07:00,read,key-7,55.952,3,false,leader-w1r5,1
2026-04-03T20:52:43.505039-07:00,read,key-7,56.109,3,false,leader-w1r5,1
2026-04-03T20:52:43.504698-07:00,read,key-4,56.454,2,false,leader-w1r5,1
2026-04-03T20:52:43.504537-07:00,read,key-5,56.616,2,false,leader-w1r5,1
2026-04-03T20:52:43.504905-07:00,read,key-0,56.281,2,false,leader-w1r5,1
2026-04-03T20:52:43.505219-07:00,read,key-0,56.060,2,false,leader-w1r5,1
2026-04-03T20:52:43.505187-07:00,read,key-6,56.115,4,false,leader-w1r5,1
2026-04-03T20:52:43.505109-07:00,read,key-3,58.507,0,false,leader-w1r5,1
2026-04-03T20:52:43.505318-07:00,read,key-4,58.318,2,false,leader-w1r5,1
2026-04-03T20:52:43.505267-07:00,read,key-2,59.793,1,false,leader-w1r5,1
2026-04-03T20:52:43.561282-07:00,read,key-9,57.236,2,false,leader-w1r5,1
2026-04-03T20:52:43.563638-07:00,read,key-1,54.894,0,false,leader-w1r5,1
2026-04-03T20:52:43.561187-07:00,read,key-4,57.411,2,false,leader-w1r5,1
2026-04-03T20:52:43.560913-07:00,read,key-5,57.727,2,false,leader-w1r5,1
2026-04-03T20:52:43.560841-07:00,read,key-7,57.815,3,false,leader-w1r5,1
2026-04-03T20:52:43.560783-07:00,read,key-6,57.946,4,false,leader-w1r5,1
2026-04-03T20:52:43.561154-07:00,read,key-8,57.634,1,false,leader-w1r5,1
2026-04-03T20:52:43.561099-07:00,read,key-1,57.692,0,false,leader-w1r5,1
2026-04-03T20:52:43.560966-07:00,read,key-5,57.883,2,false,leader-w1r5,1
2026-04-03T20:52:43.560868-07:00,read,key-7,58.081,3,false,leader-w1r5,1
2026-04-03T20:52:43.56069-07:00,read,key-6,58.287,4,false,leader-w1r5,1
2026-04-03T20:52:43.561151-07:00,read,key-5,57.846,2,false,leader-w1r5,1
2026-04-03T20:52:43.560941-07:00,read,key-0,58.087,2,false,leader-w1r5,1
2026-04-03T20:52:43.563617-07:00,read,key-4,55.433,2,false,leader-w1r5,1
2026-04-03T20:52:43.561303-07:00,read,key-8,57.803,1,false,leader-w1r5,1
2026-04-03T20:52:43.561155-07:00,read,key-9,57.965,2,false,leader-w1r5,1
2026-04-03T20:52:43.560758-07:00,read,key-8,58.371,1,false,leader-w1r5,1
2026-04-03T20:52:43.561106-07:00,read,key-8,58.070,1,false,leader-w1r5,1
2026-04-03T20:52:43.560982-07:00,read,key-8,58.230,1,false,leader-w1r5,1
2026-04-03T20:52:43.565062-07:00,read,key-9,55.389,2,false,leader-w1r5,1
2026-04-03T20:52:43.619177-07:00,read,key-9,56.037,2,false,leader-w1r5,1
2026-04-03T20:52:43.620453-07:00,read,key-6,54.761,4,false,leader-w1r5,1
2026-04-03T20:52:43.618641-07:00,read,key-4,56.697,2,false,leader-w1r5,1
2026-04-03T20:52:43.619121-07:00,read,key-0,56.313,2,false,leader-w1r5,1
2026-04-03T20:52:43.619107-07:00,read,key-9,56.374,2,false,leader-w1r5,1
2026-04-03T20:52:43.618731-07:00,read,key-6,56.758,4,false,leader-w1r5,1
2026-04-03T20:52:43.61913-07:00,read,key-4,56.411,2,false,leader-w1r5,1
2026-04-03T20:52:43.618951-07:00,read,key-7,56.610,3,false,leader-w1r5,1
2026-04-03T20:52:43.618793-07:00,read,key-0,56.912,2,false,leader-w1r5,1
2026-04-03T20:52:43.619052-07:00,read,key-8,56.677,1,false,leader-w1r5,1
2026-04-03T20:52:43.618521-07:00,read,key-6,57.244,4,false,leader-w1r5,1
2026-04-03T20:52:43.618657-07:00,read,key-2,57.118,1,false,leader-w1r5,1
2026-04-03T20:52:43.619213-07:00,read,key-5,56.604,2,false,leader-w1r5,1
2026-04-03T20:52:43.618534-07:00,read,key-1,57.336,0,false,leader-w1r5,1
2026-04-03T20:52:43.618978-07:00,read,key-0,56.927,2,false,leader-w1r5,1
2026-04-03T20:52:43.618599-07:00,read,key-3,57.323,0,false,leader-w1r5,1
2026-04-03T20:52:43.61885-07:00,read,key-1,57.084,0,false,leader-w1r5,1
2026-04-03T20:52:43.618999-07:00,read,key-3,56.962,0,false,leader-w1r5,1
2026-04-03T20:52:43.61879-07:00,read,key-6,57.200,4,false,leader-w1r5,1
2026-04-03T20:52:43.619029-07:00,read,key-7,56.962,3,false,leader-w1r5,1
2026-04-03T20:52:43.675706-07:00,read,key-7,56.180,3,false,leader-w1r5,1
2026-04-03T20:52:43.675923-07:00,read,key-8,56.032,1,false,leader-w1r5,1
2026-04-03T20:52:43.675777-07:00,read,key-3,56.214,0,false,leader-w1r5,1
2026-04-03T20:52:43.675484-07:00,read,key-3,56.510,0,false,leader-w1r5,1
2026-04-03T20:52:43.67534-07:00,read,key-6,56.674,4,false,leader-w1r5,1
2026-04-03T20:52:43.67573-07:00,read,key-3,56.289,0,false,leader-w1r5,1
2026-04-03T20:52:43.675819-07:00,read,key-7,56.206,3,false,leader-w1r5,1
2026-04-03T20:52:43.675993-07:00,read,key-9,56.042,2,false,leader-w1r5,1
2026-04-03T20:52:43.675542-07:00,read,key-2,56.516,1,false,leader-w1r5,1
2026-04-03T20:52:43.675871-07:00,read,key-5,56.190,2,false,leader-w1r5,1
2026-04-03T20:52:43.675907-07:00,read,key-5,56.167,2,false,leader-w1r5,1
2026-04-03T20:52:43.67549-07:00,read,key-9,56.587,2,false,leader-w1r5,1
2026-04-03T20:52:43.675991-07:00,read,key-9,56.088,2,false,leader-w1r5,1
2026-04-03T20:52:43.675767-07:00,read,key-2,56.325,1,false,leader-w1r5,1
2026-04-03T20:52:43.675219-07:00,read,key-8,57.227,1,false,leader-w1r5,1
2026-04-03T20:52:43.675219-07:00,read,key-6,57.235,4,false,leader-w1r5,1
2026-04-03T20:52:43.675562-07:00,read,key-4,56.909,2,false,leader-w1r5,1
2026-04-03T20:52:43.675435-07:00,read,key-1,57.037,0,false,leader-w1r5,1
2026-04-03T20:52:43.675962-07:00,read,key-4,56.511,2,false,leader-w1r5,1
2026-04-03T20:52:43.675935-07:00,read,key-0,56.542,2,false,leader-w1r5,1
2026-04-03T20:52:43.732036-07:00,read,key-1,57.911,0,false,leader-w1r5,1
2026-04-03T20:52:43.73206-07:00,read,key-5,57.901,2,false,leader-w1r5,1
2026-04-03T20:52:43.73202-07:00,read,key-6,57.990,4,false,leader-w1r5,1
2026-04-03T20:52:43.73189-07:00,read,key-4,58.229,2,false,leader-w1r5,1
2026-04-03T20:52:43.732016-07:00,read,key-8,58.135,1,false,leader-w1r5,1
2026-04-03T20:52:43.732063-07:00,read,key-0,58.113,2,false,leader-w1r5,1
2026-04-03T20:52:43.73248-07:00,read,key-3,57.702,0,false,leader-w1r5,1
2026-04-03T20:52:43.73208-07:00,read,key-0,58.157,2,false,leader-w1r5,1
2026-04-03T20:52:43.732026-07:00,read,key-7,58.280,3,false,leader-w1r5,1
2026-04-03T20:52:43.732075-07:00,read,key-5,58.245,2,false,leader-w1r5,1
2026-04-03T20:52:43.732473-07:00,read,key-9,57.897,2,false,leader-w1r5,1
2026-04-03T20:52:43.731992-07:00,read,key-0,58.383,2,false,leader-w1r5,1
2026-04-03T20:52:43.731995-07:00,read,key-8,58.538,1,false,leader-w1r5,1
2026-04-03T20:52:43.732093-07:00,read,key-1,58.452,0,false,leader-w1r5,1
2026-04-03T20:52:43.731958-07:00,read,key-9,58.622,2,false,leader-w1r5,1
2026-04-03T20:52:43.732475-07:00,read,key-6,58.109,4,false,leader-w1r5,1
2026-04-03T20:52:43.732473-07:00,read,key-3,58.132,0,false,leader-w1r5,1
2026-04-03T20:52:43.732456-07:00,read,key-3,58.171,0,false,leader-w1r5,1
2026-04-03T20:52:43.732079-07:00,read,key-2,58.551,1,false,leader-w1r5,1
2026-04-03T20:52:43.732447-07:00,read,key-7,58.222,3,false,leader-w1r5,1
2026-04-03T20:52:43.790606-07:00,write,key-0,3.986,3,false,leader-w1r5,1
2026-04-03T20:52:43.790534-07:00,read,key-8,57.936,1,false,leader-w1r5,1
2026-04-03T20:52:43.790239-07:00,read,key-2,58.327,1,false,leader-w1r5,1
2026-04-03T20:52:43.790628-07:00,read,key-3,58.053,0,false,leader-w1r5,1
2026-04-03T20:52:43.790152-07:00,read,key-0,58.685,3,false,leader-w1r5,1
2026-04-03T20:52:43.790183-07:00,read,key-6,58.755,4,false,leader-w1r5,1
2026-04-03T20:52:43.790585-07:00,read,key-9,58.436,2,false,leader-w1r5,1
2026-04-03T20:52:43.790177-07:00,read,key-8,58.888,1,false,leader-w1r5,1
2026-04-03T20:52:43.78995-07:00,read,key-5,59.156,2,false,leader-w1r5,1
2026-04-03T20:52:43.790308-07:00,read,key-3,58.855,0,false,leader-w1r5,1
2026-04-03T20:52:43.790011-07:00,read,key-9,59.215,2,false,leader-w1r5,1
2026-04-03T20:52:43.790581-07:00,read,key-0,58.658,3,false,leader-w1r5,1
2026-04-03T20:52:43.790631-07:00,read,key-5,58.683,2,false,leader-w1r5,1
2026-04-03T20:52:43.790122-07:00,read,key-4,59.259,2,false,leader-w1r5,1
2026-04-03T20:52:43.794595-07:00,read,key-0,54.796,3,false,leader-w1r5,1
2026-04-03T20:52:43.790546-07:00,read,key-3,58.880,0,false,leader-w1r5,1
2026-04-03T20:52:43.790372-07:00,read,key-4,59.076,2,false,leader-w1r5,1
2026-04-03T20:52:43.790377-07:00,read,key-2,59.125,1,false,leader-w1r5,1
2026-04-03T20:52:43.79067-07:00,read,key-7,58.837,3,false,leader-w1r5,1
2026-04-03T20:52:43.789965-07:00,read,key-2,59.571,1,false,leader-w1r5,1
2026-04-03T20:52:43.790321-07:00,read,key-5,59.236,2,false,leader-w1r5,1
2026-04-03T20:52:43.849023-07:00,write,key-8,1.374,2,false,leader-w1r5,1
2026-04-03T20:52:43.848682-07:00,read,key-9,57.510,2,false,leader-w1r5,1
2026-04-03T20:52:43.848477-07:00,read,key-3,57.768,0,false,leader-w1r5,1
2026-04-03T20:52:43.849316-07:00,read,key-7,56.977,3,false,leader-w1r5,1
2026-04-03T20:52:43.849164-07:00,read,key-8,57.154,2,false,leader-w1r5,1
2026-04-03T20:52:43.849503-07:00,read,key-1,56.855,0,false,leader-w1r5,1
2026-04-03T20:52:43.849241-07:00,read,key-1,57.144,0,false,leader-w1r5,1
2026-04-03T20:52:43.849449-07:00,read,key-3,57.000,0,false,leader-w1r5,1
2026-04-03T20:52:43.848939-07:00,read,key-2,57.561,1,false,leader-w1r5,1
2026-04-03T20:52:43.849066-07:00,read,key-6,57.456,4,false,leader-w1r5,1
2026-04-03T20:52:43.849536-07:00,read,key-4,57.041,2,false,leader-w1r5,1
2026-04-03T20:52:43.8504-07:00,read,key-0,56.266,3,false,leader-w1r5,1
2026-04-03T20:52:43.849228-07:00,read,key-9,57.450,2,false,leader-w1r5,1
2026-04-03T20:52:43.848568-07:00,read,key-1,58.138,0,false,leader-w1r5,1
2026-04-03T20:52:43.849508-07:00,read,key-6,57.223,4,false,leader-w1r5,1
2026-04-03T20:52:43.849428-07:00,read,key-5,57.319,2,false,leader-w1r5,1
2026-04-03T20:52:43.849383-07:00,read,key-0,57.391,3,false,leader-w1r5,1
2026-04-03T20:52:43.848866-07:00,read,key-0,57.954,3,false,leader-w1r5,1
2026-04-03T20:52:43.849109-07:00,read,key-4,57.716,2,false,leader-w1r5,1
2026-04-03T20:52:43.849558-07:00,read,key-7,57.318,3,false,leader-w1r5,1
2026-04-03T20:52:43.849392-07:00,read,key-7,57.498,3,false,leader-w1r5,1
2026-04-03T20:52:43.906295-07:00,read,key-8,57.568,2,false,leader-w1r5,1
2026-04-03T20:52:43.906387-07:00,read,key-1,57.558,0,false,leader-w1r5,1
2026-04-03T20:52:43.90632-07:00,read,key-1,57.714,0,false,leader-w1r5,1
2026-04-03T20:52:43.906197-07:00,read,key-1,58.555,0,false,leader-w1r5,1
2026-04-03T20:52:43.906878-07:00,read,key-6,58.177,4,false,leader-w1r5,1
2026-04-03T20:52:43.906525-07:00,read,key-6,58.572,4,false,leader-w1r5,1
2026-04-03T20:52:43.906749-07:00,read,key-4,58.389,2,false,leader-w1r5,1
2026-04-03T20:52:43.906502-07:00,read,key-3,58.661,0,false,leader-w1r5,1
2026-04-03T20:52:43.906248-07:00,read,key-3,59.396,0,false,leader-w1r5,1
2026-04-03T20:52:43.906776-07:00,read,key-8,59.351,2,false,leader-w1r5,1
2026-04-03T20:52:43.906827-07:00,read,key-3,59.349,0,false,leader-w1r5,1
2026-04-03T20:52:43.906579-07:00,read,key-7,59.617,3,false,leader-w1r5,1
2026-04-03T20:52:43.906822-07:00,read,key-7,59.437,3,false,leader-w1r5,1
2026-04-03T20:52:43.906668-07:00,read,key-1,59.610,0,false,leader-w1r5,1
2026-04-03T20:52:43.906893-07:00,read,key-0,59.410,3,false,leader-w1r5,1
2026-04-03T20:52:43.90636-07:00,read,key-2,59.963,1,false,leader-w1r5,1
2026-04-03T20:52:43.90645-07:00,read,key-9,60.036,2,false,leader-w1r5,1
2026-04-03T20:52:43.90668-07:00,read,key-9,59.928,2,false,leader-w1r5,1
2026-04-03T20:52:43.906733-07:00,read,key-2,60.099,1,false,leader-w1r5,1
2026-04-03T20:52:43.906709-07:00,read,key-4,60.910,2,false,leader-w1r5,1
2026-04-03T20:52:43.964754-07:00,read,key-3,59.271,0,false,leader-w1r5,1
2026-04-03T20:52:43.963947-07:00,read,key-2,60.199,1,false,leader-w1r5,1
2026-04-03T20:52:43.965057-07:00,read,key-9,59.158,2,false,leader-w1r5,1
2026-04-03T20:52:43.965099-07:00,read,key-2,59.196,1,false,leader-w1r5,1
2026-04-03T20:52:43.96626-07:00,read,key-7,58.067,3,false,leader-w1r5,1
2026-04-03T20:52:43.964036-07:00,read,key-4,60.462,2,false,leader-w1r5,1
2026-04-03T20:52:43.965165-07:00,read,key-6,59.405,4,false,leader-w1r5,1
2026-04-03T20:52:43.966177-07:00,read,key-1,58.424,0,false,leader-w1r5,1
2026-04-03T20:52:43.966279-07:00,read,key-8,58.351,2,false,leader-w1r5,1
2026-04-03T20:52:43.963867-07:00,read,key-8,60.780,2,false,leader-w1r5,1
2026-04-03T20:52:43.966129-07:00,read,key-4,58.873,2,false,leader-w1r5,1
2026-04-03T20:52:43.966325-07:00,read,key-4,59.278,2,false,leader-w1r5,1
2026-04-03T20:52:43.966609-07:00,read,key-6,59.080,4,false,leader-w1r5,1
2026-04-03T20:52:43.966833-07:00,read,key-5,58.934,2,false,leader-w1r5,1
2026-04-03T20:52:43.966304-07:00,read,key-4,59.519,2,false,leader-w1r5,1
2026-04-03T20:52:43.966197-07:00,read,key-2,60.076,1,false,leader-w1r5,1
2026-04-03T20:52:43.966488-07:00,read,key-6,59.821,4,false,leader-w1r5,1
2026-04-03T20:52:43.965646-07:00,read,key-4,60.760,2,false,leader-w1r5,1
2026-04-03T20:52:43.96762-07:00,read,key-7,58.810,3,false,leader-w1r5,1
2026-04-03T20:52:43.96514-07:00,read,key-4,61.308,2,false,leader-w1r5,1
2026-04-03T20:52:44.02631-07:00,read,key-9,56.038,2,false,leader-w1r5,1
2026-04-03T20:52:44.024297-07:00,read,key-5,58.101,2,false,leader-w1r5,1
2026-04-03T20:52:44.025005-07:00,read,key-2,57.517,1,false,leader-w1r5,1
2026-04-03T20:52:44.026432-07:00,read,key-4,56.337,2,false,leader-w1r5,1
2026-04-03T20:52:44.025604-07:00,read,key-0,57.182,3,false,leader-w1r5,1
2026-04-03T20:52:44.026274-07:00,read,key-5,56.618,2,false,leader-w1r5,1
2026-04-03T20:52:44.024328-07:00,read,key-5,58.602,2,false,leader-w1r5,1
2026-04-03T20:52:44.024632-07:00,read,key-3,58.351,0,false,leader-w1r5,1
2026-04-03T20:52:44.024029-07:00,read,key-6,58.980,4,false,leader-w1r5,1
2026-04-03T20:52:44.025825-07:00,read,key-9,57.225,2,false,leader-w1r5,1
2026-04-03T20:52:44.024571-07:00,read,key-3,58.532,0,false,leader-w1r5,1
2026-04-03T20:52:44.02645-07:00,read,key-2,56.671,1,false,leader-w1r5,1
2026-04-03T20:52:44.0245-07:00,read,key-1,58.650,0,false,leader-w1r5,1
2026-04-03T20:52:44.026407-07:00,read,key-0,56.762,3,false,leader-w1r5,1
2026-04-03T20:52:44.024217-07:00,read,key-5,59.002,2,false,leader-w1r5,1
2026-04-03T20:52:44.024149-07:00,read,key-6,59.095,4,false,leader-w1r5,1
2026-04-03T20:52:44.025769-07:00,read,key-4,57.484,2,false,leader-w1r5,1
2026-04-03T20:52:44.024603-07:00,read,key-4,58.716,2,false,leader-w1r5,1
2026-04-03T20:52:44.02465-07:00,read,key-5,58.720,2,false,leader-w1r5,1
2026-04-03T20:52:44.02569-07:00,read,key-1,57.757,0,false,leader-w1r5,1
2026-04-03T20:52:44.083151-07:00,write,key-4,4.690,3,false,leader-w1r5,1
2026-04-03T20:52:44.083171-07:00,read,key-7,55.873,3,false,leader-w1r5,1
2026-04-03T20:52:44.08332-07:00,read,key-3,55.758,0,false,leader-w1r5,1
2026-04-03T20:52:44.083246-07:00,read,key-0,55.968,3,false,leader-w1r5,1
2026-04-03T20:52:44.082402-07:00,read,key-9,56.866,2,false,leader-w1r5,1
2026-04-03T20:52:44.083053-07:00,read,key-4,56.221,3,false,leader-w1r5,1
2026-04-03T20:52:44.082356-07:00,read,key-0,57.371,3,false,leader-w1r5,1
2026-04-03T20:52:44.082771-07:00,read,key-5,57.005,2,false,leader-w1r5,1
2026-04-03T20:52:44.083449-07:00,read,key-3,56.380,0,false,leader-w1r5,1
2026-04-03T20:52:44.083221-07:00,read,key-7,56.678,3,false,leader-w1r5,1
2026-04-03T20:52:44.082524-07:00,read,key-4,57.383,3,false,leader-w1r5,1
2026-04-03T20:52:44.083105-07:00,read,key-9,56.902,2,false,leader-w1r5,1
2026-04-03T20:52:44.082894-07:00,read,key-9,57.189,2,false,leader-w1r5,1
2026-04-03T20:52:44.083123-07:00,read,key-9,57.032,2,false,leader-w1r5,1
2026-04-03T20:52:44.082932-07:00,read,key-9,57.301,2,false,leader-w1r5,1
2026-04-03T20:52:44.083012-07:00,read,key-2,57.309,1,false,leader-w1r5,1
2026-04-03T20:52:44.082789-07:00,read,key-9,57.599,2,false,leader-w1r5,1
2026-04-03T20:52:44.082984-07:00,read,key-9,57.469,2,false,leader-w1r5,1
2026-04-03T20:52:44.087844-07:00,read,key-1,52.846,0,false,leader-w1r5,1
2026-04-03T20:52:44.083372-07:00,read,key-5,57.332,2,false,leader-w1r5,1
2026-04-03T20:52:44.083255-07:00,read,key-9,57.500,2,false,leader-w1r5,1
2026-04-03T20:52:44.139731-07:00,read,key-5,56.522,2,false,leader-w1r5,1
2026-04-03T20:52:44.139216-07:00,read,key-9,57.131,2,false,leader-w1r5,1
2026-04-03T20:52:44.140009-07:00,read,key-9,56.374,2,false,leader-w1r5,1
2026-04-03T20:52:44.13905-07:00,read,key-7,57.414,3,false,leader-w1r5,1
2026-04-03T20:52:44.140085-07:00,read,key-8,56.480,2,false,leader-w1r5,1
2026-04-03T20:52:44.14039-07:00,read,key-7,56.270,3,false,leader-w1r5,1
2026-04-03T20:52:44.139081-07:00,read,key-5,57.683,2,false,leader-w1r5,1
2026-04-03T20:52:44.140757-07:00,read,key-0,56.067,3,false,leader-w1r5,1
2026-04-03T20:52:44.13991-07:00,read,key-4,56.922,3,false,leader-w1r5,1
2026-04-03T20:52:44.140324-07:00,read,key-9,56.571,2,false,leader-w1r5,1
2026-04-03T20:52:44.139277-07:00,read,key-7,57.682,3,false,leader-w1r5,1
2026-04-03T20:52:44.139901-07:00,read,key-0,57.077,3,false,leader-w1r5,1
2026-04-03T20:52:44.140455-07:00,read,key-0,56.753,3,false,leader-w1r5,1
2026-04-03T20:52:44.140705-07:00,read,key-9,56.552,2,false,leader-w1r5,1
2026-04-03T20:52:44.140692-07:00,read,key-2,56.616,1,false,leader-w1r5,1
2026-04-03T20:52:44.140235-07:00,read,key-9,57.167,2,false,leader-w1r5,1
2026-04-03T20:52:44.139777-07:00,read,key-1,57.626,0,false,leader-w1r5,1
2026-04-03T20:52:44.139271-07:00,read,key-3,58.157,0,false,leader-w1r5,1
2026-04-03T20:52:44.140157-07:00,read,key-4,57.291,3,false,leader-w1r5,1
2026-04-03T20:52:44.139831-07:00,read,key-2,57.658,1,false,leader-w1r5,1
2026-04-03T20:52:44.196961-07:00,write,key-0,3.955,4,false,leader-w1r5,1
2026-04-03T20:52:44.196662-07:00,read,key-6,52.073,4,false,leader-w1r5,1
2026-04-03T20:52:44.196386-07:00,read,key-5,52.351,2,false,leader-w1r5,1
2026-04-03T20:52:44.196259-07:00,read,key-2,52.510,1,false,leader-w1r5,1
2026-04-03T20:52:44.196897-07:00,read,key-8,51.930,2,false,leader-w1r5,1
2026-04-03T20:52:44.196979-07:00,read,key-1,51.857,0,false,leader-w1r5,1
2026-04-03T20:52:44.196351-07:00,read,key-8,52.555,2,false,leader-w1r5,1
2026-04-03T20:52:44.196467-07:00,read,key-1,52.497,0,false,leader-w1r5,1
2026-04-03T20:52:44.196567-07:00,read,key-5,52.445,2,false,leader-w1r5,1
2026-04-03T20:52:44.196766-07:00,read,key-6,53.036,4,false,leader-w1r5,1
2026-04-03T20:52:44.196834-07:00,read,key-9,53.152,2,false,leader-w1r5,1
2026-04-03T20:52:44.197405-07:00,read,key-8,52.901,2,false,leader-w1r5,1
2026-04-03T20:52:44.19743-07:00,read,key-4,52.899,3,false,leader-w1r5,1
2026-04-03T20:52:44.19721-07:00,read,key-8,53.796,2,false,leader-w1r5,1
2026-04-03T20:52:44.197449-07:00,read,key-1,56.521,0,false,leader-w1r5,1
2026-04-03T20:52:44.20092-07:00,read,key-7,53.102,3,false,leader-w1r5,1
2026-04-03T20:52:44.196826-07:00,read,key-4,59.312,3,false,leader-w1r5,1
2026-04-03T20:52:44.197491-07:00,read,key-1,58.718,0,false,leader-w1r5,1
2026-04-03T20:52:44.197259-07:00,read,key-6,58.997,4,false,leader-w1r5,1
2026-04-03T20:52:44.19731-07:00,read,key-3,59.010,0,false,leader-w1r5,1
2026-04-03T20:52:44.197405-07:00,read,key-0,59.675,4,false,leader-w1r5,1
2026-04-03T20:52:44.248965-07:00,read,key-8,52.679,2,false,leader-w1r5,1
2026-04-03T20:52:44.249014-07:00,read,key-4,52.695,3,false,leader-w1r5,1
2026-04-03T20:52:44.24874-07:00,read,key-6,53.064,4,false,leader-w1r5,1
2026-04-03T20:52:44.248772-07:00,read,key-5,53.090,2,false,leader-w1r5,1
2026-04-03T20:52:44.248739-07:00,read,key-1,53.132,0,false,leader-w1r5,1
2026-04-03T20:52:44.248829-07:00,read,key-4,53.187,3,false,leader-w1r5,1
2026-04-03T20:52:44.249989-07:00,read,key-6,52.034,4,false,leader-w1r5,1
2026-04-03T20:52:44.248907-07:00,read,key-2,53.159,1,false,leader-w1r5,1
2026-04-03T20:52:44.25033-07:00,read,key-6,51.753,4,false,leader-w1r5,1
2026-04-03T20:52:44.249803-07:00,read,key-8,52.315,2,false,leader-w1r5,1
2026-04-03T20:52:44.301874-07:00,write,key-0,0.678,5,false,leader-w1r5,1
2026-04-03T20:52:44.251008-07:00,read,key-7,51.699,3,false,leader-w1r5,1
2026-04-03T20:52:44.250308-07:00,read,key-5,52.457,2,false,leader-w1r5,1
2026-04-03T20:52:44.248837-07:00,read,key-3,54.032,0,false,leader-w1r5,1
2026-04-03T20:52:44.254025-07:00,read,key-2,51.038,1,false,leader-w1r5,1
2026-04-03T20:52:44.256322-07:00,read,key-4,51.809,3,false,leader-w1r5,1
2026-04-03T20:52:44.256258-07:00,read,key-6,51.874,4,false,leader-w1r5,1
2026-04-03T20:52:44.25614-07:00,read,key-1,52.158,0,false,leader-w1r5,1
2026-04-03T20:52:44.25621-07:00,read,key-8,52.092,2,false,leader-w1r5,1
2026-04-03T20:52:44.253972-07:00,read,key-9,54.381,2,false,leader-w1r5,1
2026-04-03T20:52:44.257081-07:00,read,key-6,52.384,4,false,leader-w1r5,1
2026-04-03T20:52:44.301711-07:00,read,key-8,57.245,2,false,leader-w1r5,1
2026-04-03T20:52:44.305065-07:00,read,key-7,54.140,3,false,leader-w1r5,1
2026-04-03T20:52:44.301647-07:00,read,key-1,57.777,0,false,leader-w1r5,1
2026-04-03T20:52:44.302085-07:00,read,key-4,57.405,3,false,leader-w1r5,1
2026-04-03T20:52:44.30212-07:00,read,key-9,57.380,2,false,leader-w1r5,1
2026-04-03T20:52:44.301806-07:00,read,key-5,57.774,2,false,leader-w1r5,1
2026-04-03T20:52:44.30287-07:00,read,key-1,56.723,0,false,leader-w1r5,1
2026-04-03T20:52:44.302554-07:00,read,key-6,57.111,4,false,leader-w1r5,1
2026-04-03T20:52:44.301864-07:00,read,key-0,58.092,5,false,leader-w1r5,1
2026-04-03T20:52:44.308299-07:00,read,key-2,52.411,1,false,leader-w1r5,1
2026-04-03T20:52:44.302024-07:00,read,key-6,58.806,4,false,leader-w1r5,1
2026-04-03T20:52:44.308133-07:00,read,key-7,52.711,3,false,leader-w1r5,1
2026-04-03T20:52:44.302767-07:00,read,key-8,58.157,2,false,leader-w1r5,1
2026-04-03T20:52:44.309467-07:00,read,key-9,51.478,2,false,leader-w1r5,1
2026-04-03T20:52:44.302067-07:00,read,key-5,58.926,2,false,leader-w1r5,1
2026-04-03T20:52:44.302017-07:00,read,key-0,59.015,5,false,leader-w1r5,1
2026-04-03T20:52:44.308134-07:00,read,key-0,52.934,5,false,leader-w1r5,1
2026-04-03T20:52:44.302708-07:00,read,key-8,58.420,2,false,leader-w1r5,1
2026-04-03T20:52:44.308356-07:00,read,key-2,52.779,1,false,leader-w1r5,1
2026-04-03T20:52:44.308304-07:00,read,key-7,52.902,3,false,leader-w1r5,1
2026-04-03T20:52:44.359493-07:00,read,key-5,51.798,2,false,leader-w1r5,1
2026-04-03T20:52:44.359208-07:00,read,key-1,52.127,0,false,leader-w1r5,1
2026-04-03T20:52:44.359581-07:00,read,key-6,51.835,4,false,leader-w1r5,1
2026-04-03T20:52:44.358961-07:00,read,key-6,52.494,4,false,leader-w1r5,1
2026-04-03T20:52:44.359426-07:00,read,key-2,52.071,1,false,leader-w1r5,1
2026-04-03T20:52:44.359595-07:00,read,key-7,51.926,3,false,leader-w1r5,1
2026-04-03T20:52:44.359501-07:00,read,key-2,52.024,1,false,leader-w1r5,1
2026-04-03T20:52:44.360832-07:00,read,key-5,51.372,2,false,leader-w1r5,1
2026-04-03T20:52:44.361033-07:00,read,key-9,51.266,2,false,leader-w1r5,1
2026-04-03T20:52:44.359957-07:00,read,key-5,52.361,2,false,leader-w1r5,1
2026-04-03T20:52:44.360946-07:00,read,key-8,53.204,2,false,leader-w1r5,1
2026-04-03T20:52:44.360711-07:00,read,key-1,53.474,0,false,leader-w1r5,1
2026-04-03T20:52:44.360995-07:00,read,key-6,53.257,4,false,leader-w1r5,1
2026-04-03T20:52:44.359667-07:00,read,key-6,54.609,4,false,leader-w1r5,1
2026-04-03T20:52:44.360846-07:00,read,key-5,57.342,2,false,leader-w1r5,1
2026-04-03T20:52:44.361069-07:00,read,key-5,57.120,2,false,leader-w1r5,1
2026-04-03T20:52:44.360925-07:00,read,key-5,57.295,2,false,leader-w1r5,1
2026-04-03T20:52:44.361129-07:00,read,key-9,57.093,2,false,leader-w1r5,1
